:020000040800F2
:1000000000000220D9180108A1160008A91600084E
:10001000B1160008B9160008C1160008000000005B
:1000200000000000000000000000000061690008FE
:10003000C916000800000000B16B00084153000819
:100040002919010829190108291901082919010884
:100050002919010829190108291901082919010874
:100060002919010829190108291901082919010864
:100070002919010829190108291901082919010854
:10008000291901082919010829190108000000008F
:100090000000000000000000000000002919010815
:1000A0002919010829190108D91600082919010878
:1000B0002919010829190108291901082919010814
:1000C0002919010829190108291901082919010804
:1000D00029190108F5160008291901080000000077
:1000E000291901082919010829190108000000002F
:1000F00000000000000000000000000029190108B5
:10010000000000002919010829190108291901080E
:1001100000000000000000000000000000000000DF
:1001200029190108291901080917000829190108C6
:100130002919010800000000000000000000000074
:100140000000000000000000000000001D17000873
:10015000291901082919010831170008291901086E
:1001600029190108291901080000000000000000F9
:10017000000000000000000000000000000000007F
:100180000000000029190108000000000000000024
:080190002919010829190108D1
:1001A000034613F8012B002AFBD1181A01387047B7
:1001B00001F0FF01102A2BDB10F0070F08D010F818
:1001C000013B013A8B422DD010F0070F42B3F6D11C
:1001D000F0B441EA012141EA014122F007047FF035
:1001E00000070023F0E80256083C85EA010586EA8C
:1001F000010685FA47F5A3FA87F586FA47F6A5FAC8
:1002000087F68EB9EED1F0BC01F0FF0102F00702D3
:1002100032B110F8013B013A83EA010313B1F8D17E
:100220000020704701387047002D06BF354603385F
:10023000073815F0010F07D1013015F4807F02BF98
:10024000013015F4C03F0130F0BC0138704700BFE9
:1002500081F0004102E000BF83F0004330B54FEA77
:1002600041044FEA430594EA050F08BF90EA020FE4
:100270001FBF54EA000C55EA020C7FEA645C7FEA77
:10028000655C00F0E2804FEA5454D4EB5555B8BF9A
:100290006D420CDD2C4480EA020281EA030382EA0B
:1002A000000083EA010180EA020281EA0303362D9D
:1002B00088BF30BD11F0004F4FEA01314FF4801C70
:1002C0004CEA113102D0404261EB410113F0004F82
:1002D0004FEA03334CEA133302D0524263EB430339
:1002E00094EA050F00F0A780A4F10104D5F1200ED7
:1002F0000DDB02FA0EFC22FA05F2801841F1000132
:1003000003FA0EF2801843FA05F359410EE0A5F105
:1003100020050EF1200E012A03FA0EFC28BF4CF036
:10032000020C43FA05F3C01851EBE37101F00045EC
:1003300007D54FF0000EDCF1000C7EEB00006EEBF9
:100340000101B1F5801F1BD3B1F5001F0CD3490883
:100350005FEA30004FEA3C0C04F101044FEA4452DA
:1003600012F5800F80F09A80BCF1004F08BF5FEA61
:10037000500C50F1000041EB045141EA050130BD41
:100380005FEA4C0C404141EB0101013C28BFB1F553
:10039000801FE9D291F0000F04BF01460020B1FA9E
:1003A00081F308BF2033A3F10B03B3F120020CDA71
:1003B0000C3208DD02F1140CC2F10C0201FA0CF04F
:1003C00021FA02F10CE002F11402D8BFC2F1200CB4
:1003D00001FA02F120FA0CFCDCBF41EA0C0190406A
:1003E000E41AA2BF01EB0451294330BD6FEA0404B3
:1003F0001F3C1CDA0C340EDC04F11404C4F120029E
:1004000020FA04F001FA02F340EA030021FA04F3AF
:1004100045EA030130BDC4F10C04C4F1200220FA06
:1004200002F001FA04F340EA0300294630BD21FA44
:1004300004F0294630BD94F0000F83F4801306BF0A
:1004400081F480110134013D4EE77FEA645C18BFFE
:100450007FEA655C29D094EA050F08BF90EA020F95
:1004600005D054EA000C04BF1946104630BD91EA8D
:10047000030F1EBF0021002030BD5FEA545C05D190
:100480004000494128BF41F0004130BD14F58004CF
:100490003CBF01F5801130BD01F0004545F0FE4143
:1004A00041F470014FF0000030BD7FEA645C1ABF78
:1004B000194610467FEA655C1CBF0B46024650EAAF
:1004C000013406BF52EA033591EA030F41F40021DB
:1004D00030BD00BF90F0000F04BF0021704730B561
:1004E0004FF4806404F132044FF000054FF0000136
:1004F00050E700BF90F0000F04BF0021704730B5F7
:100500004FF4806404F1320410F0004548BF4042CB
:100510004FF000013EE700BF42004FEAE2014FEA20
:1005200031014FEA02701FBF12F07F4393F07F4FFB
:1005300081F06051704732F07F4208BF704793F0FE
:100540007F4F04BF41F40021704730B54FF4607411
:1005500001F0004521F000411CE700BF50EA010214
:1005600008BF704730B54FF000050AE050EA0102BD
:1005700008BF704730B511F0004502D5404261EB2D
:1005800041014FF4806404F132045FEA915C3FF46E
:10059000D8AE4FF003025FEADC0C18BF03325FEA0B
:1005A000DC0C18BF033202EBDC02C2F1200300FABC
:1005B00003FC20FA02F001FA03FE40EA0E0021FAE1
:1005C00002F11444BDE600BF70B54FF0FF0C4CF4CF
:1005D000E06C1CEA11541DBF1CEA135594EA0C0F81
:1005E00095EA0C0F00F0DEF82C4481EA030621EABC
:1005F0004C5123EA4C5350EA013518BF52EA0335F7
:1006000041F4801143F4801338D0A0FB02CE4FF0A8
:100610000005E1FB02E506F00042E0FB03E54FF0D8
:100620000006E1FB03569CF0000F18BF4EF0010ED0
:10063000A4F1FF04B6F5007F64F5407404D25FEACC
:100640004E0E6D4146EB060642EAC62141EA55517F
:100650004FEAC52040EA5E504FEACE2EB4F1FD0CC1
:1006600088BFBCF5E06F1ED8BEF1004F08BF5FEA3F
:10067000500E50F1000041EB045170BD06F00046F1
:1006800046EA010140EA020081EA0301B4EB5C049E
:10069000C2BFD4EB0C0541EA045170BD41F4801196
:1006A0004FF0000E013C00F3AB8014F1360FDEBFBB
:1006B000002001F0004170BDC4F10004203C35DA97
:1006C0000C341BDC04F11404C4F1200500FA05F31A
:1006D00020FA04F001FA05F240EA020001F00042BB
:1006E00021F0004110EBD37021FA04F642EB060131
:1006F0005EEA430E08BF20EAD37070BDC4F10C045B
:10070000C4F1200500FA04F320FA05F001FA04F21E
:1007100040EA020001F0004110EBD37041F100010A
:100720005EEA430E08BF20EAD37070BDC4F1200515
:1007300000FA05F24EEA020E20FA04F301FA05F27D
:1007400043EA020321FA04F001F0004121FA04F225
:1007500020EA020000EBD3705EEA430E08BF20EAF5
:10076000D37070BD94F0000F0FD101F0004640002F
:1007700041EB010111F4801F08BF013CF7D041EAB1
:10078000060195F0000F18BF704703F000465200B5
:1007900043EB030313F4801F08BF013DF7D043EA86
:1007A0000603704794EA0C0F0CEA135518BF95EA3C
:1007B0000C0F0CD050EA410618BF52EA4306D1D1C3
:1007C00081EA030101F000414FF0000070BD50EAE2
:1007D000410606BF1046194652EA430619D094EA6C
:1007E0000C0F02D150EA013613D195EA0C0F05D156
:1007F00052EA03361CBF104619460AD181EA0301AA
:1008000001F0004141F0FE4141F470014FF0000061
:1008100070BD41F0FE4141F4780170BD70B54FF0FC
:10082000FF0C4CF4E06C1CEA11541DBF1CEA13557C
:1008300094EA0C0F95EA0C0F00F0A7F8A4EB05045E
:1008400081EA030E52EA03354FEA013100F0888055
:100850004FEA03334FF0805545EA131343EA12631E
:100860004FEA022245EA111545EA10654FEA0026D3
:100870000EF000419D4208BF964244F1FD0404F58C
:10088000407402D25B084FEA3202B61A65EB0305E8
:100890005B084FEA32024FF480104FF4002CB6EBA5
:1008A000020E75EB030E22BFB61A754640EA0C0025
:1008B0005B084FEA3202B6EB020E75EB030E22BF65
:1008C000B61A754640EA5C005B084FEA3202B6EBA6
:1008D000020E75EB030E22BFB61A754640EA9C0065
:1008E0005B084FEA3202B6EB020E75EB030E22BF35
:1008F000B61A754640EADC0055EA060E18D04FEAF3
:10090000051545EA16754FEA06164FEAC30343EA92
:1009100052734FEAC2025FEA1C1CC0D111F4801F5F
:100920000BD141EA00014FF000004FF0004CB6E758
:1009300011F4801F04BF01430020B4F1FD0C88BFF7
:10094000BCF5E06F3FF6AFAEB5EB030C04BFB6EB02
:10095000020C5FEA500C50F1000041EB045170BDF5
:100960000EF0004E4EEA113114EB5C04C2BFD4EB22
:100970000C0541EA045170BD41F480114FF0000EA6
:10098000013C90E645EA060E8DE60CEA135594EA22
:100990000C0F08BF95EA0C0F3FF43BAF94EA0C0F25
:1009A0000AD150EA01347FF434AF95EA0C0F7FF49A
:1009B00025AF104619462CE795EA0C0F06D152EAEE
:1009C00003353FF4FDAE1046194622E750EA4106D2
:1009D00018BF52EA43067FF4C5AE50EA41047FF4E3
:1009E0000DAF52EA43057FF4EBAE12E74FF0FF3C48
:1009F00006E000BF4FF0010C02E000BF4FF0010C19
:100A00004DF804CD4FEA410C7FEA6C5C4FEA430C91
:100A100018BF7FEA6C5C1BD001B050EA410C0CBFE0
:100A200052EA430C91EA030F02BF90EA020F002042
:100A3000704710F1000F91EA030F58BF994208BFA9
:100A400090422CBFD8176FEAE37040F00100704766
:100A50004FEA410C7FEA6C5C02D150EA013C07D1BD
:100A60004FEA430C7FEA6C5CD6D152EA033CD3D008
:100A70005DF8040B704700BF8446104662468C4602
:100A80001946634600E000BF01B5FFF7B7FF002835
:100A900048BF10F1000F01BD4DF808EDFFF7F4FF5E
:100AA0000CBF012000205DF808FB00BF4DF808EDE9
:100AB000FFF7EAFF34BF012000205DF808FB00BF0C
:100AC0004DF808EDFFF7E0FF94BF012000205DF82E
:100AD00008FB00BF4DF808EDFFF7CEFF94BF0120E3
:100AE00000205DF808FB00BF4DF808EDFFF7C4FFDC
:100AF00034BF012000205DF808FB00BF4FEA410C25
:100B00007FEA6C5C02D150EA013C0AD14FEA430C07
:100B10007FEA6C5C02D152EA033C02D14FF0000044
:100B200070474FF0010070474FEA4102B2F1E043D5
:100B300024BFB3F5001CDCF1FE5C0DD901F0004CC4
:100B40004FEAC0024CEA5070B2F1004F40EB830014
:100B500008BF20F00100704711F0804F21D113F140
:100B60003872BCBF01F00040704741F480114FEA79
:100B70005252C2F11802C2F1200C10FA0CF320FA02
:100B800002F018BF40F001004FEAC1234FEAD3231F
:100B900003FA0CFC40EA0C0023FA02F34FEA430389
:100BA000CCE77FEA625307D150EA01331EBF4FF012
:100BB000FE4040F44000704701F0004040F0FE402D
:100BC00040F40000704700BF53B94AB9002908BF7C
:100BD00000281CBF4FF0FF314FF0FF3000F00CB881
:100BE000ADF1080C6DE904CE12F0B6FBDDF804E0BF
:100BF000DDE9022304B07047704700BF0348044B8F
:100C0000834202D0034B03B1184770475C080020B1
:100C10005C080020000000000548064B1B1AD90F95
:100C200001EBA301491002D0034B03B118477047F1
:100C30005C0800205C0800200000000010B5064C95
:100C4000237843B9FFF7DAFF044B13B10448AFF33D
:100C500000800123237010BD5C080020000000000C
:100C60001436010808B5054B1BB105490548AFF31B
:100C70000080BDE80840FFF7CFBF00BF00000000C4
:100C8000600800201436010880B500AF02480AF061
:100C90009FFF00BF80BD00BF0809002080B400AFE7
:100CA000034B1B685B6A1846BD465DF8047B7047C2
:100CB0000809002080B582B000AF754B1B680AF0B0
:100CC000D1FE00F047F900F0B9FB00F08FFB00F017
:100CD00063FB00F0A7F900F099FA00F0F5F900F0D5
:100CE000E3FA00216B480BF089F804216A480BF005
:100CF00085F804F03FFB694A0021012004F022FF3F
:100D00000346674A1360674A0021012004F01AFF76
:100D10000346654A1360654A0021012004F012FF72
:100D20000346634A1360634A0021012004F00AFF6E
:100D30000346614A1360614A0021012004F002FF6A
:100D400003465F4A1360564B1B68184604F0D6FFF3
:100D5000554B1B68184604F0D1FF554B1B681846CD
:100D600004F0CCFF544B1B68184604F0C7FF544BEB
:100D70001B68184604F0C2FF524B00220121524862
:100D800004F01EFD0346514A1360514B002201211D
:100D9000504804F015FD03464F4A13604F4B0022A4
:100DA00000214F4804F00CFD03464E4A13604E4AA2
:100DB0000421042004F0E6FF03464C4A13604C4A29
:100DC0000421042004F0DEFF03464A4A13604A4A25
:100DD0000421042004F0D6FF0346484A1360484A21
:100DE0000021484804F010FB0346474A1360474A75
:100DF0000021474804F008FB0346464A1360464A70
:100E00000021464804F000FB0346454A1360454A6A
:100E10000021454804F0F8FA0346444A1360444A66
:100E20000021444804F0F0FA0346434A1360434A61
:100E30000021434804F0E8FA0346424A136042485E
:100E400004F068FD0346414A136004F0B7FA00233A
:100E50007B6014E000224FF400513D480AF0EAF8AC
:100E600019200AF041FE01224FF4005138480AF0DF
:100E7000E1F832200AF038FE7B6801337B607B6842
:100E8000072BE7D94FF448700AF02EFEDFE700BFCA
:100E900094390108C00800205009002034390108A5
:100EA000CC38002044390108D038002054390108DA
:100EB000D438002064390108D8380020743901087A
:100EC000DC38002004390108911001083C3800206A
:100ED000143901083D0C01086C3800202439010840
:100EE000AD0B01089C380020BC38010810370020E9
:100EF000D438010874370020EC380108D8370020B6
:100F0000E43701086D150008A00A00200838010820
:100F1000B9040108080D00202C380108D50101088A
:100F20007015002050380108A10A0108D81D0020C2
:100F300074380108950D01084026002098380108F2
:100F4000A9100108A82E002084390108E0380020EB
:100F50000008024080B594B000AF07F120033022B2
:100F60000021184610F0C3FE07F10C0300221A609E
:100F70005A609A60DA601A610023BB60274B1B6CD1
:100F8000264A43F080531364244B1B6C03F08053B8
:100F9000BB60BB6800237B60214B1B68204A43F485
:100FA000404313601E4B1B6803F440437B607B6827
:100FB00001233B624FF480337B620223BB634FF417
:100FC0008003FB6319233B64C0237B640223BB645F
:100FD0000423FB6407F12003184609F01DFA0346B9
:100FE000002B01D000F0DEFA0F23FB6002233B61EF
:100FF00000237B614FF48053BB610023FB6107F149
:101000000C030321184609F07FFC0346002B01D096
:1010100000F0C8FA00BF5037BD4680BD003802401E
:101020000070004080B584B000AF3B4600221A60DB
:101030005A609A60DA60214B214A1A601F4B4FF4C4
:1010400080325A601D4B00229A601C4B00221A61AC
:101050001A4B00221A76194B002283F82020174BD6
:101060000022DA62154B174A9A62144B0022DA60AA
:10107000124B0122DA61114B002283F830200F4B12
:1010800001225A610D4810F069F80346002B01D087
:1010900000F088FA00233B6001237B600023BB60E3
:1010A0003B461946054810F0E9F90346002B01D0EC
:1010B00000F078FA00BF1037BD4680BD78080020E8
:1010C000002001400100000F80B596B000AF07F18D
:1010D000480300221A605A609A60DA6007F1400300
:1010E00000221A605A6007F1240300221A605A6035
:1010F0009A60DA601A615A619A613B1D20220021D0
:10110000184610F0F4FD3F4B3F4A1A603D4B002259
:101110005A603C4B00229A603A4B42F27F52DA60AE
:10112000384B00221A61374B00225A61354B00229E
:101130009A6134480AF0FCFC0346002B01D000F011
:1011400031FA4FF48053BB6407F1480319462D4828
:101150000BF0B6F80346002B01D000F023FA294823
:101160000AF0F2FD0346002B01D000F01BFA002329
:101170003B6400237B6407F14003194621480BF0D0
:1011800061FC0346002B01D000F00CFA60237B6267
:1011900042F27F53BB620023FB6200233B630023C8
:1011A0007B630023BB630023FB6307F1240300225E
:1011B000194614480AF0C2FF0346002B01D000F084
:1011C000F1F900237B600023BB600023FB60002358
:1011D0003B6100237B614FF40053BB6100233B6202
:1011E0003B1D194607480BF09BFC0346002B01D022
:1011F00000F0D8F9034800F067FB00BF5837BD4640
:1012000080BD00BFC00800200000014080B586B04E
:1012100000AF07F1080300221A605A609A60DA6092
:101220003B4600221A605A601E4B4FF080421A6003
:101230001C4B42F27F525A601A4B00229A60194BA3
:101240004FF0FF32DA60174B00221A61154B002273
:101250009A6114480AF06CFC0346002B01D000F0A0
:10126000A1F94FF48053BB6007F1080319460D48FC
:101270000BF026F80346002B01D000F093F9002371
:101280003B6000237B603B46194606480BF0DAFBC7
:101290000346002B01D000F085F900BF1837BD468A
:1012A00080BD00BF0809002080B58EB000AF07F1F7
:1012B000280300221A605A609A60DA6007F120035E
:1012C00000221A605A603B1D00221A605A609A6020
:1012D000DA601A615A619A612D4B2E4A1A602C4BC2
:1012E00000225A602A4B00229A60294B42F27F5218
:1012F000DA60274B00221A61254B00229A612448AC
:101300000AF016FC0346002B01D000F04BF94FF415
:101310008053BB6207F1280319461D480AF0D0FF2D
:101320000346002B01D000F03DF919480AF00CFDEE
:101330000346002B01D000F035F900233B62002367
:101340007B6207F12003194611480BF07BFB034633
:10135000002B01D000F026F960237B6042F27F531E
:10136000BB600023FB6000237B613B1D0422194608
:1013700007480AF0E3FE0346002B01D000F012F903
:10138000034800F0A1FA00BF3837BD4680BD00BF5A
:10139000500900200004004080B500AF114B124AF4
:1013A0001A60104B4FF416525A600E4B00229A608E
:1013B0000C4B0022DA600B4B00221A61094B0C2205
:1013C0005A61084B00229A61064B0022DA610548F7
:1013D0000BF00CFC0346002B01D000F0E3F800BF3B
:1013E00080BD00BF980900200010014080B582B088
:1013F00000AF00237B60104B1B6B0F4A43F480034C
:1014000013630D4B1B6B03F480037B607B6800222E
:1014100005213A200AF0FCFA3A200AF015FB0022D6
:10142000052146200AF0F4FA46200AF00DFB00BF21
:101430000837BD4680BD00BF0038024080B58AB085
:1014400000AF07F1140300221A605A609A60DA6054
:101450001A6100233B61414B1B6B404A43F004037C
:1014600013633E4B1B6B03F004033B613B6900239A
:10147000FB603A4B1B6B394A43F080031363374BD5
:101480001B6B03F08003FB60FB680023BB60334BE6
:101490001B6B324A43F001031363304B1B6B03F0A9
:1014A0000103BB60BB6800237B602C4B1B6B2B4A8A
:1014B00043F002031363294B1B6B03F002037B60B1
:1014C0007B6800224FF40051254809F0B3FD00224B
:1014D0001E21244809F0AEFD01224021214809F0D7
:1014E000A9FD002242F204011F4809F0A3FD0122D8
:1014F0004FF480511C4809F09DFD4FF400537B616F
:101500000123BB610023FB6100233B6207F114034D
:101510001946134809F00AFC5E237B610123BB6175
:101520000023FB6100233B6207F1140319460D48B9
:1015300009F0FCFB43F204037B610123BB61002340
:10154000FB6100233B6207F114031946064809F0CA
:10155000EDFB00BF2837BD4680BD00BF003802400C
:1015600000080240000002400004024080B582B042
:1015700000AF786005F0C6FC012004F0F0F8FBE74E
:1015800080B582B000AF78607B681B68044A9342E4
:1015900001D10AF089FA00BF0837BD4680BD00BFFF
:1015A0000048014080B400AF72B600BF00BFFDE745
:1015B00080B58AB000AF87ED010AC7ED000A344B51
:1015C0007B62344B3B62344BFB61344BBB6197ED28
:1015D000017AD7ED067A27EE277AD7ED066AD7ED9E
:1015E000007A66EEA77A77EE676A97ED007AC6EE24
:1015F000877AC7ED057A7869FEF78EFF02460B46BB
:1016000043EC102B11F030FC53EC102B1046194614
:10161000FFF78AFA03463B6197ED087AD7ED047A23
:1016200027EE277AD7ED097A37EE277AD7ED076AC2
:10163000D7ED047A66EEA76AD7ED047A66EEA76A5C
:10164000D7ED047A66EEA77A37EE277AF7EE006ACE
:10165000C6EE877AC7ED037AF868FEF75DFF0AA346
:10166000D3E90023FEF7F8FD02460B461046194663
:10167000FFF75AFA034607EE903AB0EE670A2837AA
:10168000BD4680BDAFF30080666666666612714037
:10169000EBFF933A737F75395947BC3300401C46C2
:1016A00080B400AF00BFFDE780B400AF00BFFDE72E
:1016B00080B400AF00BFFDE780B400AF00BFFDE71E
:1016C00080B400AF00BFFDE780B400AF00BFBD46EF
:1016D0005DF8047B7047000080B500AF03480AF056
:1016E0003DFC03480AF03AFC00BF80BDC008002062
:1016F0000439002080B500AF02480BF09DFB00BF0D
:1017000080BD00BF9809002080B500AF024809F0F5
:101710005DFE00BF80BD00BFE009002080B500AFC6
:10172000024806F01DFA00BF80BD00BF9C63002088
:1017300080B500AF024809F049FE00BF80BD00BF80
:10174000400A002080B582B000AF00237B60124BBE
:101750005B6C114A43F4804353640F4B5B6C03F49E
:1017600080437B607B6800233B600B4B1B6C0A4A09
:1017700043F080531364084B1B6C03F080533B60B1
:101780003B6800220F216FF001000AF041F900BF11
:101790000837BD4680BD00BF0038024080B58AB022
:1017A00000AF786007F1140300221A605A609A6053
:1017B000DA601A617B681B68174A934227D10023BD
:1017C0003B61164B5B6C154A43F480735364134BB7
:1017D0005B6C03F480733B613B690023FB600F4B40
:1017E0001B6B0E4A43F0010313630C4B1B6B03F09E
:1017F0000103FB60FB6801237B610323BB610023C2
:10180000FB6107F114031946054809F08FFA00BF80
:101810002837BD4680BD00BF00200140003802408F
:101820000000024080B586B000AF78607B681B681E
:10183000224A934216D100237B61214B5B6C204AE4
:1018400043F0010353641E4B5B6C03F001037B61A7
:101850007B69002205211A200AF0DAF81A200AF022
:10186000F3F826E07B681B68B3F1804F0ED10023AC
:101870003B61134B1B6C124A43F001031364104B82
:101880001B6C03F001033B613B6912E07B681B6842
:101890000C4A93420DD10023FB60094B1B6C084A94
:1018A00043F002031364064B1B6C03F00203FB605E
:1018B000FB6800BF1837BD4680BD00BF0000014077
:1018C000003802400004004080B58AB000AF786064
:1018D00007F1140300221A605A609A60DA601A61F4
:1018E0007B681B68244A93421FD100233B61234B32
:1018F0001B6B224A43F001031363204B1B6B03F065
:1019000001033B613B694FF480737B610223BB6140
:101910000023FB6100233B6201237B6207F1140378
:101920001946174809F002FA22E07B681B68154A3D
:1019300093421DD10023FB60104B1B6B0F4A43F0F9
:10194000010313630D4B1B6B03F00103FB60FB688A
:1019500080237B610223BB610023FB6100233B6288
:1019600002237B6207F114031946054809F0DEF9EA
:1019700000BF2837BD4680BD00000140003802404E
:10198000000002400004004080B58AB000AF7860DB
:1019900007F1140300221A605A609A60DA601A6133
:1019A0007B681B684C4A934240F0918000233B6166
:1019B0004A4B5B6C494A43F010035364474B5B6CE2
:1019C00003F010033B613B690023FB60434B1B6B3F
:1019D000424A43F001031363404B1B6B03F00103C6
:1019E000FB60FB684FF4C0637B610223BB61002393
:1019F000FB6103233B6207237B6207F11403194653
:101A0000374809F093F9374B374A1A60354B4FF096
:101A100000625A60334B00229A60324B0022DA6037
:101A2000304B4FF480621A612E4B00225A612D4BCD
:101A300000229A612B4B0022DA612A4B00221A62A3
:101A4000284B00225A62274809F028FB0346002B46
:101A500001D0FFF7A7FD7B68224ADA63214A7B6841
:101A60009363224B224A1A60204B4FF000625A6067
:101A70001E4B40229A601D4B0022DA601B4B4FF434
:101A800080621A61194B00225A61184B00229A6138
:101A9000164B0022DA61154B00221A62134B00220A
:101AA0005A62124809F0FAFA0346002B01D0FFF7F8
:101AB00079FD7B680D4A9A630C4A7B689363002228
:101AC0000521252009F0A4FF252009F0BDFF00BF56
:101AD0002837BD4680BD00BF0010014000380240DD
:101AE00000000240E009002040640240400A00205B
:101AF000B864024080B483B000AF786000BF0C3798
:101B0000BD465DF8047B704780B483B000AF786059
:101B100000BF0C37BD465DF8047B704780B58CB0C4
:101B200000AF78600023BB6200237B620023BB60B0
:101B30002E4B5B6C2D4A43F4802353642B4B5B6C20
:101B400003F48023BB60BB6807F10C0207F11003AC
:101B50001146184609F0B8F809F0A2F8B862BB6A55
:101B6000234AA2FB03239B0C013B7B62214B224AAD
:101B70001A60204B40F2E732DA601E4A7B6A5360FB
:101B80001C4B00221A611B4B00229A60194B002249
:101B90009A61184809F0CCFF034687F82F3097F870
:101BA0002F30002B1BD113480AF06CF8034687F83E
:101BB0002F3097F82F30002B11D11A2009F044FF55
:101BC0007B680F2B08D8002279681A2009F020FFC3
:101BD0000A4A7B68136002E0012387F82F3097F8E8
:101BE0002F3018463037BD4680BD00BF0038024058
:101BF00083DE1B43043900200048014068000020B8
:101C000080B586B000AF78607B68002B0BD14FF0B9
:101C1000500383F31188BFF36F8FBFF34F8F3B6186
:101C200000BF00BFFDE72023BB60BB68202B0BD0AB
:101C30004FF0500383F31188BFF36F8FBFF34F8FC3
:101C4000FB6000BF00BFFDE77B687B617B69002B09
:101C50000AD07B6900221A607B690433184600F0C1
:101C600043FA7B6901221A777B6918461837BD460B
:101C700080BD80B582B000AF202004F01BFC7860EE
:101C80007B68002B0AD07B6800221A607B680433D3
:101C9000184600F029FA7B6800221A777B681846FC
:101CA0000837BD4680BD000080B590B000AFF86039
:101CB000B9607A603B60FB687B630023BB630023F1
:101CC0003B63FB68002B0BD14FF0500383F311886B
:101CD000BFF36F8FBFF34F8F3B6200BF00BFFDE7C5
:101CE000BB68B3F1807F0BD34FF0500383F31188AF
:101CF000BFF36F8FBFF34F8FFB6100BF00BFFDE7E6
:101D0000BB68002B0BD14FF0500383F31188BFF356
:101D10006F8FBFF34F8FBB6100BF00BFFDE702F0C5
:101D2000BBFA0346002B02D1BB6C002B01D101236F
:101D300000E00023002B0BD14FF0500383F31188F8
:101D4000BFF36F8FBFF34F8F7B6100BF00BFFDE715
:101D500001F034FD7B6B1B68FB623A68B968F86A76
:101D600000F08CF9B862BB6A002B0ED0FB6AFB63F3
:101D70000023BB647B68002B28D07B6B1A68BB6890
:101D8000DB431A407B6B1A6020E0BB6C002B04D154
:101D9000FB6AFB6301233B6318E07B68002B03D0E5
:101DA000BB6B43F08073BB633B68002B03D0BB6B02
:101DB00043F08063BB637B6B181DBA68BB6B134336
:101DC000BA6C194601F070FF0023FB6301F03CFD83
:101DD0007862BB6C002B31D07B6A002B07D11A4B89
:101DE0004FF080521A60BFF34F8FBFF36F8F02F036
:101DF000CDFBF863FB6B03F00073002B1AD104F0EA
:101E00007BFE7B6B1B68FB633A68B968F86B00F07C
:101E100035F90346002B09D07B68002B06D07B6B7D
:101E20001A68BB68DB431A407B6B1A6001233B6373
:101E300004F094FEFB6B23F07F43FB63FB6B1846BF
:101E40004037BD4680BD00BF04ED00E080B586B0E0
:101E500000AF786039607B687B617B68002B0BD1B9
:101E60004FF0500383F31188BFF36F8FBFF34F8F91
:101E7000FB6000BF00BFFDE73B68B3F1807F0BD381
:101E80004FF0500383F31188BFF36F8FBFF34F8F71
:101E9000BB6000BF00BFFDE704F02EFE7B691B683E
:101EA0003B617B691A683B68DB431A407B691A60B7
:101EB00004F054FE3B6918461837BD4680BD00004B
:101EC00080B584B000AF7860396000233A687968E3
:101ED000044803F0EBF9F860FB6818461037BD467C
:101EE00080BD00BF6320000880B489B000AF786077
:101EF0007B68FB61EFF311824FF0500383F311888D
:101F0000BFF36F8FBFF34F8FFA60BB60FB68BB619D
:101F1000FB691B687B61BB693B613B6983F311888B
:101F200000BF7B6918462437BD465DF8047B7047C7
:101F300080B58EB000AF7860396000233B637B686A
:101F4000BB620023FB627B68002B0BD14FF0500378
:101F500083F31188BFF36F8FBFF34F8F3B6100BFD7
:101F600000BFFDE73B68B3F1807F0BD34FF0500318
:101F700083F31188BFF36F8FBFF34F8FFB6000BFF8
:101F800000BFFDE7BB6A04337B627B6A08333B62B8
:101F900001F014FC7B6ADB687B63BB6A1A683B68F0
:101FA0001A43BB6A1A603CE07B6B5B68FB617B6B2E
:101FB0001B68BB610023FB62BB6903F07F437B614D
:101FC000BB6923F07F43BB617B6903F08063002B17
:101FD00008D1BB6A1A68BB691340002B0BD00123E0
:101FE000FB6208E0BB6A1A68BB691340BA699A428F
:101FF00001D10123FB62FB6A002B10D07B6903F047
:102000008073002B03D03A6BBB6913433B63BB6AFD
:102010001B6843F000731946786B01F015FFFB69EC
:102020007B637A6B3B6A9A42BED1BB6A1A683B6B90
:10203000DB431A40BB6A1A6001F006FCBB6A1B68EE
:1020400018463837BD4680BD80B582B000AF786095
:10205000396039687868FFF76BFF00BF0837BD4605
:1020600080BD80B582B000AF78603960396878682B
:10207000FFF7ECFE00BF0837BD4680BD80B487B0D7
:1020800000AFF860B9607A6000237B617B68002B49
:1020900007D1FA68BB681340002B0AD001237B618B
:1020A00007E0FA68BB681340BA689A4201D101237D
:1020B0007B617B6918461C37BD465DF8047B704721
:1020C00080B586B000AFF860B9607A607B68BA68A6
:1020D000F968044803F0EAF878617B691846183714
:1020E000BD4680BD4920000880B483B000AF786051
:1020F0007B6803F108027B685A607B684FF0FF320F
:102100009A607B6803F108027B68DA607B6803F100
:1021100008027B681A617B6800221A6000BF0C37D6
:10212000BD465DF8047B704780B483B000AF786033
:102130007B6800221A6100BF0C37BD465DF8047B46
:10214000704780B485B000AF786039607B685B68A9
:10215000FB603B68FA685A60FB689A683B689A6063
:10216000FB689B683A685A60FB683A689A603B680B
:102170007A681A617B681B685A1C7B681A6000BF0A
:102180001437BD465DF8047B704780B485B000AF5E
:10219000786039603B681B68BB60BB68B3F1FF3F88
:1021A00003D17B681B69FB600CE07B680833FB6034
:1021B00002E0FB685B68FB60FB685B681B68BA68F1
:1021C0009A42F6D2FB685A683B685A603B685B6883
:1021D0003A689A603B68FA689A60FB683A685A60A5
:1021E0003B687A681A617B681B685A1C7B681A60B6
:1021F00000BF1437BD465DF8047B704780B485B0DE
:1022000000AF78607B681B69FB607B685B687A68FD
:1022100092689A607B689B687A6852685A60FB682B
:102220005B687A689A4203D17B689A68FB685A6057
:102230007B6800221A61FB681B685A1EFB681A60E3
:10224000FB681B6818461437BD465DF8047B704771
:1022500080B584B000AF786039607B68FB60FB6854
:10226000002B0BD14FF0500383F31188BFF36F8F16
:10227000BFF34F8FBB6000BF00BFFDE704F03CFC25
:10228000FB681A68FB68DB6BF968096C01FB03F3F8
:102290001A44FB689A60FB6800229A63FB681A681C
:1022A000FB685A60FB681A68FB68DB6B013BF968E6
:1022B000096C01FB03F31A44FB68DA60FB68FF2238
:1022C00083F84420FB68FF2283F845203B68002BFD
:1022D00014D1FB681B69002B1AD0FB681033184619
:1022E00001F04CFD0346002B12D00D4B4FF08052F5
:1022F0001A60BFF34F8FBFF36F8F09E0FB68103395
:102300001846FFF7F1FEFB6824331846FFF7ECFE92
:1023100004F024FC012318461037BD4680BD00BFE1
:1023200004ED00E080B58EB002AFF860B9607A606D
:102330003B60FB68002B0BD14FF0500383F31188F7
:10234000BFF36F8FBFF34F8FBB6200BF00BFFDE7CE
:102350003B68002B0BD14FF0500383F31188BFF380
:102360006F8FBFF34F8F7B6200BF00BFFDE77B68BD
:10237000002B02D0BB68002B01D0012300E000231A
:10238000002B0BD14FF0500383F31188BFF36F8FF5
:10239000BFF34F8F3B6200BF00BFFDE77B68002BA0
:1023A00002D1BB68002B01D1012300E00023002BE8
:1023B0000BD14FF0500383F31188BFF36F8FBFF33E
:1023C0004F8FFB6100BF00BFFDE750237B617B693E
:1023D000502B0BD04FF0500383F31188BFF36F8F56
:1023E000BFF34F8FBB6100BF00BFFDE77B693B6858
:1023F000FB62FB6A002B0DD0FB6A012283F84620AA
:1024000097F83820FB6A009313467A68B968F86831
:1024100000F040F8FB6A18463037BD4680BD80B5F5
:102420008AB002AFF860B9601346FB71FB68002BFD
:102430000BD14FF0500383F31188BFF36F8FBFF3BD
:102440004F8F3B6100BF00BFFDE7FB68BA6802FB2E
:1024500003F3FB61FB695033184604F02BF8B861B5
:10246000BB69002B11D0BB697B617B6950337B61F9
:10247000BB69002283F84620FA79BB6900931346B2
:102480007A69B968F86800F005F8BB691846203722
:10249000BD4680BD80B584B000AFF860B9607A6099
:1024A000FB70BB68002B03D1BB69BA691A6002E0FC
:1024B000BB697A681A60BB69FA68DA63BB69BA6893
:1024C0001A640121B869FFF7C3FEBB69FA7883F883
:1024D0004C2000BF1037BD4680BD80B58AB002AF2A
:1024E000F860B9607A60FB68002B0BD14FF05003A5
:1024F00083F31188BFF36F8FBFF34F8FBB6100BFB2
:1025000000BFFDE7BA68FB689A420BD94FF0500351
:1025100083F31188BFF36F8FBFF34F8F7B6100BFD1
:1025200000BFFDE7022300937B6800220021F868CA
:10253000FFF7F8FEF861FB69002B02D0FB69BA686F
:102540009A63FB6918462037BD4680BD80B586B0CA
:1025500000AF786039607B68002B0BD14FF05003DF
:1025600083F31188BFF36F8FBFF34F8F3B6100BFC1
:1025700000BFFDE73A687B689A420BD94FF05003E1
:1025800083F31188BFF36F8FBFF34F8FFB6000BFE2
:1025900000BFFDE7022200217868FFF740FF786165
:1025A0007B69002B02D07B693A689A637B69184685
:1025B0001837BD4680BD000080B58EB000AFF86012
:1025C000B9607A603B6000237B63FB683B633B6BD5
:1025D000002B0BD14FF0500383F31188BFF36F8FA3
:1025E000BFF34F8FBB6200BF00BFFDE7BB68002B8E
:1025F00003D13B6B1B6C002B01D1012300E00023B6
:10260000002B0BD14FF0500383F31188BFF36F8F72
:10261000BFF34F8F7B6200BF00BFFDE73B68022B1B
:1026200003D13B6BDB6B012B01D1012300E00023C5
:10263000002B0BD14FF0500383F31188BFF36F8F42
:10264000BFF34F8F3B6200BF00BFFDE701F024FEE8
:102650000346002B02D17B68002B01D1012300E04F
:102660000023002B0BD14FF0500383F31188BFF3ED
:102670006F8FBFF34F8FFB6100BF00BFFDE704F01A
:102680003BFA3B6B9A6B3B6BDB6B9A4202D33B682A
:10269000022B29D13A68B968386B00F0ABFCF862BC
:1026A0003B6B5B6A002B10D03B6B2433184601F068
:1026B00065FB0346002B13D03F4B4FF080521A604E
:1026C000BFF34F8FBFF36F8F0AE0FB6A002B07D079
:1026D000394B4FF080521A60BFF34F8FBFF36F8FAB
:1026E00004F03CFA012363E07B68002B03D104F083
:1026F00035FA00235CE07B6B002B06D107F1140355
:10270000184601F007FC01237B6304F027FA01F06F
:1027100055F804F0F1F93B6B93F844305BB2B3F138
:10272000FF3F03D13B6B002283F844203B6B93F8BF
:1027300045305BB2B3F1FF3F03D13B6B002283F81E
:10274000452004F00BFA3A1D07F114031146184610
:1027500001F0F6FB0346002B24D1386B00F042FD5C
:102760000346002B18D03B6B10337A68114618468D
:1027700001F074FA386B00F0CDFC01F065F8034607
:10278000002B7FF47CAF0C4B4FF080521A60BFF3EC
:102790004F8FBFF36F8F72E7386B00F0BBFC01F017
:1027A00053F86CE7386B00F0B5FC01F04DF80023EE
:1027B00018463837BD4680BD04ED00E080B590B0C6
:1027C00000AFF860B9607A603B60FB68BB63BB6BCD
:1027D000002B0BD14FF0500383F31188BFF36F8FA1
:1027E000BFF34F8FBB6200BF00BFFDE7BB68002B8C
:1027F00003D1BB6B1B6C002B01D1012300E0002334
:10280000002B0BD14FF0500383F31188BFF36F8F70
:10281000BFF34F8F7B6200BF00BFFDE73B68022B19
:1028200003D1BB6BDB6B012B01D1012300E0002343
:10283000002B0BD14FF0500383F31188BFF36F8F40
:10284000BFF34F8F3B6200BF00BFFDE704F018FBF2
:10285000EFF311824FF0500383F31188BFF36F8FB2
:10286000BFF34F8FFA61BB61FB697B63BB6B9A6BF4
:10287000BB6BDB6B9A4202D33B68022B2FD1BB6B45
:1028800093F8453087F83330BB6B9B6BFB623A683B
:10289000B968B86B00F0AEFB97F93330B3F1FF3F86
:1028A00012D1BB6B5B6A002B16D0BB6B243318466E
:1028B00001F064FA0346002B0ED07B68002B0BD08E
:1028C0007B6801221A6007E097F833300133DBB2EE
:1028D0005AB2BB6B83F845200123FB6301E0002360
:1028E000FB637B6B7B617B6983F3118800BFFB6BB0
:1028F00018464037BD4680BD80B58EB000AF7860C9
:1029000039607B683B633B6B002B0BD14FF050036E
:1029100083F31188BFF36F8FBFF34F8F3B6200BF0C
:1029200000BFFDE73B6B1B6C002B0BD04FF050033F
:1029300083F31188BFF36F8FBFF34F8FFB6100BF2D
:1029400000BFFDE73B6B1B68002B03D13B6B9B6813
:10295000002B01D1012300E00023002B0BD14FF00D
:10296000500383F31188BFF36F8FBFF34F8FBB61A9
:1029700000BF00BFFDE704F083FAEFF311824FF0D0
:10298000500383F31188BFF36F8FBFF34F8F7A61CA
:102990003B617B69FB623B6B9B6BBB623B6BDB6BA5
:1029A000BA6A9A422BD23B6B93F8453087F82730AE
:1029B000BB6A5A1C3B6B9A6397F92730B3F1FF3F10
:1029C00012D13B6B5B6A002B16D03B6B243318464D
:1029D00001F0D4F90346002B0ED03B68002B0BD03E
:1029E0003B6801221A6007E097F827300133DBB219
:1029F0005AB23B6B83F8452001237B6301E000233F
:102A00007B63FB6AFB60FB6883F3118800BF7B6B11
:102A100018463837BD4680BD80B58CB000AFF86031
:102A2000B9607A600023FB62FB68BB62BB6A002B63
:102A30000BD14FF0500383F31188BFF36F8FBFF3B7
:102A40004F8F3B6200BF00BFFDE7BB68002B03D187
:102A5000BB6A1B6C002B01D1012300E00023002B7B
:102A60000BD14FF0500383F31188BFF36F8FBFF387
:102A70004F8FFB6100BF00BFFDE701F00DFC034677
:102A8000002B02D17B68002B01D1012300E0002341
:102A9000002B0BD14FF0500383F31188BFF36F8FDE
:102AA000BFF34F8FBB6100BF00BFFDE704F024F808
:102AB000BB6A9B6B7B627B6A002B1FD0B968B86ACC
:102AC00000F002FB7B6A5A1EBB6A9A63BB6A1B69F1
:102AD000002B0FD0BB6A1033184601F04FF90346A4
:102AE000002B07D03C4B4FF080521A60BFF34F8F42
:102AF000BFF36F8F04F032F8012369E07B68002B8D
:102B000003D104F02BF8002362E0FB6A002B06D10E
:102B100007F11003184601F0FDF90123FB6204F0F0
:102B20001DF800F04BFE03F0E7FFBB6A93F844305A
:102B30005BB2B3F1FF3F03D1BB6A002283F84420AC
:102B4000BB6A93F845305BB2B3F1FF3F03D1BB6A78
:102B5000002283F8452004F001F83A1D07F1100324
:102B60001146184601F0ECF90346002B23D1B86A50
:102B700000F022FB0346002B17D0BB6A24337A688F
:102B80001146184601F06AF8B86A00F0C3FA00F07E
:102B90005BFE0346002B89D10F4B4FF080521A6029
:102BA000BFF34F8FBFF36F8F80E7B86A00F0B2FAC0
:102BB00000F04AFE7AE7B86A00F0ACFA00F044FE92
:102BC000B86A00F0F9FA0346002B3FF46FAF002318
:102BD00018463037BD4680BD04ED00E080B58EB0AC
:102BE00000AF7860396000237B637B68FB62002361
:102BF0003B63FB6A002B0BD14FF0500383F311882A
:102C0000BFF36F8FBFF34F8F3B6200BF00BFFDE785
:102C1000FB6A1B6C002B0BD04FF0500383F3118821
:102C2000BFF36F8FBFF34F8FFB6100BF00BFFDE7A6
:102C300001F032FB0346002B02D13B68002B01D18F
:102C4000012300E00023002B0BD14FF0500383F34E
:102C50001188BFF36F8FBFF34F8FBB6100BF00BF01
:102C6000FDE703F049FFFB6A9B6BBB62BB6A002B6D
:102C700024D0BB6A5A1EFB6A9A63FB6A1B68002B4E
:102C800004D101F09BFC0246FB6A9A60FB6A1B6957
:102C9000002B0FD0FB6A1033184601F06FF8034683
:102CA000002B07D0544B4FF080521A60BFF34F8F68
:102CB000BFF36F8F03F052FF012398E03B68002BB6
:102CC00012D13B6B002B0BD04FF0500383F31188D4
:102CD000BFF36F8FBFF34F8F7B6100BF00BFFDE776
:102CE00003F03CFF002382E07B6B002B06D107F151
:102CF0000C03184601F00EF901237B6303F02EFF4D
:102D000000F05CFD03F0F8FEFB6A93F844305BB220
:102D1000B3F1FF3F03D1FB6A002283F84420FB6A32
:102D200093F845305BB2B3F1FF3F03D1FB6A002259
:102D300083F8452003F012FF3A4607F10C031146D1
:102D4000184601F0FDF80346002B32D1F86A00F076
:102D500033FA0346002B26D0FB6A1B68002B09D1EF
:102D600003F0CAFEFB6A9B68184601F0B3FA3863A9
:102D700003F0F4FEFB6A24333A681146184600F06B
:102D80006DFFF86A00F0C6F900F05EFD0346002B07
:102D90007FF467AF184B4FF080521A60BFF34F8F2C
:102DA000BFF36F8F5DE7F86A00F0B4F900F04CFDF7
:102DB00057E7F86A00F0AEF900F046FDF86A00F057
:102DC000FBF90346002B3FF44CAF3B6B002B0DD0BF
:102DD00003F092FEF86A00F0F5F87862FB6A9B68EF
:102DE000796A184601F04EFB03F0B8FE002318463E
:102DF0003837BD4680BD00BF04ED00E080B58EB021
:102E000000AFF860B9607A60FB683B633B6B002BF6
:102E10000BD14FF0500383F31188BFF36F8FBFF3D3
:102E20004F8F3B6200BF00BFFDE7BB68002B03D1A3
:102E30003B6B1B6C002B01D1012300E00023002B16
:102E40000BD14FF0500383F31188BFF36F8FBFF3A3
:102E50004F8FFB6100BF00BFFDE704F011F8EFF3F7
:102E600011824FF0500383F31188BFF36F8FBFF3CC
:102E70004F8FBA617B61BB69FB623B6B9B6BBB6233
:102E8000BB6A002B2FD03B6B93F8443087F8273078
:102E9000B968386B00F018F9BB6A5A1E3B6B9A632D
:102EA00097F92730B3F1FF3F12D13B6B1B69002B21
:102EB00016D03B6B1033184600F060FF0346002B22
:102EC0000ED07B68002B0BD07B6801221A6007E0D4
:102ED00097F827300133DBB25AB23B6B83F84420BA
:102EE00001237B6301E000237B63FB6A3B613B6959
:102EF00083F3118800BF7B6B18463837BD4680BD11
:102F000080B584B000AF78607B68002B0BD14FF0A8
:102F1000500383F31188BFF36F8FBFF34F8FBB60F4
:102F200000BF00BFFDE703F0E7FD7B689B6BFB6024
:102F300003F014FEFB6818461037BD4680BD80B410
:102F400087B000AF78607B687B617B69002B0BD119
:102F50004FF0500383F31188BFF36F8FBFF34F8F90
:102F6000FB6000BF00BFFDE77B699B6B3B613B697A
:102F700018461C37BD465DF8047B704780B584B0A9
:102F800000AF78607B68FB60FB68002B0BD14FF0D3
:102F9000500383F31188BFF36F8FBFF34F8FBB6074
:102FA00000BF00BFFDE7F86800F05EF9FB6893F82A
:102FB0004630002B02D1F86803F04AFB00BF1037FF
:102FC000BD4680BD80B485B000AF78607B685B6A29
:102FD000002B06D07B681B6B1B68C3F13803FB60BA
:102FE00001E00023FB60FB6818461437BD465DF81E
:102FF000047B704780B586B000AFF860B9607A6036
:1030000000237B61FB689B6B3B61FB681B6C002BA7
:103010000DD1FB681B68002B4DD1FB689B681846DF
:1030200001F0C0F97861FB6800229A6043E07B6898
:10303000002B19D1FB685868FB681B6C1A46B968ED
:103040000EF03FFFFB685A68FB681B6C1A44FB6874
:103050005A60FB685A68FB689B689A422BD3FB68EE
:103060001A68FB685A6026E0FB68D868FB681B6C2E
:103070001A46B9680EF025FFFB68DA68FB681B6C1E
:103080005B421A44FB68DA60FB68DA68FB681B681D
:103090009A4207D2FB689A68FB681B6C5B421A4431
:1030A000FB68DA607B68022B05D13B69002B02D0FC
:1030B0003B69013B3B613B695A1CFB689A637B6936
:1030C00018461837BD4680BD80B582B000AF786025
:1030D00039607B681B6C002B18D07B68DA687B68D2
:1030E0001B6C1A447B68DA607B68DA687B689B68D3
:1030F0009A4203D37B681A687B68DA607B68D96878
:103100007B681B6C1A4638680EF0DBFE00BF083780
:10311000BD4680BD80B584B000AF786003F0ECFCA4
:103120007B6893F84530FB7311E07B685B6A002B8A
:1031300012D07B682433184600F020FE0346002B93
:1031400001D000F061FFFB7B013BDBB2FB7397F921
:103150000F30002BE9DC00E000BF7B68FF2283F822
:10316000452003F0FBFC03F0C7FC7B6893F8443078
:10317000BB7311E07B681B69002B12D07B68103396
:10318000184600F0FBFD0346002B01D000F03CFF89
:10319000BB7B013BDBB2BB7397F90E30002BE9DC44
:1031A00000E000BF7B68FF2283F8442003F0D6FCD8
:1031B00000BF1037BD4680BD80B584B000AF7860D9
:1031C00003F09AFC7B689B6B002B02D10123FB6010
:1031D00001E00023FB6003F0C1FCFB6818461037D8
:1031E000BD4680BD80B584B000AF786003F084FC3C
:1031F0007B689A6B7B68DB6B9A4202D10123FB6090
:1032000001E00023FB6003F0A9FCFB6818461037BF
:10321000BD4680BD80B485B000AF786039600023C2
:10322000FB6014E00F4AFB6852F83330002B0BD1DF
:103230000C49FB683A6841F833200A4AFB68DB0016
:1032400013447A685A6006E0FB680133FB60FB6850
:10325000072BE7D900BF00BF1437BD465DF8047BDC
:10326000704700BF4C39002080B485B000AF786053
:103270000023FB6016E0104AFB68DB0013445B6828
:103280007A689A420BD10C4AFB68002142F833104D
:10329000094AFB68DB00134400225A6006E0FB6821
:1032A0000133FB60FB68072BE5D900BF00BF143773
:1032B000BD465DF8047B70474C39002080B586B070
:1032C00000AFF860B9607A60FB687B6103F014FCC2
:1032D0007B6993F844305BB2B3F1FF3F03D17B6964
:1032E000002283F844207B6993F845305BB2B3F148
:1032F000FF3F03D17B69002283F8452003F02EFCB9
:103300007B699B6B002B06D17B6924337A68B96893
:10331000184600F007FD7869FFF7FCFE00BF18377C
:10332000BD4680BD80B58EB004AFF860B9607A60EC
:103330003B607B6B002B0BD14FF0500383F3118864
:10334000BFF36F8FBFF34F8F3B6200BF00BFFDE73E
:10335000BB6B002B0BD14FF0500383F31188BFF3ED
:103360006F8FBFF34F8FFB6100BF00BFFDE764238A
:103370003B613B69642B0BD04FF0500383F3118802
:10338000BFF36F8FBFF34F8FBB6100BF00BFFDE77F
:103390003B69BB6B002B1ED07B6B002B1BD0BB6B28
:1033A0007B627B6A7A6B1A637B6A022283F86120F4
:1033B000002303937B6A029307F1140301933B6B91
:1033C00000933B687A68B968F86800F050F8786A4A
:1033D00000F0E4F801E000237B617B6918462837A0
:1033E000BD4680BD80B58CB004AFF860B9603B606D
:1033F0001346FB80FB889B00184603F05BF878615E
:103400007B69002B0ED0642003F054F8F861FB694F
:10341000002B03D0FB697A691A6305E0786903F031
:1034200017F901E00023FB61FB69002B17D0FB6952
:10343000002283F86120FA8800230393FB6902933A
:10344000FB6A0193BB6A00933B68B968F86800F0B7
:103450000EF8F86900F0A2F80123BB6102E04FF01A
:10346000FF33BB61BB6918462037BD4680BD80B5C0
:1034700088B000AFF860B9607A603B603B6B186B56
:103480007B689B001A46A5210EF031FC3B6B1A6B42
:103490007B6803F18043013B9B001344BB61BB6924
:1034A00023F00703BB61BB6903F00703002B0BD0BC
:1034B0004FF0500383F31188BFF36F8FBFF34F8F2B
:1034C0007B6100BF00BFFDE73B6BBA695A64BB6814
:1034D000002B1FD00023FB6112E0BA68FB69134484
:1034E00019783A6BFB69134434330A461A70BA6888
:1034F000FB6913441B78002B06D0FB690133FB6189
:10350000FB690F2BE9D900E000BF3B6B002283F879
:10351000432003E03B6B002283F83420BB6A372B47
:1035200001D93723BB623B6BBA6ADA623B6BBA6A7A
:103530001A653B6B00225A653B6B04331846FEF755
:10354000F3FD3B6B18331846FEF7EEFD3B6B3A6B11
:103550001A61BB6AC3F138023B6B9A613B6B3A6BF1
:103560005A623B6B00229A653B6B0022DA653B6B2B
:10357000002283F860203A68F968B86903F088F996
:1035800002463B6B1A60FB6A002B02D0FB6A3A6B67
:103590001A6000BF2037BD4680BD000080B582B0F4
:1035A00000AF786003F0A8FA2D4B1B6801332C4A5A
:1035B00013602C4B1B68002B09D12A4A7B681360CF
:1035C000274B1B68012B10D100F098FD0DE0264B16
:1035D0001B68002B09D1234B1B68DA6A7B68DB6A06
:1035E0009A4202D81F4A7B681360204B1B68013344
:1035F0001E4A13601D4B1A687B689A647B68DA6AFE
:103600001B4B1B689A4203D97B68DB6A184A13601C
:103610007B68DA6A13469B0013449B00154A1A44E0
:103620007B68043319461046FEF78BFD03F096FACB
:103630000D4B1B68002B0ED00A4B1B68DA6A7B68A7
:10364000DB6A9A4207D20C4B4FF080521A60BFF3EC
:103650004F8FBFF36F8F00BF0837BD4680BD00BFDF
:10366000603E00208C3900206C3E00207C3E002013
:10367000683E00209039002004ED00E080B584B061
:1036800000AF78600023FB607B68002B18D0144BE0
:103690001B68002B0BD04FF0500383F31188BFF34E
:1036A0006F8FBFF34F8FBB6000BF00BFFDE700F01F
:1036B00085F80021786801F08BF900F0C5F8F86012
:1036C000FB68002B07D1074B4FF080521A60BFF305
:1036D0004F8FBFF36F8F00BF1037BD4680BD00BF57
:1036E000883E002004ED00E080B58AB004AF0023DE
:1036F000BB6000237B603A46391D07F1080318467A
:1037000002F0A4FE39687B68BA6802920193002334
:10371000009300230A4623492348FFF703FE03468C
:10372000224A1360214B1B68002B02D001237B61CE
:1037300001E000237B617B69012B02D101F09CF940
:1037400078617B69012B18D14FF0500383F3118806
:10375000BFF36F8FBFF34F8F3B6100BF144B4FF030
:10376000FF321A60134B01221A60134B00221A60B9
:10377000FDF78AFA03F01CF90FE07B69B3F1FF3F14
:103780000BD14FF0500383F31188BFF36F8FBFF35A
:103790004F8FFB6000BF00BFFDE700BF1837BD467D
:1037A00080BD00BF4C37010821400008843E002046
:1037B000803E00206C3E0020643E002080B400AFBC
:1037C000044B1B680133034A136000BFBD465DF81C
:1037D000047B7047883E002080B483B000AF002394
:1037E0003B60144B1B68002B01D001233B60124B44
:1037F0001B68DB6A002B02D000237B6012E00F4BBA
:103800001B68012B02D900237B600BE03B68002B77
:1038100002D000237B6005E0094B1A68094B1B6846
:10382000D31A7B607B6818460C37BD465DF8047B75
:10383000704700BF683E00208C390020903900207E
:10384000803E0020643E002080B584B000AF00239D
:10385000FB600023BB60424B1B68002B0BD14FF079
:10386000500383F31188BFF36F8FBFF34F8F3B601B
:1038700000BF00BFFDE703F03FF9394B1B68013B78
:10388000374A1360364B1B68002B62D1354B1B68DF
:10389000002B5ED02FE0344BDB68DB68FB60FB68FD
:1038A00018331846FEF7AAFCFB6804331846FEF7E7
:1038B000A5FCFB68DA6A2D4B1B689A4203D9FB68AA
:1038C000DB6A2A4A1360FB68DA6A13469B001344DA
:1038D0009B00274A1A44FB68043319461046FEF73A
:1038E00030FCFB68DA6A234B1B68DB6A9A4202D31E
:1038F000214B01221A601C4B1B68002BCBD1FB68AB
:10390000002B01D000F098FC1C4B1B687B607B688F
:10391000002B10D000F06EF80346002B02D0164B9F
:1039200001221A607B68013B7B607B68002BF1D130
:10393000124B00221A60104B1B68002B09D0012388
:10394000BB600F4B4FF080521A60BFF34F8FBFF335
:103950006F8F03F003F9BB6818461037BD4680BD72
:10396000883E0020603E0020203E0020683E00206F
:10397000903900208C390020743E0020703E0020D9
:1039800004ED00E080B483B000AF054B1B687B60A2
:103990007B6818460C37BD465DF8047B704700BF56
:1039A000643E002080B485B000AF78600F4B1A6889
:1039B0007B681A440E4B1B689A420BD94FF0500398
:1039C00083F31188BFF36F8FBFF34F8FFB6000BF8E
:1039D00000BFFDE7054B1A687B681344034A136078
:1039E00000BF1437BD465DF8047B7047643E00207D
:1039F000803E002080B586B000AF00237B614F4B36
:103A00001B68002B40F090804D4B1B6801333B61DD
:103A10004B4A3B6913603B69002B21D1494B1B6822
:103A20001B68002B0BD04FF0500383F31188BFF3BA
:103A30006F8FBFF34F8F3B6000BF00BFFDE7414B6F
:103A40001B68FB60404B1B683E4A13603E4AFB68A4
:103A500013603E4B1B6801333C4A136000F0ECFBE3
:103A60003B4B1B683A699A4249D3364B1B681B682B
:103A7000002B04D1364B4FF0FF321A603FE0314B40
:103A80001B68DB68DB68BB60BB685B687B603A69AE
:103A90007B689A4203D22E4A7B6813602FE0BB6892
:103AA00004331846FEF7AAFBBB689B6A002B04D0C0
:103AB000BB6818331846FEF7A1FBBB68DA6A254BD2
:103AC0001B689A4203D9BB68DB6A224A1360BB6851
:103AD000DA6A13469B0013449B001F4A1A44BB68D2
:103AE000043319461046FEF72CFBBB68DA6A1B4B01
:103AF0001B68DB6A9A42B8D301237B61B5E7174B99
:103B00001B68DA6A144913469B0013449B000B445C
:103B10001B68012B01D901237B61114B1B68002B12
:103B200007D001237B6104E00E4B1B6801330D4A73
:103B300013607B6918461837BD4680BD883E00205B
:103B4000643E0020183E00201C3E0020783E0020ED
:103B5000803E0020683E0020903900208C390020F3
:103B6000743E0020703E002080B584B000AF344B1E
:103B70001B68002B03D0334B01221A605CE0314BF1
:103B800000221A60FDF78AF803461A462E4B1A6087
:103B90002D4B1A682D4B1B689A4209D92C4B1B6878
:103BA000996D294A1068294A1268821A0A449A654E
:103BB000254B1B68254A1360264B1B68FB6011E0F0
:103BC000FB68002B0BD14FF0500383F31188BFF338
:103BD0006F8FBFF34F8F7B6000BF00BFFDE7FB68B7
:103BE000013BFB601C49FA6813469B0013449B0091
:103BF0000B441B68002BE3D0FA6813469B00134468
:103C00009B00154A1344BB60BB685B685A68BB687D
:103C10005A60BB685A68BB6808339A4204D1BB68D3
:103C20005B685A68BB685A60BB685B68DB68084AB7
:103C30001360084AFB68136000BF1037BD4680BDA3
:103C4000883E0020743E0020903E00208C3E0020E4
:103C50008C390020683E00209039002080B584B067
:103C600000AF786039607B68002B0BD14FF05003B8
:103C700083F31188BFF36F8FBFF34F8FFB6000BFDB
:103C800000BFFDE7074B1B68183319467868FEF73D
:103C90007CFA0121386800F09BFE00BF1037BD465A
:103CA00080BD00BF8C39002080B586B000AFF860C1
:103CB000B9607A60FB68002B0BD14FF0500383F39F
:103CC0001188BFF36F8FBFF34F8F7B6100BF00BFC1
:103CD000FDE7124B1B68002B0BD14FF0500383F311
:103CE0001188BFF36F8FBFF34F8F3B6100BF00BFE1
:103CF000FDE70B4B1B68BA6842F000429A61084B23
:103D00001B6818331946F868FEF71BFA012178681A
:103D100000F05EFE00BF1837BD4680BD883E002023
:103D20008C39002080B586B000AFF860B9607A6049
:103D3000FB68002B0BD14FF0500383F31188BFF3C6
:103D40006F8FBFF34F8F7B6100BF00BFFDE70A4B52
:103D50001B6818331946F868FEF7F3F97B68002BE7
:103D600002D04FF0FF33BB607968B86800F030FED6
:103D700000BF1837BD4680BD8C39002080B586B0A5
:103D800000AF78607B68DB68DB683B613B69002BD8
:103D90000BD14FF0500383F31188BFF36F8FBFF344
:103DA0004F8FFB6000BF00BFFDE73B69183318462B
:103DB000FEF724FA1E4B1B68002B1FD13B6904330E
:103DC0001846FEF71BFA3B69DA6A1A4B1B689A42DF
:103DD00003D93B69DB6A174A13603B69DA6A134609
:103DE0009B0013449B00144A1A443B690433194650
:103DF0001046FEF7A6F900F01FFA05E03B691833FC
:103E000019460E48FEF79DF93B69DA6A0C4B1B68B0
:103E1000DB6A9A4205D901237B610A4B01221A60B1
:103E200001E000237B617B6918461837BD4680BDE1
:103E3000883E0020683E002090390020203E00206F
:103E40008C390020743E002080B586B000AF7860C9
:103E500039602B4B1B68002B0BD14FF0500383F3C1
:103E60001188BFF36F8FBFF34F8F3B6100BF00BF5F
:103E7000FDE73B6843F000427B681A607B68DB68C3
:103E80007B617B69002B0BD14FF0500383F31188CA
:103E9000BFF36F8FBFF34F8FFB6000BF00BFFDE725
:103EA0007868FEF7ABF900F0C7F97B690433184670
:103EB000FEF7A4F97B69DA6A124B1B689A4203D9B0
:103EC0007B69DB6A0F4A13607B69DA6A13469B00E1
:103ED00013449B000C4A1A447B690433194610466C
:103EE000FEF72FF97B69DA6A084B1B68DB6A9A4296
:103EF00002D9074B01221A6000BF1837BD4680BDAA
:103F0000883E0020683E0020903900208C39002037
:103F1000743E002080B483B000AF7860064B1A680E
:103F20007B681A60054B1A687B685A6000BF0C37C3
:103F3000BD465DF8047B7047783E0020643E00205B
:103F400080B588B000AF786039607B68002B0BD1FA
:103F50004FF0500383F31188BFF36F8FBFF34F8F80
:103F60003B6100BF00BFFDE73B68002B0BD14FF06A
:103F7000500383F31188BFF36F8FBFF34F8FFB6044
:103F800000BF00BFFDE702F0B7FD1D4B1B68BB6122
:103F90007B685B68BA69D31A7B613B681B68B3F1C5
:103FA000FF3F02D10023FB6123E07B681A68154BB9
:103FB0001B689A4207D07B685B68BA699A4202D351
:103FC0000123FB6115E03B681B687A699A420BD2BA
:103FD0003B681A687B69D21A3B681A607868FFF7F9
:103FE00099FF0023FB6104E03B6800221A60012373
:103FF000FB6102F0B3FDFB6918462037BD4680BD6A
:10400000643E0020783E002080B400AF034B0122C4
:104010001A6000BFBD465DF8047B7047743E002007
:1040200080B584B000AF786000F0A8F8184B1B682A
:10403000012B07D9174B4FF080521A60BFF34F8FF7
:10404000BFF36F8FFFF7C8FBF860FB68012BEBD95C
:10405000FFF7B4FB104B1A68104B1B689A420BD247
:104060004FF0500383F31188BFF36F8FBFF34F8F6F
:10407000BB6000BF00BFFDE7FFF7AEFBF860FB6869
:10408000012B02D9F86802F0E9FDFFF7DDFBCBE771
:104090009039002004ED00E0803E0020643E0020C6
:1040A00080B483B000AF01233B600123FB710F4B51
:1040B0001B68002B02D00023FB7110E00C4B1B6827
:1040C000002B02D00023FB7109E00A4B1A680A4B4F
:1040D00019683B68CB1A9A4201D10223FB71FB7924
:1040E00018460C37BD465DF8047B7047203E002023
:1040F000743E00204C3E0020603E002080B582B01F
:1041000000AF00237B600CE07A6813469B001344E9
:104110009B00124A13441846FDF7E6FF7B68013303
:104120007B607B68372BEFD90D48FDF7DDFF0D482D
:10413000FDF7DAFF0C48FDF7D7FF0C48FDF7D4FF79
:104140000B48FDF7D1FF0B4B054A1A600A4B054A95
:104150001A6000BF0837BD4680BD00BF90390020FF
:10416000F03D0020043E0020203E0020343E002090
:104170004C3E0020183E00201C3E002080B582B03E
:1041800000AF19E002F0B8FC104BDB68DB687B6025
:104190007B6804331846FEF731F80D4B1B68013B72
:1041A0000B4A13600B4B1B68013B0A4A136002F079
:1041B000D5FC786800F010F8064B1B68002BE1D1A5
:1041C00000BF00BF0837BD4680BD00BF343E0020A1
:1041D000603E0020483E002080B584B000AF78608B
:1041E0007B6893F86130002B08D17B681B6B184605
:1041F00002F02EFA786802F02BFA19E07B6893F847
:104200006130012B03D1786802F022FA10E07B685C
:1042100093F86130022B0BD04FF0500383F31188D9
:10422000BFF36F8FBFF34F8FFB6000BF00BFFDE791
:1042300000BF1037BD4680BD80B483B000AF0C4BCB
:104240001B681B68002B04D10A4B4FF0FF321A6029
:1042500008E0074B1B68DB68DB687B607B685B689A
:10426000044A136000BF0C37BD465DF8047B7047FD
:10427000183E0020803E002080B483B000AF054B84
:104280001B687B607B6818460C37BD465DF8047B75
:10429000704700BF8C39002080B483B000AF0B4B57
:1042A0001B68002B02D101237B6008E0084B1B68D0
:1042B000002B02D102237B6001E000237B607B683E
:1042C00018460C37BD465DF8047B70476C3E0020F5
:1042D000883E002080B584B000AF78607B68BB600A
:1042E0000023FB607B68002B51D0BB68DA6A2A4B45
:1042F0001B68DB6A9A4241D2BB689B69002B06DBD4
:10430000254B1B68DB6AC3F13802BB689A61BB6846
:104310005969BB68DA6A13469B0013449B001F4A25
:104320001344994222D1BB6804331846FDF766FF57
:10433000194B1B68DA6ABB68DA62BB68DA6A184B29
:104340001B689A4203D9BB68DB6A154A1360BB68D5
:10435000DA6A13469B0013449B00104A1A44BB6858
:10436000043319461046FDF7ECFE04E00A4B1B68C7
:10437000DA6ABB68DA620123FB6008E0BB681A6D89
:10438000054B1B68DB6A9A4201D20123FB60FB6884
:1043900018461037BD4680BD8C390020903900206A
:1043A000683E002080B586B000AF78607B683B61D6
:1043B00000237B617B68002B58D02F4B1B683A6928
:1043C0009A420BD04FF0500383F31188BFF36F8FE5
:1043D000BFF34F8FFB6000BF00BFFDE73B695B6D24
:1043E000002B0BD14FF0500383F31188BFF36F8F75
:1043F000BFF34F8FBB6000BF00BFFDE73B695B6D44
:104400005A1E3B695A653B69DA6A3B691B6D9A42E1
:104410002CD03B695B6D002B28D13B6904331846D7
:10442000FDF7ECFE3B691A6D3B69DA623B69DB6ABA
:10443000C3F138023B699A613B69DA6A0F4B1B682A
:104440009A4203D93B69DB6A0C4A13603B69DA6A1A
:1044500013469B0013449B00094A1A443B690433EA
:1044600019461046FDF76DFE01237B617B691846F6
:104470001837BD4680BD00BF8C390020683E002043
:104480009039002080B588B000AF786039607B68D3
:10449000BB6101237B617B68002B6CD0BB695B6DCA
:1044A000002B0BD14FF0500383F31188BFF36F8FB4
:1044B000BFF34F8FFB6000BF00BFFDE7BB691B6D03
:1044C0003A689A4202D93B68FB6102E0BB691B6D06
:1044D000FB61BB69DB6AFA699A424CD0BB695B6DD0
:1044E0007A699A4247D1264B1B68BA699A420BD126
:1044F0004FF0500383F31188BFF36F8FBFF34F8FDB
:10450000BB6000BF00BFFDE7BB69DB6A3B61BB6905
:10451000FA69DA62BB699B69002B04DBFB69C3F1B2
:104520003802BB699A61BB6959693A6913469B00B5
:1045300013449B00134A134499421CD1BB690433B2
:104540001846FDF75BFEBB69DA6A0F4B1B689A429F
:1045500003D9BB69DB6A0C4A1360BB69DA6A13468C
:104560009B0013449B00074A1A44BB690433194655
:104570001046FDF7E6FD00BF2037BD4680BD00BFF9
:104580008C39002090390020683E002080B483B030
:1045900000AF094B1B689B697B60074B1B68DA6A9D
:1045A000054B1B68C2F138029A617B6818460C37CC
:1045B000BD465DF8047B70478C39002080B400AFA5
:1045C000074B1B68002B04D0054B1B685A6D01324A
:1045D0005A65034B1B681846BD465DF8047B70475F
:1045E0008C39002080B586B000AFF860B9607A6081
:1045F0003B6002F081FA264B1B6893F86030DBB217
:10460000022B1AD0224B1B68D96DFA68D2430A409C
:10461000DA651F4B1B68012283F860203B68002B82
:104620000BD00121386800F0D3F91A4B4FF08052BB
:104630001A60BFF34F8FBFF36F8F02F08FFA02F053
:104640005BFA7B68002B04D0114B1B68DA6D7B682A
:104650001A600F4B1B6893F86030DBB2022B02D05C
:1046600000237B6108E00A4B1B68D96DBA68D2430E
:104670000A40DA6501237B61054B1B68002283F841
:10468000602002F06BFA7B6918461837BD4680BD82
:104690008C39002004ED00E080B58AB000AFF860EE
:1046A000B9603B601346FB7101237B62FB68002B02
:1046B0000BD14FF0500383F31188BFF36F8FBFF31B
:1046C0004F8FBB6100BF00BFFDE7FB683B6202F09C
:1046D00013FA3B68002B03D03B6ADA6D3B681A6023
:1046E0003B6A93F86030FB773B6A022283F86020D4
:1046F000FB79042B27D801A252F823F06947000860
:10470000114700081F4700082B47000833470008DF
:104710003B6ADA6DBB681A433B6ADA6527E03B6A9D
:10472000DB6D5A1C3B6ADA6521E03B6ABA68DA65E0
:104730001DE0FB7F022B03D03B6ABA68DA6516E006
:1047400000237B6213E03B6ADB6DB3F1FF3F0DD0CA
:104750004FF0500383F31188BFF36F8FBFF34F8F78
:104760007B6100BF00BFFDE700BF00E000BFFB7F33
:10477000012B3DD13B6A04331846FDF73FFD3B6AF0
:10478000DA6A1F4B1B689A4203D93B6ADB6A1C4AF0
:1047900013603B6ADA6A13469B0013449B00194A74
:1047A0001A443B6A043319461046FDF7CAFC3B6ABB
:1047B0009B6A002B0BD04FF0500383F31188BFF39B
:1047C0006F8FBFF34F8F3B6100BF00BFFDE7FFF767
:1047D00033FD3B6ADA6A0C4B1B68DB6A9A4207D9E5
:1047E0000A4B4FF080521A60BFF34F8FBFF36F8FA9
:1047F00002F0B4F97B6A18462837BD4680BD00BF79
:10480000683E0020903900208C39002004ED00E043
:1048100080B58EB000AFF860B9603B601346FB71A5
:1048200001237B63FB68002B0BD14FF0500383F314
:104830001188BFF36F8FBFF34F8F7B6200BF00BF44
:10484000FDE702F01DFBFB683B63EFF311824FF0C5
:10485000500383F31188BFF36F8FBFF34F8F3A621A
:10486000FB613B6AFB623B68002B03D03B6BDA6D5C
:104870003B681A603B6B93F8603087F82B303B6BDA
:10488000022283F86020FB79042B29D801A252F878
:1048900023F000BF03490008A9480008B7480008F2
:1048A000C3480008CB4800083B6BDA6DBB681A436D
:1048B0003B6BDA6528E03B6BDB6D5A1C3B6BDA65C2
:1048C00022E03B6BBA68DA651EE097F82B30022BCA
:1048D00003D03B6BBA68DA6516E000237B6313E014
:1048E0003B6BDB6DB3F1FF3F0DD04FF0500383F313
:1048F0001188BFF36F8FBFF34F8FBB6100BF00BF45
:10490000FDE700BF00E000BF97F82B30012B47D137
:104910003B6B9B6A002B0BD04FF0500383F3118845
:10492000BFF36F8FBFF34F8F7B6100BF00BFFDE709
:10493000214B1B68002B1DD13B6B04331846FDF740
:104940005DFC3B6BDA6A1D4B1B689A4203D93B6BDB
:10495000DB6A1A4A13603B6BDA6A13469B00134406
:104960009B00174A1A443B6B043319461046FDF767
:10497000E8FB05E03B6B183319461248FDF7E1FBF5
:104980003B6BDA6A104B1B68DB6A9A4208D93B6CB6
:10499000002B02D03B6C01221A600C4B01221A60E2
:1049A000FB6A3B613B6983F3118800BF7B6B184650
:1049B0003837BD4680BD00BF883E0020683E0020DD
:1049C00090390020203E00208C390020743E0020C9
:1049D00080B584B000AF78603960214B1B68FB6004
:1049E000204B1B6804331846FDF708FC7B68B3F1C5
:1049F000FF3F0AD13B68002B07D01A4B1B680433DA
:104A000019461948FDF79DFB26E0FA687B681344B8
:104A1000BB60144B1B68BA685A60BA68FB689A425C
:104A200009D2124B1A680F4B1B6804331946104603
:104A3000FDF7ABFB10E00E4B1A680A4B1B68043302
:104A400019461046FDF7A1FB0A4B1B68BA689A424B
:104A500002D2084ABB68136000BF1037BD4680BD54
:104A6000643E00208C3900204C3E00201C3E00207B
:104A7000183E0020803E002080B58AB004AF00239D
:104A80007B6100F0B1FB1D4B1B68002B21D0002384
:104A9000FB600023BB603A1D07F1080107F10C031E
:104AA000184601F0EDFC7968BB68FA680292019340
:104AB0000223009300230A4611491248FEF732FCF4
:104AC0000346114A1360104B1B68002B01D00123D1
:104AD0007B617B69002B0BD14FF0500383F311886E
:104AE000BFF36F8FBFF34F8F3B6100BF00BFFDE788
:104AF0007B6918461837BD4680BD00BFC43E002004
:104B000054370108814D0008C83E002080B588B0A8
:104B100002AFF860B9607A603B602C2001F0CAFCFB
:104B200078617B69002B0DD07B69002283F82820F7
:104B30007B6901933B6A00933B687A68B968F868BF
:104B400000F045F87B6918461837BD4680BD80B532
:104B50008AB002AFF860B9607A603B602C233B6199
:104B60003B692C2B0BD04FF0500383F31188BFF31C
:104B70006F8FBFF34F8FBB6100BF00BFFDE73B6985
:104B8000FB6A002B0BD14FF0500383F31188BFF366
:104B90006F8FBFF34F8F7B6100BF00BFFDE7FB6AE4
:104BA000FB61FB69002B0DD0FB69022283F82820F2
:104BB000FB690193BB6A00933B687A68B968F8683F
:104BC00000F005F8FB6918462037BD4680BD80B56A
:104BD00086B000AFF860B9607A603B60BB68002BBC
:104BE0000BD14FF0500383F31188BFF36F8FBFF3E6
:104BF0004F8F7B6100BF00BFFDE77B6A002B1ED09B
:104C000000F0F2FA7B6AFA681A607B6ABA689A6105
:104C10007B6A3A68DA617B6A3A6A1A627B6A0433B1
:104C20001846FDF781FA7B68002B08D07B6A93F861
:104C3000283043F00403DAB27B6A83F8282000BFEF
:104C40001837BD4680BD000080B58AB000AFF8605F
:104C5000B9607A603B6000237B62FB68002B0BD15C
:104C60004FF0500383F31188BFF36F8FBFF34F8F63
:104C70003B6200BF00BFFDE7194B1B68002B2AD029
:104C8000BB683B617B687B61FB68BB61BB68052BD4
:104C900018DCFFF701FB0346022B09D1104B186803
:104CA00007F1100100233A6BFDF786FC786212E0F1
:104CB0000B4B186807F1100100230022FDF77CFC64
:104CC000786208E0064B186807F1100100233A6883
:104CD000FDF774FD78627B6A18462837BD4680BDB3
:104CE000C43E002080B588B002AF78603960234BA5
:104CF0001B68DB68DB687B617B6904331846FDF762
:104D00007DFA7B6993F8283003F00403002B23D04D
:104D10007B699A697B68D1187B683A68786900F08A
:104D2000D5F80346002B20D00023009300237A6897
:104D300000217869FFF788FF38613B69002B14D1A7
:104D40004FF0500383F31188BFF36F8FBFF34F8F82
:104D5000FB6000BF00BFFDE77B6993F8283023F0BC
:104D60000103DAB27B6983F828207B691B6A7869C2
:104D7000984700BF1837BD4680BD00BFBC3E00202D
:104D800080B584B000AF786007F10803184600F0E2
:104D900059F8F860BB681946F86800F005F800F0AB
:104DA000D7F800BFF0E7000080B584B000AF7860AE
:104DB0003960FEF703FD07F10803184600F066F8B6
:104DC000F860BB68002B30D13B68002B0AD17A68B1
:104DD000FB689A4206D8FEF737FDF9687868FFF756
:104DE00081FF24E03B68002B08D0134B1B681B6835
:104DF000002B01D1012300E000233B600F4B18681A
:104E00007A68FB68D31A3A681946FEF757FAFEF734
:104E10001BFD0346002B0AD1094B4FF080521A604C
:104E2000BFF34F8FBFF36F8F01E0FEF70DFD00BFA3
:104E30001037BD4680BD00BFC03E0020C43E0020EC
:104E400004ED00E080B485B000AF78600E4B1B68C5
:104E50001B68002B01D1012200E000227B681A6050
:104E60007B681B68002B05D1074B1B68DB681B6840
:104E7000FB6001E00023FB60FB6818461437BD4669
:104E80005DF8047B704700BFBC3E002080B584B055
:104E900000AF7860FEF776FDF8600B4B1B68FA6890
:104EA0009A4205D200F03AF97B6801221A6002E0CA
:104EB0007B6800221A60044AFB681360FB6818468E
:104EC0001037BD4680BD00BFCC3E002080B586B007
:104ED00000AFF860B9607A603B6000237B61FB68DB
:104EE000BA685A60FB68FA681A61BA687B689A42C5
:104EF00012D87A683B68D21AFB689B699A4202D33F
:104F000001237B611BE0104B1A68FB6804331946D0
:104F10001046FDF73AF912E07A683B689A4206D2E9
:104F2000BA683B689A4202D301237B6107E0074BD2
:104F30001A68FB68043319461046FDF726F97B69A9
:104F400018461837BD4680BDC03E0020BC3E00203C
:104F500080B58EB002AFCEE07B68002B19DA3B1D26
:104F60000433FB62FB6A002B0BD14FF0500383F339
:104F70001188BFF36F8FBFF34F8FFB6100BF00BF7E
:104F8000FDE7FB6A1B68FA6A5068FA6A9268114684
:104F900098477B68002BC0F2AE80FB68BB62BB6A9F
:104FA0005B69002B04D0BB6A04331846FDF726F971
:104FB0003B461846FFF76AFF78627B68092B00F2D0
:104FC000978001A252F823F0F14F0008F14F00083A
:104FD000F14F0008675000087B500008C7500008D8
:104FE000F14F0008F14F0008675000087B5000089F
:104FF000BB6A93F8283043F00103DAB2BB6A83F846
:105000002820BA68BB6A9B69D118BB687A6AB86AFB
:10501000FFF75CFF0346002B6CD0BB6A1B6AB86AC3
:105020009847BB6A93F8283003F00403002B61D043
:10503000BA68BB6A9B691A440023009300230021CD
:10504000B86AFFF701FE38623B6A002B52D14FF07D
:10505000500383F31188BFF36F8FBFF34F8FBB6192
:1050600000BF00BFFDE7BB6A93F8283023F00103BF
:10507000DAB2BB6A83F828203DE0BB6A93F8283097
:1050800043F00103DAB2BB6A83F82820BA68BB6A2E
:105090009A61BB6A9B69002B0BD14FF0500383F3DD
:1050A0001188BFF36F8FBFF34F8F7B6100BF00BFCD
:1050B000FDE7BB6A9A697B6AD1187B6A7A6AB86A2B
:1050C000FFF704FF17E0BB6A93F8283003F00203F0
:1050D000002B03D1B86A01F0BBFA0CE0BB6A93F86D
:1050E000283023F00103DAB2BB6A83F8282002E0FB
:1050F00000BF00E000BF084B1B68391D00221846A6
:10510000FDF78AFC0346002B7FF426AF00BF00BFEB
:105110003037BD4680BD00BFC43E002080B588B09A
:1051200002AF49E02E4B1B68DB681B683B612C4BD0
:105130001B68DB68DB68FB60FB6804331846FDF71F
:105140005DF8FB681B6AF8689847FB6893F828309D
:1051500003F00403002B2FD0FB689B693A691344CA
:10516000BB60BA683B699A420ED9FB68BA685A605C
:10517000FB68FA681A611A4B1A68FB68043319460F
:105180001046FDF702F817E00023009300233A6968
:105190000021F868FFF758FD78607B68002B0BD181
:1051A0004FF0500383F31188BFF36F8FBFF34F8F1E
:1051B0003B6000BF00BFFDE7094B1B681B68002B6D
:1051C000B0D1074B1B687B61064B1B68044A136018
:1051D000044A7B69136000BF1837BD4680BD00BF1D
:1051E000BC3E0020C03E002080B582B002AF01F07E
:1051F00083FC154B1B68002B20D11448FCF774FF6F
:105200001348FCF771FF134B104A1A60124B104AF7
:105210001A6000230093114B114A10210A20FDF758
:1052200081F80346084A1360074B1B68002B05D022
:10523000054B1B680B491846FDF7ECFF01F08EFC8F
:1052400000BFBD4680BD00BFC43E0020943E00208C
:10525000A83E0020BC3E0020C03E0020703F002041
:10526000D03E00205C37010880B586B000AF786082
:105270007B687B617B68002B0BD14FF0500383F37D
:105280001188BFF36F8FBFF34F8FFB6000BF00BF6C
:10529000FDE701F031FC7B69DB693B6101F05EFCFD
:1052A0003B6918461837BD4680BD000080B58AB0FE
:1052B00000AFF860B9607A603B606FF001037B611A
:1052C000FB68BB61BB68FB617B683B62064B18688F
:1052D00007F1140100233A68FDF770FA78627B6ADF
:1052E00018462837BD4680BDC43E002080B483B038
:1052F00000AF03463960FB7197F90730002B0ADBDA
:105300003B68DAB20C4997F907301201D2B20B446C
:1053100083F800230AE03B68DAB20849FB7903F01E
:105320000F03043B1201D2B20B441A7600BF0C37B4
:10533000BD465DF8047B704700E100E000ED00E051
:1053400080B500AF054B1B68FEF7A6FF0346012B97
:1053500001D001F061FC00BF80BD00BF10E000E0A3
:1053600080B500AF00216FF00400FFF7BFFF00BF62
:1053700080BD000080B483B000AFEFF305833B60D5
:105380003B68002B03D06FF005037B600CE00A4BF9
:105390001B68002B05D1084B01221A6000237B609B
:1053A00002E04FF0FF337B607B6818460C37BD4648
:1053B0005DF8047B704700BFC03F002080B582B01D
:1053C00000AFEFF305833B603B68002B03D06FF029
:1053D00005037B6010E00B4B1B68012B09D1FFF725
:1053E000BFFF084B02221A60FEF77EF900237B60A4
:1053F00002E04FF0FF337B607B6818460837BD46FC
:1054000080BD00BFC03F002080B58EB004AFF86003
:10541000B9607A6000233B61EFF305837B617B69B0
:10542000002B7ED1FB68002B7BD080233B621823AE
:10543000FB6100237B624FF0FF33BB617B68002B75
:1054400045D07B681B68002B02D07B681B687B62A1
:105450007B689B69002B02D07B689B69FB61FB69C1
:10546000002B08D0FB69382B05D87B685B6803F0FC
:105470000103002B01D0002354E07B685B69002B03
:1054800003D07B685B699B083B627B689B68002B51
:105490000ED07B68DB68632B0AD97B681B69002B05
:1054A00006D07B685B69002B02D00123BB6110E052
:1054B0007B689B68002B0CD17B68DB68002B08D1D4
:1054C0007B681B69002B04D10023BB6101E0002332
:1054D000BB61BB69012B10D17B681B697A6892683C
:1054E00002920193FB690093BB683A6A796AF86893
:1054F000FDF718FF03463B6113E0BB69002B10D199
:105500003B6A9AB207F110030193FB690093BB68F1
:10551000796AF868FDF766FF0346012B01D0002386
:105520003B613B6918462837BD4680BD80B582B0D7
:1055300000AFFEF7A1FE78607B6818460837BD46CD
:1055400080BD000080B588B002AF786039607B68AC
:105550007B617B69002B02D03B68002B03DA6FF084
:105560000303FB6035E04FF0FF33FB60EFF305838F
:105570003B613B69002B1FD00023BB6007F1080390
:1055800000930023012239687869FFF741F907F198
:105590000C0300220092002200217869FFF738F9FD
:1055A000BB68002B15D00D4B4FF080521A60BFF333
:1055B0004F8FBFF36F8F0CE00023012239687869A9
:1055C000FFF76AF807F10C03002200217869FFF762
:1055D00063F8FB6818461837BD4680BD04ED00E04F
:1055E00080B586B000AF7860EFF30583FB60FB68A1
:1055F000002B03D06FF005037B612AE07B68002B52
:1056000003DA6FF003037B6123E0FEF735FE3861B8
:1056100007F10803002200213869FFF73DF803462F
:10562000012B13D1BB687B617B68DA43BB681340F5
:10563000BB60B968002303223869FFF72DF80346E1
:10564000012B06D04FF0FF337B6102E04FF0FF33B8
:105650007B617B6918461837BD4680BD80B58CB02C
:1056600000AFF860B9607A60EFF305837B617B6916
:10567000002B03D06FF00503FB626BE0FB68002B8F
:1056800003DA6FF00303FB6264E0BB6803F002031C
:10569000002B02D00023BB6201E0FB68BB62002349
:1056A000FB627B687B62FEF76DF9386207F11002DE
:1056B0007B6AB96A0020FEF795FFF861FB69012B50
:1056C00037D1FA6AFB681340FB623B69FA6A1343FD
:1056D000FB62BB6803F00103002B0CD0FA68FB6A85
:1056E0001340FA689A4232D07B68002B0FD16FF0DA
:1056F0000203FB622EE0FA68FB6A1340002B28D1FC
:105700007B68002B03D16FF00203FB6222E0FEF7FF
:1057100039F902463B6AD31ABB61BA697B6A9A427D
:1057200002D900237B620EE07A6ABB69D31A7B62DE
:1057300009E07B68002B03D16FF00203FB6202E0FB
:105740006FF00103FB62FB69002BAFD102E000BFE9
:1057500000E000BFFB6A18463037BD4680BD80B50B
:1057600084B000AF7860EFF30583BB60BB68002BAB
:1057700003D06FF00503FB6007E00023FB607B684C
:10578000002B02D07868FDF779FFFB6818461037C8
:10579000BD4680BD80B584B000AF78607868FFF703
:1057A00063FDF860FB68002B05D0FB681B68FA6896
:1057B00052681046984700BF1037BD4680BD0000B4
:1057C00080B58CB002AFF8607A603B600B46FB722C
:1057D00000233B62EFF305833B613B69002B63D100
:1057E000FB68002B60D0082000F064FE78617B69C4
:1057F000002B59D07B69FA681A607B697A685A6015
:10580000FB7A002B02D10023FB6101E00123FB6145
:105810004FF0FF33BB6100237B623B68002B1CD041
:105820003B681B68002B02D03B681B687B623B68AF
:105830009B68002B06D03B68DB682B2B02D9012329
:10584000BB610CE03B689B68002B08D13B68DB68C0
:10585000002B04D10023BB6101E00023BB61BB69C5
:10586000012B0CD13B689B680193124B00937B6921
:10587000FA690121786AFFF76AF938620BE0BB69BF
:10588000002B08D10B4B00937B69FA690121786AE0
:10589000FFF73CF938623B6A002B05D17B69002B8E
:1058A00002D0786900F0D4FE3B6A18462837BD461E
:1058B00080BD00BF9557000880B588B002AF786002
:1058C00039607B683B61EFF30583FB60FB68002B6D
:1058D00003D06FF005037B6117E03B69002B03D118
:1058E0006FF003037B6110E00023009300233A680C
:1058F00004213869FFF7A8F90346012B02D10023E0
:105900007B6102E06FF002037B617B691846183708
:10591000BD4680BD80B586B000AF786000237B6156
:10592000EFF30583FB60FB68002B2DD14FF0FF33B5
:105930003B617B68002B15D07B689B68002B06D0F1
:105940007B68DB681F2B02D901233B610CE07B687D
:105950009B68002B08D17B68DB68002B04D10023F7
:105960003B6101E000233B613B69012B06D17B6871
:105970009B681846FCF744F9786105E03B69002B09
:1059800002D1FCF776F978617B6918461837BD4675
:1059900080BD000080B586B000AF786039607B685C
:1059A0003B613B69002B03D03B68B3F1807F03D39D
:1059B0006FF003037B6128E0EFF30583FB60FB6876
:1059C000002B1DD00023BB6007F108031A4639687D
:1059D0003869FCF775FB0346002B03D16FF0020317
:1059E0007B6112E03B687B61BB68002B0DD0094BEB
:1059F0004FF080521A60BFF34F8FBFF36F8F04E0F8
:105A000039683869FCF794FA78617B691846183769
:105A1000BD4680BD04ED00E080B586B000AF786083
:105A200039607B683B613B69002B03D03B68B3F175
:105A3000807F03D36FF003037B6119E0EFF30583ED
:105A4000FB60FB68002B0ED03869FCF74DFA7861DB
:105A500039683869FCF734FA0346002B08D16FF037
:105A600002037B6104E039683869FCF7EFF978617B
:105A70007B6918461837BD4680BD80B58CB002AF33
:105A8000F860B9607A603B60FB68BB61BB69002B62
:105A900003D0BB68B3F1807F03D36FF00303FB61D6
:105AA0004BE0EFF305837B617B69002B03D06FF044
:105AB0000503FB6141E07B6803F00103002B02D08A
:105AC00001237B6201E000237B627B6803F0020319
:105AD000002B02D000233B6201E001233B623B68C4
:105AE00000937B6A3A6AB968B869FCF7DDF8F86137
:105AF0007B6803F00103002B10D0BA68FB691340E8
:105B0000BA689A4219D03B68002B03D06FF00103AA
:105B1000FB6112E06FF00203FB610EE0BA68FB6903
:105B20001340002B09D13B68002B03D06FF0010319
:105B3000FB6102E06FF00203FB61FB691846283746
:105B4000BD4680BD80B58AB002AFF860B9607A60AA
:105B50000023FB61EFF305833B613B69002B75D1AB
:105B6000FB68002B72D0BA68FB689A426ED84FF07F
:105B7000FF33BB617B68002B15D07B689B68002BD3
:105B800006D07B68DB684F2B02D90123BB610CE098
:105B90007B689B68002B08D17B68DB68002B04D1F5
:105BA0000023BB6101E00023BB61BB69B3F1FF3F90
:105BB0004CD0FB68012B28D1BB69012B0AD17B6833
:105BC0009B6803220092002200210120FCF7AAFB1F
:105BD000F86105E0032200210120FCF720FCF861B8
:105BE000FB69002B22D0BB68002B1FD000230022B2
:105BF0000021F869FCF7E0FC0346012B16D0F86998
:105C0000FDF7BCF90023FB6110E0BB69012B08D153
:105C10007B689B681A46B968F868FCF75EFCF86117
:105C200004E0B968F868FCF791FCF861FB69002BA7
:105C30000CD07B68002B03D07B681B687B6101E084
:105C400000237B617969F869FDF7E4FAFB6918467E
:105C50002037BD4680BD000080B586B000AF7860BB
:105C600039607B683B6100237B613B69002B03D17A
:105C70006FF003037B6139E0EFF30583FB60FB68A2
:105C8000002B22D03B68002B03D06FF003037B6115
:105C90002CE00023BB6007F108031A460021386995
:105CA000FDF7ACF80346012B03D06FF002037B61D4
:105CB0001CE0BB68002B19D00F4B4FF080521A60CC
:105CC000BFF34F8FBFF36F8F10E039683869FCF76F
:105CD00085FF0346012B09D03B68002B03D06FF0F2
:105CE00001037B6102E06FF002037B617B69184670
:105CF0001837BD4680BD00BF04ED00E080B586B01A
:105D000000AF78607B683B6100237B613B69002BBF
:105D100003D16FF003037B612CE0EFF30583FB609D
:105D2000FB68002B1AD00023BB6007F1080319465B
:105D30003869FCF7E1FD0346012B03D06FF0020345
:105D40007B6117E0BB68002B14D00D4B4FF08052E5
:105D50001A60BFF34F8FBFF36F8F0BE00023002259
:105D600000213869FCF728FC0346012B02D06FF0B4
:105D700002037B617B6918461837BD4680BD00BFB2
:105D800004ED00E080B58AB002AFF860B9607A60D7
:105D90000023FB61EFF305833B613B69002B5FD17F
:105DA000FB68002B5CD0BB68002B59D04FF0FF3351
:105DB000BB617B68002B29D07B689B68002B12D0CD
:105DC0007B68DB684F2B0ED97B681B69002B0AD0E0
:105DD0007B685A69FB68B96801FB03F39A4202D3F6
:105DE0000123BB6114E07B689B68002B10D17B68AA
:105DF000DB68002B0CD17B681B69002B08D17B680A
:105E00005B69002B04D10023BB6101E00023BB616F
:105E1000BB69012B0BD17B681A697B689B680021E9
:105E20000091B968F868FCF77DFAF86108E0BB6991
:105E3000002B05D10022B968F868FCF7F0FAF86188
:105E4000FB69002B0CD07B68002B03D07B681B68A0
:105E50007B6101E000237B617969F869FDF7DAF97C
:105E6000FB6918462037BD4680BD000080B588B06C
:105E700000AFF860B9603B601346FB71FB68BB6123
:105E80000023FB61EFF305837B617B69002B28D046
:105E9000BB69002B05D0BB68002B02D03B68002BF0
:105EA00003D06FF00303FB6138E000233B6107F18F
:105EB00010020023B968B869FCF780FC0346012B87
:105EC00003D06FF00203FB6128E03B69002B25D073
:105ED000154B4FF080521A60BFF34F8FBFF36F8F97
:105EE0001CE0BB69002B02D0BB68002B03D16FF014
:105EF0000303FB6112E000233A68B968B869FCF754
:105F00005BFB0346012B09D03B68002B03D06FF0ED
:105F10000103FB6102E06FF00203FB61FB691846BD
:105F20002037BD4680BD00BF04ED00E080B588B0DD
:105F300000AFF860B9607A603B60FB68BB6100232A
:105F4000FB61EFF305837B617B69002B28D0BB6984
:105F5000002B05D0BB68002B02D03B68002B03D080
:105F60006FF00303FB6137E000233B6107F110038F
:105F70001A46B968B869FCF741FF0346012B03D004
:105F80006FF00203FB6127E03B69002B24D0154B27
:105F90004FF080521A60BFF34F8FBFF36F8F1BE03B
:105FA000BB69002B02D0BB68002B03D16FF0030349
:105FB000FB6111E03A68B968B869FCF72DFD03464A
:105FC000012B09D03B68002B03D06FF00103FB616C
:105FD00002E06FF00203FB61FB6918462037BD4603
:105FE00080BD00BF04ED00E080B58AB000AFF8606E
:105FF000B9607A60EFF305833B613B69002B02D007
:1060000000237B62BEE0FB68002B02D0BB68002B44
:1060100002D100237B62B5E000237B62BB680333BF
:1060200023F00302FB6802FB03F37B6100233B6266
:106030004FF0FF33FB614FF0FF33BB617B68002BF8
:1060400038D07B681B68002B02D07B681B683B62E2
:106050007B689B68002B06D07B68DB68732B02D9BA
:106060000123FB6109E07B689B68002B05D17B68FD
:10607000DB68002B01D10023FB617B681B69002BCF
:1060800006D17B685B69002B02D10023BB6115E060
:106090007B681B69002B11D07B681B6903F003032D
:1060A000002B0BD17B685B697A699A4206D8012381
:1060B000BB6103E00023FB610023BB61FB69002B94
:1060C00004D1742000F0F6F9786202E07B689B68E6
:1060D0007B627B6A002B1BD07B6A24331A46F968EB
:1060E000F868FCF7FAF902467B6A5A607B6A5B68DB
:1060F000002B0DD0BB69002B06D1786900F0DAF9CE
:1061000002467B6A9A6003E07B681A697B6A9A6040
:106110007B6A002B2BD07B6A9B68002B27D07B6A85
:1061200000221A607B6A7A69DA607B6A3A6A1A61CD
:106130007B6ABA685A617B6AFA689A617B6A002254
:10614000DA617B6A124A1A62FB69002B05D17B6A0D
:106150001B6A43F001027B6A1A62BB69002B11D1F2
:106160007B6A1B6A43F002027B6A1A620AE0FB69DF
:10617000002B05D17B6A002B02D0786A00F068FA08
:1061800000237B627B6A18462837BD4680BD00BF6E
:106190000000ED5E80B58AB000AF786039607B6842
:1061A000002B02D100237B6262E000237B627B68CC
:1061B0003B623B6A1A6A314B1340304A934257D1D3
:1061C000EFF30583BB61BB69002B32D03B68002B2A
:1061D0004ED13B6A5B68002200211846FCF70EFE98
:1061E0000346012B44D13B6A1A6A244B1340234ACD
:1061F00093423DD1EFF311824FF0500383F31188A6
:10620000BFF36F8FBFF34F8F7A613B617B69FB6197
:10621000386A00F0EFF878627B6A002B03D1386AA5
:1062200000F0C6F87862FB69FB60FB6883F31188B5
:106230001EE03B6A5B6839681846FCF7CFFC0346F2
:10624000012B15D13B6A1A6A0C4B13400B4A93423F
:106250000ED100F051FC386A00F0CCF878627B6A0D
:10626000002B03D1386A00F0A3F8786200F076FCC6
:106270007B6A18462837BD4680BD00BF0000ED5E32
:1062800080B58AB000AF786039607B68002B02D09F
:106290003B68002B03D16FF003037B627FE07B68D8
:1062A0003B623B6A1A6A404B13403F4A934203D019
:1062B0006FF002037B6272E03B6A9B683A689A4225
:1062C00008D33B6A9A683B6ADB68013B13443A682F
:1062D0009A4203D96FF003037B6260E000237B6284
:1062E000EFF30583BB61BB69002B3BD03B6A5B6866
:1062F0001846FCF724FE02463B6A9B699A4203D18A
:106300006FF002037B624AE0EFF311824FF050031B
:1063100083F31188BFF36F8FBFF34F8F3A61FB6038
:106320003B69FB613968386A00F07CF8FB697B6186
:106330007B6983F3118800BF0023BB603B6A5B6805
:1063400007F1080211461846FCF7D6FABB68002B85
:1063500025D0164B4FF080521A60BFF34F8FBFF31A
:106360006F8F1CE03B6A5B681846FCF7C9FD02466C
:106370003B6A9B699A4203D16FF002037B620EE095
:1063800000F0BAFB3968386A00F04CF800F0E6FB20
:106390003B6A5868002300220021FCF70DF97B6A54
:1063A00018462837BD4680BD0000ED5E04ED00E0D4
:1063B00080B485B000AF78600023FB607B68DA6949
:1063C0007B689B699A420ED27B689A687B685B699E
:1063D0007968C96901FB03F31344FB607B68DB69DF
:1063E0005A1C7B68DA61FB6818461437BD465DF8B5
:1063F000047B704780B485B000AF78600023FB60F9
:106400007B681B68002B06D07B681B68FB60FB6801
:106410001A687B681A60FB6818461437BD465DF839
:10642000047B704780B485B000AF786039603B680A
:10643000FB607B681A68FB681A607B68FA681A6000
:1064400000BF1437BD465DF8047B704780B485B04B
:1064500000AFF860B9607A60FB68074A1A60BB68F1
:10646000064A1A607B6880221A6000BF1437BD4656
:106470005DF8047B704700BFC43F00202840002027
:1064800080B485B000AFF860B9607A60FB68074AF5
:106490001A60BB68064A1A607B684FF480721A6003
:1064A00000BF1437BD465DF8047B704728420020CA
:1064B0008C42002080B58AB000AF78600023FB6179
:1064C000FDF77CF95C4B1B68002B01D100F024F92F
:1064D0005A4B1A687B681340002B40F095807B680C
:1064E000002B1ED008227B6813447B607B6803F07E
:1064F0000703002B15D07B6823F0070308337B606C
:106500007B6803F00703002B0BD04FF0500383F39D
:106510001188BFF36F8FBFF34F8F7B6100BF00BF48
:10652000FDE77B68002B6FD0454B1B687A689A4269
:106530006AD8444B3B62434B1B687B6204E07B6A36
:106540003B627B6A1B687B627B6A5B687A689A4203
:1065500003D97B6A1B68002BF1D1374B1B687A6A21
:106560009A4251D03B6A1B6808221344FB617B6A44
:106570001A683B6A1A607B6A5A687B68D21A0823D9
:106580005B009A4220D97A6A7B681344BB61BB697D
:1065900003F00703002B0BD04FF0500383F3118857
:1065A000BFF36F8FBFF34F8F3B6100BF00BFFDE7AD
:1065B0007B6A5A687B68D21ABB695A607B6A7A68C0
:1065C0005A60B86900F00AF91D4B1A687B6A5B686B
:1065D000D31A1B4A13601A4B1A681B4B1B689A424A
:1065E00003D2174B1B68184A13607B6A5A68134B17
:1065F0001B681A437B6A5A607B6A00221A60134B3D
:106600001B680133114A1360FDF71EF9FB6903F0A3
:106610000703002B0BD04FF0500383F31188BFF317
:106620006F8FBFF34F8FFB6000BF00BFFDE7FB69BB
:1066300018462837BD4680BD944E0020A84E002045
:10664000984E00208C4E00209C4E0020A04E002032
:1066500080B586B000AF78607B687B617B68002B7B
:106660004FD008235B427A6913447B617B693B61AD
:106670003B695A68254B1B681340002B0BD14FF028
:10668000500383F31188BFF36F8FBFF34F8FFB600D
:1066900000BF00BFFDE73B691B68002B0BD04FF02C
:1066A000500383F31188BFF36F8FBFF34F8FBB602D
:1066B00000BF00BFFDE73B695A68144B1B681340DD
:1066C000002B1ED03B691B68002B1AD13B695A680E
:1066D0000E4B1B68DB431A403B695A60FDF76EF8AE
:1066E0003B695A680A4B1B681344094A13603869AE
:1066F00000F074F8074B1B680133064A1360FDF77E
:10670000A3F800BF1837BD4680BD00BFA84E0020CB
:10671000984E0020A44E002080B485B000AF4FF406
:106720000063BB60274BFB60FB6803F00703002B93
:106730000CD0FB680733FB60FB6823F00703FB60AA
:10674000BA68FB68D31A1F4A1344BB60FB687B60BE
:106750001D4A7B6813601C4B00225A607B68BA6834
:106760001344FB600822FB689B1AFB60FB6823F064
:106770000703FB60FB68154A1360144B1B6800227B
:106780005A60124B1B6800221A607B683B603B68B2
:10679000FA68D21A3B685A600C4B1A683B681A6058
:1067A0003B685B680A4A13603B685B68094A136090
:1067B000094B4FF000421A6000BF1437BD465DF828
:1067C000047B70478C4600208C4E0020944E0020A5
:1067D0009C4E0020984E0020A84E002080B485B02A
:1067E00000AF7860284BFB6002E0FB681B68FB6031
:1067F000FB681B687A689A42F7D8FB68BB60FB6845
:106800005B68BA6813447A689A4208D1FB685A6890
:106810007B685B681A44FB685A60FB687B607B6836
:10682000BB607B685B68BA681A44FB681B689A4265
:1068300018D1FB681A68154B1B689A420DD07B680B
:106840005A68FB681B685B681A447B685A60FB687F
:106850001B681A687B681A6008E00C4B1A687B6832
:106860001A6003E0FB681A687B681A60FA687B6844
:106870009A4202D0FB687A681A6000BF1437BD469E
:106880005DF8047B704700BF8C4E0020944E0020C2
:1068900080B485B000AFF860B9607A60FB68043BF3
:1068A000FB60FB684FF080721A60FB68043BFB6082
:1068B000BB6823F00102FB681A60FB68043BFB60C5
:1068C0000C4AFB681A60FB68143BFB607A68FB6843
:1068D0001A60FB68043BFB60FB686FF002021A6001
:1068E000FB68203BFB60FB6818461437BD465DF82B
:1068F000047B7047F968000880B485B000AF0023BE
:106900007B60134B1B68B3F1FF3F0BD04FF050037C
:1069100083F31188BFF36F8FBFF34F8FFB6000BF0E
:1069200000BFFDE74FF0500383F31188BFF36F8F73
:10693000BFF34F8FBB6000BF00BF7B68002BFCD054
:1069400000BF00BF1437BD465DF8047B704700BF31
:106950000000002000000000000000000000000017
:10696000074B19680868B0E8F04F80F30988BFF357
:106970006F8F4FF0000080F311887047AFF30080F5
:106980008C39002000BF00BF08480068006880F311
:1069900008884FF0000080F3148862B661B6BFF338
:1069A0004F8FBFF36F8F00DF00BF00BF08ED00E027
:1069B00080B586B000AF474B1B68474A93420BD166
:1069C0004FF0500383F31188BFF36F8FBFF34F8FE6
:1069D000FB6000BF00BFFDE73E4B1B683F4A934290
:1069E0000BD14FF0500383F31188BFF36F8FBFF3C8
:1069F0004F8F3B6100BF00BFFDE7394B7B617B6977
:106A00001B78DBB27B607B69FF221A707B691B7885
:106A1000DBB2FB70FB78DBB203F05003DAB2314B30
:106A20001A70314B07221A6009E02F4B1B68013B9B
:106A30002D4A1360FB78DBB25B00DBB2FB70FB78A6
:106A4000DBB203F08003802BEFD0274B1B68C3F130
:106A50000703042B0BD04FF0500383F31188BFF3CF
:106A60006F8FBFF34F8FBB6000BF00BFFDE71E4BB2
:106A70001B681B021C4A13601B4B1B6803F4E0637A
:106A8000194A13607B68DAB27B691A70174B1B686E
:106A9000164A43F470031360144B1B68134A43F007
:106AA0007043136000F0A6F9114B00221A6000F049
:106AB000DDF9104B1B680F4A43F040431360FFF7AA
:106AC00063FFFDF751F8FFF717FF0023184618374B
:106AD000BD4680BD00ED00E071C20F4170C20F41A4
:106AE00000E400E0B84E0020BC4E002020ED00E0A5
:106AF0000000002034EF00E080B483B000AF4FF01E
:106B0000500383F31188BFF36F8FBFF34F8F7B6008
:106B100000BF104B1B6801330E4A13600D4B1B68FE
:106B2000012B10D10C4B1B68DBB2002B0BD04FF0AC
:106B3000500383F31188BFF36F8FBFF34F8F3B6018
:106B400000BF00BFFDE700BF0C37BD465DF8047B0A
:106B5000704700BF0000002004ED00E080B483B067
:106B600000AF124B1B68002B0BD14FF0500383F387
:106B70001188BFF36F8FBFF34F8F7B6000BF00BFE3
:106B8000FDE70A4B1B68013B084A1360074B1B6873
:106B9000002B05D100233B603B6883F3118800BFC5
:106BA00000BF0C37BD465DF8047B70470000002035
:106BB000EFF30980BFF36F8F154B1A681EF0100FAB
:106BC00008BF20ED108A20E9F04F10602DE9090080
:106BD0004FF0500080F31188BFF34F8FBFF36F8FDA
:106BE000FCF7C2FF4FF0000080F3118809BC196860
:106BF0000868B0E8F04F1EF0100F08BFB0EC108A24
:106C000080F30988BFF36F8F704700BFAFF3008038
:106C10008C39002000BF00BF80B582B000AF4FF0BC
:106C2000500383F31188BFF36F8FBFF34F8F7B60E7
:106C300000BFFCF7DFFE0346002B03D0064B4FF0EE
:106C400080521A6000233B603B6883F3118800BFC9
:106C500000BF0837BD4680BD04ED00E080B588B0B8
:106C600000AF78605D4B1B687A689A4202D95B4B33
:106C70001B687B605A4B1B68594A23F00103136061
:106C8000584B1A687B68013B5749096801FB03F3BD
:106C90001344FB61554B1B68FA699A4204D9534B64
:106CA0001B68FA69D31AFB6172B6BFF34F8FBFF34B
:106CB0006F8FFDF7F5F90346002B10D1494B4C4A75
:106CC0001B681360464B1B68454A43F00103136081
:106CD000454B1B68464A013B136062B679E0444A63
:106CE000FB6913603F4B00221A603D4B1B683C4A16
:106CF00043F0010313607B683B6100233B6138690B
:106D0000FAF7F8FE3B69002B04D0BFF34F8F30BF7A
:106D1000BFF36F8F7868FAF7F7FE62B6BFF34F8F55
:106D2000BFF36F8F72B6BFF34F8FBFF36F8F2C4BD4
:106D300006221A602A4B1B6803F48033002B1DD0F7
:106D4000294B1A68274B1968FB69CB1A1344013B7E
:106D50007B61264B1B687A699A4204D3224B1B68DD
:106D60007A699A4203D9204B1B68013B7B61204A18
:106D70007B6913607B68013BBB6118E01A4B1B68A1
:106D80007A6803FB02F2174B1B68D31AFB60164BA1
:106D90001B68FA68B2FBF3F3BB61BB690133124AAB
:106DA000126803FB02F21249FB68D31A0B600D4B09
:106DB00000221A600A4B1B68094A43F00103136062
:106DC000B869FCF7EFFD084B1B68094A013B1360EB
:106DD00062B600BF2037BD4680BD00BFB04E002068
:106DE00010E000E018E000E0AC4E0020B44E0020BF
:106DF00014E000E080B400AF144B1B68144AA2FBFF
:106E000003239B09134A1360124B1B686FF07F42E8
:106E1000B2FBF3F3104A1360104B2D221A60104B93
:106E200000221A600F4B00221A60084B1B68084AA8
:106E3000A2FB03239B090C4A013B1360084B07226A
:106E40001A6000BFBD465DF8047B704770000020EB
:106E5000D34D6210AC4E0020B04E0020B44E002046
:106E600010E000E018E000E014E000E0DFF80C00C3
:106E7000016841F470010160704700BF88ED00E0D7
:106E800080B485B000AFEFF30583FB60FB680F2B88
:106E900015D9184AFB6813441B78FB72164B1B78F4
:106EA000FA7A9A420BD24FF0500383F31188BFF362
:106EB0006F8FBFF34F8F7B6000BF00BFFDE70F4BAD
:106EC0001B6803F4E0620E4B1B689A420BD94FF02B
:106ED000500383F31188BFF36F8FBFF34F8F3B6075
:106EE00000BF00BFFDE700BF1437BD465DF8047B5F
:106EF000704700BFF0E300E0B84E00200CED00E06A
:106F0000BC4E002080B500AF00221249124807F0A5
:106F1000A3F80346002B01D0FAF744FB0F490E48B3
:106F200007F0CAF80346002B01D0FAF73BFB0C49E7
:106F3000094808F0B1FF0346002B01D0FAF732FBF5
:106F4000054807F0EFF80346002B01D0FAF72AFBBB
:106F500000BF80BD04000020C04E00208000002043
:106F60005400002080B483B000AF03463960FB7149
:106F70003B6812221A80034B18460C37BD465DF859
:106F8000047B70472000002080B483B000AF03462C
:106F90003960FB713B6804221A80034B18460C379A
:106FA000BD465DF8047B70473400002080B582B098
:106FB00000AF03463960FB71FB79002B05D13A68BD
:106FC0000749084808F074FA04E03A68044905489B
:106FD00008F06EFA024B18460837BD4680BD00BF68
:106FE0009C5100206437010880B582B000AF034691
:106FF0003960FB713A680449044808F059FA024BB9
:1070000018460837BD4680BD9C5100207C370108DA
:1070100080B582B000AF03463960FB713B681A222D
:107020001A8000F043F8024B18460837BD4680BD71
:107030003800002080B582B000AF03463960FB7194
:10704000FB79002B05D13A680749084808F030FA67
:1070500004E03A680449054808F02AFA024B184649
:107060000837BD4680BD00BF9C5100209037010805
:1070700080B582B000AF03463960FB71FB79002B0D
:1070800005D13A680749084808F012FA04E03A685E
:107090000449054808F00CFA024B18460837BD466B
:1070A00080BD00BF9C5100209C37010880B584B092
:1070B00000AF0F4B1B68FB600E4B1B68BB600E4B99
:1070C0001B687B60FA687B681344FB60FB68002BDD
:1070D00009D008220949F86800F014F80422084988
:1070E000B86800F00FF800BF1037BD4680BD00BF84
:1070F000107AFF1F147AFF1F187AFF1F3A00002032
:107100004A00002080B487B000AFF860B960134631
:10711000FB710023FB750023FB7527E0FB681B0F49
:10712000092B0BD8FB681B0FDAB2FB7D5B001946FD
:10713000BB680B443032D2B21A700AE0FB681B0FF6
:10714000DAB2FB7D5B001946BB680B443732D2B222
:107150001A70FB681B01FB60FB7D5B000133BA68A2
:10716000134400221A70FB7D0133FB75FA7DFB7915
:107170009A42D3D300BF00BF1C37BD465DF8047BE5
:107180007047000080B500AF00220549054808F0AF
:107190009DFE0549034808F0BBFE0023184680BD4C
:1071A0009C5B0020C04E00209C53002080B400AFA8
:1071B00000231846BD465DF8047B704780B483B059
:1071C00000AF03463960FB711346BB80FB79232B6C
:1071D0004AD801A252F823F06972000869720008C7
:1071E0006972000869720008697200086972000813
:1071F0006972000869720008697200086972000803
:1072000069720008697200086972000869720008F2
:1072100069720008697200086972000869720008E2
:1072200069720008697200086972000869720008D2
:1072300069720008697200086972000869720008C2
:1072400069720008697200086972000869720008B2
:1072500069720008697200086972000869720008A2
:10726000697200086972000800BF002318460C37D5
:10727000BD465DF8047B704780B582B000AF786092
:1072800039607968054808F043FE044808F05EFE5E
:10729000002318460837BD4680BD00BFC04E002001
:1072A00080B487B000AFF860B9601346FB7100236B
:1072B000FB7597F9173018461C37BD465DF8047BFF
:1072C0007047000080B58AB000AF786007F1140302
:1072D00000221A605A609A60DA601A617B681B6843
:1072E000B3F1A04F3AD100233B611E4B1B6B1D4AEB
:1072F00043F0010313631B4B1B6B03F001033B6162
:107300003B694FF4C0537B610223BB610023FB61E7
:1073100003233B620A237B6207F1140319461248D8
:1073200003F004FD0F4B5B6B0E4A43F08003536385
:107330000023FB600B4B5B6C0A4A43F480435364AD
:10734000084B5B6C03F48043FB60FB680022052163
:10735000432004F05DFB432004F076FB00BF283798
:10736000BD4680BD003802400000024080B582B0BA
:1073700000AF78607B68D3F8E0247B6803F29C431D
:107380001946104606F01BFF00BF0837BD4680BDFA
:1073900080B582B000AF78600B46FB707B68D3F895
:1073A000E004FA7879681346DB0013449B000B4431
:1073B00003F518731A68FB78194606F055FF00BFED
:1073C0000837BD4680BD80B582B000AF78600B46FF
:1073D000FB707B68D3F8E004FA7879681346DB0029
:1073E00013449B000B4420331A68FB78194606F0BF
:1073F000F7FF00BF0837BD4680BD80B582B000AF43
:1074000078607B68D3F8E034184607F03BF900BF9A
:107410000837BD4680BD80B584B000AF78600123D9
:10742000FB737B68DB79022B01D0FAF7BBF87B6832
:10743000D3F8E034FA7B1146184607F0DFF87B6892
:10744000D3F8E034184607F086F800BF1037BD4681
:1074500080BD000080B582B000AF78607B68D3F853
:10746000E034184607F0DAF87B681B6803F56063C0
:107470001B687A68126802F5606243F001031360CA
:107480007B68DB7A002B05D0044B1B69034A43F071
:107490000603136100BF0837BD4680BD00ED00E064
:1074A00080B582B000AF78607B68D3F8E0341846CE
:1074B00007F0D0F800BF0837BD4680BD80B582B068
:1074C00000AF78600B46FB707B68D3F8E034FA7845
:1074D0001146184607F028F900BF0837BD4680BDA1
:1074E00080B582B000AF78600B46FB707B68D3F844
:1074F000E034FA781146184607F0E4F800BF083780
:10750000BD4680BD80B582B000AF78607B68D3F89F
:10751000E034184607F03AF900BF0837BD4680BD91
:1075200080B582B000AF78607B68D3F8E03418464D
:1075300007F037F900BF0837BD4680BD80B582B07F
:1075400000AF78607B681B78002B3CD1204A7B68B9
:10755000C2F8E0347B681E4AC3F8C8221C4B4FF0C7
:10756000A0421A601A4B04221A71194B0222DA71D6
:10757000174B00229A71164B02225A72144B0022AA
:107580009A72134B0022DA72114B00221A73104BBD
:1075900000229A730E4B0022DA730D4800F09CF91A
:1075A0000346002B01D0F9F7FDFF8021084801F0C8
:1075B000C8FB40220021064801F07CFB802201210B
:1075C000034801F077FB002318460837BD4680BD0D
:1075D0009C63002080B584B000AF78600023FB730B
:1075E0000023BB737B68D3F8C832184600F083FAD7
:1075F0000346FB73FB7B184600F042F90346BB735E
:10760000BB7B18461037BD4680BD80B584B000AF47
:107610007860084611461A460346FB700B46BB705D
:1076200013463B800023FB730023BB737B68D3F8B6
:10763000C802BB783A88F97800F057FF0346FB731D
:10764000FB7B184600F01CF90346BB73BB7B184656
:107650001037BD4680BD80B584B000AF78600B4662
:10766000FB700023FB730023BB737B68D3F8C83225
:10767000FA781146184600F0A2FF0346FB73FB7B25
:10768000184600F0FDF80346BB73BB7B1846103765
:10769000BD4680BD80B584B000AF78600B46FB70FE
:1076A0000023FB730023BB737B68D3F8C832FA78DE
:1076B0001146184601F05AF80346FB73FB7B184647
:1076C00000F0DEF80346BB73BB7B18461037BD469F
:1076D00080BD80B584B000AF78600B46FB7000239E
:1076E000FB730023BB737B68D3F8C832FA7811466A
:1076F000184601F09EF80346FB73FB7B184600F02A
:10770000BFF80346BB73BB7B18461037BD4680BD30
:1077100080B485B000AF78600B46FB707B68D3F80F
:10772000C832FB6097F90330002B0BDAFB7803F0CB
:107730007F02F9681346DB0013449B000B441633A9
:107740001B780BE0FB7803F07F02F9681346DB003F
:1077500013449B000B4403F256231B78184614373E
:10776000BD465DF8047B704780B584B000AF78609B
:107770000B46FB700023FB730023BB737B68D3F8BD
:10778000C832FA781146184600F08BFE0346FB73A8
:10779000FB7B184600F074F80346BB73BB7B1846AE
:1077A0001037BD4680BD80B586B000AFF8607A6006
:1077B0003B600B46FB720023FB750023BB75FB6827
:1077C000D3F8C802F97A3B687A6800F095FF03465F
:1077D000FB75FB7D184600F053F80346BB75BB7D77
:1077E00018461837BD4680BD80B586B000AFF8603A
:1077F0007A603B600B46FB720023FB750023BB7570
:10780000FB68D3F8C802F97A3B687A6800F021FF78
:107810000346FB75FB7D184600F032F80346BB7546
:10782000BB7D18461837BD4680BD80B582B000AF1D
:1078300078600B46FB707B68D3F8C832FA78114643
:10784000184600F041FF034618460837BD4680BD84
:1078500080B483B000AF7860034B18460C37BD4648
:107860005DF8047B704700BF8068002080B483B05F
:1078700000AF786000BF0C37BD465DF8047B7047F1
:1078800080B485B000AF0346FB710023FB73FB7926
:10789000032B17D801A252F823F000BFAD780008DF
:1078A000B3780008B9780008BF7800080023FB739C
:1078B0000BE00323FB7308E00123FB7305E00323C4
:1078C000FB7302E00323FB7300BFFB7B18461437F6
:1078D000BD465DF8047B704780B586B002AF786026
:1078E0007B68002B01D1012301E17B681B68BB6031
:1078F0007B6893F89534DBB2002B06D17B680022BD
:1079000083F894247868FFF7DDFC7B68032283F812
:107910009524BB68B3F1A04F02D17B6800229A7115
:107920007B681B68184601F040FB7B6818687B6821
:107930001A7C8DF8002004330ECB01F01FFA0346A9
:10794000002B05D07B68022283F895240123CEE02A
:107950007B681B680021184601F038FB0346002BAA
:1079600005D07B68022283F895240123BFE0002321
:10797000FB734AE0FA7B79681346DB0013449B00F3
:107980000B44153301221A70FA7B79681346DB0029
:1079900013449B000B441433FA7B1A70FA7BFB7B75
:1079A00098B279681346DB0013449B000B442E33D6
:1079B00002461A80FA7B79681346DB0013449B0069
:1079C0000B44183300221A70FA7B79681346DB00E7
:1079D00013449B000B441C3300221A60FA7B796825
:1079E0001346DB0013449B000B44203300221A6033
:1079F000FA7B79681346DB0013449B000B44243365
:107A000000221A60FB7B0133FB737B681B79FA7BD6
:107A10009A42AFD30023FB7344E0FA7B79681346A4
:107A2000DB0013449B000B4403F2552300221A7021
:107A3000FA7B79681346DB0013449B000B4403F583
:107A40001573FA7B1A70FA7B79681346DB001344CE
:107A50009B000B4403F5167300221A70FA7B7968B9
:107A60001346DB0013449B000B4403F517730022FD
:107A70001A60FA7B79681346DB0013449B000B44C1
:107A800003F5187300221A60FA7B79681346DB004D
:107A900013449B000B4403F5197300221A60FB7B0F
:107AA0000133FB737B681B79FA7B9A42B5D37B6801
:107AB00018687B681A7C8DF8002004330ECB01F027
:107AC000D1FA0346002B05D07B68022283F8952467
:107AD00001230CE07B6800225A747B68012283F842
:107AE00095247B681B68184602F01BFB0023184690
:107AF0001037BD4680BD80B584B000AF78607B682C
:107B00001B68FB607B6893F89434012B01D102233E
:107B100022E07B68012283F89424FB68DB6803F091
:107B20004003002B09D07B685B7B012B05D1FB68F0
:107B30009B6B43F48032FB689A637B681B68184632
:107B400001F022FA7B681B68184602F0C9FA7B68CC
:107B5000002283F89424002318461037BD4680BDC8
:107B600090B58DB000AF78607B681B683B623B6A64
:107B7000FB617B681B68184602F087FB0346002BFD
:107B800040F08C847B681B68184602F0EBFA0346D1
:107B9000002B00F08284FB6903F500639B681B0ADD
:107BA000C3F30D027B68C3F8D4247B681B681846B6
:107BB00002F0D8FA034603F00203022B07D17B68D8
:107BC0001B685A697B681B6802F002025A617B6875
:107BD0001B68184602F0C6FA034603F01003102B88
:107BE00061D17B681B689A697B681B6822F0100270
:107BF0009A613B6A1B6ABB61BB6903F00F021346C3
:107C0000DB0013449B0003F514737A6813440433B8
:107C10007B61BB6903F4F013B3F5802F24D1BA69FB
:107C200047F6F0731340002B35D07B69D968BB69E8
:107C30001B099BB2C3F30A039BB21A46386A02F0CF
:107C4000FDF87B69DA68BB691B09C3F30A031A44B0
:107C50007B69DA607B695A69BB691B09C3F30A0354
:107C60001A447B695A6116E0BB6903F4F013B3F55B
:107C7000402F10D17B6803F29C4308221946386AD2
:107C800002F0DCF87B695A69BB691B09C3F30A037C
:107C90001A447B695A617B681B689A697B681B6818
:107CA00042F010029A617B681B68184602F05AFA8B
:107CB000034603F40023B3F5002F40F0A780002310
:107CC0007B627B681B68184602F05FFAB86299E035
:107CD000BB6A03F00103002B00F08E807B681B68F9
:107CE0007A6AD2B21146184602F083FA38613B69CB
:107CF00003F00103002B0CD07B6A5A01FB6913448B
:107D000003F530631A4601239360796A786800F0BE
:107D1000A3FE3B6903F00803002B0CD07B6A5A01D9
:107D2000FB69134403F530631A4608239360796AAC
:107D3000786800F079FF3B6903F01003002B08D04E
:107D40007B6A5A01FB69134403F530631A4610231A
:107D500093603B6903F00203002B30D03B6A5B6900
:107D600003F08003802B09D1FB6903F500635B6896
:107D7000FA6902F5006243F4806353607A6A13463D
:107D8000DB0013449B0003F514737A681344043337
:107D90007B617B69DB78012B08D17B690022DA707B
:107DA0007B6ADBB219467868FFF788FB7B6A5A0169
:107DB000FB69134403F530631A46022393603B6961
:107DC00003F02003002B08D07B6A5A01FB6913449F
:107DD00003F530631A46202393603B6903F4005394
:107DE000002B09D07B6A5A01FB69134403F5306309
:107DF0001A464FF4005393607B6A01337B62BB6A7F
:107E00005B08BB62BB6A002B7FF462AF7B681B68B8
:107E1000184602F0A7F9034603F48023B3F5802F38
:107E200040F0DB807B681B68184602F0C8F9B86236
:107E300000237B62CDE0BB6A03F00103002B00F05E
:107E4000C2807B681B687A6AD2B21146184602F07B
:107E5000EEF938613B6903F00103002B57D07B6AD0
:107E600003F00F03012202FA03F3FB60FB6903F541
:107E700000635A6BFB68DB43F96901F5006113404D
:107E80004B637B6A5A01FB69134403F510631A467E
:107E9000012393607B689B79012B32D179687A6AE0
:107EA0001346DB0013449B000B44203319687868A9
:107EB0007A6A1346DB0013449B0003441C331B689F
:107EC000194478687A6A1346DB0013449B00034424
:107ED000203319607B6A002B13D179687A6A1346C4
:107EE000DB0013449B000B4424331B68002B08D198
:107EF0007B6818687B6803F29C431A46012102F0F4
:107F0000F5F97B6ADBB219467868FFF75CFA3B69E2
:107F100003F00803002B08D07B6A5A01FB69134465
:107F200003F510631A46082393603B6903F01003BE
:107F3000002B08D07B6A5A01FB69134403F51063D8
:107F40001A46102393603B6903F04003002B08D0CE
:107F50007B6A5A01FB69134403F510631A464023F8
:107F600093603B6903F00203002B23D0796A386ADF
:107F700001F0DCF97A6A1346DB0013449B001033EE
:107F80007A68134404337B617B69DB78012B08D169
:107F90007B690022DA707B6ADBB219467868FFF7EA
:107FA0009FFA7B6A5A01FB69134403F510631A4672
:107FB000022393603B6903F08003002B03D0796AAE
:107FC000786800F0BDFC7B6A01337B62BB6A5B08AA
:107FD000BB62BB6A002B7FF42EAF7B681B68184620
:107FE00002F0C0F8034603F00043B3F1004F22D182
:107FF000FB6903F500635B68FA6902F5006223F030
:10800000010353607B6893F8CC34012B08D17B6863
:10801000002283F8CC240021786800F0A3FE02E05F
:108020007868FFF73DFA7B681B685A697B681B68B4
:1080300002F000425A617B681B68184602F092F811
:10804000034603F40063B3F5006F12D1FB6903F537
:1080500000639B6803F00103012B02D17868FFF7EE
:10806000F9F97B681B685A697B681B6802F4006237
:108070005A617B681B68184602F074F8034603F4E3
:108080008053B3F5805F40F0B780FB6903F5006370
:108090005B68FA6902F5006223F0010353607B68B4
:1080A0001B681021184601F041F90023FB6246E0ED
:1080B000FB6A5A01FB69134403F510631A464FF635
:1080C0007F339360FB6A5A01FB69134403F5106325
:1080D0001B68FA6A5101FA690A4402F5106223F436
:1080E00000131360FB6A5A01FB69134403F5306304
:1080F0001A464FF67F339360FB6A5A01FB691344BB
:1081000003F530631B68FA6A5101FA690A4402F503
:10811000306223F400131360FB6A5A01FB691344B5
:1081200003F530631B68FA6A5101FA690A4402F5E3
:10813000306243F000631360FB6A0133FB627B68CB
:108140001B791A46FB6A9342B2D3FB6903F50063BD
:10815000DB69FA6902F5006243F00113D3617B68C1
:10816000DB7B002B16D0FB6903F50063D3F884306A
:10817000FA6902F5006243F00B03C2F88430FB6930
:1081800003F500635B6CFA6902F5006243F00B03D0
:10819000536415E0FB6903F500635B69FA6902F556
:1081A000006243F4005343F02B035361FB6903F572
:1081B00000631B69FA6902F5006243F00B03136167
:1081C000FB6903F500631B68FA6902F5006223F49A
:1081D000FE6313607B6818687B6899797B6803F29B
:1081E0009C431A4602F082F87B681B685A697B68D8
:1081F0001B6802F480525A617B681B68184601F0C4
:10820000B1FF034603F40053B3F5005F23D17B684D
:108210001B68184602F047F87B681B68184601F097
:10822000FEF803461A467B68DA717B681C6802F028
:1082300017FD01467B68DB791A46204600F002FEF6
:108240007868FFF7E8F87B681B685A697B681B68E9
:1082500002F400525A617B681B68184601F082FFE5
:10826000034603F00803082B0AD17868FFF7C5F826
:108270007B681B685A697B681B6802F008025A61B8
:108280007B681B68184601F06DFF034603F080030E
:10829000802B23D13B6A9B6923F080023B6A9A6161
:1082A00001237B6214E079687A6A1346DB00134489
:1082B0009B000B4403F257231B78012B05D17B6AEB
:1082C000DBB21946786800F00AFB7B6A01337B62F7
:1082D0007B681B791A467B6A9342E4D37B681B68F0
:1082E000184601F03FFF034603F48013B3F5801FE7
:1082F0003CD101237B622BE07B6A5A01FB6913446A
:1083000003F510631B68BB6179687A6A1346DB006A
:1083100013449B000B4418331B78012B15D1BB6908
:10832000002B12DA79687A6A1346DB0013449B004B
:108330000B44173301221A707B6ADBB263F07F03B0
:10834000DBB21946786800F0CAFA7B6A01337B62B7
:108350007B681B791A467B6A9342CDD37B681B6886
:108360005A697B681B6802F480125A617B681B683B
:10837000184601F0F7FE034603F40013B3F5001F9F
:1083800056D101237B6245E07B6A5A01FB691344A5
:1083900003F530631B68BB6179687A6A1346DB00BA
:1083A00013449B000B4403F516731B78012B2ED14D
:1083B000BB69002B2BDABB691A0C7B68D3F8D43469
:1083C000534003F00103002B21D179687A6A1346E8
:1083D000DB0013449B000B4403F2572301221A7065
:1083E0003B6A9B6943F080023B6A9A613B6A5B6926
:1083F00003F08003002B0AD1FB6903F500635B687F
:10840000FA6902F5006243F40073536008E07B6A86
:1084100001337B627B681B791A467B6A9342B3D334
:108420007B681B685A697B681B6802F400125A61FA
:108430007B681B68184601F095FE034603F08043F5
:10844000B3F1804F0AD17868FFF75CF87B681B684E
:108450005A697B681B6802F080425A617B681B681E
:10846000184601F07FFE034603F00403042B15D1E8
:108470007B681B685B68BB61BB6903F00403002B6E
:1084800002D07868FFF74CF87B681B6859687B68F6
:108490001B68BA690A435A6000E000BF3437BD4622
:1084A00090BD80B582B000AF78600B46FB707B68F2
:1084B00093F89434012B01D1022312E07B6801224E
:1084C00083F894247B68FA785A747B681B68FA787E
:1084D0001146184601F0DEFD7B68002283F89424E3
:1084E000002318460837BD4680BD80B584B000AF74
:1084F0007860084611461A460346FB700B463B80DF
:108500001346BB700023FB7297F90330002B0FDA80
:10851000FB7803F00F021346DB0013449B0010337B
:108520007A6813440433FB60FB6801225A700FE041
:10853000FB7803F00F021346DB0013449B0003F5A6
:1085400014737A6813440433FB60FB6800225A708A
:10855000FB7803F00F03DAB2FB681A703B88C3F3B1
:108560000A02FB689A60FB68BA781A71FB685B784C
:10857000002B04D0FB681B781A46FB685A83BB7833
:10858000022B02D1FB6800225A717B6893F8943465
:10859000012B01D102230EE07B68012283F8942491
:1085A0007B681B68F968184600F05EFF7B68002254
:1085B00083F89424FB7A18461037BD4680BD80B5F9
:1085C00084B000AF78600B46FB7097F90330002B46
:1085D0000FDAFB7803F00F021346DB0013449B0015
:1085E00010337A6813440433FB60FB6801225A702D
:1085F0000FE0FB7803F00F021346DB0013449B00EF
:1086000003F514737A6813440433FB60FB6800229B
:108610005A70FB7803F00F03DAB2FB681A707B68BC
:1086200093F89434012B01D102230EE07B680122E0
:1086300083F894247B681B68F968184600F09CFF57
:108640007B68002283F89424002318461037BD4627
:1086500080BD80B586B000AFF8607A603B600B46A5
:10866000FB72FB7A03F00F021346DB0013449B00FE
:1086700003F51473FA68134404337B617B697A68E9
:10868000DA607B693A681A617B6900225A617B690A
:1086900000225A70FB7A03F00F03DAB27B691A707A
:1086A000FB689B79012B02D17A687B69DA61FB68F0
:1086B0001868FB689B791A46796901F039F800233C
:1086C00018461837BD4680BD80B483B000AF7860CF
:1086D0000B46FB70FB7803F00F0279681346DB0052
:1086E00013449B000B4403F51A731B6818460C37A0
:1086F000BD465DF8047B704780B586B000AFF8607A
:108700007A603B600B46FB72FB7A03F00F02134664
:10871000DB0013449B001033FA68134404337B617D
:108720007B697A68DA607B693A681A617B69002242
:108730005A617B6901225A70FB7A03F00F03DAB2A7
:108740007B691A70FB689B79012B02D17A687B697F
:10875000DA61FB681868FB689B791A46796900F052
:10876000E7FF002318461837BD4680BD80B584B0AA
:1087700000AF78600B46FB70FB7803F00F037A685C
:108780001279934201D901234FE097F90330002B6E
:108790000FDAFB7803F00F021346DB0013449B0053
:1087A00010337A6813440433FB60FB6801225A706B
:1087B0000DE0FA781346DB0013449B0003F51473B5
:1087C0007A6813440433FB60FB6800225A70FB682C
:1087D00001229A70FB7803F00F03DAB2FB681A707B
:1087E0007B6893F89434012B01D102231DE07B6850
:1087F000012283F894247B681B68F968184601F00D
:1088000075FBFB7803F00F03002B09D17B68186818
:108810007B6899797B6803F29C431A4601F066FDF8
:108820007B68002283F89424002318461037BD4645
:1088300080BD80B584B000AF78600B46FB70FB78DC
:1088400003F00F037A681279934201D9012342E0C1
:1088500097F90330002B0FDAFB7803F00F02134671
:10886000DB0013449B0010337A6813440433FB602D
:10887000FB6801225A700FE0FB7803F00F021346E9
:10888000DB0013449B0003F514737A68134404332C
:10889000FB60FB6800225A70FB6800229A70FB782C
:1088A00003F00F03DAB2FB681A707B6893F8943414
:1088B000012B01D102230EE07B68012283F894246E
:1088C0007B681B68F968184601F07EFB7B68002214
:1088D00083F89424002318461037BD4680BD80B528
:1088E00084B000AF78600B46FB7097F90330002B23
:1088F0000CDAFB7803F00F021346DB0013449B00F5
:1089000010337A6813440433FB600CE0FB7803F007
:108910000F021346DB0013449B0003F514737A68BF
:1089200013440433FB607B681B68F968184601F048
:108930009DF90346FB72FB7A18461037BD4680BD91
:1089400080B58AB002AF786039607B681B687B6154
:108950007B693B613A681346DB0013449B0010338C
:108960007A6813440433FB60FB685A69FB681B692F
:108970009A4201D901236BE0FB681A69FB685B69C5
:10898000D31AFB61FB689B68FA699A4202D9FB68BB
:108990009B68FB61FB6903339B08BB612AE0FB68B2
:1089A0001A69FB685B69D31AFB61FB689B68FA690B
:1089B0009A4202D9FB689B68FB61FB6903339B0801
:1089C000BB61FB68D9683B68DAB2FB6998B27B6827
:1089D0009B7900930346786901F0F2F9FB68DA6845
:1089E000FB691A44FB68DA60FB685A69FB691A4440
:1089F000FB685A613B685A013B69134403F51063F5
:108A00009B699BB2BA699A4209D8FB685A69FB68AC
:108A10001B699A4203D2FB681B69002BBFD1FB681C
:108A20001A69FB685B699A4211D83B6803F00F032F
:108A3000012202FA03F3BB603B6903F500635A6B42
:108A4000BB68DB43396901F5006113404B630023C8
:108A500018462037BD4680BD80B588B000AF78602D
:108A600039607B681B68FB61FB69BB61FB693C3358
:108A700004331B687B613B685A01BB69134403F5EF
:108A800030639B683B617B689B79012B7BD13B69A1
:108A900003F00803002B15D07B69614A934240F232
:108AA000B9803B6903F40043002B00F0B3803B68BE
:108AB0005A01BB69134403F530631A464FF400436F
:108AC0009360A7E03B6903F02003002B09D03B68CB
:108AD0005A01BB69134403F530631A46202393609F
:108AE00098E03B6903F02803002B40F093807B69FA
:108AF0004B4A93420FD93B6903F40043002B0AD041
:108B00003B685A01BB69134403F530631A464FF4BE
:108B1000004393607EE03A681346DB0013449B00F9
:108B200003F514737A6813440433FB60FB681A6A14
:108B30003B685901BB690B4403F530631B69C3F300
:108B40001203D21AFB685A613B68002B14D1FB68F0
:108B50001B69002B09D17B6818687B6803F29C4372
:108B60001A46012101F0C2FB06E0FB68DA68FB68E7
:108B70005B691A44FB68DA603B68DBB219467868C7
:108B8000FEF706FC46E07B69264A934224D13B6906
:108B900003F40043002B0AD03B685A01BB6913441D
:108BA00003F530631A464FF40043936032E03B69AB
:108BB00003F02003002B08D03B685A01BB69134423
:108BC00003F530631A46202393603B68DBB21946F5
:108BD0007868FEF7DDFB1DE03B68002B14D1796857
:108BE0003A681346DB0013449B000B4403F51973EA
:108BF0001B68002B08D17B6818687B6803F29C43D4
:108C00001A46002101F072FB3B68DBB21946786816
:108C1000FEF7BEFB002318462037BD4680BD00BFCF
:108C20000A30544F0A31544F80B586B000AF786097
:108C300039607B681B687B617B693B617B693C3386
:108C400004331B68FB603B685A013B69134403F51E
:108C500030639B68BB60FB68154A93420ED9BB68C2
:108C600003F40043002B09D03B685A013B691344CD
:108C700003F530631A464FF4004393607868FEF7BB
:108C800075FBFB680A4A93420CD97B689B79012BE0
:108C900008D17B6818687B6803F29C431A4601215F
:108CA00001F024FB002318461837BD4680BD00BFE5
:108CB0000A30544F80B485B000AF78600B46FB702B
:108CC00013463B807B681B685B6ABB60FB78002BAC
:108CD00007D13B8819047B681B68BA680A439A620B
:108CE00028E07B681B689B6A1B0CBA681344BB6056
:108CF0000023FB730DE07B681A68FB7B40339B000D
:108D000013445B681B0CBA681344BB60FB7B0133E4
:108D1000FB73FA7BFB78013B9A42ECD33B88180447
:108D20007B681968FB78013BBA68024340339B00BB
:108D30000B445A60002318461437BD465DF8047B87
:108D4000704780B483B000AF78600B467B807B684F
:108D50001B687A885A62002318460C37BD465DF8B6
:108D6000047B704780B483B000AF78600B46FB7023
:108D700000BF0C37BD465DF8047B704784B080B5FA
:108D800084B000AF786007F11C0080E80E0097F80F
:108D90002130012B23D17B689B6B23F480327B68CD
:108DA0009A637B68DB6823F4840323F040037A68CA
:108DB000D3607B68DB6823F440127B68DA6097F845
:108DC0002830012B05D17B68DB6843F480127B6877
:108DD000DA60786801F0E8FA0346FB731BE07B6811
:108DE000DB6843F040027B68DA60786801F0DCFA07
:108DF0000346FB7397F82530002B06D17B689B6BED
:108E000043F480327B689A6305E07B689B6B23F4B4
:108E100080327B689A63BB7F012B0BD17B689B6898
:108E200043F006027B689A607B689B6843F02002EF
:108E30007B689A60FB7B18461037BD46BDE88040D2
:108E400004B0704780B487B000AFF860B9601346D3
:108E5000FB71FB79022B65D1BB68414A934206D96D
:108E6000BB68404A934202D20F237B6162E0BB6839
:108E70003C4A934206D3BB683B4A934202D20E233C
:108E80007B6157E0BB68384A934206D3BB68374AD8
:108E9000934202D20D237B614CE0BB68334A93427C
:108EA00006D3BB68324A934202D80C237B6141E06F
:108EB000BB682F4A934206D9BB682E4A934202D818
:108EC0000B237B6136E0BB682A4A934206D9BB6814
:108ED000294A934202D80A237B612BE0BB68264AC9
:108EE000934206D9BB68254A934202D209237B618B
:108EF00020E0BB68214A934206D3BB68204A9342D4
:108F000002D808237B6115E0BB681D4A934206D94D
:108F1000BB681C4A934202D207237B610AE0062306
:108F20007B6107E0FB79002B02D109237B6101E023
:108F300009237B61FB68DB6823F47052FB68DA600D
:108F4000FB68DA687B699B0203F470531A43FB6881
:108F5000DA60002318461C37BD465DF8047B704775
:108F6000BFACD800C0E1E4000024F4008073060127
:108F70009F491A01FF2C31013FA44C0100366E01BC
:108F80001FABA6010048E80180B483B000AF786051
:108F90007B689B6843F001027B689A600023184657
:108FA0000C37BD465DF8047B704780B483B000AFDA
:108FB00078607B689B6823F001027B689A600023DD
:108FC00018460C37BD465DF8047B704780B584B009
:108FD00000AF78600B46FB700023FB607B68DB68AA
:108FE00023F0C0427B68DA60FB78012B15D17B68E7
:108FF000DB6843F000527B68DA600A2002F074FDFF
:10900000FB680A33FB60786801F03FF90346012BE7
:109010001ED0FB68C72BF0D91AE0FB78002B15D1C6
:109020007B68DB6843F080427B68DA600A2002F0EC
:109030005BFDFB680A33FB60786801F026F90346A4
:10904000002B05D0FB68C72BF0D901E0012305E018
:10905000FB68C82B01D1012300E00023184610371C
:10906000BD4680BD84B080B586B000AF786007F1A2
:10907000240080E80E000023FB757B68FB60002362
:109080003B6109E07A683B6940339B00134400224E
:109090005A603B6901333B613B690E2BF2D997F86B
:1090A0002E30002B1CD1FB6803F500635B68FA6867
:1090B00002F5006243F0020353607B689B6B43F44C
:1090C00000127B689A637B689B6B23F400227B68A9
:1090D0009A637B689B6B23F480227B689A630BE026
:1090E0007B689B6B23F400127B689A637B689B6BA5
:1090F00043F400227B689A63FB6803F560631A46B9
:109100000023136097F82930012B0DD197F82730F1
:10911000002B04D10021786800F068F908E00121F3
:10912000786800F063F903E00321786800F05EF9E5
:109130001021786800F0FAF80346002B01D00123D3
:10914000FB75786800F024F90346002B01D0012359
:10915000FB75FB6803F500631A4600231361FB6887
:1091600003F500631A4600235361FB6803F50063AF
:109170001A460023D36100233B6143E03B695A0157
:10918000FB68134403F510631B6803F00043B3F15D
:10919000004F18D13B69002B0AD13B695A01FB688B
:1091A000134403F510631A464FF00063136013E095
:1091B0003B695A01FB68134403F510631A464FF0EC
:1091C0009043136008E03B695A01FB68134403F5C0
:1091D00010631A46002313603B695A01FB6813446D
:1091E00003F510631A46002313613B695A01FB68BB
:1091F000134403F510631A464FF67F3393603B69BF
:1092000001333B6197F824301A463B699342B5D34A
:1092100000233B6143E03B695A01FB68134403F5BB
:1092200030631B6803F00043B3F1004F18D13B6972
:10923000002B0AD13B695A01FB68134403F53063E4
:109240001A464FF00063136013E03B695A01FB6854
:10925000134403F530631A464FF09043136008E05F
:109260003B695A01FB68134403F530631A46002337
:1092700013603B695A01FB68134403F530631A46D7
:10928000002313613B695A01FB68134403F5306303
:109290001A464FF67F3393603B6901333B6197F881
:1092A00024301A463B699342B5D3FB6803F500634B
:1092B0001B69FA6802F5006223F4807313617B680E
:1092C00000229A617B686FF080425A6197F82630DD
:1092D000002B05D17B689B6943F010027B689A6183
:1092E0007B689A69104B13437A68936197F82A3028
:1092F000002B05D07B689B6943F008027B689A616C
:1093000097F82E30012B07D17B689B6943F080438F
:1093100043F004037A689361FB7D18461837BD4615
:10932000BDE8804004B0704700383C8080B485B010
:1093300000AF786039600023FB60FB680133FB609D
:10934000FB68B3F1706F01D903231BE07B681B69D5
:10935000002BF2DA0023FB603B689B0143F0200204
:109360007B681A61FB680133FB60FB68B3F1706FC7
:1093700001D9032306E07B681B6903F02003202B3F
:10938000F0D0002318461437BD465DF8047B7047C3
:1093900080B485B000AF78600023FB60FB680133C8
:1093A000FB60FB68B3F1706F01D9032318E07B68A1
:1093B0001B69002BF2DA0023FB607B6810221A6124
:1093C000FB680133FB60FB68B3F1706F01D90323C5
:1093D00006E07B681B6903F01003102BF0D000231C
:1093E00018461437BD465DF8047B704780B485B0DD
:1093F00000AF78600B46FB707B68FB60FB6803F591
:1094000000631A68FB78F96801F5006113430B608B
:10941000002318461437BD465DF8047B704780B4BE
:1094200087B000AF78607B683B613B6903F5006300
:109430009B6803F00603FB60FB68002B02D100234E
:10944000FB750AE0FB68022B02D0FB68062B02D1F9
:109450000223FB7501E00F23FB75FB7D18461C37CB
:10946000BD465DF8047B704780B485B000AF78607E
:1094700039607B68FB603B681B78BB603B685B784E
:10948000012B3AD1FB6803F50063DA693B681B786E
:1094900003F00F03012101FA03F39BB2F96801F510
:1094A00000611343CB61BB685A01FB68134403F5A9
:1094B00010631B6803F40043002B55D1BB685A01AD
:1094C000FB68134403F510631A683B689B68C3F399
:1094D0000A013B681B799B041943BB689B050B433E
:1094E0001343BA685101FA680A4402F5106243F066
:1094F000805343F40043136036E0FB6803F50063D8
:10950000DA693B681B7803F00F03012101FA03F3CA
:109510001B04F96801F500611343CB61BB685A0174
:10952000FB68134403F530631B6803F40043002B0E
:109530001AD1BB685A01FB68134403F530631A68FB
:109540003B689B68C3F30A013B681B799B040B4390
:109550001343BA685101FA680A4402F5306243F0D5
:10956000805343F400431360002318461437BD466C
:109570005DF8047B7047000080B485B000AF786070
:1095800039607B68FB603B681B78BB603B685B783D
:10959000012B61D1BB685A01FB68134403F51063CA
:1095A0001B6803F00043B3F1004F1FD1BB685A01A1
:1095B000FB68134403F510631B68BA685101FA682D
:1095C0000A4402F5106243F000631360BB685A015D
:1095D000FB68134403F510631B68BA685101FA680D
:1095E0000A4402F5106243F080431360FB6803F500
:1095F0000063DA6B3B681B7803F00F03012101FA6B
:1096000003F39BB2DB43F96801F500611340CB63C0
:10961000FB6803F50063DA693B681B7803F00F030E
:10962000012101FA03F39BB2DB43F96801F5006104
:109630001340CB61BB685A01FB68134403F5106308
:109640001A68BB685901FB680B4403F5106319469F
:10965000354B13400B6060E0BB685A01FB68134454
:1096600003F530631B6803F00043B3F1004F1FD1D3
:10967000BB685A01FB68134403F530631B68BA6882
:109680005101FA680A4402F5306243F00063136046
:10969000BB685A01FB68134403F530631B68BA6862
:1096A0005101FA680A4402F5306243F080431360C6
:1096B000FB6803F50063DA6B3B681B7803F00F036C
:1096C000012101FA03F31B04DB43F96801F5006192
:1096D0001340CB63FB6803F50063DA693B681B78D2
:1096E00003F00F03012101FA03F31B04DB43F968C4
:1096F00001F500611340CB61BB685A01FB6813445C
:1097000003F530631A68BB685901FB680B4403F525
:1097100030631946054B13400B600023184614377D
:10972000BD465DF8047B7047007833EC0078F3EFBA
:1097300080B58AB002AFF860B9601346FB71FB6870
:10974000FB61BB681B78BB61BB685B78012B40F099
:109750007F81BB681B69002B32D1BB695A01FB6951
:10976000134403F510631B69BA695101FA690A448D
:1097700002F5106223F0FF5323F4C0131361BB6999
:109780005A01FB69134403F510631B69BA6951015F
:10979000FA690A4402F5106243F400231361BB69BD
:1097A0005A01FB69134403F510631B69BA6951013F
:1097B000FA690A4402F51062DB0CDB04136197E0DE
:1097C000BB695A01FB69134403F510631B69BA694D
:1097D0005101FA690A4402F51062DB0CDB041361E3
:1097E000BB695A01FB69134403F510631B69BA692D
:1097F0005101FA690A4402F5106223F0FF5323F481
:10980000C0131361BB69002B1AD1BB681A69BB680E
:109810009B689A4203D9BB689A68BB681A61BB69A6
:109820005A01FB69134403F510631B69BA695101BE
:10983000FA690A4402F5106243F40023136144E01C
:10984000BB681A69BB689B6813445A1EBB689B6857
:10985000B2FBF3F3FB82BB695A01FB69134403F5C6
:1098600010631A69FB8AD904A44B0B40B9694801FB
:10987000F969014401F5106113430B61BB681B7961
:10988000012B22D1BB695A01FB69134403F5106314
:109890001B69BA695101FA690A4402F5106223F0A2
:1098A000C0431361BB695A01FB69134403F510639C
:1098B0001A69FB8A5B0703F0C043B9694801F9697B
:1098C000014401F5106113430B61BB695A01FB6947
:1098D000134403F510631A69BB681B69C3F31203D1
:1098E000B9694801F969014401F5106113430B613D
:1098F000FB79012B4BD1BB68DB69002B09D0BB691D
:109900005A01FB69134403F510631A46BB68DB690F
:109910005361BB681B79012B28D1FB6903F50063F8
:109920009B6803F48073002B10D1BB695A01FB695B
:10993000134403F510631B68BA695101FA690A44BC
:1099400002F5106243F0005313600FE0BB695A0147
:10995000FB69134403F510631B68BA695101FA6986
:109960000A4402F5106243F080531360BB695A0148
:10997000FB69134403F510631B68BA695101FA6966
:109980000A4402F5106243F00443136066E1BB69C8
:109990005A01FB69134403F510631B68BA6951014E
:1099A000FA690A4402F5106243F004431360BB688D
:1099B0001B79012B15D0BB681B69002B00F04E8171
:1099C000FB6903F500635A6BBB681B7803F00F0358
:1099D000012101FA03F3F96901F5006113434B63B7
:1099E0003CE1FB6903F500639B6803F48073002B83
:1099F00010D1BB695A01FB69134403F510631B685E
:109A0000BA695101FA690A4402F5106243F0005341
:109A100013600FE0BB695A01FB69134403F510633F
:109A20001B68BA695101FA690A4402F5106243F0F1
:109A300080531360BB68D968BB681A78BB681B6920
:109A400098B2FB7900930346F86800F0B9F905E194
:109A5000BB695A01FB69134403F530631B69BA699A
:109A60005101FA690A4402F53062DB0CDB04136130
:109A7000BB695A01FB69134403F530631B69BA697A
:109A80005101FA690A4402F5306223F0FF5323F4CE
:109A9000C0131361BB69002B32D1BB681B69002B5B
:109AA00003D0BB689A68BB681A61BB689A68BB68D8
:109AB0001A62BB695A01FB69134403F530631A69E2
:109AC000BB681B6AC3F31203B9694801F969014411
:109AD00001F5306113430B61BB695A01FB69134403
:109AE00003F530631B69BA695101FA690A4402F54A
:109AF000306243F40023136162E000BF0000F81FEE
:109B0000BB681B69002B23D1BB695A01FB69134455
:109B100003F530631A69BB689B68C3F31203B96924
:109B20004801F969014401F5306113430B61BB69D8
:109B30005A01FB69134403F530631B69BA6951018B
:109B4000FA690A4402F5306243F40023136137E0F6
:109B5000BB681A69BB689B6813445A1EBB689B6844
:109B6000B2FBF3F3FB82BB689B68FA8A03FB02F249
:109B7000BB681A62BB695A01FB69134403F5306381
:109B80001A69FB8AD904384B0B40B9694801F96955
:109B9000014401F5306113430B61BB695A01FB6954
:109BA000134403F530631A69BB681B6AC3F31203DD
:109BB000B9694801F969014401F5306113430B614A
:109BC000FB79012B0DD1BB68DB68002B09D0BB688A
:109BD000D968BB695A01FB69134403F530630A462F
:109BE0005A61BB681B79012B28D1FB6903F500631F
:109BF0009B6803F48073002B10D1BB695A01FB6989
:109C0000134403F530631B68BA695101FA690A44C9
:109C100002F5306243F0005313600FE0BB695A0154
:109C2000FB69134403F530631B68BA695101FA6993
:109C30000A4402F5306243F080531360BB695A0155
:109C4000FB69134403F530631B68BA695101FA6973
:109C50000A4402F5306243F00443136000231846BF
:109C60002037BD4680BD00BF0000F81F80B487B01C
:109C700000AF786039600023FB600023FB757B68D0
:109C80003B613B685B78012B4AD13B681B785A01EA
:109C90003B69134403F510631B6803F00043B3F101
:109CA000004F40F086803B681B785A013B691344A3
:109CB00003F510631B683A68127851013A690A4447
:109CC00002F5106243F0006313603B681B785A0191
:109CD0003B69134403F510631B683A68127851011D
:109CE0003A690A4402F5106243F080431360FB684E
:109CF0000133FB60FB6842F21072934202D90123E8
:109D0000FB7556E03B681B785A013B69134403F529
:109D100010631B6803F00043B3F1004FE7D048E045
:109D20003B681B785A013B69134403F530631B6899
:109D300003F00043B3F1004F3BD13B681B785A015D
:109D40003B69134403F530631B683A68127851018C
:109D50003A690A4402F5306243F0006313603B68DD
:109D60001B785A013B69134403F530631B683A685A
:109D7000127851013A690A4402F5306243F0804397
:109D80001360FB680133FB60FB6842F21072934280
:109D900002D90123FB750CE03B681B785A013B6933
:109DA000134403F530631B6803F00043B3F1004F25
:109DB000E7D0FB7D18461C37BD465DF8047B704735
:109DC00080B489B000AFF860B96011461A460B46FE
:109DD000FB711346BB80FB687B61BB68FB6197F836
:109DE0002830002B23D1BB8803339B083B61002321
:109DF000BB6118E0FB791A037B69134403F58053B8
:109E00001A46FB691B681360FB690133FB61FB6940
:109E10000133FB61FB690133FB61FB690133FB61CA
:109E2000BB690133BB61BA693B699A42E2D3002343
:109E300018462437BD465DF8047B704780B48BB06C
:109E400000AFF860B9601346FB80FB68BB61BB687C
:109E50007B62FB889B089BB27B61FB8803F003035A
:109E6000FB8300233B6214E0BB6903F580531A684F
:109E70007B6A1A607B6A01337B627B6A01337B6297
:109E80007B6A01337B627B6A01337B623B6A01330D
:109E90003B623A6A7B699A42E6D3FB8B002B1ED069
:109EA00000233B62BB6903F580531A4607F1100398
:109EB00012681A603A693B6ADBB2DB0022FA03F3EC
:109EC000DAB27B6A1A703B6A01333B627B6A013308
:109ED0007B62FB8B013BFB83FB8B002BEAD17B6A14
:109EE00018462C37BD465DF8047B704780B485B0BA
:109EF00000AF786039607B68FB603B681B78BB60B3
:109F00003B685B78012B2CD1BB685A01FB6813447A
:109F100003F510631B68002B12DBBB68002B0FD00E
:109F2000BB685A01FB68134403F510631B68BA68E9
:109F30005101FA680A4402F5106223F0804313606D
:109F4000BB685A01FB68134403F510631B68BA68C9
:109F50005101FA680A4402F5106243F400131360D9
:109F60002BE0BB685A01FB68134403F530631B68A0
:109F7000002B12DBBB68002B0FD0BB685A01FB68BB
:109F8000134403F530631B68BA685101FA680A4448
:109F900002F5306223F080431360BB685A01FB680E
:109FA000134403F530631B68BA685101FA680A4428
:109FB00002F5306243F4001313600023184614378F
:109FC000BD465DF8047B704780B485B000AF786013
:109FD00039607B68FB603B681B78BB603B685B78E3
:109FE000012B28D1BB685A01FB68134403F51063A9
:109FF0001B68BA685101FA680A4402F5106223F43A
:10A00000001313603B681B79032B03D03B681B795B
:10A01000022B38D1BB685A01FB68134403F5106367
:10A020001B68BA685101FA680A4402F5106243F0ED
:10A030008053136027E0BB685A01FB68134403F5A3
:10A0400030631B68BA685101FA680A4402F530624D
:10A0500023F4001313603B681B79032B03D03B6888
:10A060001B79022B0FD1BB685A01FB68134403F51F
:10A0700030631B68BA685101FA680A4402F530621D
:10A0800043F080531360002318461437BD465DF833
:10A09000047B704780B485B000AF78600B46FB70DE
:10A0A0007B68FB60FB6803F500631B68FA6802F5D8
:10A0B000006223F4FE631360FB6803F500631A6813
:10A0C000FB781B0103F4FE63F96801F5006113439B
:10A0D0000B60002318461437BD465DF8047B7047BB
:10A0E00080B485B000AF78607B68FB60FB6803F5E7
:10A0F00060631B68FA6802F5606223F00303136073
:10A10000FB6803F500635B68FA6802F5006223F000
:10A1100002035360002318461437BD465DF8047BE4
:10A12000704780B485B000AF78607B68FB60FB68E7
:10A1300003F560631B68FA6802F5606223F00303AD
:10A140001360FB6803F500635B68FA6802F5006260
:10A1500043F002035360002318461437BD465DF8F0
:10A16000047B704780B485B000AF78607B685B6922
:10A17000FB607B689B69FA681340FB60FB681846CC
:10A180001437BD465DF8047B704780B485B000AFDE
:10A1900078607B68FB60FB6803F500639B69BB60CC
:10A1A000FB6803F50063DB69BA681340BB60BB68FA
:10A1B0001B0C18461437BD465DF8047B704780B40D
:10A1C00085B000AF78607B68FB60FB6803F50063D7
:10A1D0009B69BB60FB6803F50063DB69BA681340E9
:10A1E000BB60BB689BB218461437BD465DF8047B64
:10A1F000704780B485B000AF78600B46FB707B6819
:10A20000FB60FB785A01FB68134403F530639B68DD
:10A21000BB60FB6803F500635B69BA681340BB6011
:10A22000BB6818461437BD465DF8047B704780B4A0
:10A2300087B000AF78600B46FB707B687B617B6901
:10A2400003F500631B693B617B6903F500635B6B8E
:10A25000FB60FB7803F00F03FA6822FA03F3DB01DB
:10A26000DBB23A6913433B61FB785A017B691344C3
:10A2700003F510639B683A691340BB60BB681846DE
:10A280001C37BD465DF8047B704780B483B000AFD7
:10A2900078607B685B6903F0010318460C37BD46A4
:10A2A0005DF8047B704780B485B000AF78607B6850
:10A2B000FB60FB6803F510631B68FA6802F5106227
:10A2C00023F4FF6323F007031360FB6803F50063C7
:10A2D0005B68FA6802F5006243F480735360002300
:10A2E00018461437BD465DF8047B704780B487B0CC
:10A2F00000AFF8600B467A60FB72FB687B61FB681D
:10A300003C3304331B683B613B69264A93420AD9BC
:10A310007B6903F530631B6803F00043B3F1004F22
:10A3200001D1002337E07B6903F530631A4600232F
:10A3300013617B6903F530631B697A6902F530624A
:10A3400043F4002313617B6903F530631B697A6969
:10A3500002F5306243F0180313617B6903F5306343
:10A360001B697A6902F5306243F0C0431361FB7ADE
:10A37000012B0FD17B6903F530631A467B6853616B
:10A380007B6903F530631B687A6902F5306243F03C
:10A3900080231360002318461C37BD465DF8047BFC
:10A3A000704700BF0A30544F80B485B000AF78606A
:10A3B0000023FB60FB680133FB60FB68B3F1706F47
:10A3C00001D9032322E07B681B69002BF2DA0A2300
:10A3D000FB6002E0FB68013BFB60FB68002BF9D1EE
:10A3E0007B681B6943F001027B681A61FB680133DB
:10A3F000FB60FB68B3F1706F01D9032306E07B6853
:10A400001B6903F00103012BF0D000231846143719
:10A41000BD465DF8047B704780B586B000AF7860BC
:10A420007B68002B01D1012367E27B681B6803F086
:10A430000103002B75D0884B9B6803F00C03042BA1
:10A440000CD0854B9B6803F00C03082B12D1824B78
:10A450005B6803F48003B3F5800F0BD17E4B1B6860
:10A4600003F40033002B5BD07B685B68002B57D173
:10A47000012342E27B685B68B3F5803F06D1764BEF
:10A480001B68754A43F4803313601DE07B685B688A
:10A49000B3F5A02F0CD1704B1B686F4A43F4802397
:10A4A00013606D4B1B686C4A43F4803313600BE000
:10A4B000694B1B68684A23F480331360664B1B6842
:10A4C000654A23F4802313607B685B68002B13D0FC
:10A4D00001F0FEFA386108E001F0FAFA02463B6941
:10A4E000D31A642B01D9032307E25B4B1B6803F4E7
:10A4F0000033002BF0D014E001F0EAFA386108E0F4
:10A5000001F0E6FA02463B69D31A642B01D9032312
:10A51000F3E1514B1B6803F40033002BF0D100E052
:10A5200000BF7B681B6803F00203002B63D04A4B1B
:10A530009B6803F00C03002B0BD0474B9B6803F088
:10A540000C03082B1CD1444B5B6803F48003002BE5
:10A5500016D1414B1B6803F00203002B05D07B682A
:10A56000DB68012B01D00123C7E13B4B1B6823F0C3
:10A57000F8027B681B69DB00374913430B603AE044
:10A580007B68DB68002B20D0344B01221A6001F07D
:10A590009FFA386108E001F09BFA02463B69D31A42
:10A5A000022B01D90323A8E12B4B1B6803F0020304
:10A5B000002BF0D0284B1B6823F0F8027B681B6946
:10A5C000DB00254913430B6015E0244B00221A6081
:10A5D00001F07EFA386108E001F07AFA02463B6940
:10A5E000D31A022B01D9032387E11B4B1B6803F00D
:10A5F0000203002BF0D17B681B6803F00803002BDB
:10A6000036D07B685B69002B16D0154B01221A608F
:10A6100001F05EFA386108E001F05AFA02463B693F
:10A62000D31A022B01D9032367E10B4B5B6F03F0B5
:10A630000203002BF0D01BE0094B00221A6001F04E
:10A6400047FA38610EE001F043FA02463B69D31A3B
:10A65000022B07D9032350E1003802400000474293
:10A66000800E4742884B5B6F03F00203002BEAD158
:10A670007B681B6803F00403002B00F09780002325
:10A68000FB75814B1B6C03F08053002B0FD1002313
:10A69000BB607D4B1B6C7C4A43F0805313647A4B48
:10A6A0001B6C03F08053BB60BB680123FB75774BC9
:10A6B0001B6803F48073002B18D1744B1B68734A1A
:10A6C00043F48073136001F003FA386108E001F08D
:10A6D000FFF902463B69D31A022B01D903230CE18F
:10A6E0006A4B1B6803F48073002BF0D07B689B6877
:10A6F000012B06D1644B1B6F634A43F001031367C0
:10A700001CE07B689B68052B0CD15F4B1B6F5E4A7E
:10A7100043F0040313675C4B1B6F5B4A43F0010378
:10A7200013670BE0584B1B6F574A23F00103136765
:10A73000554B1B6F544A23F0040313677B689B68D7
:10A74000002B15D001F0C4F938610AE001F0C0F91E
:10A7500002463B69D31A41F28832934201D903235E
:10A76000CBE0494B1B6F03F00203002BEED014E04B
:10A7700001F0AEF938610AE001F0AAF902463B693E
:10A78000D31A41F28832934201D90323B5E03E4BFC
:10A790001B6F03F00203002BEED1FB7D012B05D1D3
:10A7A000394B1B6C384A23F0805313647B689B69D8
:10A7B000002B00F0A180344B9B6803F00C03082BA6
:10A7C0005CD07B689B69022B41D1314B00221A601F
:10A7D00001F07EF9386108E001F07AF902463B6940
:10A7E000D31A022B01D9032387E0274B1B6803F000
:10A7F0000073002BF0D17B68DA697B681B6A1A430F
:10A800007B685B6A9B011A437B689B6A5B08013B20
:10A810001B041A437B68DB6A1B061B4913434B600E
:10A820001B4B01221A6001F053F9386108E001F076
:10A830004FF902463B69D31A022B01D903235CE08E
:10A84000114B1B6803F00073002BF0D054E0104B49
:10A8500000221A6001F03CF9386108E001F038F993
:10A8600002463B69D31A022B01D9032345E0064B6C
:10A870001B6803F00073002BF0D13DE07B689B69FF
:10A88000012B07D1012338E000380240007000405E
:10A89000600047421B4B5B68FB607B689B69012B38
:10A8A00028D0FB6803F480027B68DB699A4221D1DF
:10A8B000FB6803F03F027B681B6A9A421AD1FA6870
:10A8C00047F6C07313407A68526A9201934211D1DD
:10A8D000FB6803F440327B689B6A5B08013B1B0406
:10A8E0009A4207D1FB6803F070627B68DB6A1B0643
:10A8F0009A4201D0012300E0002318461837BD46D4
:10A9000080BD00BF0038024080B584B000AF7860E1
:10A9100039607B68002B01D10123CCE0684B1B68B8
:10A9200003F007033A689A420CD9654B3A68D2B2F1
:10A930001A70634B1B6803F007033A689A4201D010
:10A940000123B8E07B681B6803F00203002B20D0D2
:10A950007B681B6803F00403002B05D0594B9B68F0
:10A96000584A43F4E05393607B681B6803F0080384
:10A97000002B05D0534B9B68524A43F460439360CD
:10A98000504B9B6823F0F0027B689B684D49134352
:10A990008B607B681B6803F00103002B44D07B684D
:10A9A0005B68012B07D1474B1B6803F40033002B76
:10A9B00019D101237FE07B685B68022B03D07B68A1
:10A9C0005B68032B07D13F4B1B6803F00073002B20
:10A9D00009D101236FE03B4B1B6803F00203002BFE
:10A9E00001D1012367E0374B9B6823F003027B68AA
:10A9F0005B68344913438B6001F06AF8F8600AE041
:10AA000001F066F80246FB68D31A41F2883293429D
:10AA100001D903234FE02B4B9B6803F00C027B68AA
:10AA20005B689B009A42EBD1254B1B6803F0070340
:10AA30003A689A420CD2224B3A68D2B21A70204B32
:10AA40001B6803F007033A689A4201D0012332E001
:10AA50007B681B6803F00403002B08D0194B9B682C
:10AA600023F4E0527B68DB68164913438B607B68F4
:10AA70001B6803F00803002B09D0124B9B6823F4DA
:10AA800060427B681B69DB000E4913438B6000F05A
:10AA900021F802460B4B9B681B0903F00F030A4980
:10AAA000CB5C22FA03F3094A1360094B1B68184672
:10AAB000F7F734F8002318461037BD4680BD00BFB5
:10AAC000003C024000380240A0390108700000201C
:10AAD000680000202DE9B04F90B000AF00237B63E9
:10AAE0000023FB6300233B630023BB63594B9B683C
:10AAF00003F00C03082B0DD0082B00F2A180002BD3
:10AB000002D0042B03D09BE0534BBB639BE0534B21
:10AB1000BB6398E04F4B5B6803F03F037B634D4B97
:10AB20005B6803F48003002B28D04A4B5B689B09C9
:10AB300000223B627A623B6AC3F308000021474B64
:10AB400003FB01F2002300FB03F31344434AA0FB81
:10AB50000212FA620A46BA62FA6A1344FB627B6B1B
:10AB60000022BB61FA61D7E90623D7E90A01F6F7AB
:10AB70002BF802460B461346FB6353E0354B5B68EC
:10AB80009B0900223B617A613B69C3F3080A4FF0DD
:10AB9000000B52465B464FF000004FF00001590198
:10ABA00041EAD261500102460B46B2EB0A0863EB60
:10ABB0000B094FF000024FF000034FEA891343EAFC
:10ABC00098634FEA8812B2EB080463EB09054FF073
:10ABD00000024FF00003EB0043EA5473E200144616
:10ABE0001D4614EB0A033B6045EB0B037B604FF003
:10ABF00000024FF00003D7E9004529468B022146A9
:10AC000043EA915321468A02104619467B6B002283
:10AC1000BB60FA60D7E90223F5F7D6FF02460B4680
:10AC20001346FB630B4B5B681B0C03F00303013300
:10AC30005B003B63FA6B3B6BB2FBF3F3BB6302E07D
:10AC4000054BBB6300BFBB6B18464037BD46BDE834
:10AC5000B08F00BF003802400024F40040787D012E
:10AC600080B400AF034B1B681846BD465DF8047BFB
:10AC7000704700BF7000002080B500AFFFF7F0FF05
:10AC80000246054B9B689B0A03F007030349CB5C14
:10AC900022FA03F3184680BD00380240B03901089B
:10ACA00080B500AFFFF7DCFF0246054B9B685B0BEE
:10ACB00003F007030349CB5C22FA03F3184680BD77
:10ACC00000380240B039010880B483B000AF78602A
:10ACD00039607B680F221A60124B9B6803F00302F5
:10ACE0007B685A600F4B9B6803F0F0027B689A60A8
:10ACF0000C4B9B6803F4E0527B68DA60094B9B685D
:10AD0000DB0803F4E0527B681A61074B1B6803F011
:10AD100007023B681A6000BF0C37BD465DF8047B34
:10AD2000704700BF00380240003C024080B489B048
:10AD300000AF7860396000237B6100233B61002312
:10AD4000BB610023FB6159E10122FB6902FA03F3B5
:10AD50007B613B681B687A6913403B613A697B6998
:10AD60009A4240F048813B685B6803F00303012B83
:10AD700005D03B685B6803F00303022B30D17B688E
:10AD80009B68BB61FB695B00032202FA03F3DB43B0
:10AD9000BA691340BB613B68DA68FB695B0002FA81
:10ADA00003F3BA691343BB617B68BA699A607B6835
:10ADB0005B68BB610122FB6902FA03F3DB43BA69FA
:10ADC0001340BB613B685B681B0903F00102FB6930
:10ADD00002FA03F3BA691343BB617B68BA695A602C
:10ADE0003B685B6803F00303032B17D07B68DB68C9
:10ADF000BB61FB695B00032202FA03F3DB43BA6920
:10AE00001340BB613B689A68FB695B0002FA03F37D
:10AE1000BA691343BB617B68BA69DA603B685B68F7
:10AE200003F00303022B23D1FB69DA087B680832A5
:10AE300053F82230BB61FB6903F007039B000F222C
:10AE400002FA03F3DB43BA691340BB613B681A693A
:10AE5000FB6903F007039B0002FA03F3BA6913438B
:10AE6000BB61FB69DA087B680832B96943F82210D4
:10AE70007B681B68BB61FB695B00032202FA03F37A
:10AE8000DB43BA691340BB613B685B6803F00302B4
:10AE9000FB695B0002FA03F3BA691343BB617B6889
:10AEA000BA691A603B685B6803F44033002B00F01A
:10AEB000A2800023FB60574B5B6C564A43F48043EF
:10AEC0005364544B5B6C03F48043FB60FB68524A51
:10AED000FB699B08023352F82330BB61FB6903F026
:10AEE00003039B000F2202FA03F3DB43BA6913400A
:10AEF000BB617B68494A934219D07B68484A9342B8
:10AF000013D07B68474A93420DD07B68464A9342F0
:10AF100007D07B68454A934201D1042308E0072308
:10AF200006E0032304E0022302E0012300E0002303
:10AF3000FA6902F0030292009340BA691343BB61BD
:10AF40003549FB699B080233BA6941F82320384B25
:10AF50009B68BB613B69DB43BA691340BB613B68DB
:10AF60005B6803F48013002B03D0BA693B69134379
:10AF7000BB612F4ABB6993602D4BDB68BB613B69AA
:10AF8000DB43BA691340BB613B685B6803F40013A1
:10AF9000002B03D0BA693B691343BB61244ABB69E8
:10AFA000D360234B5B68BB613B69DB43BA691340E9
:10AFB000BB613B685B6803F40033002B03D0BA69C4
:10AFC0003B691343BB611A4ABB695360184B1B684A
:10AFD000BB613B69DB43BA691340BB613B685B689B
:10AFE00003F48033002B03D0BA693B691343BB6180
:10AFF0000F4ABB691360FB690133FB61FB690F2BCF
:10B000007FF6A2AE00BF00BF2437BD465DF8047BCB
:10B01000704700BF00380240003801400000024085
:10B020000004024000080240000C024000100240F0
:10B03000003C014080B483B000AF78600B467B8059
:10B0400013467B707B78002B03D07A887B689A61EB
:10B0500003E07B881A047B689A6100BF0C37BD4609
:10B060005DF8047B704780B485B000AF78600B4614
:10B070007B807B685B69FB607A88FB6813401A04FD
:10B08000FB68D9437B880B401A437B689A6100BFF9
:10B090001437BD465DF8047B7047000080B586B06C
:10B0A00000AF786000237B6100F012FD38617B689F
:10B0B000002B01D1012399E07B68022283F835201F
:10B0C0007B68002283F834207B681B681A687B68E1
:10B0D0001B6822F001021A600FE000F0F9FC024642
:10B0E0003B69D31A052B08D97B6820225A657B68F7
:10B0F000032283F83520032378E07B681B681B68F4
:10B1000003F00103002BE8D17B681B681B687B619F
:10B110007A69384B13407B617B685A687B689B680F
:10B120001A437B68DB681A437B681B691A437B6898
:10B130005B691A437B689B691A437B68DB691A4326
:10B140007B681B6A13437A6913437B617B685B6A84
:10B15000042B07D17B68DA6A7B681B6B13437A691F
:10B1600013437B617B681B687A691A607B681B6884
:10B170005B697B617B6923F007037B617B685B6AAA
:10B180007A6913437B617B685B6A042B17D17B6808
:10B190009B6A7A6913437B617B68DB6A002B0ED064
:10B1A000786800F001FB0346002B08D07B68402242
:10B1B0005A657B68012283F83520012316E07B68FD
:10B1C0001B687A695A61786800F0B8FA0346FB6038
:10B1D0007B68DB6D3F229A40FB689A607B680022A7
:10B1E0005A657B68012283F83520002318461837FA
:10B1F000BD4680BD3F8010F080B586B000AFF860DE
:10B20000B9607A603B600023FB75FB689B6D3B6116
:10B21000FB6893F83430012B01D1022340E0FB6836
:10B22000012283F83420FB6893F83530DBB2012B20
:10B230002FD1FB68022283F83520FB6800225A6573
:10B240003B687A68B968F86800F04AFAFB68DB6D19
:10B250003F229A403B699A60FB681B681A68FB684A
:10B260001B6842F016021A60FB681B6C002B07D0AB
:10B27000FB681B681A68FB681B6842F008021A60CA
:10B28000FB681B681A68FB681B6842F001021A60C1
:10B2900005E0FB68002283F834200223FB75FB7D68
:10B2A00018461837BD4680BD80B584B000AF7860C1
:10B2B0007B689B6DFB6000F00BFCB8607B6893F8CB
:10B2C0003530DBB2022B08D07B6880225A657B6860
:10B2D000002283F83420012352E07B681B681A683F
:10B2E0007B681B6822F016021A607B681B685A692B
:10B2F0007B681B6822F080025A617B681B6C002B04
:10B3000003D17B689B6C002B07D07B681B681A6895
:10B310007B681B6822F008021A607B681B681A6849
:10B320007B681B6822F001021A6013E000F0D0FB7A
:10B330000246BB68D31A052B0CD97B6820225A65BC
:10B340007B68032283F835207B68002283F8342051
:10B35000032315E07B681B681B6803F00103002BC7
:10B36000E4D17B68DB6D3F229A40FB689A607B6882
:10B37000012283F835207B68002283F834200023E3
:10B3800018461037BD4680BD80B483B000AF7860EA
:10B390007B6893F83530DBB2022B04D07B688022C7
:10B3A0005A6501230CE07B68052283F835207B6811
:10B3B0001B681A687B681B6822F001021A60002370
:10B3C00018460C37BD465DF8047B704780B586B0E3
:10B3D00000AF78600023BB608E4B1B688E4AA2FBD7
:10B3E00003239B0A7B617B689B6D3B613B691B6808
:10B3F000FB607B68DB6D08229A40FB681340002BE2
:10B400001AD07B681B681B6803F00403002B13D061
:10B410007B681B681A687B681B6822F004021A604C
:10B420007B68DB6D08229A403B699A607B685B6DA4
:10B4300043F001027B685A657B68DB6D01229A400C
:10B44000FB681340002B12D07B681B685B6903F01C
:10B450008003002B0BD07B68DB6D01229A403B6997
:10B460009A607B685B6D43F002027B685A657B687B
:10B47000DB6D04229A40FB681340002B12D07B68DE
:10B480001B681B6803F00203002B0BD07B68DB6D8D
:10B4900004229A403B699A607B685B6D43F004022A
:10B4A0007B685A657B68DB6D10229A40FB6813400D
:10B4B000002B43D07B681B681B6803F00803002B3C
:10B4C0003CD07B68DB6D10229A403B699A607B68B8
:10B4D0001B681B6803F48023002B18D07B681B6853
:10B4E0001B6803F40023002B08D17B681B6C002B26
:10B4F00024D07B681B6C786898471FE07B689B6C46
:10B50000002B1BD07B689B6C7868984716E07B68A3
:10B510001B681B6803F48073002B07D17B681B68D2
:10B520001A687B681B6822F008021A607B681B6C33
:10B53000002B03D07B681B6C786898477B68DB6DB9
:10B5400020229A40FB681340002B00F08F807B681C
:10B550001B681B6803F01003002B00F087807B68DA
:10B56000DB6D20229A403B699A607B6893F8353006
:10B57000DBB2052B36D17B681B681A687B681B68B9
:10B5800022F016021A607B681B685A697B681B6888
:10B5900022F080025A617B681B6C002B03D17B6810
:10B5A0009B6C002B07D07B681B681A687B681B6844
:10B5B00022F008021A607B68DB6D3F229A403B69EB
:10B5C0009A607B68012283F835207B68002283F82B
:10B5D00034207B681B6D002B7ED07B681B6D7868E8
:10B5E000984779E07B681B681B6803F48023002B75
:10B5F0001DD07B681B681B6803F40023002B0DD152
:10B600007B685B6C002B31D07B685B6C78689847FB
:10B610002CE000BF70000020B5814E1B7B68DB6B07
:10B62000002B23D07B68DB6B786898471EE07B6833
:10B630001B681B6803F48073002B0FD17B681B68A9
:10B640001A687B681B6822F010021A607B6801226E
:10B6500083F835207B68002283F834207B68DB6B1D
:10B66000002B03D07B68DB6B786898477B685B6D49
:10B67000002B32D07B685B6D03F00103002B22D0DE
:10B680007B68052283F835207B681B681A687B6815
:10B690001B6822F001021A60BB680133BB607A6943
:10B6A0009A4207D37B681B681B6803F00103002BD9
:10B6B000F2D100E000BF7B68012283F835207B686F
:10B6C000002283F834207B68DB6C002B05D07B687C
:10B6D000DB6C7868984700E000BF1837BD4680BD36
:10B6E00080B485B000AFF860B9607A603B60FB68F9
:10B6F0001B681A68FB681B6822F480221A60FB68CA
:10B700001B683A685A60FB689B68402B08D1FB684D
:10B710001B687A689A60FB681B68BA68DA6007E0A1
:10B72000FB681B68BA689A60FB681B687A68DA6015
:10B7300000BF1437BD465DF8047B704780B485B008
:10B7400000AF78607B681B68DBB2103B144AA2FB39
:10B7500003231B09FB60134AFB6813441B781A463A
:10B760007B68DA65FB68032B09D97B681B6823F4C7
:10B770007F7323F003031A1D7B689A6507E07B68DB
:10B780001B6823F47F7323F003037A6893657B6857
:10B790009B6D18461437BD465DF8047B704700BFAB
:10B7A000ABAAAAAA9839010880B485B000AF786026
:10B7B0000023FB737B689B6ABB607B689B69002BE3
:10B7C0001FD1BB68032B56D801A252F823F000BF4B
:10B7D000E1B70008F3B70008E1B7000877B8000840
:10B7E0007B68DB6A03F08073002B46D00123FB7378
:10B7F00043E07B68DB6AB3F1C07F40D10123FB7378
:10B800003DE07B689B69B3F5005F21D1BB68032BEA
:10B8100037D801A252F823F029B800082FB8000841
:10B8200029B8000841B800080123FB7330E07B68A9
:10B83000DB6A03F08073002B25D00123FB7322E029
:10B840007B68DB6AB3F1C07F1FD10123FB731CE06F
:10B85000BB68022B03D9BB68032B03D018E001237C
:10B86000FB7315E07B68DB6A03F08073002B0ED05E
:10B870000123FB730BE000BF0AE000BF08E000BF3C
:10B8800006E000BF04E000BF02E000BF00E000BF30
:10B89000FB7B18461437BD465DF8047B704700BF3C
:10B8A00080B485B000AF78607B6803F00703FB606D
:10B8B0000C4BDB68BB60BA684FF6FF031340BB60FC
:10B8C000FB681A02BB68134343F0BF6343F40033C1
:10B8D000BB60044ABB68D36000BF1437BD465DF847
:10B8E000047B704700ED00E080B400AF044BDB68E0
:10B8F0001B0A03F007031846BD465DF8047B70473A
:10B9000000ED00E080B483B000AF0346FB7197F90F
:10B910000730002B0BDBFB7903F01F02074997F977
:10B9200007305B09012000FA02F241F8232000BF32
:10B930000C37BD465DF8047B704700BF00E100E0B6
:10B9400080B483B000AF03463960FB7197F90730CC
:10B95000002B0ADB3B68DAB20C4997F90730120179
:10B96000D2B20B4483F800230AE03B68DAB20849FC
:10B97000FB7903F00F03043B1201D2B20B441A7699
:10B9800000BF0C37BD465DF8047B704700E100E066
:10B9900000ED00E080B489B000AFF860B9607A6073
:10B9A000FB6803F00703FB61FB69C3F10703042B8A
:10B9B00028BF0423BB61FB690433062B02D9FB6952
:10B9C000033B00E000237B614FF0FF32BB6902FACA
:10B9D00003F3DA43BB681A407B699A404FF0FF31AA
:10B9E0007B6901FA03F3D9437B680B401343184684
:10B9F0002437BD465DF8047B704780B582B000AF48
:10BA000078607868FFF74CFF00BF0837BD4680BDFF
:10BA100080B586B000AF0346B9607A60FB7300233F
:10BA20007B61FFF761FF78617A68B9687869FFF731
:10BA3000B1FF024697F90F3011461846FFF780FF15
:10BA400000BF1837BD4680BD80B582B000AF034649
:10BA5000FB7197F907301846FFF754FF00BF08370E
:10BA6000BD4680BD80B500AF0E4B1B680D4A43F448
:10BA7000007313600B4B1B680A4A43F48063136026
:10BA8000084B1B68074A43F4807313600320FFF7D9
:10BA9000B4FF0520F6F742F8F5F754FE00231846E8
:10BAA00080BD00BF003C024080B400AF064B1B7855
:10BAB0001A46064B1B681344044A136000BFBD4678
:10BAC0005DF8047B704700BF6C000020A06A002076
:10BAD00080B400AF034B1B681846BD465DF8047B7D
:10BAE000704700BFA06A002080B584B000AF7860C6
:10BAF000FFF7EEFFB8607B68FB60FB68B3F1FF3FC8
:10BB000005D00A4B1B781A46FB681344FB6000BF44
:10BB1000FFF7DEFF0246BB68D31AFA689A42F7D8ED
:10BB200000BF00BF1037BD4680BD00BF6C000020C5
:10BB300080B582B000AF78607B68002B01D1012313
:10BB400041E07B6893F83D30DBB2002B06D17B6887
:10BB5000002283F83C207868F5F764FE7B680222B7
:10BB600083F83D207B681A687B68043319461046C9
:10BB700000F096FC7B68012283F846207B68012256
:10BB800083F83E207B68012283F83F207B680122F6
:10BB900083F840207B68012283F841207B680122E2
:10BBA00083F842207B68012283F843207B680122CE
:10BBB00083F844207B68012283F845207B680122BA
:10BBC00083F83D20002318460837BD4680BD00009D
:10BBD00080B485B000AF78607B6893F83D30DBB20D
:10BBE000012B01D001233CE07B68022283F83D2039
:10BBF0007B681B681E4A934218D07B681B68B3F1B0
:10BC0000804F13D07B681B681A4A93420ED07B6822
:10BC10001B68194A934209D07B681B68174A9342F4
:10BC200004D07B681B68164A934211D17B681B685D
:10BC30009B6803F00703FB60FB68062B10D07B6852
:10BC40001B681A687B681B6842F001021A6007E0F3
:10BC50007B681B681A687B681B6842F001021A60E7
:10BC6000002318461437BD465DF8047B704700BFBB
:10BC7000000001400004004000080040000C0040AB
:10BC80000040014080B485B000AF78607B6893F8D5
:10BC90003D30DBB2012B01D0012344E07B6802225E
:10BCA00083F83D207B681B68DA687B681B6842F07C
:10BCB0000102DA607B681B681E4A934218D07B68D9
:10BCC0001B68B3F1804F13D07B681B681A4A9342FC
:10BCD0000ED07B681B68194A934209D07B681B68A9
:10BCE000174A934204D07B681B68164A934211D1CD
:10BCF0007B681B689B6803F00703FB60FB68062BEF
:10BD000010D07B681B681A687B681B6842F00102D0
:10BD10001A6007E07B681B681A687B681B6842F042
:10BD200001021A60002318461437BD465DF8047BF3
:10BD3000704700BF000001400004004000080040C0
:10BD4000000C00400040014080B582B000AF786038
:10BD50007B68002B01D1012341E07B6893F83D30E3
:10BD6000DBB2002B06D17B68002283F83C20786888
:10BD700000F039F87B68022283F83D207B681A685E
:10BD80007B6804331946104600F08AFB7B68012269
:10BD900083F846207B68012283F83E207B680122DD
:10BDA00083F83F207B68012283F840207B680122D2
:10BDB00083F841207B68012283F842207B680122BE
:10BDC00083F843207B68012283F844207B680122AA
:10BDD00083F845207B68012283F83D200023184624
:10BDE0000837BD4680BD80B483B000AF786000BF27
:10BDF0000C37BD465DF8047B7047000080B584B009
:10BE000000AF786039603B68002B09D17B6893F8FC
:10BE10003E30DBB2012B14BF01230023DBB222E052
:10BE20003B68042B09D17B6893F83F30DBB2012BD0
:10BE300014BF01230023DBB215E03B68082B09D1B6
:10BE40007B6893F84030DBB2012B14BF0123002341
:10BE5000DBB208E07B6893F84130DBB2012B14BF02
:10BE600001230023DBB2002B01D0012368E03B68F3
:10BE7000002B04D17B68022283F83E2013E03B684C
:10BE8000042B04D17B68022283F83F200BE03B683F
:10BE9000082B04D17B68022283F8402003E07B68F2
:10BEA000022283F841207B681B680122396818460A
:10BEB00000F0A2FD7B681B68234A934207D17B6890
:10BEC0001B685A6C7B681B6842F400425A647B68AA
:10BED0001B681D4A934218D07B681B68B3F1804FE2
:10BEE00013D07B681B68194A93420ED07B681B688D
:10BEF000174A934209D07B681B68164A934204D0C4
:10BF00007B681B68144A934211D17B681B689B684D
:10BF100003F00703FB60FB68062B10D07B681B68EF
:10BF20001A687B681B6842F001021A6007E07B68B0
:10BF30001B681A687B681B6842F001021A600023C4
:10BF400018461037BD4680BD000001400004004087
:10BF500000080040000C00400040014080B584B063
:10BF600000AF78607B681B68DB68FB607B681B68E0
:10BF70001B69BB60BB6803F00203002B20D0FB6889
:10BF800003F00203002B1BD07B681B686FF00202DA
:10BF90001A617B6801221A777B681B689B6903F032
:10BFA0000303002B03D0786800F05BFA05E07868A3
:10BFB00000F04DFA786800F05EFA7B6800221A778C
:10BFC000BB6803F00403002B20D0FB6803F00403DC
:10BFD000002B1BD07B681B686FF004021A617B6822
:10BFE00002221A777B681B689B6903F44073002B5D
:10BFF00003D0786800F035FA05E0786800F027FA99
:10C00000786800F038FA7B6800221A77BB6803F082
:10C010000803002B20D0FB6803F00803002B1BD083
:10C020007B681B686FF008021A617B6804221A772C
:10C030007B681B68DB6903F00303002B03D078687F
:10C0400000F00FFA05E0786800F001FA786800F077
:10C0500012FA7B6800221A77BB6803F01003002BEA
:10C0600020D0FB6803F01003002B1BD07B681B68FB
:10C070006FF010021A617B6808221A777B681B68D0
:10C08000DB6903F44073002B03D0786800F0E9F912
:10C0900005E0786800F0DBF9786800F0ECF97B687F
:10C0A00000221A77BB6803F00103002B0CD0FB6859
:10C0B00003F00103002B07D07B681B686FF00102BF
:10C0C0001A617868F5F75CFABB6803F08003002B0F
:10C0D0000CD0FB6803F08003002B07D07B681B6843
:10C0E0006FF080021A61786800F076FDBB6803F09B
:10C0F0004003002B0CD0FB6803F04003002B07D05B
:10C100007B681B686FF040021A61786800F0BDF927
:10C11000BB6803F02003002B0CD0FB6803F0200366
:10C12000002B07D07B681B686FF020021A617868CB
:10C1300000F048FD00BF1037BD4680BD80B586B019
:10C1400000AFF860B9607A600023FB75FB6893F874
:10C150003C30012B01D10223AEE0FB68012283F8C1
:10C160003C207B680C2B00F29F8001A252F823F048
:10C17000A5C10008A9C20008A9C20008A9C20008F8
:10C18000E5C10008A9C20008A9C20008A9C20008A8
:10C1900027C20008A9C20008A9C20008A9C2000855
:10C1A00067C20008FB681B68B968184600F0FEF912
:10C1B000FB681B689A69FB681B6842F008029A6179
:10C1C000FB681B689A69FB681B6822F004029A618D
:10C1D000FB681B689969BB681A69FB681B680A439E
:10C1E0009A6164E0FB681B68B968184600F044FA7D
:10C1F000FB681B689A69FB681B6842F400629A61DD
:10C20000FB681B689A69FB681B6822F480629A616C
:10C21000FB681B689969BB681B691A02FB681B688D
:10C220000A439A6143E0FB681B68B968184600F04E
:10C230008FFAFB681B68DA69FB681B6842F008022A
:10C24000DA61FB681B68DA69FB681B6822F004028C
:10C25000DA61FB681B68D969BB681A69FB681B68EF
:10C260000A43DA6123E0FB681B68B968184600F0EE
:10C27000D9FAFB681B68DA69FB681B6842F4006244
:10C28000DA61FB681B68DA69FB681B6822F480626C
:10C29000DA61FB681B68D969BB681B691A02FB6815
:10C2A0001B680A43DA6102E00123FB7500BFFB68EB
:10C2B000002283F83C20FB7D18461837BD4680BD20
:10C2C00080B584B000AF786039600023FB737B6871
:10C2D00093F83C30012B01D10223B4E07B680122AA
:10C2E00083F83C207B68022283F83D207B681B6832
:10C2F0009B68BB60BB6823F07703BB60BB6823F41B
:10C300007F43BB607B681B68BA689A603B681B68A8
:10C31000B3F5005F3ED0B3F5005F00F28780B3F560
:10C32000805F00F08680B3F5805F7FD8702B1AD0D5
:10C33000702B7BD8602B50D0602B77D8502B3CD003
:10C34000502B73D8402B58D0402B6FD8302B64D053
:10C35000302B6BD8202B60D0202B67D8002B5CD0E3
:10C36000102B5AD062E07B6818683B6899683B687C
:10C370005A683B68DB6800F01FFB7B681B689B68A2
:10C38000BB60BB6843F07703BB607B681B68BA681F
:10C390009A604FE07B6818683B6899683B685A6808
:10C3A0003B68DB6800F008FB7B681B689A687B6869
:10C3B0001B6842F480429A603CE07B6818683B68E6
:10C3C00059683B68DB681A4600F07CFA7B681B689A
:10C3D0005021184600F0D5FA2CE07B6818683B68BD
:10C3E00059683B68DB681A4600F09BFA7B681B685B
:10C3F0006021184600F0C5FA1CE07B6818683B68AD
:10C4000059683B68DB681A4600F05CFA7B681B6879
:10C410004021184600F0B5FA0CE07B681A683B68CA
:10C420001B681946104600F0ACFA03E00123FB73C9
:10C4300000E000BF7B68012283F83D207B6800227A
:10C4400083F83C20FB7B18461037BD4680BD80B486
:10C4500083B000AF786000BF0C37BD465DF8047B49
:10C46000704780B483B000AF786000BF0C37BD4622
:10C470005DF8047B704780B483B000AF786000BF84
:10C480000C37BD465DF8047B704780B483B000AFC5
:10C49000786000BF0C37BD465DF8047B7047000034
:10C4A00080B485B000AF786039607B681B68FB6042
:10C4B0007B68374A93420FD07B68B3F1804F0BD033
:10C4C0007B68344A934207D07B68334A934203D057
:10C4D0007B68324A934208D1FB6823F07003FB600B
:10C4E0003B685B68FA681343FB607B68284A9342A9
:10C4F0001BD07B68B3F1804F17D07B68254A9342ED
:10C5000013D07B68244A93420FD07B68234A93421E
:10C510000BD07B68224A934207D07B68214A934222
:10C5200003D07B68204A934208D1FB6823F4407310
:10C53000FB603B68DB68FA681343FB60FB6823F031
:10C5400080023B685B691343FB603B689A687B68C9
:10C55000DA623B681A687B689A627B680C4A93428D
:10C5600003D13B681A697B681A637B681B6843F0D8
:10C5700004027B681A607B6801225A617B68FA6852
:10C580001A6000BF1437BD465DF8047B704700BFDA
:10C59000000001400004004000080040000C004082
:10C5A00000400140004401400048014080B487B091
:10C5B00000AF786039607B681B6A7B617B681B6AAF
:10C5C00023F001027B681A627B685B683B617B68D1
:10C5D0009B69FB60FB6823F07003FB60FB6823F042
:10C5E0000303FB603B681B68FA681343FB607B69CD
:10C5F00023F002037B613B689B687A6913437B618C
:10C600007B681C4A93420CD17B6923F008037B6151
:10C610003B68DB687A6913437B617B6923F0040321
:10C620007B617B68134A934211D13B6923F4807389
:10C630003B613B6923F400733B613B685B693A698A
:10C6400013433B613B689B693A6913433B617B68D9
:10C650003A695A607B68FA689A613B685A687B68F5
:10C660005A637B687A691A6200BF1C37BD465DF861
:10C67000047B70470000014080B487B000AF786051
:10C6800039607B681B6A7B617B681B6A23F0100240
:10C690007B681A627B685B683B617B689B69FB60B7
:10C6A000FB6823F4E043FB60FB6823F44073FB600A
:10C6B0003B681B681B02FA681343FB607B6923F02D
:10C6C00020037B613B689B681B017A6913437B6194
:10C6D0007B681E4A93420DD17B6923F080037B6106
:10C6E0003B68DB681B017A6913437B617B6923F03C
:10C6F00040037B617B68154A934213D13B6923F465
:10C7000080633B613B6923F400633B613B685B6989
:10C710009B003A6913433B613B689B699B003A6904
:10C7200013433B617B683A695A607B68FA689A6197
:10C730003B685A687B689A637B687A691A6200BFB3
:10C740001C37BD465DF8047B704700BF0000014008
:10C7500080B487B000AF786039607B681B6A7B610A
:10C760007B681B6A23F480727B681A627B685B6853
:10C770003B617B68DB69FB60FB6823F07003FB6057
:10C78000FB6823F00303FB603B681B68FA681343F4
:10C79000FB607B6923F400737B613B689B681B0231
:10C7A0007A6913437B617B681D4A93420DD17B6993
:10C7B00023F400637B613B68DB681B027A691343E7
:10C7C0007B617B6923F480637B617B68144A9342BD
:10C7D00013D13B6923F480533B613B6923F400533D
:10C7E0003B613B685B691B013A6913433B613B68F2
:10C7F0009B691B013A6913433B617B683A695A6044
:10C800007B68FA68DA613B685A687B68DA637B6840
:10C810007A691A6200BF1C37BD465DF8047B704719
:10C820000000014080B487B000AF786039607B6859
:10C830001B6A3B617B681B6A23F480527B681A6227
:10C840007B685B687B617B68DB69FB60FB6823F46A
:10C85000E043FB60FB6823F44073FB603B681B68AC
:10C860001B02FA681343FB603B6923F400533B61EE
:10C870003B689B681B033A6913433B617B68104A22
:10C88000934209D17B6923F480437B613B685B69F8
:10C890009B017A6913437B617B687A695A607B6884
:10C8A000FA68DA613B685A687B681A647B683A699F
:10C8B0001A6200BF1C37BD465DF8047B704700BF9D
:10C8C0000000014080B487B000AFF860B9607A60C2
:10C8D000FB681B6A7B61FB681B6A23F00102FB6833
:10C8E0001A62FB689B693B613B6923F0F0033B6183
:10C8F0007B681B013A6913433B617B6923F00A03A0
:10C900007B617A69BB6813437B61FB683A699A6112
:10C91000FB687A691A6200BF1C37BD465DF8047B6C
:10C92000704780B487B000AFF860B9607A60FB6888
:10C930001B6A7B61FB681B6A23F01002FB681A62AA
:10C94000FB689B693B613B6923F470433B617B68F7
:10C950001B033A6913433B617B6923F0A0037B61AE
:10C96000BB681B017A6913437B61FB683A699A6172
:10C97000FB687A691A6200BF1C37BD465DF8047B0C
:10C98000704780B485B000AF786039607B689B6881
:10C99000FB60FB6823F07003FB603A68FB6813439D
:10C9A00043F00703FB607B68FA689A6000BF1437A6
:10C9B000BD465DF8047B704780B487B000AFF86077
:10C9C000B9607A603B60FB689B687B617B6923F49C
:10C9D0007F437B613B681A027B681A43BB68134341
:10C9E0007A6913437B61FB687A699A6000BF1C37E0
:10C9F000BD465DF8047B704780B487B000AFF86037
:10CA0000B9607A60BB6803F01F03012202FA03F3E6
:10CA10007B61FB681A6A7B69DB431A40FB681A6218
:10CA2000FB681A6ABB6803F01F03796801FA03F315
:10CA30001A43FB681A6200BF1C37BD465DF8047BD1
:10CA40007047000080B485B000AF786039607B68C3
:10CA500093F83C30012B01D1022350E07B68012286
:10CA600083F83C207B68022283F83D207B681B68AA
:10CA70005B68FB607B681B689B68BB60FB6823F09E
:10CA80007003FB603B681B68FA681343FB607B68BC
:10CA90001B68FA685A607B681B681C4A934218D06E
:10CAA0007B681B68B3F1804F13D07B681B68184A02
:10CAB00093420ED07B681B68164A934209D07B686C
:10CAC0001B68154A934204D07B681B68134A934243
:10CAD0000CD1BB6823F08003BB603B685B68BA681D
:10CAE0001343BB607B681B68BA689A607B6801224D
:10CAF00083F83D207B68002283F83C200023184601
:10CB00001437BD465DF8047B704700BF000001404C
:10CB10000004004000080040000C004000400140BC
:10CB200080B485B000AF786039600023FB607B681B
:10CB300093F83C30012B01D102233DE07B680122B8
:10CB400083F83C20FB6823F0FF023B68DB6813435B
:10CB5000FB60FB6823F440723B689B681343FB60F7
:10CB6000FB6823F480623B685B681343FB60FB68EF
:10CB700023F400623B681B681343FB60FB6823F4EB
:10CB800080523B681B691343FB60FB6823F400522F
:10CB90003B685B691343FB60FB6823F480423B689E
:10CBA000DB691343FB607B681B68FA685A647B6827
:10CBB000002283F83C20002318461437BD465DF858
:10CBC000047B704780B483B000AF786000BF0C373F
:10CBD000BD465DF8047B704780B483B000AF7860D9
:10CBE00000BF0C37BD465DF8047B704780B582B04E
:10CBF00000AF78607B68002B01D1012342E07B68A5
:10CC000093F84130DBB2002B06D17B68002283F819
:10CC100040207868F4F7B8FE7B68242283F841202E
:10CC20007B681B68DA687B681B6822F40052DA6054
:10CC3000786800F08BFF7B681B681A697B681B684B
:10CC400022F490421A617B681B685A697B681B68F2
:10CC500022F02A025A617B681B68DA687B681B68CD
:10CC600042F40052DA607B6800225A647B6820221A
:10CC700083F841207B68202283F842207B680022D1
:10CC80005A63002318460837BD4680BD80B58CB076
:10CC900000AFF860B9601346FB80FB6893F8413041
:10CCA000DBB2202B62D1BB68002B02D0FB88002BAB
:10CCB00001D101235BE0BA68FB681A62FB68FA885D
:10CCC0009A84FB68FA88DA84FB6800225A64FB685D
:10CCD000212283F84120FB689B6B274ADA63FB68BB
:10CCE0009B6B264A1A64FB689B6B254ADA64FB68D7
:10CCF0009B6B00221A6507F10803FB62FB68986BC7
:10CD0000FB6A1968FB681B6804331A46FB88FEF748
:10CD100073FA0346002B08D0FB6810225A64FB68A4
:10CD2000202283F84120012321E0FB681B686FF07B
:10CD300040021A60FB681B681433BB61BB6953E88F
:10CD4000003F7B617B6943F08003BB62FB681B682B
:10CD50001433BA6A7A623B62396A7A6A41E800231C
:10CD6000FB61FB69002BE5D1002300E0022318469C
:10CD70003037BD4680BD00BFC9D3000863D400086A
:10CD8000E7D5000880B58CB000AFF860B9601346F5
:10CD9000FB80FB6893F84230DBB2202B46D1BB68A6
:10CDA000002B02D0FB88002B01D101233FE0FB6860
:10CDB00001221A63FB6800225A63FB881A46B9688D
:10CDC000F86800F05BFC034687F82F30FB681B6BAC
:10CDD000012B25D100233B61FB681B681B683B616D
:10CDE000FB681B685B683B613B69FB681B680C3335
:10CDF000BB61BB6953E8003F7B617B6943F0100373
:10CE0000BB62FB681B680C33BA6A7A623B62396AA0
:10CE10007A6A41E80023FB61FB69002BE5D102E05F
:10CE2000012387F82F3097F82F3000E002231846AF
:10CE30003037BD4680BD000080B5BAB000AF786025
:10CE40007B681B681B68C7F8E4307B681B68DB687D
:10CE5000C7F8E0307B681B685B69C7F8DC300023EB
:10CE6000C7F8D8300023C7F8D430D7F8E43003F03F
:10CE70000F03C7F8D830D7F8D830002B0FD1D7F828
:10CE8000E43003F02003002B09D0D7F8E03003F0A2
:10CE90002003002B03D0786800F09AFD73E2D7F8E6
:10CEA000D830002B00F0DE80D7F8DC3003F001032F
:10CEB000002B06D1D7F8E03003F49073002B00F07C
:10CEC000D180D7F8E43003F00103002B0BD0D7F862
:10CED000E03003F48073002B05D07B685B6C43F07B
:10CEE00001027B685A64D7F8E43003F00403002B96
:10CEF0000BD0D7F8DC3003F00103002B05D07B68A2
:10CF00005B6C43F002027B685A64D7F8E43003F0AC
:10CF10000203002B0BD0D7F8DC3003F00103002B09
:10CF200005D07B685B6C43F004027B685A64D7F8D9
:10CF3000E43003F00803002B11D0D7F8E03003F001
:10CF40002003002B05D1D7F8DC3003F00103002BC0
:10CF500005D07B685B6C43F008027B685A647B6891
:10CF60005B6C002B00F00A82D7F8E43003F020035A
:10CF7000002B08D0D7F8E03003F02003002B02D0BC
:10CF8000786800F025FD7B681B685B6903F040034F
:10CF9000402B0CBF01230023DBB2C7F8D4307B68E1
:10CFA0005B6C03F00803002B03D1D7F8D430002BBF
:10CFB0004FD0786800F030FC7B681B685B6903F039
:10CFC0004003402B41D17B681B681433C7F89C3069
:10CFD000D7F89C3053E8003FC7F89830D7F898301E
:10CFE00023F04003C7F8D0307B681B681433D7F8B0
:10CFF000D020C7F8A820C7F8A430D7F8A410D7F8D5
:10D00000A82041E80023C7F8A030D7F8A030002BB3
:10D01000D9D17B68DB6B002B13D07B68DB6B8A4A32
:10D020001A657B68DB6B1846FEF7AEF90346002BEA
:10D0300016D07B68DB6B1B6D7A68D26B1046984705
:10D040000EE0786800F0B6F90AE0786800F0B2F90E
:10D0500006E0786800F0AEF97B6800225A648DE142
:10D0600000BF8BE17B681B6B012B40F06781D7F819
:10D07000E43003F01003002B00F06081D7F8E030BB
:10D0800003F01003002B00F059810023BB607B6884
:10D090001B681B68BB607B681B685B68BB60BB6808
:10D0A0007B681B685B6903F04003402B40F0CE8037
:10D0B0007B68DB6B1B685B68A7F8BE30B7F8BE30D7
:10D0C000002B00F0A9807B689B8DB7F8BE209A42A8
:10D0D00080F0A2807B68B7F8BE20DA857B68DB6BC6
:10D0E000DB69B3F5807F00F088807B681B680C33B8
:10D0F000C7F88830D7F8883053E8003FC7F8843045
:10D10000D7F8843023F48073C7F8B8307B681B6885
:10D110000C33D7F8B820C7F89420C7F89030D7F868
:10D120009010D7F8942041E80023C7F88C30D7F846
:10D130008C30002BD9D17B681B6814337B677B6FE5
:10D1400053E8003F3B673B6F23F00103C7F8B4305F
:10D150007B681B681433D7F8B420C7F88020FB67BE
:10D16000F96FD7F8802041E80023BB67BB6F002B25
:10D17000E1D17B681B6814333B663B6E53E8003F8C
:10D18000FB65FB6D23F04003C7F8B0307B681B687C
:10D190001433D7F8B020FA66BB66B96EFA6E41E870
:10D1A00000237B667B6E002BE3D17B68202283F813
:10D1B00042207B6800221A637B681B680C33FB6487
:10D1C000FB6C53E8003FBB64BB6C23F01003C7F853
:10D1D000AC307B681B680C33D7F8AC20BA657B6534
:10D1E000796DBA6D41E800233B653B6D002BE3D1BF
:10D1F0007B68DB6B1846FEF757F87B6802225A63A0
:10D200007B689A8D7B68DB8D9BB2D31A9BB21946E3
:10D21000786803F0D1FBB3E07B689B8DB7F8BE2044
:10D220009A4240F0AD807B68DB6BDB69B3F5807FB1
:10D2300040F0A6807B6802225A637B689B8D19466A
:10D24000786803F0B9FB9BE0DFD800087B689A8D13
:10D250007B68DB8D9BB2D31AA7F8CE307B68DB8D61
:10D260009BB2002B00F08E80B7F8CE30002B00F080
:10D2700089807B681B680C33BB63BB6B53E8003F42
:10D280007B637B6B23F49073C7F8C8307B681B68A3
:10D290000C33D7F8C8207A643B64396C7A6C41E867
:10D2A0000023FB63FB6B002BE3D17B681B6814330B
:10D2B0007B627B6A53E8003F3B623B6A23F00103D9
:10D2C000C7F8C4307B681B681433D7F8C4203A63AE
:10D2D000FB62F96A3A6B41E80023BB62BB6A002B30
:10D2E000E3D17B68202283F842207B6800221A6306
:10D2F0007B681B680C333B613B6953E8003FFB6074
:10D30000FB6823F01003C7F8C0307B681B680C3340
:10D31000D7F8C020FA61BB61B969FA6941E8002316
:10D320007B617B69002BE3D17B6802225A63B7F8EB
:10D33000CE301946786803F03FFB23E0D7F8E4309D
:10D3400003F08003002B09D0D7F8E03003F080030E
:10D35000002B03D0786800F0D3FA14E0D7F8E4305B
:10D3600003F04003002B0ED0D7F8E03003F0400369
:10D37000002B08D0786800F013FB04E000BF02E047
:10D3800000BF00E000BFE837BD4680BD80B483B079
:10D3900000AF786000BF0C37BD465DF8047B704776
:10D3A00080B483B000AF786000BF0C37BD465DF835
:10D3B000047B704780B483B000AF786000BF0C3747
:10D3C000BD465DF8047B704780B590B000AF7860D3
:10D3D0007B689B6BFB637B681B681B6803F4807333
:10D3E000002B37D1FB6B0022DA84FB6B1B681433F4
:10D3F0007B627B6A53E8003F3B623B6A23F0800319
:10D40000BB63FB6B1B681433BA6B3A63FB62F96A4C
:10D410003A6B41E80023BB62BB6A002BE5D1FB6B92
:10D420001B680C333B613B6953E8003FFB60FB68C2
:10D4300043F040037B63FB6B1B680C337A6BFA6130
:10D44000BB61B969FA6941E800237B617B69002B04
:10D45000E5D102E0F86B03F013FB00BF4037BD4697
:10D4600080BD80B584B000AF78607B689B6BFB604B
:10D47000F86803F0FBFA00BF1037BD4680BD80B5E9
:10D480009CB000AF78607B689B6BFB667B681B6819
:10D490001B6803F48073002B72D1FB6E0022DA85C7
:10D4A000FB6E1B680C33FB64FB6C53E8003FBB64F2
:10D4B000BB6C23F48073BB66FB6E1B680C33BA6EC7
:10D4C000BA657B65796DBA6D41E800233B653B6DBC
:10D4D000002BE5D1FB6E1B681433BB63BB6B53E8B9
:10D4E000003F7B637B6B23F001037B66FB6E1B6855
:10D4F00014337A6E7A643B64396C7A6C41E80023A9
:10D50000FB63FB6B002BE5D1FB6E1B6814337B6266
:10D510007B6A53E8003F3B623B6A23F040033B6673
:10D52000FB6E1B6814333A6E3A63FB62F96A3A6B1E
:10D5300041E80023BB62BB6A002BE5D1FB6E2022D1
:10D5400083F84220FB6E1B6B012B19D1FB6E1B680D
:10D550000C333B613B6953E8003FFB60FB6823F001
:10D560001003FB65FB6E1B680C33FA6DFA61BB613F
:10D57000B969FA6941E800237B617B69002BE5D139
:10D58000FB6E00225A63FB6E1B6B012B06D1FB6EF8
:10D590009B8D1946F86E03F00FFA02E0F86EFFF764
:10D5A000F5FE00BF7037BD4680BD80B584B000AFCA
:10D5B00078607B689B6BFB60FB6801225A63FB68A9
:10D5C0001B6B012B08D1FB689B8D5B089BB2194636
:10D5D000F86803F0F1F902E0F868FFF7E1FE00BF38
:10D5E0001037BD4680BD80B584B000AF78600023A1
:10D5F000FB607B689B6BBB60BB681B685B6903F06F
:10D600008003802B0CBF01230023DBB2FB60BB68CF
:10D6100093F84130DBB2212B08D1FB68002B05D0F9
:10D62000BB680022DA84B86800F0CEF8BB681B68DB
:10D630005B6903F04003402B0CBF01230023DBB2E6
:10D64000FB60BB6893F84230DBB2222B08D1FB6849
:10D65000002B05D0BB680022DA85B86800F0DCF842
:10D66000BB685B6C43F01002BB685A64B868FFF794
:10D67000A1FE00BF1037BD4680BD000080B598B048
:10D6800000AFF860B9601346FB80BA68FB689A6225
:10D69000FB68FA889A85FB6800225A64FB6822229C
:10D6A00083F84220FB68DB6B444ADA63FB68DB6B80
:10D6B000434A1A64FB68DB6B424ADA64FB68DB6B43
:10D6C00000221A6507F10803FB65FB68D86BFB684D
:10D6D0001B6804331946FB6D1A68FB88FDF78CFD47
:10D6E0000346002B08D0FB6810225A64FB682022F6
:10D6F00083F8422001235DE000233B61FB681B6847
:10D700001B683B61FB681B685B683B613B69FB68AE
:10D710001B69002B19D0FB681B680C333B643B6C06
:10D7200053E8003FFB63FB6B43F48073BB65FB680E
:10D730001B680C33BA6DFA64BB64B96CFA6C41E8CF
:10D7400000237B647B6C002BE5D1FB681B681433E2
:10D75000FB62FB6A53E8003FBB62BB6A43F0010314
:10D760007B65FB681B6814337A6DBA637B63796BE6
:10D77000BA6B41E800233B633B6B002BE5D1FB68B0
:10D780001B681433BB61BB6953E8003F7B617B6955
:10D7900043F040033B65FB681B6814333A6D7A62C3
:10D7A0003B62396A7A6A41E80023FB61FB69002B1E
:10D7B000E5D1002318466037BD4680BD7FD4000800
:10D7C000ABD50008E7D5000880B489B000AF786019
:10D7D0007B681B680C33FB60FB6853E8003FBB6051
:10D7E000BB6823F0C003FB617B681B680C33FA69DC
:10D7F000BA617B617969BA6941E800233B613B69A1
:10D80000002BE5D17B68202283F8412000BF24371C
:10D81000BD465DF8047B704780B495B000AF78607A
:10D820007B681B680C337B637B6B53E8003F3B6377
:10D830003B6B23F49073FB647B681B680C33FA6CBE
:10D840003A64FB63F96B3A6C41E80023BB63BB6B42
:10D85000002BE5D17B681B6814333B623B6A53E8BD
:10D86000003FFB61FB6923F00103BB647B681B681D
:10D870001433BA6CFA62BB62B96AFA6A41E80023EF
:10D880007B627B6A002BE5D17B681B6B012B19D176
:10D890007B681B680C33FB60FB6853E8003FBB6090
:10D8A000BB6823F010037B647B681B680C337A6CC5
:10D8B000BA617B617969BA6941E800233B613B69E0
:10D8C000002BE5D17B68202283F842207B68002270
:10D8D0001A6300BF5437BD465DF8047B704780B5BE
:10D8E00084B000AF78607B689B6BFB60FB680022B4
:10D8F000DA85F868FFF75EFD00BF1037BD4680BDD2
:10D9000080B485B000AF78607B6893F84130DBB2BB
:10D91000212B3ED17B689B68B3F5805F14D17B6877
:10D920001B69002B10D17B681B6AFB60FB681B889E
:10D930001A467B681B68C2F308025A607B681B6A40
:10D940009A1C7B681A6208E07B681B6A591C7A681B
:10D9500011621A787B681B685A607B68DB8C9BB20B
:10D96000013B9BB27A681946D184002B0FD17B68AA
:10D970001B68DA687B681B6822F08002DA607B68CB
:10D980001B68DA687B681B6842F04002DA6000239B
:10D9900000E0022318461437BD465DF8047B70474B
:10D9A00080B582B000AF78607B681B68DA687B68FE
:10D9B0001B6822F04002DA607B68202283F8412055
:10D9C000786803F05DF8002318460837BD4680BD2F
:10D9D00080B58CB000AF78600023FB620023BB628F
:10D9E0007B6893F84230DBB2222B40F0AA807B6840
:10D9F0009B68B3F5805F15D17B681B69002B11D143
:10DA00007B689B6ABB627B681B685B689BB2C3F3E5
:10DA100008039AB2BB6A1A807B689B6A9A1C7B686F
:10DA20009A6224E07B689B6AFB627B689B68B3F523
:10DA3000805F07D07B689B68002B0AD17B681B69DD
:10DA4000002B06D17B681B685B68DAB2FB6A1A7030
:10DA500008E07B681B685B68DBB203F07F03DAB227
:10DA6000FB6A1A707B689B6A5A1C7B689A627B68A7
:10DA7000DB8D9BB2013B9BB27A681946D185002BA6
:10DA80005DD17B681B68DA687B681B6822F0200226
:10DA9000DA607B681B68DA687B681B6822F4807236
:10DAA000DA607B681B685A697B681B6822F0010298
:10DAB0005A617B68202283F842207B6800225A63E7
:10DAC0007B681B6B012B35D17B6800221A637B6856
:10DAD0001B680C337B617B6953E8003F3B613B690A
:10DAE00023F010037B627B681B680C337A6A3A620E
:10DAF000FB61F9693A6A41E80023BB61BB69002B0D
:10DB0000E5D17B681B681B6803F01003102B0AD15A
:10DB10000023FB607B681B681B68FB607B681B68DD
:10DB20005B68FB60FB687B689B8D1946786802F038
:10DB300043FF02E07868FFF729FC002302E000239E
:10DB400000E0022318463037BD4680BD2DE9B04FB6
:10DB5000C0B000AFC7F8F400D7F8F4301B681B69F9
:10DB600023F44050D7F8F430D968D7F8F4301A6865
:10DB700040EA01031361D7F8F4309A68D7F8F4301B
:10DB80001B691A43D7F8F4305B691A43D7F8F430AD
:10DB9000DB691343C7F8F830D7F8F4301B68DB684B
:10DBA00023F4164121F00C01D7F8F4301A68D7F8A5
:10DBB000F8300B43D360D7F8F4301B685B6923F46B
:10DBC0004070D7F8F4309969D7F8F4301A6840EA11
:10DBD00001035361D7F8F4301A688F4B9A4205D08D
:10DBE000D7F8F4301A688D4B9A4204D1FDF758F8F3
:10DBF000C7F8FC0003E0FDF73FF8C7F8FC00D7F8D2
:10DC0000F430DB69B3F5004F40F00C81D7F8FC30FD
:10DC10000022C7F8E830C7F8EC20D7E93A45224699
:10DC20002B469118B9655B41FB65D7E91623214660
:10DC300012EB0108294643EB01094FF000024FF0B7
:10DC400000034FEAC90343EA58734FEAC8029046FB
:10DC50009946234618EB0303C7F8E0302B4649EBFF
:10DC60000303C7F8E430D7F8F4305B680022C7F844
:10DC7000D830C7F8DC20D7E936120B46DB183B65F5
:10DC8000134642EB03037B65D7E91423D7E9380138
:10DC9000F2F79AFF02460B46614BA3FB02235B0996
:10DCA0001C01D7F8FC300022C7F8D030C7F8D420C8
:10DCB000D7E9348942464B469118B9645B41FB640D
:10DCC000D7E91223414612EB010A494643EB010B07
:10DCD0004FF000024FF000034FEACB0343EA5A73C0
:10DCE0004FEACA0292469B4643461AEB0303C7F823
:10DCF000C8304B464BEB0303C7F8CC30D7F8F430B1
:10DD00005B680022C7F8C030C7F8C420D7E93012DA
:10DD10000B46DB183B64134642EB03037B64D7E9F5
:10DD20001023D7E93201F2F74FFF02460B461146A6
:10DD30003B4BA3FB01235B09642202FB03F3CB1AD9
:10DD4000DB0003F13202364BA3FB02235B095B00CD
:10DD500003F4F8731C44D7F8FC300022C7F8B8303D
:10DD6000C7F8BC20D7E92E8942464B469118B963C3
:10DD70005B41FB63D7E90E2341465118396349469D
:10DD80004B417B634FF000024FF00003D7E90CAB2F
:10DD90005946CB00514643EA51735146CA001046DA
:10DDA0001946034642469B18C7F8B0304B460A4610
:10DDB00042EB0303C7F8B430D7F8F4305B680022B5
:10DDC000C7F8A830C7F8AC20D7E92A120B46DB18F1
:10DDD000BB62134642EB0303FB62D7E90A23D7E990
:10DDE0002C01F2F7F1FE02460B460D4BA3FB02138A
:10DDF0005B09642101FB03F3D31ADB003233084AC9
:10DE0000A2FB03235B0903F00702D7F8F4301B6879
:10DE100022449A6006E100BF001001400014014056
:10DE20001F85EB51D7F8FC300022C7F8A030C7F8A7
:10DE3000A420D7E9288942464B46911839625B41B4
:10DE40007B62D7E9082341465418494643EB010554
:10DE50004FF000024FF00003EB0043EA5473E2007E
:10DE600014461D464346E318C7F898304B4645EB29
:10DE70000303C7F89C30D7F8F4305B680022C7F87A
:10DE80009030C7F894204FF000024FF00003D7E91C
:10DE9000244529468B00214643EA917321468A0096
:10DEA000D7E92601F2F790FE02460B46604BA3FB32
:10DEB00002235B091C01D7F8FC300022C7F8883028
:10DEC000C7F88C20D7E9228942464B469118B961A0
:10DED0005B41FB61D7E90623414651183961494648
:10DEE0004B417B614FF000024FF00003D7E904ABD8
:10DEF0005946CB00514643EA51735146CA00104679
:10DF00001946034642469B18C7F880304B460A46DE
:10DF100042EB0303C7F88430D7F8F4305B68002283
:10DF2000BB67FA674FF000024FF00003D7E91E8984
:10DF300049468B00414643EA917341468A00D7E93E
:10DF40002001F2F741FE02460B461146384BA3FB77
:10DF500001235B09642202FB03F3CB1A1B0132335A
:10DF6000334AA2FB03235B0903F0F0031C44D7F8F8
:10DF7000FC3000223B677A67D7E91C8942464B4652
:10DF80009118B9605B41FB60D7E902234146511803
:10DF9000396049464B417B604FF000024FF000036F
:10DFA000D7E900AB5946CB00514643EA517351467D
:10DFB000CA0010461946034642469B18BB664B46AC
:10DFC0000A4642EB0303FB66D7F8F4305B68002295
:10DFD0003B667A664FF000024FF00003D7E91889DC
:10DFE00049468B00414643EA917341468A00D7E98E
:10DFF0001A01F2F7E9FD02460B460D4BA3FB021393
:10E000005B09642101FB03F3D31A1B013233084A75
:10E01000A2FB03235B0903F00F02D7F8F4301B685F
:10E0200022449A6000BF07F58077BD46BDE8B08FF7
:10E030001F85EB5180B400AF064BD3F88830054AFA
:10E0400043F47003C2F8883000BFBD465DF8047B1E
:10E05000704700BF00ED00E080B586B000AFF8600B
:10E06000B9601346FB71FB68002B01D103231FE04D
:10E07000FB680022C3F8B822FB680022C3F8C42260
:10E08000FB680022C3F8D022BB68002B03D0FB68DA
:10E09000BA68C3F8B422FB68012283F89C22FB68AB
:10E0A000FA791A70F868F9F749FA0346FB75FB7DAF
:10E0B00018461837BD4680BD80B584B000AF786083
:10E0C00039600023FB813B68002B01D1032325E04D
:10E0D0007B683A68C3F8B8227B68D3F8D4227B689F
:10E0E000AE3253F82230DB6A002B0FD07B68D3F8B6
:10E0F000D4227B68AE3253F82230DB6A07F10E027D
:10E100001046984702467B68C3F8D0227B68D3F854
:10E11000D8325A1C7B68C3F8D8220023184610371F
:10E12000BD4680BD80B582B000AF78607868F9F7F1
:10E1300051FA034618460837BD4680BD80B483B007
:10E1400000AF7860002318460C37BD465DF8047BAD
:10E15000704780B584B000AF78600B46FB70002339
:10E16000FB737B68D3F8B832002B09D07B68D3F8F7
:10E17000B8321B68FA781146786898470346FB73F3
:10E18000FB7B18461037BD4680BD80B584B000AF1C
:10E1900078600B46FB700023FB737B68D3F8B832C2
:10E1A0005B68FA781146786898470346002B01D0DF
:10E1B0000323FB73FB7B18461037BD4680BD80B53B
:10E1C00084B000AF786039607B6803F2AA233968B5
:10E1D000184601F022F97B680122C3F894227B687B
:10E1E000B3F8B0321A467B68C3F898227B6893F87C
:10E1F000AA3203F01F03022B1AD0022B22D8002BC5
:10E2000002D0012B0AD01DE07B6803F2AA23194635
:10E21000786800F077FB0346FB7320E07B6803F22D
:10E22000AA231946786800F0DFFB0346FB7316E06B
:10E230007B6803F2AA231946786800F041FC034684
:10E24000FB730CE07B6893F8AA3223F07F03DBB208
:10E2500019467868F9F71EFA0346FB7300BFFB7B8B
:10E2600018461037BD4680BD80B586B000AFF86057
:10E270000B467A60FB720023FB75FB7A002B77D18B
:10E28000FB6803F5AA733B61FB68D3F89432032B58
:10E2900040F0A1803B695B683A69928993421CD93E
:10E2A0003B695B683A6992899A1A3B695A603B6993
:10E2B0001B693A6992891A443B691A613B69196979
:10E2C0003B699B891A463B695B68934238BF13469A
:10E2D0001A46F86801F0A8F97DE0FB6893F8AA32C5
:10E2E00003F01F03022B14D0022B1DD8002B02D0E9
:10E2F000012B03D018E00023BB7518E0FB68B3F8CE
:10E30000AE32DBB21946F86800F06EFA0346BB7510
:10E310000DE0FB68B3F8AE32DBB21946F86800F0E6
:10E3200070FA0346BB7502E00023BB7500BFBB7DDE
:10E33000002B19D1FB6893F89C32DBB2032B13D16D
:10E34000BA7DFB68AE3253F822301B69002B0BD02C
:10E35000BA7DFB68C3F8D422BA7DFB68AE3253F8AD
:10E3600022301B69F8689847F86801F06EF932E0CE
:10E37000FB7A03F07F03DBB21946F86800F041FA3C
:10E380000346BB75BB7DFF2B25D0BB7D002B22D167
:10E39000FB6893F89C32DBB2032B17D1BA7DFB6884
:10E3A000AE3253F822309B69002B0FD0BA7DFB6848
:10E3B000C3F8D422BA7DFB68AE3253F822309B6991
:10E3C000FA7A1146F86898470346FB75FB7D002BE7
:10E3D00001D0FB7D00E0002318461837BD4680BD04
:10E3E00080B586B000AFF8600B467A60FB72FB7AAE
:10E3F000002B78D1FB6814333B61FB68D3F894326F
:10E40000022B63D13B695B683A69928993421CD9BC
:10E410003B695B683A6992899A1A3B695A603B6921
:10E420001B693A6992891A443B691A613B69196907
:10E430003B695B681A46F86801F0C4F800230022C3
:10E440000021F868F9F7D0F940E03B699B891A464A
:10E450003B695B689A421CD13B691B683A699289A7
:10E46000934216D33B691A68FB68D3F898329A42F4
:10E470000FD200220021F86801F0A4F8FB68002206
:10E48000C3F89822002300220021F868F9F7ACF9BC
:10E490001CE0FB6893F89C32DBB2032B0FD1FB68C6
:10E4A000D3F8B832DB68002B09D0FB680022C3F830
:10E4B000D422FB68D3F8B832DB68F868984780212B
:10E4C000F868F9F7E7F8F86801F0D2F8FB6893F814
:10E4D000A032002B3AD0F868FFF730FEFB6800222C
:10E4E00083F8A02232E0FB7A63F07F03DBB21946A7
:10E4F000F86800F086F90346FB75FB7DFF2B25D0FD
:10E50000FB7D002B22D1FB6893F89C32DBB2032BFE
:10E510001CD1FA7DFB68AE3253F822305B69002BC8
:10E5200014D0FA7DFB68C3F8D422FA7DFB68AE32C2
:10E5300053F822305B69FA7A1146F8689847034627
:10E54000BB75BB7D002B01D0BB7D00E000231846CE
:10E550001837BD4680BD80B584B000AF7860002319
:10E56000FB737B68012283F89C227B680022C3F83E
:10E5700094227B6800225A607B680022C3F8A422A0
:10E580007B68002283F8A0227B68D3F8B832002B86
:10E5900014D07B68D3F8B8325B68002B0ED07B6850
:10E5A000D3F8B8325B687A685268D2B2114678689C
:10E5B00098470346002B01D00323FB73402300221E
:10E5C00000217868F9F721F87B68012283F863213C
:10E5D0007B684022A3F860214023002280217868D4
:10E5E000F9F713F87B68012283F823207B68402227
:10E5F0001A84FB7B18461037BD4680BD80B483B0BB
:10E6000000AF78600B46FB707B68FA781A740023C1
:10E6100018460C37BD465DF8047B704780B483B064
:10E6200000AF78607B6893F89C32DBB2042B06D095
:10E630007B6893F89C32DAB27B6883F89D227B6812
:10E64000042283F89C22002318460C37BD465DF84F
:10E65000047B704780B483B000AF78607B6893F828
:10E660009C32DBB2042B06D17B6893F89D32DAB280
:10E670007B6883F89C22002318460C37BD465DF862
:10E68000047B704780B582B000AF78607B6893F8F8
:10E690009C32DBB2032B10D17B68D3F8B832002B4D
:10E6A0000BD07B68D3F8B832DB69002B05D07B68D0
:10E6B000D3F8B832DB6978689847002318460837E2
:10E6C000BD4680BD80B582B000AF78600B46FB7060
:10E6D0007B68D3F8D4227B68AE3253F82230002B0B
:10E6E00001D103231CE07B6893F89C32DBB2032B3F
:10E6F00015D17B68D3F8D4227B68AE3253F8223030
:10E700001B6A002B0BD07B68D3F8D4227B68AE3217
:10E7100053F822301B6AFA7811467868984700232C
:10E7200018460837BD4680BD80B582B000AF78601E
:10E730000B46FB707B68D3F8D4227B68AE3253F86B
:10E740002230002B01D103231CE07B6893F89C321C
:10E75000DBB2032B15D17B68D3F8D4227B68AE32B1
:10E7600053F822305B6A002B0BD07B68D3F8D4229D
:10E770007B68AE3253F822305B6AFA7811467868CB
:10E780009847002318460837BD4680BD80B483B043
:10E7900000AF7860002318460C37BD465DF8047B57
:10E7A000704780B584B000AF78600023FB737B684E
:10E7B000012283F89C227B68D3F8B832002B0ED05C
:10E7C0007B68D3F8B8325B687A685268D2B2114677
:10E7D000786898470346002B01D00323FB73FB7B2B
:10E7E00018461037BD4680BD80B483B000AF786056
:10E7F0000B46FB70002318460C37BD465DF8047BC2
:10E80000704780B483B000AF78600B46FB70002384
:10E8100018460C37BD465DF8047B704780B586B05E
:10E8200000AF78600B46FB707B687B617B68FB60A8
:10E8300000233B61FB685B889BB2FA6812789342C5
:10E840001FD9FB681B787B8113E007F10A03194687
:10E85000786900F01BF878617B695B78052B08D13B
:10E860007B693B613B699B78FA789A4208D0002328
:10E870003B61FB685B889AB27B899A42E5D800E0ED
:10E8800000BF3B6918461837BD4680BD80B485B0CF
:10E8900000AF786039607B68FB603B681B88FA6872
:10E8A000127813449AB23B681A80FB681B781A46A8
:10E8B0007B681344FB60FB6818461437BD465DF85F
:10E8C000047B704780B487B000AF78607B687B6161
:10E8D0007B691B787B827B6901337B617B691B7859
:10E8E0003B82B7F910301B021AB2B7F9123013434A
:10E8F0001BB2FB81FB8918461C37BD465DF8047BC3
:10E900007047000080B584B000AF786039600023A4
:10E91000FB733B681B7803F06003402B05D0402B52
:10E9200057D8002B0FD0202B53D17B68D3F8D4229B
:10E930007B68AE3253F822309B6839687868984714
:10E940000346FB734AE03B685B78092B3BD801A286
:10E9500052F823F0A9E90008BDE90008C7E900085A
:10E96000B3E90008C7E9000887E900087DE9000865
:10E97000C7E900089FE9000891E90008396878684C
:10E9800000F03EFA24E03968786800F0A3FB1FE04D
:10E990003968786800F0E2FB0346FB7318E03968D9
:10E9A000786800F085FC13E03968786800F0B6FC00
:10E9B0000EE03968786800F0E5FC09E039687868AD
:10E9C00000F009FD04E03968786800F060FD00BFE0
:10E9D00004E03968786800F05AFD00BFFB7B1846F8
:10E9E0001037BD4680BD00BF80B584B000AF7860F1
:10E9F00039600023FB733B681B7803F06003402BF6
:10EA000005D0402B52D8002B01D0202B4ED17B6853
:10EA100093F89C32DBB2013B022B40D83B689B88C9
:10EA2000DBB2012B36D83B689B88DBB2194678688D
:10EA3000FFF7DAFE0346BB73BB7BFF2B1DD0BB7B0E
:10EA4000002B1AD1BA7B7B68AE3253F822309B6818
:10EA5000002B0FD0BA7B7B68C3F8D422BA7B7B68CB
:10EA6000AE3253F822309B6839687868984703467D
:10EA7000FB7304E00323FB7301E00323FB733B6898
:10EA8000DB88002B10D1FB7B002B0DD1786800F0C8
:10EA9000DCFD09E03968786800F0F9FC04E03968C9
:10EAA000786800F0F4FC00E000BF04E039687868A2
:10EAB00000F0EDFC00BFFB7B18461037BD4680BD63
:10EAC00080B584B000AF786039600023FB733B6889
:10EAD0009B88BB733B681B7803F06003402B07D017
:10EAE000402B00F28181002B2AD0202B40F07C812A
:10EAF000BB7B19467868FFF784FE03467B737B7BFC
:10EB0000FF2B00F076817B7B002B40F072817A7BBB
:10EB10007B68C3F8D4227A7B7B68AE3253F822300C
:10EB20009B68002B00F065817A7B7B68AE3253F8DE
:10EB300022309B683968786898470346FB7358E130
:10EB40003B685B78032B08D0032B00F34781002B35
:10EB500000F09B80012B3CD040E17B6893F89C3215
:10EB6000DBB2022B02D0032B16D02CE0BB7B002B98
:10EB70000DD0BB7B802B0AD0BB7B19467868F8F799
:10EB800089FD80217868F8F785FD00BF20E03968AD
:10EB9000786800F07CFC1BE03B685B88002B0ED1A2
:10EBA000BB7B002B0BD0BB7B802B08D03B68DB886A
:10EBB000002B04D1BB7B19467868F8F76BFD7868A9
:10EBC00000F043FD04E03968786800F060FC00BFA5
:10EBD00009E17B6893F89C32DBB2022B02D0032B55
:10EBE00016D04BE0BB7B002B0DD0BB7B802B0AD01B
:10EBF000BB7B19467868F8F74DFD80217868F8F7F7
:10EC000049FD00BF40E03968786800F040FC3BE017
:10EC10003B685B88002B36D1BB7B03F07F03002B66
:10EC200004D0BB7B19467868F8F753FD786800F08C
:10EC30000CFDBB7B19467868FFF7E3FD03467B7349
:10EC40007B7BFF2B1FD07B7B002B1CD17A7B7B68CF
:10EC5000C3F8D4227A7B7B68AE3253F822309B68AB
:10EC6000002B10D07A7B7B68AE3253F822309B6841
:10EC70003968786898470346FB7304E03968786818
:10EC800000F005FC00E000BFADE07B6893F89C322B
:10EC9000DBB2022B02D0032B33D099E0BB7B002BDD
:10ECA00007D0BB7B802B04D03968786800F0EFFB7D
:10ECB00093E097F90E30002B0BDABB7B03F07F0259
:10ECC00013469B0013449B0010337A6813440433AB
:10ECD0000BE0BB7B03F07F0213469B0013449B00B9
:10ECE00003F5A8737A6813440433BB60BB68002241
:10ECF0009A73BB680E3302221946786800F044FC10
:10ED00006BE097F90E30002B11DABB7B03F00F029A
:10ED1000796813469B0013449B000B4423331B78F4
:10ED2000002B17D13968786800F0B1FB55E0BB7B48
:10ED300003F00F02796813469B0013449B000B44B9
:10ED400003F263131B78002B04D13968786800F054
:10ED50009EFB42E097F90E30002B0BDABB7B03F0F1
:10ED60007F0213469B0013449B0010337A681344C0
:10ED700004330BE0BB7B03F07F0213469B0013447C
:10ED80009B0003F5A8737A6813440433BB60BB7B14
:10ED9000002B02D0BB7B802B03D1BB6800229A736F
:10EDA0000EE0BB7B19467868F8F7B2FC0346002BEF
:10EDB00003D0BB6801229A7302E0BB6800229A73F9
:10EDC000BB680E3302221946786800F0DDFB04E0D0
:10EDD0003968786800F05BFB00BF04E03968786848
:10EDE00000F055FB00BF05E03968786800F04FFB84
:10EDF00000E000BFFB7B18461037BD4680BD000019
:10EE000080B584B000AF7860396000233B81002377
:10EE1000FB600023FB723B685B881B0A9BB2013BD3
:10EE2000062B00F2288101A252F823F049EE0008D7
:10EE300061EE0008A1EE000877F0000877F0000806
:10EE400017F0000843F000087B68D3F8B4321B6861
:10EE50007A68127C07F1080110469847F86012E1C1
:10EE60007B681B7C002B0DD17B68D3F8B8329B6A82
:10EE700007F1080210469847F860FB680133022248
:10EE80001A7000E17B68D3F8B832DB6A07F1080238
:10EE900010469847F860FB68013302221A70F2E0CE
:10EEA0003B685B88DBB2052B00F2AC8001A252F814
:10EEB00023F000BFCDEE000801EF000835EF000899
:10EEC00069EF00089DEF0008D1EF00087B68D3F8D8
:10EED000B4325B68002B0BD07B68D3F8B4325B682C
:10EEE0007A68127C07F1080110469847F86091E0B3
:10EEF0003968786800F0CBFAFB7A0133FB7289E05D
:10EF00007B68D3F8B4329B68002B0BD07B68D3F8B6
:10EF1000B4329B687A68127C07F108011046984762
:10EF2000F86077E03968786800F0B1FAFB7A01336D
:10EF3000FB726FE07B68D3F8B432DB68002B0BD038
:10EF40007B68D3F8B432DB687A68127C07F1080179
:10EF500010469847F8605DE03968786800F097FAE5
:10EF6000FB7A0133FB7255E07B68D3F8B4321B693E
:10EF7000002B0BD07B68D3F8B4321B697A68127C03
:10EF800007F1080110469847F86043E0396878684F
:10EF900000F07DFAFB7A0133FB723BE07B68D3F82B
:10EFA000B4325B69002B0BD07B68D3F8B4325B6959
:10EFB0007A68127C07F1080110469847F86029E04A
:10EFC0003968786800F063FAFB7A0133FB7221E05C
:10EFD0007B68D3F8B4329B69002B0BD07B68D3F8E5
:10EFE000B4329B697A68127C07F108011046984791
:10EFF000F8600FE03968786800F049FAFB7A01336D
:10F00000FB7207E03968786800F041FAFB7A013357
:10F01000FB7200BF37E07B681B7C002B09D17B684B
:10F02000D3F8B8325B6B07F1080210469847F860D6
:10F0300029E03968786800F02AFAFB7A0133FB721C
:10F0400021E07B681B7C002B0DD17B68D3F8B832A4
:10F050001B6B07F1080210469847F860FB68013304
:10F0600007221A700FE03968786800F010FAFB7A0E
:10F070000133FB7207E03968786800F008FAFB7A20
:10F080000133FB7200BFFB7A002B1ED13B68DB888B
:10F09000002B16D03B89002B0ED03B68DA883B89C9
:10F0A000934228BF13469BB23B813B891A46F968BD
:10F0B000786800F069FA09E03968786800F0E7F9E3
:10F0C00004E0786800F0C1FA00E000BF1037BD46E8
:10F0D00080BD00BF80B584B000AF786039603B6808
:10F0E0009B88002B31D13B68DB88002B2DD13B68FE
:10F0F0005B887F2B29D83B685B88DBB203F07F03FA
:10F10000FB737B6893F89C32DBB2032B04D1396824
:10F11000786800F0BCF91DE07B68FA7B83F89E22DA
:10F12000FB7B19467868F8F71FFB786800F08DFACA
:10F13000FB7B002B04D07B68022283F89C2209E031
:10F140007B68012283F89C2204E03968786800F02B
:10F150009EF900BF00BF1037BD4680BD80B584B0AA
:10F1600000AF786039600023FB733B685B88DAB2DC
:10F170004E4B1A704D4B1B78012B05D939687868B6
:10F1800000F085F903238CE07B6893F89C32DBB2B6
:10F19000022B02D0032B29D075E0444B1B78002BA7
:10F1A00020D0424B1B781A467B685A603F4B1B7835
:10F1B00019467868FEF7CDFF0346FB73FB7B002BF7
:10F1C00008D03968786800F062F97B68022283F819
:10F1D0009C2265E0786800F038FA7B68032283F8A7
:10F1E0009C225DE0786800F030FA59E02F4B1B78E4
:10F1F000002B12D17B68022283F89C222B4B1B78B8
:10F200001A467B685A60294B1B7819467868FEF7C6
:10F21000BCFF786800F019FA42E0244B1B781A46CC
:10F220007B685B689A422AD07B685B68DBB21946D0
:10F230007868FEF7AAFF1D4B1B781A467B685A6058
:10F240001A4B1B7819467868FEF783FF0346FB7359
:10F25000FB7B002B0FD03968786800F018F97B68C9
:10F260005B68DBB219467868FEF78FFF7B68022285
:10F2700083F89C2214E0786800F0E7F910E07868E1
:10F2800000F0E3F90CE03968786800F000F9074B0A
:10F290001B7819467868FEF778FF0323FB7300BFDD
:10F2A000FB7B18461037BD4680BD00BFA46A002016
:10F2B00080B582B000AF786039603B68DB88012B95
:10F2C00004D03968786800F0E2F823E07B6893F8AE
:10F2D0009C32DBB2022B02DC002B03DC15E0032B9B
:10F2E0000BD012E07B6800229A607B680833012211
:10F2F0001946786800F048F90CE07B680433012275
:10F300001946786800F040F904E03968786800F040
:10F31000BEF800BF00BF0837BD4680BD80B582B0D3
:10F3200000AF786039607B6893F89C32DBB2013BB8
:10F33000022B1ED83B68DB88022B04D03968786822
:10F3400000F0A5F81AE07B680122DA607B68D3F848
:10F35000A432002B05D07B68DB6843F002027B6897
:10F36000DA607B680C3302221946786800F00CF9E9
:10F3700004E03968786800F08AF800BF00BF0837F9
:10F38000BD4680BD80B582B000AF786039603B6813
:10F390005B88012B07D17B680122C3F8A42278681F
:10F3A00000F053F913E03B685B88022B0BD13B68FC
:10F3B0009B881B0A9BB2DAB27B6883F8A02278682C
:10F3C00000F043F903E03968786800F060F800BFA6
:10F3D0000837BD4680BD80B582B000AF7860396027
:10F3E0007B6893F89C32DBB2013B022B0BD83B6865
:10F3F0005B88012B0CD17B680022C3F8A4227868BB
:10F4000000F023F904E03968786800F040F800E083
:10F4100000BF00BF0837BD4680BD80B584B000AFD7
:10F42000786039603B68FB60FB681A787B681A700B
:10F43000FB680133FB60FB681A787B685A70FB68D5
:10F440000133FB60F868FFF73DFA03461A467B6814
:10F450005A80FB680133FB60FB680133FB60F8688E
:10F46000FFF730FA03461A467B689A80FB6801333F
:10F47000FB60FB680133FB60F868FFF723FA034683
:10F480001A467B68DA8000BF1037BD4680BD80B564
:10F4900082B000AF7860396080217868F8F7FAF8B8
:10F4A00000217868F8F7F6F800BF0837BD4680BD40
:10F4B00080B586B000AFF860B9607A600023FB7554
:10F4C000FB68002B42D0FB683B61386900F042F8D2
:10F4D000034601335B00B3F5007F08D8386900F0BC
:10F4E00039F8034601339BB25B009AB201E04FF456
:10F4F00000727B681A80FB7DBA6813447A681278C0
:10F500001A70FB7D0133FB75FB7DBA68134403223F
:10F510001A70FB7D0133FB7513E0FB7DBA68134461
:10F520003A6912781A703B6901333B61FB7D013304
:10F53000FB75FB7DBA68134400221A70FB7D013312
:10F54000FB753B691B78002BE7D100E000BF183743
:10F55000BD4680BD80B485B000AF78600023FB73EA
:10F560007B68BB6005E0FB7B0133FB73BB68013349
:10F57000BB60BB681B78002BF5D1FB7B18461437AA
:10F58000BD465DF8047B704780B584B000AFF8607D
:10F59000B9607A60FB680222C3F89422FB687A683B
:10F5A0005A61FB68BA685A62FB687A689A617B683C
:10F5B000BA680021F868F8F7F6F800231846103703
:10F5C000BD4680BD80B584B000AFF860B9607A6098
:10F5D0007B68BA680021F868F8F7E5F80023184658
:10F5E0001037BD4680BD80B584B000AFF860B9600B
:10F5F0007A60FB680322C3F89422FB687A68C3F838
:10F600005421FB68BA68C3F86421FB687A68C3F8C0
:10F6100058217B68BA680021F868F8F7E5F80023FC
:10F6200018461037BD4680BD80B584B000AFF86085
:10F63000B9607A607B68BA680021F868F8F7D4F896
:10F64000002318461037BD4680BD80B582B000AF9C
:10F6500078607B680422C3F89422002300220021F2
:10F660007868F8F7A0F8002318460837BD4680BD33
:10F6700080B582B000AF78607B680522C3F8942221
:10F680000023002200217868F8F7AEF8002318461E
:10F690000837BD4680BD000080B584B000AF7860FB
:10F6A0000B46FB704FF40770F8F7D2F8F860FB6870
:10F6B000002B09D17B68D3F8D4227B68B0320021BB
:10F6C00043F822100223D4E04FF407720021F868B7
:10F6D00002F00DFB7B68D3F8D4227B68B032F96866
:10F6E00043F822107B68D3F8D4227B68B03253F8F9
:10F6F00022207B68C3F8BC227B681B7C002B38D19E
:10F700005E4B19784FF4007302227868F7F77DFF9B
:10F710005A4B1B7803F00F02796813469B00134481
:10F720009B000B44233301221A70554B19784FF478
:10F73000007302227868F7F768FF514B1B7803F0DB
:10F740000F02796813469B0013449B000B4403F29D
:10F75000631301221A704B4B1B7803F00F02796878
:10F7600013469B0013449B000B441C3310221A6069
:10F7700035E0424B1978402302227868F7F745FFBD
:10F780003E4B1B7803F00F02796813469B0013442D
:10F790009B000B44233301221A70394B1978402304
:10F7A00002227868F7F731FF354B1B7803F00F0220
:10F7B000796813469B0013449B000B4403F26313C8
:10F7C00001221A702F4B1B7803F00F027968134641
:10F7D0009B0013449B000B441C3310221A60294BDE
:10F7E0001978082303227868F7F70FFF254B1B7859
:10F7F00003F00F02796813469B0013449B000B44EF
:10F80000233301221A70FB680022C3F804227B68AC
:10F81000D3F8D4327A68B0339B0013445B681B681A
:10F820009847FB680022C3F81422FB680022C3F843
:10F830001822FB68D3F80432002B01D1022318E010
:10F840007B681B7C002B0AD10D4B1978FB68D3F821
:10F8500004224FF400737868F7F7C6FF08E0084BFE
:10F860001978FB68D3F8042240237868F7F7BCFFC7
:10F87000002318461037BD4680BD00BFFB000020A6
:10F88000FC000020FD00002080B582B000AF786051
:10F890000B46FB703A4B1B7819467868F7F7DBFE8E
:10F8A000374B1B7803F00F02796813469B00134413
:10F8B0009B000B44233300221A70324B1B781946ED
:10F8C0007868F7F7C8FE2F4B1B7803F00F027968B2
:10F8D00013469B0013449B000B4403F26313002266
:10F8E0001A70294B1B7819467868F7F7B4FE264B37
:10F8F0001B7803F00F02796813469B0013449B00AA
:10F900000B44233300221A701F4B1B7803F00F02A5
:10F91000796813469B0013449B000B441C33002260
:10F920001A607B68D3F8D4227B68B03253F8223057
:10F93000002B1FD07B68D3F8D4327A68B0339B0099
:10F9400013445B685B6898477B68D3F8D4227B6874
:10F95000B03253F822301846F7F788FF7B68D3F8A7
:10F96000D4227B68B032002143F822107B68002249
:10F97000C3F8BC22002318460837BD4680BD00BF2F
:10F98000FB000020FC000020FD00002080B586B0B8
:10F9900000AF786039607B68D3F8D4227B68B032DE
:10F9A00053F822303B6100237B7300237B810023CB
:10F9B000FB753B69002B01D10323BFE03B681B783B
:10F9C00003F06003002B50D0202B40F0AF803B6849
:10F9D000DB88002B3AD03B681B785BB2002B1BDA2C
:10F9E0007B68D3F8D4327A68B0339B0013445B68E9
:10F9F0009B683A68507839693A68D28898473B687A
:10FA0000DB88072B28BF0723FB813B69FA8919464E
:10FA10007868FFF7B9FD90E03B685A783B6983F856
:10FA200000223B68DB883F2B03D83B68DB88DAB2D7
:10FA300000E040223B6983F8012239693B6993F871
:10FA400001321A467868FFF7CEFD76E07B68D3F87E
:10FA5000D4327A68B0339B0013445B689B683A6881
:10FA6000507800223968984767E03B685B780B2B39
:10FA700051D801A252F823F0A9FA000825FB00088A
:10FA800017FB000817FB000817FB000817FB00080E
:10FA900017FB000817FB000817FB000817FB0008FE
:10FAA000D3FA0008FDFA00087B6893F89C32DBB2B9
:10FAB000032B07D107F10A03022219467868FFF7E2
:10FAC00063FD32E039687868FFF7E1FC0323FB75DA
:10FAD0002BE07B6893F89C32DBB2032B07D107F154
:10FAE0000D03012219467868FFF74EFD1DE03968C5
:10FAF0007868FFF7CCFC0323FB7516E07B6893F86E
:10FB00009C32DBB2032B0FD039687868FFF7BFFC5B
:10FB10000323FB7508E039687868FFF7B8FC032316
:10FB2000FB7502E000BF08E000BF06E039687868B6
:10FB3000FFF7ADFC0323FB7500BFFB7D18461837AC
:10FB4000BD4680BD80B584B000AF78600B46FB70C9
:10FB50007B68D3F8C832FB607B68D3F8D4227B681B
:10FB6000B03253F82230002B01D1032365E07B68CB
:10FB7000D3F8D4227B68B03253F82230BB60FB78D4
:10FB800003F00F02796813469B0013449B000B445B
:10FB900014331B68002B2FD0FB7803F00F02796819
:10FBA00013469B0013449B000B4414331A68FB78E4
:10FBB00003F00F01F8680B46DB000B449B00034485
:10FBC0001C331B68B2FBF3F101FB03F3D31A002BC8
:10FBD00012D1FB7803F00F02796813469B0013449F
:10FBE0009B000B44143300221A60F9780023002292
:10FBF0007868F7F7D8FD1FE0BB680022C3F814222D
:10FC00007B68D3F8D4327A68B0339B0013445B68C6
:10FC10001B69002B10D07B68D3F8D4327A68B033DC
:10FC20009B0013445B681B69BA68D2F80802BA6883
:10FC300002F50471FA789847002318461037BD463C
:10FC400080BD80B584B000AF78600B46FB707B68E8
:10FC5000D3F8D4227B68B03253F82230FB607B6843
:10FC6000D3F8D4227B68B03253F82230002B01D174
:10FC700003231AE0FB7819467868F7F7D6FD0246A9
:10FC8000FB68C3F80C227B68D3F8D4327A68B033AF
:10FC90009B0013445B68DB68FA68D2F80402FA68D8
:10FCA00002F5037211469847002318461037BD46E7
:10FCB00080BD80B584B000AF78607B68D3F8D42273
:10FCC0007B68B03253F82230FB60FB68002B01D117
:10FCD000032324E07B68D3F8D4327A68B0339B00E6
:10FCE00013445B68002B19D0FB6893F80032FF2B9C
:10FCF00014D07B68D3F8D4327A68B0339B001344B5
:10FD00005B689B68FA6892F80002F968FA6892F8F2
:10FD100001229847FB68FF2283F80022002318463F
:10FD20001037BD4680BD000080B586B000AF78605A
:10FD300082211848FEF772FD786101211548FEF70F
:10FD40006DFD386181211348FEF768FDF8607B691D
:10FD5000002B02D07B6910229A713B69002B06D0E0
:10FD60003B69002242F040021A7100225A71FB687E
:10FD7000002B06D0FB68002242F040021A710022DC
:10FD80005A717B6843221A80024B18461837BD46C9
:10FD900080BD00BFB800002080B586B000AF78609D
:10FDA00082211848FEF73AFD786101211548FEF7D7
:10FDB00035FD386181211348FEF730FDF8607B691D
:10FDC000002B02D07B6910229A713B69002B06D070
:10FDD0003B6900221A71002242F002025A71FB684C
:10FDE000002B06D0FB6800221A71002242F00202AA
:10FDF0005A717B6843221A80024B18461837BD4659
:10FE000080BD00BFB800002080B586B000AF78602C
:10FE100082211848FEF702FD786101211548FEF79E
:10FE2000FDFC386181211348FEF7F8FCF8607B691E
:10FE3000002B02D07B6910229A713B69002B06D0FF
:10FE40003B69002242F040021A7100225A71FB689D
:10FE5000002B06D0FB68002242F040021A710022FB
:10FE60005A717B6843221A80024B18461837BD46E8
:10FE700080BD00BFB800002080B483B000AF7860C0
:10FE80007B680A221A80034B18460C37BD465DF882
:10FE9000047B70477400002080B483B000AF7860AA
:10FEA00039603B68002B01D1032309E07B68D3F85C
:10FEB000D4327A68B0339B0013443A685A60002306
:10FEC00018460C37BD465DF8047B704780B487B098
:10FED00000AFF860B9607A60FB68D3F8D422FB68A1
:10FEE000B03253F822307B617B69002B01D10323B0
:10FEF00008E07B69BA68C3F808227B697A68C3F8AE
:10FF00001022002318461C37BD465DF8047B70475D
:10FF100080B485B000AF786039607B68D3F8D422B4
:10FF20007B68B03253F82230FB60FB68002B01D1B4
:10FF3000032304E0FB683A68C3F804220023184650
:10FF40001437BD465DF8047B7047000080B584B06F
:10FF500000AF78607B68D3F8D4227B68B03253F866
:10FF60002230FB607B68D3F8D4227B68B03253F830
:10FF70002230002B01D1032318E07B681B7C002B6F
:10FF80000AD10C4B1978FB68D3F804224FF40073A4
:10FF90007868F7F729FC08E0064B1978FB68D3F876
:10FFA000042240237868F7F71FFC00231846103717
:10FFB000BD4680BDFC00002090B587B000AF7860E2
:10FFC00000237B6100233B61424B1B684FF0FF31F4
:10FFD0001846F5F741FE404B1B6800211846F6F71E
:10FFE000D9F80346BB60BB68002B65D0BC68786855
:10FFF00000F0B6F803462370BB680A225A70BB684B
:020000040801F1
:100000001B780B2B4DD07868F0F7CAF80346013304
:100010001A467968314801F054FFBB682F4A5A608C
:100020002F4B0A221A70BC68F5F780FA0346A360CA
:100030002C4B186807F10801FA230022F5F716FF88
:10004000F860FB68002B16D07B695A1C7A61042B80
:1000500011D9234B03221A701F4B1B68BA68114633
:100060001846F6F70DF91B4B1B681846F5F746FEC8
:100070001B4B1B782AE0FB68002BD9D1C020F5F779
:10008000AFFA4FF0FF320021C020F5F7E7FA3861F0
:100090003B6903F08003002B11D0114B03221A702F
:1000A0000DE00D4B1B68BA6811461846F6F7E8F8E4
:1000B0000B4B03221A7002E0094B03221A70054B06
:1000C0001B681846F5F71AFE054B1B7818461C37B7
:1000D000BD4690BDCC380020A86A0020B46A00203C
:1000E000B06A00207437002090B585B000AF78600A
:1000F0000023FB602AE0FA6813469B0013449A0031
:100100001344164A13445C1CFA6813469B001344BC
:100110009A001344114A134401331846F0F740F88B
:1001200003461A462146786801F0E9FD0346002B94
:1001300009D10A49FA6813469B0013449A001344F4
:100140000B441B7806E0FB680133FB60FB680A2B5D
:10015000D1D90A2318461437BD4690BDD83A0108B4
:1001600090B585B000AF78600023FB6027E0FA68A7
:1001700013465B001344DB000833154A9C18FA68E9
:1001800013465B001344DB000833114A134418463E
:10019000F0F706F803461A462146786801F0AFFDED
:1001A0000346002B08D10A49FA6813465B00134442
:1001B000DB000B441B7806E0FB680133FB60FB6847
:1001C0000B2BD4D90B2318461437BD4690BD00BF66
:1001D000B839010890B58BB002AF78600023FB7787
:1001E0000023BB600023BB6100237B6100233B61D4
:1001F0008E4B186807F1080140F6B8330022F5F776
:1002000095FEF860FB6813F1020F2CD17B69002B7F
:1002100000F035817B691B781946854A0B465B00E7
:100220000B44DB00134402331B781A463B699342AC
:1002300005D27B69BB613B6901333B611FE17D4BAB
:1002400005221A707B699B6880211846F5F77AF9B8
:10025000794B1B6879691846F6F712F800237B6121
:100260000023FB770BE1FB68002B40F00881BB68A3
:100270001B780A2B04D8BB68BB6100233B6121E0DB
:10028000BB685B780A2B1CD16A4B03221A707B690E
:10029000002B0BD07B699B6880211846F5F752F93B
:1002A000654B1B6879691846F5F7EAFF624B1B68D6
:1002B000BA6811461846F5F7E3FF00237B61002377
:1002C000FB7700BFBB685B78022B23D1BB685B6800
:1002D00003F11400BB685B689968BB685B681A68C7
:1002E000BB685B68DC68BB685B681B69009323467E
:1002F00000F0B2FE514B1A68BB685B6819461046A5
:10030000F5F7BEFF4C4B1B68BA6811461846F5F767
:10031000B7FFB4E0BB685B78042B03D0BB685B78A5
:10032000072B12D1BB685B78184600F0FDFB424BEF
:100330001B6879691846F5F7A3FF3F4B1B68BA683D
:1003400011461846F5F79CFF99E0BB681B780B2B0C
:1003500040F09580FB7F002B02D0012B11D08EE066
:100360007B69002B05D0344B1B6879691846F5F77B
:1003700087FF314B1B68BA6811461846F5F780FFB6
:100380007DE0BB685A787B691B781846284903468C
:100390005B000344DB000B4401331B789A4227D1F6
:1003A0007B691B781946224A0B465B000B44DB0035
:1003B000134401331A781F4B1A707B69002B0BD042
:1003C0007B699B6840211846F5F7BCF81A4B1B68FF
:1003D00079691846F5F754FF174B1B68BA68114640
:1003E0001846F5F74DFF00237B610023FB7745E0BE
:1003F0007B691B7819460E4A0B465B000B44DB00F9
:10040000134402331B781A463B69934218D23B6966
:1004100001333B617B69BB6100237B61064B1B6839
:10042000BA6811461846F5F72BFF27E0743700200D
:10043000B8390108B06A0020A86A0020AC6A002020
:10044000BB685A781A4B1A707B69002B0BD07B69FA
:100450009B6880211846F5F775F8164B1B6879697B
:100460001846F5F70DFF134B1B68BA68114618467E
:10047000F5F706FF00237B610023FB7700BFBB6914
:10048000002B3FF4B5AEBB697B610023BB61012348
:10049000FB777B695B681C467B695B681846EFF7F6
:1004A0007FFE03461946204600F0B0FAA0E600BFE2
:1004B000B06A0020A86A002090B58DB000AF7860C7
:1004C00000220C210820F5F78FFD0346604A1360D7
:1004D000002254210220F5F787FD03465D4A136090
:1004E00000F0C2F80023BB625B4B186807F11001F3
:1004F0004FF0FF330022F5F719FD78627B6A002B7D
:10050000F2D1534B1B6800211846F5F743FE034612
:10051000FB60FB68002B00F09180FB680B221A70D7
:100520003B69FC681846FFF7DFFD03466370FB6814
:100530000A2B7BD0FB685B78022B6BD1454B1B6889
:1005400000211846F5F726FE38623B6943491846F4
:1005500001F0E8FB0346FB614049002001F0E2FBAB
:100560000346FB61FB69BB610023FB723B6A00220F
:100570001A75B869EFF714FE02463B6A9A600023C9
:10058000FB6219E0BA69FB6A13441B889BB23B818A
:1005900007F1080310220021184601F045FA03462E
:1005A0007B61FB6A5B087A69D1B23A6A13440A46F6
:1005B0001A75FB6A0233FB623B6A9B68FA6A9A42CD
:1005C000E0D32649002001F0ADFB0346FB61F8694A
:1005D00001F0ABF903461A463B6A1A601F49002036
:1005E00001F0A0FB0346FB61F86901F09EF90246A9
:1005F0003B6ADA601949002001F094FB0346FB6175
:10060000F86901F092F902463B6A1A61FB683A6A9E
:100610005A6002E0FB6800225A60114B186807F12B
:100620000C0100230022F5F721FC08E0084B1B68B1
:10063000FA6811461846F5F723FE00E0FEE7094B7D
:100640001B683A6911461846F5F71AFE4CE700BFD9
:10065000A86A0020AC6A002010370020AC370108DF
:10066000743700204C6C002080B500AF0022402180
:100670000820F5F7B9FC03460C4A13600B4B1B68C6
:10068000002B01D100BFFDE700F018F84022084917
:100690000848FCF777FB084B1B681A68064B1B6879
:1006A00022F008021A6000BF80BD00BF4C6C002021
:1006B0000C6B002098090020E009002080B500AFF5
:1006C000402200210D4801F012FB4FF480720021FE
:1006D0000B4801F00CFB0B4B4FF48072DA60094BB6
:1006E00000221A60074B00225A60064B00229A60D3
:1006F000044B034A1A6100BF80BD00BF0C6B002091
:100700004C6B0020F86A002080B584B000AF7860A0
:1007100039602C4B1B69002B01D100234DE0294B84
:100720001A68284B5B689A4206D3264BDA68254B39
:100730001B68D31AFB6005E0224B5A68214B1B68EB
:10074000D31AFB601F4B9A681E4BDB689A4201D19B
:100750000023FB60FA683B68934228BF1346BB60E6
:10076000184B1A69174B1B681344BA687968184606
:1007700001F0A7FB134B1A68BB681344114A1360BE
:10078000104B9A68BB6813440E4A93600D4B1A686D
:100790000C4BDB689A420FD10A4B00221A607A6830
:1007A000BB68D0183A68BB68D31A1946FFF7ACFF8C
:1007B0000246BB68134400E0BB6818461037BD46CC
:1007C00080BD00BFF86A002080B586B002AF7860B7
:1007D0003960264B1B69002B01D1002342E0234BDB
:1007E0001A6900920FCB00F0DBF802463B68934297
:1007F00007D91E4B1A6900920FCB00F0D1F80346BF
:1008000000E03B683B60194B5A683B681A44174B41
:10081000DB689A420AD2154B1A69144B5B68134481
:100820003A681946786801F04CFB1AE00F4BDA6819
:100830000E4B5B68D31AFB600C4B1A690B4B5B6861
:100840001344FA681946786801F03BFB7A68FB6844
:10085000D018064B19693A68FB68D31A1A4601F09A
:1008600030FB3B6818461037BD4680BDF86A002053
:1008700080B487B000AF0346FB71364B1B69002B79
:1008800002D14FF0FF335FE0324B9B68002B02D167
:100890004FF0FF3358E02F4B5A682E4B1B689A429B
:1008A0001AD22C4B5B687B6110E02A4B1A697B697A
:1008B00013441B78FA799A4205D1264B5B687A6912
:1008C000D31A013340E07B6901337B61214B1B6804
:1008D0007A699A42E9D335E01E4B5B683B6110E0D0
:1008E0001C4B1A693B6913441B78FA799A4205D16B
:1008F000184B5B683A69D31A013325E03B69013331
:100900003B61144BDB683A699A42E9D30023FB60F0
:1009100013E0104B1A69FB6813441B78FA799A426A
:1009200008D10C4BDA680B4B5B68D21AFB68134496
:10093000013309E0FB680133FB60064B1B68FA6872
:100940009A42E6D34FF0FF3318461C37BD465DF898
:10095000047B7047F86A002080B584B000AF7860EF
:10096000396039687868FFF72FFFF8600B4B9A6899
:10097000FB68D31A094A9360084B5A68FB68134412
:10098000064AD268B3FBF2F101FB02F29B1A034A5A
:100990005360FB6818461037BD4680BDF86A0020DA
:1009A00080B400AF034B9B681846BD465DF8047BDE
:1009B000704700BFF86A002080B582B000AF786051
:1009C0000B467B807B8819460C48FFF79DFE402232
:1009D0000A490B48FCF7D6F90A4B1B681A68094B01
:1009E0001B6822F008021A60074B1B680121184699
:1009F000F4F7A8FD00BF0837BD4680BD0C6B002092
:100A000098090020E0090020D81D002080B584B09E
:100A100000AF78603960124B1B684FF0FF31184609
:100A2000F5F71AF9F4F782FD03460E4A13603B68A6
:100A30009BB21A4679680C48FCF728F94FF0FF3250
:100A400000210120F4F70AFEF860054B1B681846E8
:100A5000F5F754F93B6818461037BD4680BD00BF16
:100A6000D4380020F46A00209809002080B483B0B4
:100A700000AF786000BF0C37BD465DF8047B70475F
:100A800080B582B000AF7860044B1B680121184626
:100A9000F4F758FD00BF0837BD4680BDF46A00205A
:100AA00080B586B000AF78604FF0FF3200210120A2
:100AB000F4F7D4FD78610A20FFF7DAFE38613B696C
:100AC000002BF1DD164B1B6800211846F5F762FB81
:100AD0000346FB60FB68002BE6D0F6F70DF8FB68D9
:100AE0001A463B6919461046FFF736FF07F10B031C
:100AF00001211846FFF768FEFB7A0D2B05D107F19F
:100B00000B0301211846FFF727FFF6F727F8054BDF
:100B1000186807F10C0100230022F5F7A7F9C3E7D5
:100B20004C6C00201037002080B582B000AF034627
:100B3000FB711A4B1B684FF0FF311846F5F78CF824
:100B4000174B1B78DBB2042B1ED1FB79042B06D18B
:100B5000144B00221A60082000F05AF80EE0114BE6
:100B60001B6801330F4A13600E4B1B68042B05D919
:100B70000C4B00221A60012000F04AF80A4B1B6857
:100B800001211846F4F7DEFC044B1B681846F5F704
:100B9000B5F800BF0837BD4680BD00BFD83800207B
:100BA000FE000020506C00204026002080B582B05E
:100BB00000AF78600B4B1B684FF0FF311846F5F71C
:100BC0004BF8094B1B78DBB2102B02D1082000F048
:100BD0001FF8044B1B681846F5F790F800BF08375C
:100BE000BD4680BDD8380020FE00002080B500AF93
:100BF00003E041F28830F4F7B2FD0448FFF7DCF976
:100C00000346082BF5D100BF80BD00BFB0370108F7
:100C100080B582B000AF0346FB71064AFB791370C2
:100C2000054B1B6801211846F4F78CFC00BF083700
:100C3000BD4680BDFE0000204026002080B582B069
:100C400000AF7860514B1B78DBB2013B0F2B00F2F9
:100C5000888001A252F823F0990C0108C10C010808
:100C6000630D0108E90C0108630D0108630D01081B
:100C7000630D0108110D0108630D0108630D0108E2
:100C8000630D0108630D0108630D0108630D010880
:100C9000630D01083B0D010804213D48FAF7E3F913
:100CA000002210213A48FAF7C5F9002202213848FB
:100CB000FAF7C0F9002208213548FAF7BBF961E0DC
:100CC000002204213248FAF7B5F910213048FAF72A
:100CD000CAF9002202212E48FAF7ACF900220821B5
:100CE0002B48FAF7A7F94DE0002204212848FAF72B
:100CF000A1F9002210212648FAF79CF90221244884
:100D0000FAF7B1F9002208212148FAF793F939E0FE
:100D1000002204211E48FAF78DF9002210211C48F8
:100D2000FAF788F9012202211948FAF783F900221B
:100D300008211748FAF77EF924E00022042114481C
:100D4000FAF778F9002210211148FAF773F9012215
:100D500002210F48FAF76EF908210D48FAF783F9D6
:100D600010E004210A48FAF77EF910210848FAF742
:100D70007AF902210648FAF776F908210448FAF7C9
:100D800072F900BF00BF0837BD4680BDFE000020DD
:100D90000000024080B586B000AF786000237B6120
:100DA0004A4B1B6832211846F4F786FD484B1B68F6
:100DB00001211846F4F7C6FB4FF0FF320021012055
:100DC000F4F74CFC3861434B1B684FF0FF31184679
:100DD000F4F742FF404B1B681F211846F4F71CFE36
:100DE0003E4B1B78DBB2013B0F2B5ED801A252F8C1
:100DF00023F000BF350E0108590E0108AB0E0108A3
:100E0000AB0E0108AB0E0108AB0E0108AB0E0108DA
:100E1000AB0E0108AB0E0108AB0E0108AB0E0108CA
:100E2000AB0E0108AB0E0108AB0E0108AB0E0108BA
:100E30009B0E0108FFF7DAFE00237B610220FFF71B
:100E4000E7FE234B1B6801211846F4F77BFB4FF4A8
:100E50007A70F4F784FC28E07B691B02204A134473
:100E60001846FFF7A9F80346002B0CD17B69013324
:100E70007B617B69072B02D10420FFF7C9FE642048
:100E8000F4F76DFC02E00120FFF7C2FE104B1B6877
:100E900001211846F4F756FB07E0124B1B6843F29A
:100EA000B0611846F4F708FD00BF0B4B1B680B4AF6
:100EB0001278D2B211461846F4F76CFDF860054B73
:100EC0001B681846F4F71AFF76E700BF6C3800205D
:100ED00040260020D8380020E0380020FE00002006
:100EE000000100209C38002080B588B000AFF86079
:100EF000B9607A603B60FB68FB610023BB61BB6843
:100F00007B61BB685B003A689A4203D23B685B082E
:100F10007B6101E0BB687B6100233B6110E07A6884
:100F2000BB69D018FB695A1CFA611B781A4609493B
:100F300000F07AFEBB690233BB613B6901333B6160
:100F40003A697B699A42EAD3BB6918462037BD46A5
:100F500080BD00BFB837010880B584B000AFF8602D
:100F6000B9607A6000F00AF87A68B968F86800F049
:100F700025F8034618461037BD4680BD80B500AF42
:100F80000C4B18684FF0FF3302220821F4F775FD6F
:100F9000094B1B684FF0FF311846F4F75DFE054B17
:100FA00018684FF0FF3302220821F4F766FD00BFF6
:100FB00080BD00BFE0380020DC38002080B588B05C
:100FC00002AFF860B9607A604FF0FF337B611C4B71
:100FD0001B684FF0FF311846F4F73EFE194B1B78A3
:100FE000DBB2082B1DD14023174A7968B868FFF798
:100FF0007BFF3861144B0093FB68144A502114485E
:1010000000F0DEFD1248FEF7D7FF0346012B05D1A5
:101010001020FFF7FDFD00237B6102E00120FFF7B8
:10102000F7FD074B1B681846F4F768FE094B1B6871
:101030001846F4F763FE7B6918461837BD4680BD35
:10104000D8380020FE000020546C0020D037010862
:10105000946C0020DC38002080B487B000AFF860CA
:10106000B9607A603B60FB687B617B691A88064BDC
:101070001A807B699A78054B1A7000BF1C37BD46F1
:101080005DF8047B704700BFE46C0020E66C002034
:1010900080B483B000AF786000BF0C37BD465DF808
:1010A000047B70470000000080B586B000AF786018
:1010B0000023FB60264800F095F86421244800F0E6
:1010C00045F9234800F0CDF97861FB680133FB60F6
:1010D0007869EFF7FFF91AA3D3E90023EFF774FA61
:1010E00002460B461046194617A3D3E90023EFF733
:1010F00095FB02460B4610461946EFF715FD0346D1
:1011000000EE903A9FED130AF0F752FAF0EE407AB3
:101110009FED117A67EE877AFDEEE77A17EE903A47
:101120003B6107F10C03082219460220FFF714FF68
:1011300043F69820F4F713FB00BFBBE7AFF3008042
:101140000000000000C8A9400000000000FEAF4001
:101150007808002000404E450000C84280B584B0A9
:1011600000AF78600023FB737B68002B01D1012363
:1011700033E07B681B6C002B09D17868F0F70EFB1D
:101180007B6800225A647B68002283F83C207B68DD
:101190001B6C03F01003002B18D17B681B6C23F42D
:1011A000885323F0020343F002027B681A647868D4
:1011B00000F096FA7B6800225A647B681B6C23F06F
:1011C000030343F001027B681A6401E00123FB730F
:1011D0007B68002283F83C20FB7B18461037BD4615
:1011E00080BD000080B485B000AF78600023BB6094
:1011F0007B6893F83C30012B01D1022397E07B6898
:10120000012283F83C207B681B689B6803F0010384
:10121000012B18D07B681B689A687B681B6842F0BA
:1012200001029A60454B1B68454AA2FB03239A0CB6
:1012300013465B001344BB6002E0BB68013BBB602C
:10124000BB68002BF9D17B681B689B6803F0010326
:10125000012B5FD17B681B6C23F4E06323F0010357
:1012600043F480727B681A647B681B685B6803F4D4
:101270008063002B07D07B681B6C23F4405343F43E
:1012800080527B681A647B681B6C03F48053B3F54F
:10129000805F06D17B685B6C23F006027B685A6432
:1012A00002E07B6800225A647B68002283F83C20BD
:1012B000244BFB607B681B686FF022021A60FB689E
:1012C0005B6803F01F03002B0FD17B681B689B68D2
:1012D00003F04053002B29D17B681B689A687B6818
:1012E0001B6842F080429A6020E07B681B68164AC7
:1012F00093421BD17B681B689B6803F04053002B13
:1013000014D17B681B689A687B681B6842F0804236
:101310009A600BE07B681B6C43F010027B681A64D8
:101320007B685B6C43F001027B685A6400231846BB
:101330001437BD465DF8047B704700BF7000002085
:1013400083DE1B43002301400020014080B584B0B0
:1013500000AF786039600023FB607B681B689B6886
:1013600003F48063B3F5806F13D17B681B689B68BF
:1013700003F48073B3F5807F0BD17B681B6C43F063
:1013800020027B681A647B68002283F83C200123DA
:1013900063E0FAF79DFBF86021E03B68B3F1FF3FA3
:1013A0001DD03B68002B07D0FAF792FB0246FB6882
:1013B000D31A3A689A4212D27B681B681B6803F002
:1013C0000203022B0BD07B681B6C43F004027B688A
:1013D0001A647B68002283F83C2003233DE07B688D
:1013E0001B681B6803F00203022BD6D17B681B68C5
:1013F0006FF012021A607B681B6C43F400727B680A
:101400001A647B681B689B6803F04053002B23D150
:101410007B681B7E002B1FD17B681B68DB6A03F493
:101420007003002B06D07B681B689B6803F4806305
:10143000002B11D17B681B6C23F480727B681A64CB
:101440007B681B6C03F48053002B05D17B681B6CFD
:1014500043F001027B681A64002318461037BD462A
:1014600080BD80B483B000AF78607B681B68DB6CA4
:1014700018460C37BD465DF8047B704780B485B0D4
:1014800000AF786039600023BB607B6893F83C3024
:10149000012B01D1022313E17B68012283F83C2058
:1014A0003B681B68092B25D97B681B68D9683B689A
:1014B0001B689BB21A4613465B0013441E3B07226F
:1014C00002FA03F3DA437B681B680A40DA607B6840
:1014D0001B68D9683B689A683B681B689BB21846D2
:1014E00003465B0003441E3B9A407B681B680A432B
:1014F000DA6022E07B681B6819693B681B689BB255
:101500001A4613465B001344072202FA03F3DA4338
:101510007B681B680A401A617B681B6819693B6815
:101520009A683B681B689BB2184603465B000344FD
:101530009A407B681B680A431A613B685B68062B0C
:1015400024D87B681B68596B3B685A6813469B001C
:101550001344053B1F2202FA03F3DA437B681B683E
:101560000A405A637B681B68596B3B681B689BB2D7
:1015700018463B685A6813469B001344053B00FA23
:1015800003F27B681B680A435A634CE03B685B6864
:101590000C2B24D87B681B68196B3B685A68134670
:1015A0009B001344233B1F2202FA03F3DA437B68B8
:1015B0001B680A401A637B681B68196B3B681B68D1
:1015C0009BB218463B685A6813469B001344233B62
:1015D00000FA03F27B681B680A431A6323E07B6806
:1015E0001B68D96A3B685A6813469B001344413B09
:1015F0001F2202FA03F3DA437B681B680A40DA62AF
:101600007B681B68D96A3B681B689BB218463B68BD
:101610005A6813469B001344413B00FA03F27B686F
:101620001B680A43DA62294BFB607B681B68284A07
:1016300093420FD13B681B68122B0BD1FB685B6890
:1016400023F40002FB685A60FB685B6843F4800285
:10165000FB685A607B681B681D4A93422BD13B682C
:101660001B681C4A934203D03B681B68112B22D194
:10167000FB685B6823F48002FB685A60FB685B6868
:1016800043F40002FB685A603B681B68114A9342AE
:1016900011D1114B1B68114AA2FB03239A0C13466C
:1016A0009B0013445B00BB6002E0BB68013BBB6076
:1016B000BB68002BF9D17B68002283F83C20002313
:1016C00018461437BD465DF8047B7047002301407F
:1016D00000200140120000107000002083DE1B4338
:1016E00080B485B000AF7860794BFB60FB685B68C5
:1016F00023F44032FB685A60FB685A687B685B6879
:101700001A43FB685A607B681B685A687B681B68D1
:1017100022F480725A607B681B6859687B681B6979
:101720001A027B681B680A435A607B681B685A6808
:101730007B681B6822F040725A607B681B6859689E
:101740007B689A687B681B680A435A607B681B68E1
:101750009A687B681B6822F400629A607B681B6849
:1017600099687B68DA687B681B680A439A607B68C3
:101770009B6A584A934222D07B681B689A687B68B0
:101780001B6822F070629A607B681B6899687B68AE
:101790009A6A7B681B680A439A607B681B689A6830
:1017A0007B681B6822F040529A607B681B689968CE
:1017B0007B68DA6A7B681B680A439A600FE07B6883
:1017C0001B689A687B681B6822F070629A607B686D
:1017D0001B689A687B681B6822F040529A607B689D
:1017E0001B689A687B681B6822F002029A607B681B
:1017F0001B6899687B681B7E5A007B681B680A43DC
:101800009A607B6893F82030002B1BD07B681B68A4
:101810005A687B681B6842F400625A607B681B68E8
:101820005A687B681B6822F460425A607B681B68B8
:1018300059687B685B6A013B5A037B681B680A43F3
:101840005A6007E07B681B685A687B681B6822F453
:1018500000625A607B681B68DA6A7B681B6822F446
:101860007002DA627B681B68D96A7B68DB69013BBE
:101870001A057B681B680A43DA627B681B689A68F2
:101880007B681B6822F400729A607B681B68996809
:101890007B6893F830305A027B681B680A439A6071
:1018A0007B681B689A687B681B6822F480629A6078
:1018B0007B681B6899687B685B699A027B681B6818
:1018C0000A439A6000BF1437BD465DF8047B704739
:1018D000002301400100000FDFF834D00D480E490D
:1018E0000E4A002302E0D458C4500433C4188C427A
:1018F000F9D30B4A0B4C002301E013600432A242DF
:10190000FBD3FCF797FB00F0B5FAEFF7D3F970477C
:1019100000000220000000205C080020E43D0108D7
:101920005C080020386E0020FEE70A22002100F04B
:101930007BB80000242B2DE9F0478646904601D85D
:10194000012B06D100F090FA162303600020BDE8B9
:10195000F08734480D462A4615F8014B065D16F00F
:101960000806F8D12D2C10D12C780126951C33F0C7
:10197000100215D1302C0DD12A7802F0DF02582A3E
:1019800008D16C78023510230AE02B2C04BF2C7888
:10199000951CECE7002BF6D1302C14BF0A2308234A
:1019A00006F1004C0CF1FF3C0022BCFBF3F91046A1
:1019B00003FB19CAA4F13007092F0FD83C46A342F4
:1019C0001BDD571C07D0814514D301D1A24511DB83
:1019D00000FB0340012215F8014BEBE7A4F141079E
:1019E000192F01D8373CEAE7A4F16107192F04D871
:1019F000573CE4E74FF0FF32EDE7531C08D12223B8
:101A0000CEF800306046B8F1000FA0D0691E06E0A5
:101A100006B14042B8F1000F99D0002AF6D1C8F8BB
:101A2000001094E7EC3B010813460A4601460248C1
:101A30000068FFF77FBF00BF0C080020002310B52F
:101A40000446C0E90033C0E9043383608181436602
:101A5000C2818361194608225C3000F048F90D4BC1
:101A600063620D4BA3620D4BE3620D4B23630D4B81
:101A700024629C4206D003F16802944202D0D03323
:101A80009C4205D104F15800BDE8104000F016BAA0
:101A900010BD00BF691C01088B1C0108C31C010894
:101AA000E71C0108E86C0020024A0349034800F0E3
:101AB00069B800BF00080020ED27010810080020C9
:101AC00041680C4B994210B5044601D000F08EFEDF
:101AD000A168094B994202D0204600F087FEE168D8
:101AE000064B994204D02046BDE8104000F07EBE6F
:101AF00010BD00BFE86C0020506D0020B86D0020C4
:101B000010B50B4B0B4C0C4A1A60204600220421E6
:101B1000FFF794FF04F1680001220921FFF78EFF0F
:101B200004F1D0000222BDE810401221FFF786BF69
:101B3000206E0020E86C0020A91A0108014800F07E
:101B4000BEB900BF296E0020014800F0B9B900BF3E
:101B5000296E002010B50446FFF7F0FF236A1BB181
:101B6000BDE81040FFF7F0BF044B2362044B1B6835
:101B7000002BF5D1FFF7C4FFF2E700BFC11A01083F
:101B8000206E00202DE9F8430746884614460026BB
:101B9000D4E90195B9F1010905D52468002CF7D1E4
:101BA0003046BDE8F883AB89012B07D9B5F90E3073
:101BB000013303D029463846C04706436835E9E774
:101BC0000CB430B5174B0C1E1D689DB008DA8B2382
:101BD0002B604FF0FF301DB0BDE8304002B07047C1
:101BE0004FF40273ADF8143014BF04F1FF332346F1
:101BF000049307934FF6FF7302900690ADF81630EA
:101C0000209A21AB02A92846019300F0E3FA431C75
:101C1000BCBF8B232B60002CDDD0029B00221A70EE
:101C2000D9E700BF0C0800200EB400B59CB01DAB76
:101C3000029006906FF0004109480791049109490C
:101C400053F8042B05910068019302A900F0C2FA31
:101C5000029B00221A701CB05DF804EB03B07047C1
:101C60000C0800200802FFFF10B50C46B1F90E1059
:101C700000F0D6F80028ABBF636DA3891B1823F4CE
:101C80008053ACBF6365A38110BD2DE9F0411F46B1
:101C90008B89DB0505460C46164605D5B1F90E10B5
:101CA0000223002200F0AAF8A389B4F90E1023F44D
:101CB0008053A38132463B462846BDE8F04100F000
:101CC000C1B810B50C46B1F90E1000F097F8431CDE
:101CD000A38915BF606523F4805343F48053A38127
:101CE00018BFA38110BDB1F90E1000F077B80244FF
:101CF0000346934200D1704703F8011BF9E710B582
:101D00006AB10139841810F8012B11F8013F9A4289
:101D100003D1A04201D0002AF5D1D01A10BD10463F
:101D2000FCE70000164B2DE9F0411F687C6C05466E
:101D30000E46ECB9502000F03BF90246786420B919
:101D4000104B11485B2100F0CBF8C0E90044C0E91A
:101D50000244C0E90444C0E90A44C0E90C44C0E9B3
:101D60000E44C0E91044C0E912448461047744621F
:101D70007A6C314628460123BDE8F04100F006B8F0
:101D80000C080020EC3C0108033D0108F0B50446B6
:101D900008B9146844B1204614F8015B0F4617F8DF
:101DA000016B1EB965B91560002005E0B542F6D19A
:101DB000002BF0D114600370F0BD1C460CE01DB97F
:101DC000274614F8013B0E4616F8015BAB42F6D1EC
:101DD000002BF2D000233B701460EDE738B5064DC0
:101DE0000023044608462B6001F066FA431C02D12A
:101DF0002B6803B1236038BD246E002038B5074D31
:101E000004460846114600222A601A4601F07CFA70
:101E1000431C02D12B6803B1236038BD246E00201F
:101E200038B5074D04460846114600222A601A4676
:101E300001F072FA431C02D12B6803B1236038BD54
:101E4000246E002038B5074D04460846114600228E
:101E50002A601A4601F076FA431C02D12B6803B1BE
:101E6000236038BD246E0020014B1868704700BF06
:101E70000C08002070B50D4D0D4C641BA4100026FD
:101E8000A64209D10B4D0C4C01F0C4FB641BA410FD
:101E90000026A64205D170BD55F8043B984701368F
:101EA000EEE755F8043B98470136F2E7DC3D0108C0
:101EB000DC3D0108DC3D0108E03D0108704770474A
:101EC00070470A44914200F1FF3300D1704710B5CA
:101ED00011F8014B03F8014F9142F9D110BD0000F8
:101EE0001FB514461A46094B1B680546D8684CB105
:101EF000074B0091CDE9013406492B4600F09EFCCA
:101F000000F0D8FC044B1C46F3E700BF0C0800208F
:101F10005E3D01086B3D0108993D010838B5054655
:101F2000002941D051F8043C0C1F002BB8BFE41825
:101F300000F0E8F81D4A136833B96360146028465E
:101F4000BDE8384000F0E4B8A34208D92068211861
:101F50008B4201BF19685B6809182160EDE71A46DA
:101F60005B680BB1A342FAD911685018A0420BD19B
:101F700020680144501883421160E0D118685B6802
:101F8000536008441060DAE702D90C232B60D6E7CF
:101F9000206821188B4204BF19685B68636004BF26
:101FA000091821605460CAE738BD00BF306E0020B8
:101FB000024B0146186800F025B800BF0C0800204D
:101FC00070B50F4E0C463168054611B900F062FC41
:101FD00030602146284600F05DFC431C03D14FF0E1
:101FE000FF34204670BDC41C24F00304A042F8D086
:101FF000211A284600F04EFC0130F2D1EFE700BF75
:102000002C6E00202DE9F843CD1C25F00305083582
:102010000C2D38BF0C25002D064601DBA94204D942
:102020000C2333600020BDE8F883DFF8D48000F093
:1020300069F8D8F800301C4644BB29463046FFF703
:10204000BFFF431C044658D1D8F800402746002F54
:1020500043D1002C4BD023683946304604EB0309AA
:1020600000F018FC814542D121686D1A294630469E
:10207000FFF7A6FF01303AD023682B442360D8F83D
:1020800000305A6862BBC8F800700FE02268521B2B
:1020900020D40B2A17D96119A342256018BF5960B3
:1020A000636808BFC8F8001062514B60304600F00A
:1020B0002FF804F10B00231D20F00700C21A1CBFEB
:1020C0001B1AA350AFE76268A3420CBFC8F80020F8
:1020D0005A60EBE723466468AEE73C467F68B6E7A4
:1020E0001A465B68A342FBD100235360DEE70C2352
:1020F0003360304600F00CF894E70560D6E700BF87
:10210000306E00200148FFF7DABE00BF286E0020C5
:102110000148FFF7D5BE00BF286E00202DE9F0472B
:102120008E681F46BE420B6882460C4690462DD8EC
:10213000B1F90C2012F4906F26D06569096905EB9E
:102140004505A3EB010905EBD5757B1C4B446D10D0
:102150009D4238BF1D46530527D52946FFF752FF3C
:10216000064660B321694A46FFF7ABFEA38923F414
:10217000906343F08003A381266165614E44A5EB23
:1021800009052660A5603E46BE4200D93E4620684D
:102190003246414600F064FBA3689B1BA3602368A2
:1021A000334423600020BDE8F0872A4600F089FB15
:1021B00006460028E0D121695046FFF7AFFE0C2308
:1021C000CAF80030A38943F04003A3814FF0FF30E9
:1021D000E9E700002DE9F04F98468B891B069DB07A
:1021E00007460D46144610D50B6973B94021FFF719
:1021F00009FF2860286130B90C233B604FF0FF30A5
:102200001DB0BDE8F08F40236B61002309932023AC
:102210008DF82930CDF80C803023DFF89C818DF8C3
:102220002A304FF0010923469A4613F8012B0AB1D0
:10223000252AF9D1BAEB040B0BD05B46224629467E
:102240003846FFF76BFF013000F0A780099A5A4427
:1022500009929AF80030002B00F09F8000234FF085
:10226000FF32CDE905230AF1010A049307938DF8A3
:1022700053301A935446052214F8011B4E48EDF7CB
:1022800097FF049AD8B9D00644BF20238DF8533065
:10229000110744BF2B238DF853309AF800302A2BB6
:1022A00015D0079A544600204FF00A0C214611F829
:1022B000013B303B092B4BD9B0B1079214E0A0EBA6
:1022C000080309FA03F313430493A246D2E7039BDE
:1022D000191D1B680391002BBBBF5B4242F0020239
:1022E00007930793B8BF049223782E2B0AD1637803
:1022F0002A2B32D1039B1A1D1B68039243EAE37316
:1023000002340593DFF8C0A0217803225046EDF790
:102310004FFF38B1049BA0EB0A00402282401343D8
:102320000134049314F8011B24488DF82810062268
:10233000EDF73EFF002836D0214B1BBB039B073334
:1023400023F0070308330393099B334409936AE797
:102350000CFB02320C460120A8E700230134059350
:1023600019464FF00A0C204610F8012B303A092A82
:1023700003D9002BC6D00591C4E70CFB012104460C
:102380000123F0E703AB00932A460E4B04A938461D
:10239000AFF30080421C0646D6D1AB895B063FF501
:1023A0002DAF09982CE703AB00932A46054B04A9EF
:1023B000384600F079F8EDE79A3D0108A43D0108A0
:1023C000000000001D210108A03D01082DE9F04793
:1023D000164698468A680B69DDF820909342B8BF8C
:1023E0001346336091F8432007460C460AB1013387
:1023F00033602368990642BF33680233336025682F
:1024000015F0060506D104F1190AE36832689B1A33
:10241000AB4226DC94F843302268003B18BF01230E
:1024200092062BD404F1430241463846C847013096
:102430001ED02368226903F00603042B02BFE5685F
:102440003368ED1AA3680CBF25EAE57500259342B1
:10245000C4BF9B1AED1800261A34B5421AD10020C9
:1024600008E00123524641463846C847013003D1AF
:102470004FF0FF30BDE8F0870135C6E7E1185A1C80
:10248000302081F84300224494F8451082F843102C
:102490000233C7E70123224641463846C847013088
:1024A000E6D00136D9E700002DE9FF470F7E0C9EEC
:1024B000782F914680460C469A4601F1430207D890
:1024C000622F0AD8002F00F0D180582F00F0B8807A
:1024D00004F1420684F842703AE0A7F16303152B39
:1024E000F6D801A151F823F041250108552501082E
:1024F000D1240108D1240108D1240108D1240108E4
:1025000055250108D1240108D1240108D12401084E
:10251000D1240108532601087F2501080D26010852
:10252000D1240108D124010875260108D12401080D
:102530007F250108D1240108D124010815260108AE
:1025400033681A1D1B68326004F1420684F8423079
:1025500001239CE033682068191D3160060601D50F
:102560001D6803E04506FBD5B3F90050002D03DAE2
:102570002D236D4284F8433058480A2311E0216826
:102580003368080653F8045B02D4490648BFADB26D
:102590006F2F5248336014BF0A230823002184F8A8
:1025A00043106668A660002E05DB21682E4321F0EB
:1025B000040121604BD01646B5FBF3F103FB115724
:1025C000C75D06F8017D2F46BB420D46F4D9082BA6
:1025D0000BD12368DF0708D5236961689942DEBF04
:1025E000302306F8013C06F1FF36921B2261CDF83C
:1025F00000A04B4603AA21464046FFF7E7FE013004
:102600004AD14FF0FF3004B0BDE8F087236843F0B3
:10261000200323603248782784F8457023683168A6
:102620001F0651F8045B02D45F0648BFADB23160AB
:10263000D90744BF43F0200323601DB11023ADE749
:102640002648E9E7236823F020032360F6E71646CF
:10265000BDE7336825686169181D30602E061B6868
:1026600001D5196002E06806FBD5198000232361BB
:102670001646BCE733681A1D32601E686268002186
:102680003046EDF795FD08B1801B606063682361FB
:10269000002384F84330AAE723693246494640467E
:1026A000D0470130ADD023689B0713D4E068039B6B
:1026B0009842B8BF1846A6E701233246494640462D
:1026C000D04701309DD00135E36803995B1AAB42D6
:1026D000F2DCEBE7002504F11906F5E7AB3D010854
:1026E000BC3D0108B1F90C202DE9F0411607054663
:1026F0000C4654D44B68002B02DC0B6C002B48DDDD
:10270000E66A002E45D0002312F480522F68216A19
:102710002B6030D0626DA389590705D56368D21A42
:10272000636B0BB1236CD21A0023E66A216A284638
:10273000B047431CA38906D129681D292BD82A4AF2
:10274000CA40D60727D500226260D90422692260D8
:1027500004D5421C01D12B6803B96065616B2F6001
:10276000B9B104F14403994202D02846FFF7D6FBE1
:10277000002363630DE001232846B0470246501C46
:10278000C9D12B68002BC6D01D2B01D0162B1ED112
:102790002F60002022E043F040031BB21BE00F69D2
:1027A000002FF6D093070E6808BF4B690F6018BF63
:1027B0000023A6EB07088B60B8F1000FE9DD216A62
:1027C000A66A43463A462846B047002808DCB4F9D2
:1027D0000C3043F04003A3814FF0FF30BDE8F0819F
:1027E0000744A8EB0008E7E70100402038B50B6973
:1027F00005460C4613B90025284638BD18B1036AB2
:102800000BB9FFF7A7F9B4F90C30002BF3D0626EC7
:10281000D00704D4990502D4A06DFFF750FB2846D9
:102820002146FFF75FFF636EDA070546E4D4A3890C
:102830009B05E1D4A06DFFF743FBDDE70EB403B5C4
:10284000014603AB054853F8042B0068019300F0E0
:102850008FF802B05DF804EB03B070470C0800205D
:10286000884210B501EB020402D98442234607D8FE
:10287000431EA14208D011F8012B03F8012FF8E7FD
:10288000024401468A4200D110BD13F8014D02F8FE
:10289000014DF7E738B5064D0023044608462B6086
:1028A00000F042FD431C02D12B6803B1236038BD08
:1028B000246E002008B5062000F02EFA012000F05A
:1028C00049FD2DE9F041074614460D4621B9BDE802
:1028D000F0411146FFF796BB2AB9FFF71FFB2546CB
:1028E0002846BDE8F08100F033FA8442064602D85B
:1028F000B4EB500FF4D821463846FFF783FB8046EF
:1029000008B94546ECE7B4422246294628BF32467C
:10291000FFF7D7FA29463846FFF700FBF1E793683F
:10292000013B002B10B4936008DA9469A34201DBE9
:102930000A2903D15DF8044B00F032B91368581C22
:102940001060197008465DF8044B7047F8B50646EC
:102950000F461446D518AC4201D1002007E014F808
:10296000011B3A463046FFF7DAFF431CF3D1F8BDAE
:102970002DE9F04F0D469DB014469846064618B115
:10298000036A0BB9FFF7E6F86B6ED90705D4AB897C
:102990009A0502D4A86DFFF792FAAB891B0701D5FF
:1029A0002B699BB92946304600F038F970B16B6E3F
:1029B000DC0704D54FF0FF301DB0BDE8F08FAB89C8
:1029C0009805F7D4A86DFFF77BFAF3E70023099386
:1029D00020238DF82930CDF80C803023DFF8AC812E
:1029E0008DF82A304FF0010923469A4613F8012B3F
:1029F0000AB1252AF9D1BAEB040B0BD05B4622466B
:102A000029463046FFF7A2FF013000F0A780099A5F
:102A10005A4409929AF80030002B00F09F8000235E
:102A20004FF0FF32CDE905230AF1010A0493079321
:102A30008DF853301A935446052214F8011B53485D
:102A4000EDF7B6FB049AD8B9D10644BF20238DF820
:102A50005330130744BF2B238DF853309AF80030BE
:102A60002A2B15D0079A544600204FF00A0C214615
:102A700011F8013B303B092B4BD9B0B1079214E060
:102A8000A0EB080309FA03F313430493A246D2E729
:102A9000039B191D1B680391002BBBBF5B4242F0D7
:102AA000020207930793B8BF049223782E2B0AD112
:102AB00063782A2B32D1039B1A1D1B68039243EAC9
:102AC000E37302340593DFF8D4A021780322504643
:102AD000EDF76EFB38B1049BA0EB0A004022824068
:102AE00013430134049314F8011B29488DF828106E
:102AF0000622EDF75DFB00283FD0264B1BBB039B56
:102B0000073323F0070308330393099B3B440993DE
:102B10006AE70CFB02320C460120A8E700230134CF
:102B2000059319464FF00A0C204610F8012B303A55
:102B3000092A03D9002BC6D00591C4E70CFB01215B
:102B400004460123F0E703AB00932A46124B04A985
:102B50003046AFF300800746781CD6D16B6ED9079C
:102B600005D4AB899A0502D4A86DFFF7A9F9AB8902
:102B70005B063FF51FAF09981EE703AB00932A469B
:102B8000054B04A93046FFF78FFCE4E79A3D0108A6
:102B9000A43D0108000000004D290108A03D0108E6
:102BA000F8B50E461446054618B1036A0BB9FEF790
:102BB000D1FFA369A360A3891A0701D5236943B98B
:102BC0002146284600F02AF818B14FF0FF37384662
:102BD000F8BD23682269981A6369F6B283423746C2
:102BE00005DC21462846FFF701FE0028EDD1A36849
:102BF000013BA36023685A1C22601E706269431C5B
:102C00009A4204D0A389DB07E1D50A2EDFD1214601
:102C10002846FFF7EBFD0028D9D0D6E738B5294B79
:102C2000054618680C4618B1036A0BB9FEF792FF07
:102C3000B4F90C30190722D4DA0607D409222A6025
:102C400043F04003A3814FF0FF3033E0580712D523
:102C5000616B41B104F14403994202D02846FFF769
:102C60005DF900236363A38923F02403A381002378
:102C7000636023692360A38943F00803A381236968
:102C80004BB9A38903F42073B3F5007F03D0214629
:102C9000284600F08BF8B4F90C3013F001020AD08A
:102CA0000022A26062695242A261226942B913F015
:102CB0008000C5D138BD990758BF6269A260F4E7AA
:102CC0000020F7E70C0800201F2938B505460C4600
:102CD00004D9162303604FF0FF3038BDC26B12B128
:102CE00052F821304BB9284600F030F82246014610
:102CF0002846BDE8384000F017B8012B0AD0591C0F
:102D000003D1162303600120E7E7002142F82410D5
:102D1000204698470020E0E7024B01461868FFF77D
:102D2000D3BF00BF0C08002038B5074D0023044670
:102D3000084611462B6000F0DFFA431C02D12B68D5
:102D400003B1236038BD00BF246E002000F0C4BA78
:102D500051F8043C181F002BBCBF0B58C01870471B
:102D600070B50C46B1F90E10002996B015461E46F6
:102D70000DDAA38913F0800F4FF0000114BF402338
:102D80004FF48063002031602B6016B070BD6A463E
:102D900000F048F80028ECDB019901F47041A1F53E
:102DA0000053594259414FF48063EBE78B89F7B5E3
:102DB0009D0706460C4607D504F1470323602361AF
:102DC0000123636103B0F0BD01AB6A46FFF7C8FFA2
:102DD000009F054639463046FFF714F948B9B4F963
:102DE0000C309A05EED423F0030343F00203A381D1
:102DF000E2E7A389206043F08003A381019BC4E93B
:102E000004075BB1B4F90E10304600F01DF828B18C
:102E1000A38923F0030343F00103A381A3891D4386
:102E2000A581CFE738B5074D002304460846114673
:102E30002B6000F049FA431C02D12B6803B12360D8
:102E400038BD00BF246E002038B5064D002304466F
:102E500008462B6000F048FA431C02D12B6803B1EE
:102E6000236038BD246E002038B52DED028B55EC63
:102E7000104B00F045F822462B4620462946B0EE7E
:102E8000408AF0EE608AEDF739FE98B900220023FF
:102E900020462946EDF728FE60B90022002320468F
:102EA0002946EDF7F9FD60B1FEF7DEFF9FED0C8BD3
:102EB00022230360B0EE480AF0EE680ABDEC028BF4
:102EC00038BDFEF7D1FFBDEC028B034621221A600C
:102ED0000548BDE8384000F00BB800BFAFF30080F4
:102EE000000000000000F0FFD03D010800000000DD
:102EF0009FED010B704700BF000000000000F87F4D
:102F00002DE9F04F51EC100BB1F5801F87B00D4645
:102F100080F2828021F000430343024600F02281C8
:102F20000029C0F26981DA4B0022EDF74DFBD94B45
:102F30000D469D426FF0350273DC2C15C5F3130569
:102F400005F51523A4F2FF3403F66473144403F467
:102F5000801304EB135483F07F5383F4401343EA4C
:102F600005010022CC4BEDF777F9AB1CC3F313033B
:102F7000022B82468B464FF000025BDC0023EDF70C
:102F80008BFD002840F0F980ADA3D3E90023504623
:102F90005946EDF719FB02460B460020BF49EDF7F5
:102FA0005BF9524606460F465B4650465946EDF7DA
:102FB0000BFB02460B4630463946EDF705FB06464D
:102FC0000F46002C00F00D812046EDF793FA9EA3EA
:102FD000D3E9002380468946EDF7F6FA9CA3D3E9AE
:102FE000002304460D4640464946EDF7EDFA0246F9
:102FF0000B4630463946EDF72FF952465B46EDF762
:103000002BF902460B4620462946EDF725F941ECFF
:10301000100B07B0BDE8F08F9E4B9D424FF00002B1
:103020008BDD02460B46EDF719F941EC100B07B0AA
:10303000BDE8F08F4FF08043EDF710F902460B46E4
:1030400050465946EDF7EAFB064620460F46EDF797
:1030500051FA3246CDE904013B4630463946CDE9C6
:103060000267EDF7B1FA02460B46CDE90023EDF712
:10307000ABFA79A3D3E9002306460F46EDF7A4FA8D
:1030800077A3D3E90023EDF7E9F832463B46EDF7A5
:103090009BFA75A3D3E90023EDF7E0F832463B46EF
:1030A000EDF792FA72A3D3E90023EDF7D7F8DDE943
:1030B0000023EDF789FA70A3D3E90023CDE90001DD
:1030C00030463946EDF780FA6DA3D3E90023EDF7DA
:1030D000C5F832463B46EDF777FA6BA3D3E90023F8
:1030E000EDF7BCF832463B46EDF76EFAA5F5C2287F
:1030F00002460B46C5F5D725DDE90001EDF7AEF830
:10310000A8F27A48513545EA0805002D06460F46D3
:1031100052DD624B002250465946EDF755FA5246B1
:103120005B46EDF751FA80468946304639464246BD
:103130004B46EDF793F8DDE90223EDF745FA064635
:103140000F46002C62D102460B4640464946EDF739
:1031500083F802460B4650465946EDF77DF841ECA0
:10316000100B64E7002200234D490020EDF756FBC9
:1031700041EC100B07B0BDE8F08F002C00F09280FE
:103180002046EDF7B7F930A3D3E9002306460F46F2
:10319000EDF71AFA2EA3D3E9002304460D46304674
:1031A0003946EDF711FA02460B4620462946EDF75F
:1031B00055F841EC100B3AE702460B46504659468B
:1031C000EDF74AF8DDE90223EDF7FEF906460F4672
:1031D0003CB1DDE904891CA3D3E9002340464946FC
:1031E000FAE632463B4650465946EDF735F841EC93
:1031F000100B07B0BDE8F08F0B46EDF72DF800225D
:103200000023EDF70BFB41EC100B10E70EA3D3E905
:103210000023DDE90401EDF7D7F90DA3D3E900237D
:1032200004460D46DDE90401EDF7CEF932463B4692
:10323000EDF714F802460B4640464946DBE600BF70
:10324000555555555555D53F0000E0FE422EE63FF9
:10325000763C7935EF39EA3D44523EDF12F1C23F08
:10326000DE03CB966446C73F599322942449D23F4C
:10327000935555555555E53F9FC678D0099AC33F9C
:10328000AF788E1DC571CC3F04FA97999999D93FB3
:1032900000005043FFFFEF7F0000F03F0000E03FE1
:1032A000000050C39FED020BC1E600BFAFF30080EA
:1032B0000000000000000000024B58221A604FF08E
:1032C000FF307047246E0020024B58221A604FF0E6
:1032D000FF307047246E0020024B58221A604FF0D6
:1032E000FF307047246E0020024B58221A600020E5
:1032F000704700BF246E0020024B58221A604FF026
:10330000FF307047246E0020024B58221A604FF0A5
:10331000FF307047246E0020024B58221A604FF095
:10332000FF307047246E0020044A05491368002BC3
:1033300008BF0B461844106018467047346E0020D2
:10334000386E0020024B58221A604FF0FF30704751
:10335000246E0020FEE700BF2DE9F047089D0E46D1
:1033600004460F46002B4AD194468C45B2FA82F2AD
:1033700060D942B1C2F12003974020FA03F30CFA5E
:1033800002FC1F4394404FEA1C4E1FFA8CF6B7FB19
:10339000FEF1230C0EFB117743EA074301FB06F015
:1033A00098420AD91CEB030301F1FF3780F0158125
:1033B000984240F21281023963441B1AA4B2B3FB53
:1033C000FEF00EFB103344EA034400FB06F6A6426F
:1033D0000AD91CEB040400F1FF3380F00081A642FF
:1033E00040F2FD806444023840EA0140A41B002101
:1033F0001DB1D4400023C5E90043BDE8F0878B42EE
:1034000005D90DB1C5E9000100210846F5E7B3FA79
:1034100083F1002946D1B34202D3824200F2F58003
:10342000841A66EB030201201746002DE5D0C5E99A
:103430000047E2E7002A40F09380A1EB0C034FEA3B
:103440001C471FFA8CFE0121B3FBF7F607FB163071
:10345000230C43EA00430EFB06F0984208D91CEB0C
:10346000030306F1FF3802D2984200F2D0804646AC
:103470001B1AA4B2B3FBF7F007FB103344EA034472
:103480000EFB00FEA64508D91CEB040400F1FF3337
:1034900002D2A64500F2B6801846A4EB0E0440EA1C
:1034A0000640A5E7C1F120078B4022FA07FC4CEA51
:1034B000030C06FA01FE20FA07F426FA07F344EAA1
:1034C0000E0400FA01F84FEA1C404FEA1449B3FB1E
:1034D000F0FE1FFA8CF600FB1E3349EA03430EFB95
:1034E00006F9994502FA01F20BD91CEB03030EF120
:1034F000FF3A80F08580994540F28280AEF1020E5D
:103500006344A3EB0909A4B2B9FBF0F300FB1399E0
:1035100044EA094403FB06F6A64208D91CEB04045E
:1035200003F1FF3068D2A64266D9023B644443EA05
:103530000E40A41BA0FB02E6B4427346B14652D330
:103540004FD05DB1B8EB030264EB090404FA07F74E
:1035500022FA01F31F43CC40C5E9007400214CE777
:10356000C2F1200120FA01F30CFA02FC26FA01F163
:10357000964033434FEA1C471FFA8CFEB1FBF7F02D
:1035800007FB1016190C41EA064100FB0EF68E42AD
:1035900004FA02F408D91CEB010100F1FF382DD226
:1035A0008E422BD902386144891B9BB2B1FBF7F6DE
:1035B00007FB161143EA014306FB0EF1994208D9B5
:1035C0001CEB030306F1FF3814D2994212D9023ED4
:1035D00063445B1A46EA004136E73946EDE6184691
:1035E00002E7F045ADD2BEEB020366EB0C060138F4
:1035F000B146A6E74646ECE7034698E74046D3E7E0
:10360000D6467EE76444023847E708460DE7023EA7
:1036100063442DE7F8B500BFF8BC08BC9E46704770
:0C362000F8B500BFF8BC08BC9E4670471F
:10362C0064656661756C745461736B0041545061D0
:10363C007273696E675461736B000000415448618A
:10364C006E646C696E675461736B00005541525423
:10365C0050726F635461736B000000004D6F6465B2
:10366C006D4D6E67725461736B0000004170705346
:10367C00656E645461736B00756172745175657518
:10368C006500000041545175657565004D6F6465AA
:10369C006D53656E64517565756500005065726992
:1036AC006F64696353656E6454696D6572000000E4
:1036BC004D6F64656D4C656454696D6572000000F6
:1036CC00447574794379636C6554696D6572000057
:1036DC004154436F6D6D616E6453656D6170686FBD
:1036EC00726500004154526573706F6E736553655B
:1036FC006D6170686F726500554152545458536532
:10370C006D6170686F726500526164696F537461AA
:10371C00746553656D6170686F7265004C6F5261B2
:10372C00545853656D6170686F7265004D6F6465B8
:10373C006D537461747573466C616773000000009F
:10374C0049444C4500000000546D722053766300D0
:10375C00546D72510000000053544D3332205669A1
:10376C00727475616C20436F6D506F727400000041
:10377C0053544D6963726F656C656374726F6E69D7
:10378C006373000043444320436F6E666967000017
:10379C0043444320496E74657266616365000000A2
:1037AC003A00000041545A0D0A00000025303278CE
:1037BC000000000041542B53454E443D25643A25EE
:1037CC00730D0A0041542B53454E44423D25643A37
:1037DC0025730D0A000000002C36010800000000C3
:1037EC00A40C002064000000A40A002000020000C9
:1037FC00090000000000000000000000383601083D
:10380C00000000000C150020640000000C0D0020CE
:10381C00000800002700000000000000000000006D
:10382C004836010800000000741D002064000000F0
:10383C0074150020000800002600000000000000A5
:10384C00000000005836010800000000DC250020B4
:10385C0064000000DC1D0020000800002F000000A8
:10386C0000000000000000006836010800000000A5
:10387C00442E0020640000004426002000080000B4
:10388C001F00000000000000000000007836010856
:10389C0000000000AC36002064000000AC2E0020BC
:1038AC00000800000F0000000000000000000000F5
:1038BC00843601080000000024370020500000006E
:1038CC0014370020100000009036010800000000A2
:1038DC0088370020500000007837002010000000CE
:1038EC009836010800000000EC3700205000000062
:1038FC00DC37002010000000A83601080000000092
:10390C00403800202C000000BC36010800000000EC
:10391C00703800202C000000CC360108000000009C
:10392C00A03800202C000000DC360108000000004C
:10393C000000000000000000F0360108000000004C
:10394C000000000000000000043701080000000027
:10395C000000000000000000143701080000000007
:10396C0000000000000000002837010800000000E3
:10397C0000000000000000003837010800000000C3
:10398C00E43800202000000037000000000610166C
:10399C0000061016000000000000000001020304E5
:1039AC0006070809000000000102030400080300D8
:1039BC002C01000041545A000000000000000000DF
:1039CC0000000000010003002C01000041542B43B7
:1039DC00464D000000000000000000000200030043
:1039EC002C01000041542B4150504B455900000014
:1039FC0000000000030003002C01000041542B4187
:103A0C005050455549000000000000000400030020
:103A1C002C01000041542B414452000000000000D6
:103A2C0000000000050003002C01000041542B4E47
:103A3C004A4D0000000000000000000006000300DA
:103A4C002C01000041542B4A4F494E00000000004D
:103A5C0000000000070003002C01000041542B4320
:103A6C00484D41534B0000000000000008010300CA
:103A7C002C01000041542B53454E444200000000E1
:103A8C0000000000090103002C01000041542B53DD
:103A9C00454E440000000000000000000A00030036
:103AAC002C01000041540D0A000000000000000031
:103ABC00000000000B0003002C010000554E444593
:103ACC0046494E4544000000000000000041545F90
:103ADC004F4B000000000000000000000000000040
:103AEC0000000000000141545F54585F4F4B000030
:103AFC000000000000000000000000000000025266
:103B0C00583A000000000000000000000000000017
:103B1C00000000000000000341545F4552524F5218
:103B2C000000000000000000000000000000000089
:103B3C000441545F4A4F494E5F4F4B000000000058
:103B4C000000000000000000000541545F54494D86
:103B5C00454F55540000000000000000000000001C
:103B6C0000000641545F425553590000000000000C
:103B7C0000000000000000000000000741545F4AF4
:103B8C004F494E5F4552524F52000000000000005A
:103B9C000000000008526164696F656E6765000083
:103BAC00000000000000000000000000000941546B
:103BBC005F4E4F5F4E4554574F524B5F4A4F494EE5
:103BCC004544000000000A554E444546494E4544C4
:103BDC0000000000000000000000000000000000D9
:103BEC0020202020202020202028282828282020A1
:103BFC0020202020202020202020202020202020B9
:103C0C008810101010101010101010101010101030
:103C1C000404040404040404040410101010101010
:103C2C0010414141414141010101010101010101E9
:103C3C00010101010101010101010110101010101D
:103C4C0010424242424242020202020202020202BA
:103C5C0002020202020202020202021010101020E2
:103C6C000000000000000000000000000000000048
:103C7C000000000000000000000000000000000038
:103C8C000000000000000000000000000000000028
:103C9C000000000000000000000000000000000018
:103CAC000000000000000000000000000000000008
:103CBC0000000000000000000000000000000000F8
:103CCC0000000000000000000000000000000000E8
:103CDC0000000000000000000000000000000000D8
:103CEC005245454E54206D616C6C6F632073756347
:103CFC00636565646564002F646174612F6A656E29
:103D0C006B696E732F776F726B73706163652F477E
:103D1C004E552D746F6F6C636861696E2F61726D97
:103D2C002D31332F7372632F6E65776C69622D633F
:103D3C00796777696E2F6E65776C69622F6C696233
:103D4C00632F737472696E672F737472746F6B2E3A
:103D5C0063002C2066756E6374696F6E3A20006187
:103D6C007373657274696F6E2022257322206661ED
:103D7C00696C65643A2066696C6520222573222C77
:103D8C00206C696E65202564257325730A00232D2C
:103D9C00302B2000686C4C00656667454647003048
:103DAC003132333435363738394142434445460095
:103DBC003031323334353637383961626364656695
:083DCC000000000000000000EF
:083DD400CCC3FE7F01000000DA
:043DDC00650C00086A
:043DE0003D0C00088E
:103DE400AAAAAAAA656F0008896F0008E96F0008EB
:103DF400AD6F00081170000835700008717000087C
:103E04001201000202020040830440570002010232
:103E140003010000040309041A0300000000000069
:103E2400000000000000000000000000000000008E
:103E34000000000085710008AD710008BD71000824
:103E440079720008A172000810000000010000004F
:103E54000024F4000A0600020000004001000000F3
:103E640099F6000889F800088DF9000800000000A0
:103E7400B3FC000845FB000843FC000800000000F8
:103E8400000000000000000099FD000829FD000862
:103E940009FE000879FE000809024300020100C07F
:103EA400320904000001020201000524001001058A
:103EB40024010001042402020524060001070582EE
:103EC4000308001009040100020A000000070501AC
:103ED40002400000070581024000008101820100C8
:103EE40041542B43464D3D300A00000000000000C1
:103EF40000000000000000000000000000000000BE
:103F040000000000000000000000000000000000AD
:103F1400000000000000000000000000000000009D
:103F2400000000000000000000000000000000008D
:103F3400000000000000000000000000000000007D
:103F4400000000000000000000000000000000006D
:103F5400000000000000000000000000000000005D
:103F6400000000000000000000000000000000004D
:103F7400000000000000000000000000000000003D
:103F8400000000000000000000000000000000002D
:103F9400000000000000000000000000000000001D
:103FA400000000000000000000000000000000000D
:103FB40000000000000000000000000000000000FD
:103FC40000000000000000000000000000000000ED
:103FD40000000000000000000000000000000000DD
:103FE40041542B4150504B45593D44313A43303AAA
:103FF40038393A39463A46383A43393A45373A3005
:10400400433A36303A36333A41313A43303A41381A
:104014003A41443A38353A43370A00000000000078
:10402400000000000000000000000000000000008C
:10403400000000000000000000000000000000007C
:10404400000000000000000000000000000000006C
:10405400000000000000000000000000000000005C
:10406400000000000000000000000000000000004C
:10407400000000000000000000000000000000003C
:10408400000000000000000000000000000000002C
:10409400000000000000000000000000000000001C
:1040A400000000000000000000000000000000000C
:1040B40000000000000000000000000000000000FC
:1040C40000000000000000000000000000000000EC
:1040D40000000000000000000000000000000000DC
:1040E40041542B4150504555493D30303A30303AD7
:1040F40030303A30303A30303A30303A30303A308A
:10410400300A000000000000000000000000000071
:10411400000000000000000000000000000000009B
:10412400000000000000000000000000000000008B
:10413400000000000000000000000000000000007B
:10414400000000000000000000000000000000006B
:10415400000000000000000000000000000000005B
:10416400000000000000000000000000000000004B
:10417400000000000000000000000000000000003B
:10418400000000000000000000000000000000002B
:10419400000000000000000000000000000000001B
:1041A400000000000000000000000000000000000B
:1041B40000000000000000000000000000000000FB
:1041C40000000000000000000000000000000000EB
:1041D40000000000000000000000000000000000DB
:1041E40041542B43484D41534B3D464630303A30C1
:1041F4003030303A303030303A303030303A30309D
:1042040030323A303030300A000000000000000044
:10421400000000000000000000000000000000009A
:10422400000000000000000000000000000000008A
:10423400000000000000000000000000000000007A
:10424400000000000000000000000000000000006A
:10425400000000000000000000000000000000005A
:10426400000000000000000000000000000000004A
:10427400000000000000000000000000000000003A
:10428400000000000000000000000000000000002A
:10429400000000000000000000000000000000001A
:1042A400000000000000000000000000000000000A
:1042B40000000000000000000000000000000000FA
:1042C40000000000000000000000000000000000EA
:1042D40000000000000000000000000000000000DA
:1042E40041542B4144523D310A00000000000000BB
:1042F40000000000000000000000000000000000BA
:1043040000000000000000000000000000000000A9
:104314000000000000000000000000000000000099
:104324000000000000000000000000000000000089
:104334000000000000000000000000000000000079
:104344000000000000000000000000000000000069
:104354000000000000000000000000000000000059
:104364000000000000000000000000000000000049
:104374000000000000000000000000000000000039
:104384000000000000000000000000000000000029
:104394000000000000000000000000000000000019
:1043A4000000000000000000000000000000000009
:1043B40000000000000000000000000000000000F9
:1043C40000000000000000000000000000000000E9
:1043D40000000000000000000000000000000000D9
:1043E40041542B4E4A4D3D310A00000000000000AC
:1043F40000000000000000000000000000000000B9
:1044040000000000000000000000000000000000A8
:104414000000000000000000000000000000000098
:104424000000000000000000000000000000000088
:104434000000000000000000000000000000000078
:104444000000000000000000000000000000000068
:104454000000000000000000000000000000000058
:104464000000000000000000000000000000000048
:104474000000000000000000000000000000000038
:104484000000000000000000000000000000000028
:104494000000000000000000000000000000000018
:1044A4000000000000000000000000000000000008
:1044B40000000000000000000000000000000000F8
:1044C40000000000000000000000000000000000E8
:1044D40000000000000000000000000000000000D8
:1044E40041542B4A4F494E0A0000000000000000CE
:1044F40000000000000000000000000000000000B8
:1045040000000000000000000000000000000000A7
:104514000000000000000000000000000000000097
:104524000000000000000000000000000000000087
:104534000000000000000000000000000000000077
:104544000000000000000000000000000000000067
:104554000000000000000000000000000000000057
:104564000000000000000000000000000000000047
:104574000000000000000000000000000000000037
:104584000000000000000000000000000000000027
:104594000000000000000000000000000000000017
:1045A4000000000000000000000000000000000007
:1045B40000000000000000000000000000000000F7
:1045C40000000000000000000000000000000000E7
:1045D40000000000000000000000000000000000D7
:1045E4000000000003000000E86C00201008002018
:1045F40000000000E86C0020506D0020B86D002021
:1046040000000000000000000000000000000000A6
:104614000000000000000000000000000000000096
:104624000000000000000000000000000000000086
:0C4634000000000000000000000000007A
:04000005080118D9FD
:00000001FF
