ARM GAS  C:\Users\DAELT-~1\AppData\Local\Temp\ccUXrYfb.s 			page 1


   1              		.cpu cortex-m4
   2              		.arch armv7e-m
   3              		.fpu fpv4-sp-d16
   4              		.eabi_attribute 27, 1
   5              		.eabi_attribute 28, 1
   6              		.eabi_attribute 20, 1
   7              		.eabi_attribute 21, 1
   8              		.eabi_attribute 23, 3
   9              		.eabi_attribute 24, 1
  10              		.eabi_attribute 25, 1
  11              		.eabi_attribute 26, 1
  12              		.eabi_attribute 30, 6
  13              		.eabi_attribute 34, 1
  14              		.eabi_attribute 18, 4
  15              		.file	"main.c"
  16              		.text
  17              	.Ltext0:
  18              		.cfi_sections	.debug_frame
  19              		.file 1 "Core/Src/main.c"
  20              		.global	hadc1
  21              		.section	.bss.hadc1,"aw",%nobits
  22              		.align	2
  25              	hadc1:
  26 0000 00000000 		.space	72
  26      00000000 
  26      00000000 
  26      00000000 
  26      00000000 
  27              		.global	htim1
  28              		.section	.bss.htim1,"aw",%nobits
  29              		.align	2
  32              	htim1:
  33 0000 00000000 		.space	72
  33      00000000 
  33      00000000 
  33      00000000 
  33      00000000 
  34              		.global	htim2
  35              		.section	.bss.htim2,"aw",%nobits
  36              		.align	2
  39              	htim2:
  40 0000 00000000 		.space	72
  40      00000000 
  40      00000000 
  40      00000000 
  40      00000000 
  41              		.global	htim3
  42              		.section	.bss.htim3,"aw",%nobits
  43              		.align	2
  46              	htim3:
  47 0000 00000000 		.space	72
  47      00000000 
  47      00000000 
  47      00000000 
  47      00000000 
  48              		.global	huart1
  49              		.section	.bss.huart1,"aw",%nobits
ARM GAS  C:\Users\DAELT-~1\AppData\Local\Temp\ccUXrYfb.s 			page 2


  50              		.align	2
  53              	huart1:
  54 0000 00000000 		.space	72
  54      00000000 
  54      00000000 
  54      00000000 
  54      00000000 
  55              		.global	hdma_usart1_rx
  56              		.section	.bss.hdma_usart1_rx,"aw",%nobits
  57              		.align	2
  60              	hdma_usart1_rx:
  61 0000 00000000 		.space	96
  61      00000000 
  61      00000000 
  61      00000000 
  61      00000000 
  62              		.global	hdma_usart1_tx
  63              		.section	.bss.hdma_usart1_tx,"aw",%nobits
  64              		.align	2
  67              	hdma_usart1_tx:
  68 0000 00000000 		.space	96
  68      00000000 
  68      00000000 
  68      00000000 
  68      00000000 
  69              		.global	defaultTaskHandle
  70              		.section	.bss.defaultTaskHandle,"aw",%nobits
  71              		.align	2
  74              	defaultTaskHandle:
  75 0000 00000000 		.space	4
  76              		.global	defaultTaskBuffer
  77              		.section	.bss.defaultTaskBuffer,"aw",%nobits
  78              		.align	2
  81              	defaultTaskBuffer:
  82 0000 00000000 		.space	512
  82      00000000 
  82      00000000 
  82      00000000 
  82      00000000 
  83              		.global	defaultTaskControlBlock
  84              		.section	.bss.defaultTaskControlBlock,"aw",%nobits
  85              		.align	2
  88              	defaultTaskControlBlock:
  89 0000 00000000 		.space	100
  89      00000000 
  89      00000000 
  89      00000000 
  89      00000000 
  90              		.global	defaultTask_attributes
  91              		.section	.rodata
  92              		.align	2
  93              	.LC0:
  94 0000 64656661 		.ascii	"defaultTask\000"
  94      756C7454 
  94      61736B00 
  95              		.section	.rodata.defaultTask_attributes,"a"
  96              		.align	2
ARM GAS  C:\Users\DAELT-~1\AppData\Local\Temp\ccUXrYfb.s 			page 3


  99              	defaultTask_attributes:
 100 0000 00000000 		.word	.LC0
 101 0004 00000000 		.space	4
 102 0008 00000000 		.word	defaultTaskControlBlock
 103 000c 64000000 		.word	100
 104 0010 00000000 		.word	defaultTaskBuffer
 105 0014 00020000 		.word	512
 106 0018 09000000 		.word	9
 107 001c 00000000 		.space	8
 107      00000000 
 108              		.global	ATParsingTaskHandle
 109              		.section	.bss.ATParsingTaskHandle,"aw",%nobits
 110              		.align	2
 113              	ATParsingTaskHandle:
 114 0000 00000000 		.space	4
 115              		.global	ATParsingTaskBuffer
 116              		.section	.bss.ATParsingTaskBuffer,"aw",%nobits
 117              		.align	2
 120              	ATParsingTaskBuffer:
 121 0000 00000000 		.space	2048
 121      00000000 
 121      00000000 
 121      00000000 
 121      00000000 
 122              		.global	ATParsingTaskControlBlock
 123              		.section	.bss.ATParsingTaskControlBlock,"aw",%nobits
 124              		.align	2
 127              	ATParsingTaskControlBlock:
 128 0000 00000000 		.space	100
 128      00000000 
 128      00000000 
 128      00000000 
 128      00000000 
 129              		.global	ATParsingTask_attributes
 130              		.section	.rodata
 131              		.align	2
 132              	.LC1:
 133 000c 41545061 		.ascii	"ATParsingTask\000"
 133      7273696E 
 133      67546173 
 133      6B00
 134              		.section	.rodata.ATParsingTask_attributes,"a"
 135              		.align	2
 138              	ATParsingTask_attributes:
 139 0000 0C000000 		.word	.LC1
 140 0004 00000000 		.space	4
 141 0008 00000000 		.word	ATParsingTaskControlBlock
 142 000c 64000000 		.word	100
 143 0010 00000000 		.word	ATParsingTaskBuffer
 144 0014 00080000 		.word	2048
 145 0018 27000000 		.word	39
 146 001c 00000000 		.space	8
 146      00000000 
 147              		.global	ATHandlingTaskHandle
 148              		.section	.bss.ATHandlingTaskHandle,"aw",%nobits
 149              		.align	2
 152              	ATHandlingTaskHandle:
ARM GAS  C:\Users\DAELT-~1\AppData\Local\Temp\ccUXrYfb.s 			page 4


 153 0000 00000000 		.space	4
 154              		.global	ATHandlingTaskBuffer
 155              		.section	.bss.ATHandlingTaskBuffer,"aw",%nobits
 156              		.align	2
 159              	ATHandlingTaskBuffer:
 160 0000 00000000 		.space	2048
 160      00000000 
 160      00000000 
 160      00000000 
 160      00000000 
 161              		.global	ATHandlingTaskControlBlock
 162              		.section	.bss.ATHandlingTaskControlBlock,"aw",%nobits
 163              		.align	2
 166              	ATHandlingTaskControlBlock:
 167 0000 00000000 		.space	100
 167      00000000 
 167      00000000 
 167      00000000 
 167      00000000 
 168              		.global	ATHandlingTask_attributes
 169              		.section	.rodata
 170 001a 0000     		.align	2
 171              	.LC2:
 172 001c 41544861 		.ascii	"ATHandlingTask\000"
 172      6E646C69 
 172      6E675461 
 172      736B00
 173              		.section	.rodata.ATHandlingTask_attributes,"a"
 174              		.align	2
 177              	ATHandlingTask_attributes:
 178 0000 1C000000 		.word	.LC2
 179 0004 00000000 		.space	4
 180 0008 00000000 		.word	ATHandlingTaskControlBlock
 181 000c 64000000 		.word	100
 182 0010 00000000 		.word	ATHandlingTaskBuffer
 183 0014 00080000 		.word	2048
 184 0018 26000000 		.word	38
 185 001c 00000000 		.space	8
 185      00000000 
 186              		.global	UARTProcTaskHandle
 187              		.section	.bss.UARTProcTaskHandle,"aw",%nobits
 188              		.align	2
 191              	UARTProcTaskHandle:
 192 0000 00000000 		.space	4
 193              		.global	UARTProcTaskBuffer
 194              		.section	.bss.UARTProcTaskBuffer,"aw",%nobits
 195              		.align	2
 198              	UARTProcTaskBuffer:
 199 0000 00000000 		.space	2048
 199      00000000 
 199      00000000 
 199      00000000 
 199      00000000 
 200              		.global	UARTProcTaskControlBlock
 201              		.section	.bss.UARTProcTaskControlBlock,"aw",%nobits
 202              		.align	2
 205              	UARTProcTaskControlBlock:
ARM GAS  C:\Users\DAELT-~1\AppData\Local\Temp\ccUXrYfb.s 			page 5


 206 0000 00000000 		.space	100
 206      00000000 
 206      00000000 
 206      00000000 
 206      00000000 
 207              		.global	UARTProcTask_attributes
 208              		.section	.rodata
 209 002b 00       		.align	2
 210              	.LC3:
 211 002c 55415254 		.ascii	"UARTProcTask\000"
 211      50726F63 
 211      5461736B 
 211      00
 212              		.section	.rodata.UARTProcTask_attributes,"a"
 213              		.align	2
 216              	UARTProcTask_attributes:
 217 0000 2C000000 		.word	.LC3
 218 0004 00000000 		.space	4
 219 0008 00000000 		.word	UARTProcTaskControlBlock
 220 000c 64000000 		.word	100
 221 0010 00000000 		.word	UARTProcTaskBuffer
 222 0014 00080000 		.word	2048
 223 0018 2F000000 		.word	47
 224 001c 00000000 		.space	8
 224      00000000 
 225              		.global	ModemMngrTaskHandle
 226              		.section	.bss.ModemMngrTaskHandle,"aw",%nobits
 227              		.align	2
 230              	ModemMngrTaskHandle:
 231 0000 00000000 		.space	4
 232              		.global	ModemMngrTaskBuffer
 233              		.section	.bss.ModemMngrTaskBuffer,"aw",%nobits
 234              		.align	2
 237              	ModemMngrTaskBuffer:
 238 0000 00000000 		.space	2048
 238      00000000 
 238      00000000 
 238      00000000 
 238      00000000 
 239              		.global	ModemMngrTaskControlBlock
 240              		.section	.bss.ModemMngrTaskControlBlock,"aw",%nobits
 241              		.align	2
 244              	ModemMngrTaskControlBlock:
 245 0000 00000000 		.space	100
 245      00000000 
 245      00000000 
 245      00000000 
 245      00000000 
 246              		.global	ModemMngrTask_attributes
 247              		.section	.rodata
 248 0039 000000   		.align	2
 249              	.LC4:
 250 003c 4D6F6465 		.ascii	"ModemMngrTask\000"
 250      6D4D6E67 
 250      72546173 
 250      6B00
 251              		.section	.rodata.ModemMngrTask_attributes,"a"
ARM GAS  C:\Users\DAELT-~1\AppData\Local\Temp\ccUXrYfb.s 			page 6


 252              		.align	2
 255              	ModemMngrTask_attributes:
 256 0000 3C000000 		.word	.LC4
 257 0004 00000000 		.space	4
 258 0008 00000000 		.word	ModemMngrTaskControlBlock
 259 000c 64000000 		.word	100
 260 0010 00000000 		.word	ModemMngrTaskBuffer
 261 0014 00080000 		.word	2048
 262 0018 1F000000 		.word	31
 263 001c 00000000 		.space	8
 263      00000000 
 264              		.global	AppSendTaskHandle
 265              		.section	.bss.AppSendTaskHandle,"aw",%nobits
 266              		.align	2
 269              	AppSendTaskHandle:
 270 0000 00000000 		.space	4
 271              		.global	SendTemperatureBuffer
 272              		.section	.bss.SendTemperatureBuffer,"aw",%nobits
 273              		.align	2
 276              	SendTemperatureBuffer:
 277 0000 00000000 		.space	2048
 277      00000000 
 277      00000000 
 277      00000000 
 277      00000000 
 278              		.global	SendTemperatureControlBlock
 279              		.section	.bss.SendTemperatureControlBlock,"aw",%nobits
 280              		.align	2
 283              	SendTemperatureControlBlock:
 284 0000 00000000 		.space	100
 284      00000000 
 284      00000000 
 284      00000000 
 284      00000000 
 285              		.global	AppSendTask_attributes
 286              		.section	.rodata
 287 004a 0000     		.align	2
 288              	.LC5:
 289 004c 41707053 		.ascii	"AppSendTask\000"
 289      656E6454 
 289      61736B00 
 290              		.section	.rodata.AppSendTask_attributes,"a"
 291              		.align	2
 294              	AppSendTask_attributes:
 295 0000 4C000000 		.word	.LC5
 296 0004 00000000 		.space	4
 297 0008 00000000 		.word	SendTemperatureControlBlock
 298 000c 64000000 		.word	100
 299 0010 00000000 		.word	SendTemperatureBuffer
 300 0014 00080000 		.word	2048
 301 0018 0F000000 		.word	15
 302 001c 00000000 		.space	8
 302      00000000 
 303              		.global	uartQueueHandle
 304              		.section	.bss.uartQueueHandle,"aw",%nobits
 305              		.align	2
 308              	uartQueueHandle:
ARM GAS  C:\Users\DAELT-~1\AppData\Local\Temp\ccUXrYfb.s 			page 7


 309 0000 00000000 		.space	4
 310              		.global	uartQueueBuffer
 311              		.section	.bss.uartQueueBuffer,"aw",%nobits
 312              		.align	2
 315              	uartQueueBuffer:
 316 0000 00000000 		.space	16
 316      00000000 
 316      00000000 
 316      00000000 
 317              		.global	uartQueueControlBlock
 318              		.section	.bss.uartQueueControlBlock,"aw",%nobits
 319              		.align	2
 322              	uartQueueControlBlock:
 323 0000 00000000 		.space	80
 323      00000000 
 323      00000000 
 323      00000000 
 323      00000000 
 324              		.global	uartQueue_attributes
 325              		.section	.rodata
 326              		.align	2
 327              	.LC6:
 328 0058 75617274 		.ascii	"uartQueue\000"
 328      51756575 
 328      6500
 329              		.section	.rodata.uartQueue_attributes,"a"
 330              		.align	2
 333              	uartQueue_attributes:
 334 0000 58000000 		.word	.LC6
 335 0004 00000000 		.space	4
 336 0008 00000000 		.word	uartQueueControlBlock
 337 000c 50000000 		.word	80
 338 0010 00000000 		.word	uartQueueBuffer
 339 0014 10000000 		.word	16
 340              		.global	ATQueueHandle
 341              		.section	.bss.ATQueueHandle,"aw",%nobits
 342              		.align	2
 345              	ATQueueHandle:
 346 0000 00000000 		.space	4
 347              		.global	ATQueueBuffer
 348              		.section	.bss.ATQueueBuffer,"aw",%nobits
 349              		.align	2
 352              	ATQueueBuffer:
 353 0000 00000000 		.space	16
 353      00000000 
 353      00000000 
 353      00000000 
 354              		.global	ATQueueControlBlock
 355              		.section	.bss.ATQueueControlBlock,"aw",%nobits
 356              		.align	2
 359              	ATQueueControlBlock:
 360 0000 00000000 		.space	80
 360      00000000 
 360      00000000 
 360      00000000 
 360      00000000 
 361              		.global	ATQueue_attributes
ARM GAS  C:\Users\DAELT-~1\AppData\Local\Temp\ccUXrYfb.s 			page 8


 362              		.section	.rodata
 363 0062 0000     		.align	2
 364              	.LC7:
 365 0064 41545175 		.ascii	"ATQueue\000"
 365      65756500 
 366              		.section	.rodata.ATQueue_attributes,"a"
 367              		.align	2
 370              	ATQueue_attributes:
 371 0000 64000000 		.word	.LC7
 372 0004 00000000 		.space	4
 373 0008 00000000 		.word	ATQueueControlBlock
 374 000c 50000000 		.word	80
 375 0010 00000000 		.word	ATQueueBuffer
 376 0014 10000000 		.word	16
 377              		.global	ModemSendQueueHandle
 378              		.section	.bss.ModemSendQueueHandle,"aw",%nobits
 379              		.align	2
 382              	ModemSendQueueHandle:
 383 0000 00000000 		.space	4
 384              		.global	ModemSendQueueBuffer
 385              		.section	.bss.ModemSendQueueBuffer,"aw",%nobits
 386              		.align	2
 389              	ModemSendQueueBuffer:
 390 0000 00000000 		.space	16
 390      00000000 
 390      00000000 
 390      00000000 
 391              		.global	ModemSendQueueControlBlock
 392              		.section	.bss.ModemSendQueueControlBlock,"aw",%nobits
 393              		.align	2
 396              	ModemSendQueueControlBlock:
 397 0000 00000000 		.space	80
 397      00000000 
 397      00000000 
 397      00000000 
 397      00000000 
 398              		.global	ModemSendQueue_attributes
 399              		.section	.rodata
 400              		.align	2
 401              	.LC8:
 402 006c 4D6F6465 		.ascii	"ModemSendQueue\000"
 402      6D53656E 
 402      64517565 
 402      756500
 403              		.section	.rodata.ModemSendQueue_attributes,"a"
 404              		.align	2
 407              	ModemSendQueue_attributes:
 408 0000 6C000000 		.word	.LC8
 409 0004 00000000 		.space	4
 410 0008 00000000 		.word	ModemSendQueueControlBlock
 411 000c 50000000 		.word	80
 412 0010 00000000 		.word	ModemSendQueueBuffer
 413 0014 10000000 		.word	16
 414              		.global	PeriodicSendTimerHandle
 415              		.section	.bss.PeriodicSendTimerHandle,"aw",%nobits
 416              		.align	2
 419              	PeriodicSendTimerHandle:
ARM GAS  C:\Users\DAELT-~1\AppData\Local\Temp\ccUXrYfb.s 			page 9


 420 0000 00000000 		.space	4
 421              		.global	PeriodicSendTimerControlBlock
 422              		.section	.bss.PeriodicSendTimerControlBlock,"aw",%nobits
 423              		.align	2
 426              	PeriodicSendTimerControlBlock:
 427 0000 00000000 		.space	44
 427      00000000 
 427      00000000 
 427      00000000 
 427      00000000 
 428              		.global	PeriodicSendTimer_attributes
 429              		.section	.rodata
 430 007b 00       		.align	2
 431              	.LC9:
 432 007c 50657269 		.ascii	"PeriodicSendTimer\000"
 432      6F646963 
 432      53656E64 
 432      54696D65 
 432      7200
 433              		.section	.rodata.PeriodicSendTimer_attributes,"a"
 434              		.align	2
 437              	PeriodicSendTimer_attributes:
 438 0000 7C000000 		.word	.LC9
 439 0004 00000000 		.space	4
 440 0008 00000000 		.word	PeriodicSendTimerControlBlock
 441 000c 2C000000 		.word	44
 442              		.global	ModemLedTimerHandle
 443              		.section	.bss.ModemLedTimerHandle,"aw",%nobits
 444              		.align	2
 447              	ModemLedTimerHandle:
 448 0000 00000000 		.space	4
 449              		.global	ModemLedTimerControlBlock
 450              		.section	.bss.ModemLedTimerControlBlock,"aw",%nobits
 451              		.align	2
 454              	ModemLedTimerControlBlock:
 455 0000 00000000 		.space	44
 455      00000000 
 455      00000000 
 455      00000000 
 455      00000000 
 456              		.global	ModemLedTimer_attributes
 457              		.section	.rodata
 458 008e 0000     		.align	2
 459              	.LC10:
 460 0090 4D6F6465 		.ascii	"ModemLedTimer\000"
 460      6D4C6564 
 460      54696D65 
 460      7200
 461              		.section	.rodata.ModemLedTimer_attributes,"a"
 462              		.align	2
 465              	ModemLedTimer_attributes:
 466 0000 90000000 		.word	.LC10
 467 0004 00000000 		.space	4
 468 0008 00000000 		.word	ModemLedTimerControlBlock
 469 000c 2C000000 		.word	44
 470              		.global	DutyCycleTimerHandle
 471              		.section	.bss.DutyCycleTimerHandle,"aw",%nobits
ARM GAS  C:\Users\DAELT-~1\AppData\Local\Temp\ccUXrYfb.s 			page 10


 472              		.align	2
 475              	DutyCycleTimerHandle:
 476 0000 00000000 		.space	4
 477              		.global	DutyCycleTimerControlBlock
 478              		.section	.bss.DutyCycleTimerControlBlock,"aw",%nobits
 479              		.align	2
 482              	DutyCycleTimerControlBlock:
 483 0000 00000000 		.space	44
 483      00000000 
 483      00000000 
 483      00000000 
 483      00000000 
 484              		.global	DutyCycleTimer_attributes
 485              		.section	.rodata
 486 009e 0000     		.align	2
 487              	.LC11:
 488 00a0 44757479 		.ascii	"DutyCycleTimer\000"
 488      4379636C 
 488      6554696D 
 488      657200
 489              		.section	.rodata.DutyCycleTimer_attributes,"a"
 490              		.align	2
 493              	DutyCycleTimer_attributes:
 494 0000 A0000000 		.word	.LC11
 495 0004 00000000 		.space	4
 496 0008 00000000 		.word	DutyCycleTimerControlBlock
 497 000c 2C000000 		.word	44
 498              		.global	ATCommandSemaphoreHandle
 499              		.section	.bss.ATCommandSemaphoreHandle,"aw",%nobits
 500              		.align	2
 503              	ATCommandSemaphoreHandle:
 504 0000 00000000 		.space	4
 505              		.global	ATCommandSemaphore_attributes
 506              		.section	.rodata
 507 00af 00       		.align	2
 508              	.LC12:
 509 00b0 4154436F 		.ascii	"ATCommandSemaphore\000"
 509      6D6D616E 
 509      6453656D 
 509      6170686F 
 509      726500
 510              		.section	.rodata.ATCommandSemaphore_attributes,"a"
 511              		.align	2
 514              	ATCommandSemaphore_attributes:
 515 0000 B0000000 		.word	.LC12
 516 0004 00000000 		.space	12
 516      00000000 
 516      00000000 
 517              		.global	ATResponseSemaphoreHandle
 518              		.section	.bss.ATResponseSemaphoreHandle,"aw",%nobits
 519              		.align	2
 522              	ATResponseSemaphoreHandle:
 523 0000 00000000 		.space	4
 524              		.global	ATResponseSemaphore_attributes
 525              		.section	.rodata
 526 00c3 00       		.align	2
 527              	.LC13:
ARM GAS  C:\Users\DAELT-~1\AppData\Local\Temp\ccUXrYfb.s 			page 11


 528 00c4 41545265 		.ascii	"ATResponseSemaphore\000"
 528      73706F6E 
 528      73655365 
 528      6D617068 
 528      6F726500 
 529              		.section	.rodata.ATResponseSemaphore_attributes,"a"
 530              		.align	2
 533              	ATResponseSemaphore_attributes:
 534 0000 C4000000 		.word	.LC13
 535 0004 00000000 		.space	12
 535      00000000 
 535      00000000 
 536              		.global	UARTTXSemaphoreHandle
 537              		.section	.bss.UARTTXSemaphoreHandle,"aw",%nobits
 538              		.align	2
 541              	UARTTXSemaphoreHandle:
 542 0000 00000000 		.space	4
 543              		.global	UARTTXSemaphore_attributes
 544              		.section	.rodata
 545              		.align	2
 546              	.LC14:
 547 00d8 55415254 		.ascii	"UARTTXSemaphore\000"
 547      54585365 
 547      6D617068 
 547      6F726500 
 548              		.section	.rodata.UARTTXSemaphore_attributes,"a"
 549              		.align	2
 552              	UARTTXSemaphore_attributes:
 553 0000 D8000000 		.word	.LC14
 554 0004 00000000 		.space	12
 554      00000000 
 554      00000000 
 555              		.global	RadioStateSemaphoreHandle
 556              		.section	.bss.RadioStateSemaphoreHandle,"aw",%nobits
 557              		.align	2
 560              	RadioStateSemaphoreHandle:
 561 0000 00000000 		.space	4
 562              		.global	RadioStateSemaphore_attributes
 563              		.section	.rodata
 564              		.align	2
 565              	.LC15:
 566 00e8 52616469 		.ascii	"RadioStateSemaphore\000"
 566      6F537461 
 566      74655365 
 566      6D617068 
 566      6F726500 
 567              		.section	.rodata.RadioStateSemaphore_attributes,"a"
 568              		.align	2
 571              	RadioStateSemaphore_attributes:
 572 0000 E8000000 		.word	.LC15
 573 0004 00000000 		.space	12
 573      00000000 
 573      00000000 
 574              		.global	LoRaTXSemaphoreHandle
 575              		.section	.bss.LoRaTXSemaphoreHandle,"aw",%nobits
 576              		.align	2
 579              	LoRaTXSemaphoreHandle:
ARM GAS  C:\Users\DAELT-~1\AppData\Local\Temp\ccUXrYfb.s 			page 12


 580 0000 00000000 		.space	4
 581              		.global	LoRaTXSemaphore_attributes
 582              		.section	.rodata
 583              		.align	2
 584              	.LC16:
 585 00fc 4C6F5261 		.ascii	"LoRaTXSemaphore\000"
 585      54585365 
 585      6D617068 
 585      6F726500 
 586              		.section	.rodata.LoRaTXSemaphore_attributes,"a"
 587              		.align	2
 590              	LoRaTXSemaphore_attributes:
 591 0000 FC000000 		.word	.LC16
 592 0004 00000000 		.space	12
 592      00000000 
 592      00000000 
 593              		.global	ModemStatusFlagsHandle
 594              		.section	.bss.ModemStatusFlagsHandle,"aw",%nobits
 595              		.align	2
 598              	ModemStatusFlagsHandle:
 599 0000 00000000 		.space	4
 600              		.global	ModemStatusFlagsControlBlock
 601              		.section	.bss.ModemStatusFlagsControlBlock,"aw",%nobits
 602              		.align	2
 605              	ModemStatusFlagsControlBlock:
 606 0000 00000000 		.space	32
 606      00000000 
 606      00000000 
 606      00000000 
 606      00000000 
 607              		.global	ModemStatusFlags_attributes
 608              		.section	.rodata
 609              		.align	2
 610              	.LC17:
 611 010c 4D6F6465 		.ascii	"ModemStatusFlags\000"
 611      6D537461 
 611      74757346 
 611      6C616773 
 611      00
 612              		.section	.rodata.ModemStatusFlags_attributes,"a"
 613              		.align	2
 616              	ModemStatusFlags_attributes:
 617 0000 0C010000 		.word	.LC17
 618 0004 00000000 		.space	4
 619 0008 00000000 		.word	ModemStatusFlagsControlBlock
 620 000c 20000000 		.word	32
 621              		.global	vector
 622              		.section	.bss.vector,"aw",%nobits
 623              		.align	2
 626              	vector:
 627 0000 00000000 		.space	1020
 627      00000000 
 627      00000000 
 627      00000000 
 627      00000000 
 628              		.section	.text.CONFIGURE_TIMER_FOR_RUN_TIME_STATS,"ax",%progbits
 629              		.align	1
ARM GAS  C:\Users\DAELT-~1\AppData\Local\Temp\ccUXrYfb.s 			page 13


 630              		.global	CONFIGURE_TIMER_FOR_RUN_TIME_STATS
 631              		.syntax unified
 632              		.thumb
 633              		.thumb_func
 635              	CONFIGURE_TIMER_FOR_RUN_TIME_STATS:
 636              	.LFB228:
   1:Core/Src/main.c **** /* USER CODE BEGIN Header */
   2:Core/Src/main.c **** /**
   3:Core/Src/main.c ****   ******************************************************************************
   4:Core/Src/main.c ****   * @file           : main.c
   5:Core/Src/main.c ****   * @brief          : Main program body
   6:Core/Src/main.c ****   ******************************************************************************
   7:Core/Src/main.c ****   * @attention
   8:Core/Src/main.c ****   *
   9:Core/Src/main.c ****   * Copyright (c) 2022 STMicroelectronics.
  10:Core/Src/main.c ****   * All rights reserved.
  11:Core/Src/main.c ****   *
  12:Core/Src/main.c ****   * This software is licensed under terms that can be found in the LICENSE file
  13:Core/Src/main.c ****   * in the root directory of this software component.
  14:Core/Src/main.c ****   * If no LICENSE file comes with this software, it is provided AS-IS.
  15:Core/Src/main.c ****   *
  16:Core/Src/main.c ****   ******************************************************************************
  17:Core/Src/main.c ****   */
  18:Core/Src/main.c **** /* USER CODE END Header */
  19:Core/Src/main.c **** /* Includes ------------------------------------------------------------------*/
  20:Core/Src/main.c **** #include "main.h"
  21:Core/Src/main.c **** #include "cmsis_os.h"
  22:Core/Src/main.c **** #include "usb_device.h"
  23:Core/Src/main.c **** 
  24:Core/Src/main.c **** /* Private includes ----------------------------------------------------------*/
  25:Core/Src/main.c **** /* USER CODE BEGIN Includes */
  26:Core/Src/main.c **** 
  27:Core/Src/main.c **** /* USER CODE END Includes */
  28:Core/Src/main.c **** 
  29:Core/Src/main.c **** /* Private typedef -----------------------------------------------------------*/
  30:Core/Src/main.c **** typedef StaticTask_t osStaticThreadDef_t;
  31:Core/Src/main.c **** typedef StaticQueue_t osStaticMessageQDef_t;
  32:Core/Src/main.c **** typedef StaticTimer_t osStaticTimerDef_t;
  33:Core/Src/main.c **** typedef StaticEventGroup_t osStaticEventGroupDef_t;
  34:Core/Src/main.c **** /* USER CODE BEGIN PTD */
  35:Core/Src/main.c **** 
  36:Core/Src/main.c **** /* USER CODE END PTD */
  37:Core/Src/main.c **** 
  38:Core/Src/main.c **** /* Private define ------------------------------------------------------------*/
  39:Core/Src/main.c **** /* USER CODE BEGIN PD */
  40:Core/Src/main.c **** /* USER CODE END PD */
  41:Core/Src/main.c **** 
  42:Core/Src/main.c **** /* Private macro -------------------------------------------------------------*/
  43:Core/Src/main.c **** /* USER CODE BEGIN PM */
  44:Core/Src/main.c **** 
  45:Core/Src/main.c **** /* USER CODE END PM */
  46:Core/Src/main.c **** 
  47:Core/Src/main.c **** /* Private variables ---------------------------------------------------------*/
  48:Core/Src/main.c **** ADC_HandleTypeDef hadc1;
  49:Core/Src/main.c **** 
  50:Core/Src/main.c **** TIM_HandleTypeDef htim1;
  51:Core/Src/main.c **** TIM_HandleTypeDef htim2;
ARM GAS  C:\Users\DAELT-~1\AppData\Local\Temp\ccUXrYfb.s 			page 14


  52:Core/Src/main.c **** TIM_HandleTypeDef htim3;
  53:Core/Src/main.c **** 
  54:Core/Src/main.c **** UART_HandleTypeDef huart1;
  55:Core/Src/main.c **** DMA_HandleTypeDef hdma_usart1_rx;
  56:Core/Src/main.c **** DMA_HandleTypeDef hdma_usart1_tx;
  57:Core/Src/main.c **** 
  58:Core/Src/main.c **** /* Definitions for defaultTask */
  59:Core/Src/main.c **** osThreadId_t defaultTaskHandle;
  60:Core/Src/main.c **** uint32_t defaultTaskBuffer[ 128 ];
  61:Core/Src/main.c **** osStaticThreadDef_t defaultTaskControlBlock;
  62:Core/Src/main.c **** const osThreadAttr_t defaultTask_attributes = {
  63:Core/Src/main.c ****   .name = "defaultTask",
  64:Core/Src/main.c ****   .cb_mem = &defaultTaskControlBlock,
  65:Core/Src/main.c ****   .cb_size = sizeof(defaultTaskControlBlock),
  66:Core/Src/main.c ****   .stack_mem = &defaultTaskBuffer[0],
  67:Core/Src/main.c ****   .stack_size = sizeof(defaultTaskBuffer),
  68:Core/Src/main.c ****   .priority = (osPriority_t) osPriorityLow1,
  69:Core/Src/main.c **** };
  70:Core/Src/main.c **** /* Definitions for ATParsingTask */
  71:Core/Src/main.c **** osThreadId_t ATParsingTaskHandle;
  72:Core/Src/main.c **** uint32_t ATParsingTaskBuffer[ 512 ];
  73:Core/Src/main.c **** osStaticThreadDef_t ATParsingTaskControlBlock;
  74:Core/Src/main.c **** const osThreadAttr_t ATParsingTask_attributes = {
  75:Core/Src/main.c ****   .name = "ATParsingTask",
  76:Core/Src/main.c ****   .cb_mem = &ATParsingTaskControlBlock,
  77:Core/Src/main.c ****   .cb_size = sizeof(ATParsingTaskControlBlock),
  78:Core/Src/main.c ****   .stack_mem = &ATParsingTaskBuffer[0],
  79:Core/Src/main.c ****   .stack_size = sizeof(ATParsingTaskBuffer),
  80:Core/Src/main.c ****   .priority = (osPriority_t) osPriorityAboveNormal7,
  81:Core/Src/main.c **** };
  82:Core/Src/main.c **** /* Definitions for ATHandlingTask */
  83:Core/Src/main.c **** osThreadId_t ATHandlingTaskHandle;
  84:Core/Src/main.c **** uint32_t ATHandlingTaskBuffer[ 512 ];
  85:Core/Src/main.c **** osStaticThreadDef_t ATHandlingTaskControlBlock;
  86:Core/Src/main.c **** const osThreadAttr_t ATHandlingTask_attributes = {
  87:Core/Src/main.c ****   .name = "ATHandlingTask",
  88:Core/Src/main.c ****   .cb_mem = &ATHandlingTaskControlBlock,
  89:Core/Src/main.c ****   .cb_size = sizeof(ATHandlingTaskControlBlock),
  90:Core/Src/main.c ****   .stack_mem = &ATHandlingTaskBuffer[0],
  91:Core/Src/main.c ****   .stack_size = sizeof(ATHandlingTaskBuffer),
  92:Core/Src/main.c ****   .priority = (osPriority_t) osPriorityAboveNormal6,
  93:Core/Src/main.c **** };
  94:Core/Src/main.c **** /* Definitions for UARTProcTask */
  95:Core/Src/main.c **** osThreadId_t UARTProcTaskHandle;
  96:Core/Src/main.c **** uint32_t UARTProcTaskBuffer[ 512 ];
  97:Core/Src/main.c **** osStaticThreadDef_t UARTProcTaskControlBlock;
  98:Core/Src/main.c **** const osThreadAttr_t UARTProcTask_attributes = {
  99:Core/Src/main.c ****   .name = "UARTProcTask",
 100:Core/Src/main.c ****   .cb_mem = &UARTProcTaskControlBlock,
 101:Core/Src/main.c ****   .cb_size = sizeof(UARTProcTaskControlBlock),
 102:Core/Src/main.c ****   .stack_mem = &UARTProcTaskBuffer[0],
 103:Core/Src/main.c ****   .stack_size = sizeof(UARTProcTaskBuffer),
 104:Core/Src/main.c ****   .priority = (osPriority_t) osPriorityHigh7,
 105:Core/Src/main.c **** };
 106:Core/Src/main.c **** /* Definitions for ModemMngrTask */
 107:Core/Src/main.c **** osThreadId_t ModemMngrTaskHandle;
 108:Core/Src/main.c **** uint32_t ModemMngrTaskBuffer[ 512 ];
ARM GAS  C:\Users\DAELT-~1\AppData\Local\Temp\ccUXrYfb.s 			page 15


 109:Core/Src/main.c **** osStaticThreadDef_t ModemMngrTaskControlBlock;
 110:Core/Src/main.c **** const osThreadAttr_t ModemMngrTask_attributes = {
 111:Core/Src/main.c ****   .name = "ModemMngrTask",
 112:Core/Src/main.c ****   .cb_mem = &ModemMngrTaskControlBlock,
 113:Core/Src/main.c ****   .cb_size = sizeof(ModemMngrTaskControlBlock),
 114:Core/Src/main.c ****   .stack_mem = &ModemMngrTaskBuffer[0],
 115:Core/Src/main.c ****   .stack_size = sizeof(ModemMngrTaskBuffer),
 116:Core/Src/main.c ****   .priority = (osPriority_t) osPriorityNormal7,
 117:Core/Src/main.c **** };
 118:Core/Src/main.c **** /* Definitions for AppSendTask */
 119:Core/Src/main.c **** osThreadId_t AppSendTaskHandle;
 120:Core/Src/main.c **** uint32_t SendTemperatureBuffer[ 512 ];
 121:Core/Src/main.c **** osStaticThreadDef_t SendTemperatureControlBlock;
 122:Core/Src/main.c **** const osThreadAttr_t AppSendTask_attributes = {
 123:Core/Src/main.c ****   .name = "AppSendTask",
 124:Core/Src/main.c ****   .cb_mem = &SendTemperatureControlBlock,
 125:Core/Src/main.c ****   .cb_size = sizeof(SendTemperatureControlBlock),
 126:Core/Src/main.c ****   .stack_mem = &SendTemperatureBuffer[0],
 127:Core/Src/main.c ****   .stack_size = sizeof(SendTemperatureBuffer),
 128:Core/Src/main.c ****   .priority = (osPriority_t) osPriorityLow7,
 129:Core/Src/main.c **** };
 130:Core/Src/main.c **** /* Definitions for uartQueue */
 131:Core/Src/main.c **** osMessageQueueId_t uartQueueHandle;
 132:Core/Src/main.c **** uint8_t uartQueueBuffer[ 4 * sizeof( void* ) ];
 133:Core/Src/main.c **** osStaticMessageQDef_t uartQueueControlBlock;
 134:Core/Src/main.c **** const osMessageQueueAttr_t uartQueue_attributes = {
 135:Core/Src/main.c ****   .name = "uartQueue",
 136:Core/Src/main.c ****   .cb_mem = &uartQueueControlBlock,
 137:Core/Src/main.c ****   .cb_size = sizeof(uartQueueControlBlock),
 138:Core/Src/main.c ****   .mq_mem = &uartQueueBuffer,
 139:Core/Src/main.c ****   .mq_size = sizeof(uartQueueBuffer)
 140:Core/Src/main.c **** };
 141:Core/Src/main.c **** /* Definitions for ATQueue */
 142:Core/Src/main.c **** osMessageQueueId_t ATQueueHandle;
 143:Core/Src/main.c **** uint8_t ATQueueBuffer[ 4 * sizeof( void* ) ];
 144:Core/Src/main.c **** osStaticMessageQDef_t ATQueueControlBlock;
 145:Core/Src/main.c **** const osMessageQueueAttr_t ATQueue_attributes = {
 146:Core/Src/main.c ****   .name = "ATQueue",
 147:Core/Src/main.c ****   .cb_mem = &ATQueueControlBlock,
 148:Core/Src/main.c ****   .cb_size = sizeof(ATQueueControlBlock),
 149:Core/Src/main.c ****   .mq_mem = &ATQueueBuffer,
 150:Core/Src/main.c ****   .mq_size = sizeof(ATQueueBuffer)
 151:Core/Src/main.c **** };
 152:Core/Src/main.c **** /* Definitions for ModemSendQueue */
 153:Core/Src/main.c **** osMessageQueueId_t ModemSendQueueHandle;
 154:Core/Src/main.c **** uint8_t ModemSendQueueBuffer[ 4 * sizeof( void* ) ];
 155:Core/Src/main.c **** osStaticMessageQDef_t ModemSendQueueControlBlock;
 156:Core/Src/main.c **** const osMessageQueueAttr_t ModemSendQueue_attributes = {
 157:Core/Src/main.c ****   .name = "ModemSendQueue",
 158:Core/Src/main.c ****   .cb_mem = &ModemSendQueueControlBlock,
 159:Core/Src/main.c ****   .cb_size = sizeof(ModemSendQueueControlBlock),
 160:Core/Src/main.c ****   .mq_mem = &ModemSendQueueBuffer,
 161:Core/Src/main.c ****   .mq_size = sizeof(ModemSendQueueBuffer)
 162:Core/Src/main.c **** };
 163:Core/Src/main.c **** /* Definitions for PeriodicSendTimer */
 164:Core/Src/main.c **** osTimerId_t PeriodicSendTimerHandle;
 165:Core/Src/main.c **** osStaticTimerDef_t PeriodicSendTimerControlBlock;
ARM GAS  C:\Users\DAELT-~1\AppData\Local\Temp\ccUXrYfb.s 			page 16


 166:Core/Src/main.c **** const osTimerAttr_t PeriodicSendTimer_attributes = {
 167:Core/Src/main.c ****   .name = "PeriodicSendTimer",
 168:Core/Src/main.c ****   .cb_mem = &PeriodicSendTimerControlBlock,
 169:Core/Src/main.c ****   .cb_size = sizeof(PeriodicSendTimerControlBlock),
 170:Core/Src/main.c **** };
 171:Core/Src/main.c **** /* Definitions for ModemLedTimer */
 172:Core/Src/main.c **** osTimerId_t ModemLedTimerHandle;
 173:Core/Src/main.c **** osStaticTimerDef_t ModemLedTimerControlBlock;
 174:Core/Src/main.c **** const osTimerAttr_t ModemLedTimer_attributes = {
 175:Core/Src/main.c ****   .name = "ModemLedTimer",
 176:Core/Src/main.c ****   .cb_mem = &ModemLedTimerControlBlock,
 177:Core/Src/main.c ****   .cb_size = sizeof(ModemLedTimerControlBlock),
 178:Core/Src/main.c **** };
 179:Core/Src/main.c **** /* Definitions for DutyCycleTimer */
 180:Core/Src/main.c **** osTimerId_t DutyCycleTimerHandle;
 181:Core/Src/main.c **** osStaticTimerDef_t DutyCycleTimerControlBlock;
 182:Core/Src/main.c **** const osTimerAttr_t DutyCycleTimer_attributes = {
 183:Core/Src/main.c ****   .name = "DutyCycleTimer",
 184:Core/Src/main.c ****   .cb_mem = &DutyCycleTimerControlBlock,
 185:Core/Src/main.c ****   .cb_size = sizeof(DutyCycleTimerControlBlock),
 186:Core/Src/main.c **** };
 187:Core/Src/main.c **** /* Definitions for ATCommandSemaphore */
 188:Core/Src/main.c **** osSemaphoreId_t ATCommandSemaphoreHandle;
 189:Core/Src/main.c **** const osSemaphoreAttr_t ATCommandSemaphore_attributes = {
 190:Core/Src/main.c ****   .name = "ATCommandSemaphore"
 191:Core/Src/main.c **** };
 192:Core/Src/main.c **** /* Definitions for ATResponseSemaphore */
 193:Core/Src/main.c **** osSemaphoreId_t ATResponseSemaphoreHandle;
 194:Core/Src/main.c **** const osSemaphoreAttr_t ATResponseSemaphore_attributes = {
 195:Core/Src/main.c ****   .name = "ATResponseSemaphore"
 196:Core/Src/main.c **** };
 197:Core/Src/main.c **** /* Definitions for UARTTXSemaphore */
 198:Core/Src/main.c **** osSemaphoreId_t UARTTXSemaphoreHandle;
 199:Core/Src/main.c **** const osSemaphoreAttr_t UARTTXSemaphore_attributes = {
 200:Core/Src/main.c ****   .name = "UARTTXSemaphore"
 201:Core/Src/main.c **** };
 202:Core/Src/main.c **** /* Definitions for RadioStateSemaphore */
 203:Core/Src/main.c **** osSemaphoreId_t RadioStateSemaphoreHandle;
 204:Core/Src/main.c **** const osSemaphoreAttr_t RadioStateSemaphore_attributes = {
 205:Core/Src/main.c ****   .name = "RadioStateSemaphore"
 206:Core/Src/main.c **** };
 207:Core/Src/main.c **** /* Definitions for LoRaTXSemaphore */
 208:Core/Src/main.c **** osSemaphoreId_t LoRaTXSemaphoreHandle;
 209:Core/Src/main.c **** const osSemaphoreAttr_t LoRaTXSemaphore_attributes = {
 210:Core/Src/main.c ****   .name = "LoRaTXSemaphore"
 211:Core/Src/main.c **** };
 212:Core/Src/main.c **** /* Definitions for ModemStatusFlags */
 213:Core/Src/main.c **** osEventFlagsId_t ModemStatusFlagsHandle;
 214:Core/Src/main.c **** osStaticEventGroupDef_t ModemStatusFlagsControlBlock;
 215:Core/Src/main.c **** const osEventFlagsAttr_t ModemStatusFlags_attributes = {
 216:Core/Src/main.c ****   .name = "ModemStatusFlags",
 217:Core/Src/main.c ****   .cb_mem = &ModemStatusFlagsControlBlock,
 218:Core/Src/main.c ****   .cb_size = sizeof(ModemStatusFlagsControlBlock),
 219:Core/Src/main.c **** };
 220:Core/Src/main.c **** /* USER CODE BEGIN PV */
 221:Core/Src/main.c **** volatile float vector[255];
 222:Core/Src/main.c **** extern UART_HandleTypeDef huart1;
ARM GAS  C:\Users\DAELT-~1\AppData\Local\Temp\ccUXrYfb.s 			page 17


 223:Core/Src/main.c **** extern DMA_HandleTypeDef hdma_usart1_rx;
 224:Core/Src/main.c **** extern DMA_HandleTypeDef hdma_usart1_tx;
 225:Core/Src/main.c **** /* USER CODE END PV */
 226:Core/Src/main.c **** 
 227:Core/Src/main.c **** /* Private function prototypes -----------------------------------------------*/
 228:Core/Src/main.c **** void SystemClock_Config(void);
 229:Core/Src/main.c **** static void MX_GPIO_Init(void);
 230:Core/Src/main.c **** static void MX_DMA_Init(void);
 231:Core/Src/main.c **** static void MX_USART1_UART_Init(void);
 232:Core/Src/main.c **** static void MX_ADC1_Init(void);
 233:Core/Src/main.c **** static void MX_TIM2_Init(void);
 234:Core/Src/main.c **** static void MX_TIM1_Init(void);
 235:Core/Src/main.c **** static void MX_TIM3_Init(void);
 236:Core/Src/main.c **** void StartDefaultTask(void *argument);
 237:Core/Src/main.c **** extern void ATParsingTaskCode(void *argument);
 238:Core/Src/main.c **** extern void ATHandlingTaskCode(void *argument);
 239:Core/Src/main.c **** extern void UARTProcTaskCode(void *argument);
 240:Core/Src/main.c **** extern void ModemManagerTaskCode(void *argument);
 241:Core/Src/main.c **** extern void AppSendTaskCode(void *argument);
 242:Core/Src/main.c **** extern void PeriodicSendTimerCallback(void *argument);
 243:Core/Src/main.c **** extern void ModemLedCallback(void *argument);
 244:Core/Src/main.c **** extern void DutyCycleTimerCallback(void *argument);
 245:Core/Src/main.c **** 
 246:Core/Src/main.c **** /* USER CODE BEGIN PFP */
 247:Core/Src/main.c **** void CONFIGURE_TIMER_FOR_RUN_TIME_STATS()
 248:Core/Src/main.c **** {
 637              		.loc 1 248 1
 638              		.cfi_startproc
 639              		@ args = 0, pretend = 0, frame = 0
 640              		@ frame_needed = 1, uses_anonymous_args = 0
 641 0000 80B5     		push	{r7, lr}
 642              	.LCFI0:
 643              		.cfi_def_cfa_offset 8
 644              		.cfi_offset 7, -8
 645              		.cfi_offset 14, -4
 646 0002 00AF     		add	r7, sp, #0
 647              	.LCFI1:
 648              		.cfi_def_cfa_register 7
 249:Core/Src/main.c ****   HAL_TIM_Base_Start(&htim2); /* Define this to initialize your timer/counter */
 649              		.loc 1 249 3
 650 0004 0248     		ldr	r0, .L2
 651 0006 FFF7FEFF 		bl	HAL_TIM_Base_Start
 250:Core/Src/main.c **** }
 652              		.loc 1 250 1
 653 000a 00BF     		nop
 654 000c 80BD     		pop	{r7, pc}
 655              	.L3:
 656 000e 00BF     		.align	2
 657              	.L2:
 658 0010 00000000 		.word	htim2
 659              		.cfi_endproc
 660              	.LFE228:
 662              		.section	.text.GET_RUN_TIME_COUNTER_VALUE,"ax",%progbits
 663              		.align	1
 664              		.global	GET_RUN_TIME_COUNTER_VALUE
 665              		.syntax unified
 666              		.thumb
ARM GAS  C:\Users\DAELT-~1\AppData\Local\Temp\ccUXrYfb.s 			page 18


 667              		.thumb_func
 669              	GET_RUN_TIME_COUNTER_VALUE:
 670              	.LFB229:
 251:Core/Src/main.c **** 
 252:Core/Src/main.c **** uint32_t GET_RUN_TIME_COUNTER_VALUE()
 253:Core/Src/main.c **** {
 671              		.loc 1 253 1
 672              		.cfi_startproc
 673              		@ args = 0, pretend = 0, frame = 0
 674              		@ frame_needed = 1, uses_anonymous_args = 0
 675              		@ link register save eliminated.
 676 0000 80B4     		push	{r7}
 677              	.LCFI2:
 678              		.cfi_def_cfa_offset 4
 679              		.cfi_offset 7, -4
 680 0002 00AF     		add	r7, sp, #0
 681              	.LCFI3:
 682              		.cfi_def_cfa_register 7
 254:Core/Src/main.c ****   return __HAL_TIM_GET_COUNTER(&htim2); /* Define this to sample the timer/counter */
 683              		.loc 1 254 10
 684 0004 034B     		ldr	r3, .L6
 685 0006 1B68     		ldr	r3, [r3]
 686 0008 5B6A     		ldr	r3, [r3, #36]
 255:Core/Src/main.c **** }
 687              		.loc 1 255 1
 688 000a 1846     		mov	r0, r3
 689 000c BD46     		mov	sp, r7
 690              	.LCFI4:
 691              		.cfi_def_cfa_register 13
 692              		@ sp needed
 693 000e 5DF8047B 		ldr	r7, [sp], #4
 694              	.LCFI5:
 695              		.cfi_restore 7
 696              		.cfi_def_cfa_offset 0
 697 0012 7047     		bx	lr
 698              	.L7:
 699              		.align	2
 700              	.L6:
 701 0014 00000000 		.word	htim2
 702              		.cfi_endproc
 703              	.LFE229:
 705              		.global	uxTopUsedPriority
 706              		.section	.rodata.uxTopUsedPriority,"a"
 707              		.align	2
 710              	uxTopUsedPriority:
 711 0000 37000000 		.word	55
 712              		.section	.text.main,"ax",%progbits
 713              		.align	1
 714              		.global	main
 715              		.syntax unified
 716              		.thumb
 717              		.thumb_func
 719              	main:
 720              	.LFB230:
 256:Core/Src/main.c **** 
 257:Core/Src/main.c **** /* USER CODE END PFP */
 258:Core/Src/main.c **** 
ARM GAS  C:\Users\DAELT-~1\AppData\Local\Temp\ccUXrYfb.s 			page 19


 259:Core/Src/main.c **** /* Private user code ---------------------------------------------------------*/
 260:Core/Src/main.c **** /* USER CODE BEGIN 0 */
 261:Core/Src/main.c **** const volatile int uxTopUsedPriority = configMAX_PRIORITIES - 1; //this declaration enables thread 
 262:Core/Src/main.c **** 
 263:Core/Src/main.c **** // Paste this code to Core/Inc/FreeRTOSConfig.h to enable kernel statistics (will be overwritten by
 264:Core/Src/main.c **** // #define portCONFIGURE_TIMER_FOR_RUN_TIME_STATS() CONFIGURE_TIMER_FOR_RUN_TIME_STATS()/* Define t
 265:Core/Src/main.c **** // #define portGET_RUN_TIME_COUNTER_VALUE() GET_RUN_TIME_COUNTER_VALUE()        /* Define this to s
 266:Core/Src/main.c **** // #define configGENERATE_RUN_TIME_STATS (1)
 267:Core/Src/main.c **** // #define configRECORD_STACK_HIGH_ADDRESS (1)
 268:Core/Src/main.c **** 
 269:Core/Src/main.c **** /* USER CODE END 0 */
 270:Core/Src/main.c **** 
 271:Core/Src/main.c **** /**
 272:Core/Src/main.c ****   * @brief  The application entry point.
 273:Core/Src/main.c ****   * @retval int
 274:Core/Src/main.c ****   */
 275:Core/Src/main.c **** int main(void)
 276:Core/Src/main.c **** {
 721              		.loc 1 276 1
 722              		.cfi_startproc
 723              		@ args = 0, pretend = 0, frame = 8
 724              		@ frame_needed = 1, uses_anonymous_args = 0
 725 0000 80B5     		push	{r7, lr}
 726              	.LCFI6:
 727              		.cfi_def_cfa_offset 8
 728              		.cfi_offset 7, -8
 729              		.cfi_offset 14, -4
 730 0002 82B0     		sub	sp, sp, #8
 731              	.LCFI7:
 732              		.cfi_def_cfa_offset 16
 733 0004 00AF     		add	r7, sp, #0
 734              	.LCFI8:
 735              		.cfi_def_cfa_register 7
 277:Core/Src/main.c **** 
 278:Core/Src/main.c ****   /* USER CODE BEGIN 1 */
 279:Core/Src/main.c ****   uint32_t i;  
 280:Core/Src/main.c ****   (void)uxTopUsedPriority; //this declaration enables thread awareness for FreeRTOS using OpenOCD
 736              		.loc 1 280 3
 737 0006 754B     		ldr	r3, .L12
 738 0008 1B68     		ldr	r3, [r3]
 281:Core/Src/main.c ****   /* USER CODE END 1 */
 282:Core/Src/main.c **** 
 283:Core/Src/main.c ****   /* MCU Configuration--------------------------------------------------------*/
 284:Core/Src/main.c **** 
 285:Core/Src/main.c ****   /* Reset of all peripherals, Initializes the Flash interface and the Systick. */
 286:Core/Src/main.c ****   HAL_Init();
 739              		.loc 1 286 3
 740 000a FFF7FEFF 		bl	HAL_Init
 287:Core/Src/main.c **** 
 288:Core/Src/main.c ****   /* USER CODE BEGIN Init */
 289:Core/Src/main.c **** 
 290:Core/Src/main.c ****   /* USER CODE END Init */
 291:Core/Src/main.c **** 
 292:Core/Src/main.c ****   /* Configure the system clock */
 293:Core/Src/main.c ****   SystemClock_Config();
 741              		.loc 1 293 3
 742 000e FFF7FEFF 		bl	SystemClock_Config
ARM GAS  C:\Users\DAELT-~1\AppData\Local\Temp\ccUXrYfb.s 			page 20


 294:Core/Src/main.c **** 
 295:Core/Src/main.c ****   /* USER CODE BEGIN SysInit */
 296:Core/Src/main.c **** 
 297:Core/Src/main.c ****   /* USER CODE END SysInit */
 298:Core/Src/main.c **** 
 299:Core/Src/main.c ****   /* Initialize all configured peripherals */
 300:Core/Src/main.c ****   MX_GPIO_Init();
 743              		.loc 1 300 3
 744 0012 FFF7FEFF 		bl	MX_GPIO_Init
 301:Core/Src/main.c ****   MX_DMA_Init();
 745              		.loc 1 301 3
 746 0016 FFF7FEFF 		bl	MX_DMA_Init
 302:Core/Src/main.c ****   MX_USART1_UART_Init();
 747              		.loc 1 302 3
 748 001a FFF7FEFF 		bl	MX_USART1_UART_Init
 303:Core/Src/main.c ****   MX_ADC1_Init();
 749              		.loc 1 303 3
 750 001e FFF7FEFF 		bl	MX_ADC1_Init
 304:Core/Src/main.c ****   MX_TIM2_Init();
 751              		.loc 1 304 3
 752 0022 FFF7FEFF 		bl	MX_TIM2_Init
 305:Core/Src/main.c ****   MX_TIM1_Init();
 753              		.loc 1 305 3
 754 0026 FFF7FEFF 		bl	MX_TIM1_Init
 306:Core/Src/main.c ****   MX_TIM3_Init();
 755              		.loc 1 306 3
 756 002a FFF7FEFF 		bl	MX_TIM3_Init
 307:Core/Src/main.c ****   /* USER CODE BEGIN 2 */
 308:Core/Src/main.c ****   
 309:Core/Src/main.c ****   //H-Bridge PWMs
 310:Core/Src/main.c ****   HAL_TIM_PWM_Start(&htim1, TIM_CHANNEL_1);
 757              		.loc 1 310 3
 758 002e 0021     		movs	r1, #0
 759 0030 6B48     		ldr	r0, .L12+4
 760 0032 FFF7FEFF 		bl	HAL_TIM_PWM_Start
 311:Core/Src/main.c ****   HAL_TIM_PWM_Start(&htim3, TIM_CHANNEL_2);
 761              		.loc 1 311 3
 762 0036 0421     		movs	r1, #4
 763 0038 6A48     		ldr	r0, .L12+8
 764 003a FFF7FEFF 		bl	HAL_TIM_PWM_Start
 312:Core/Src/main.c ****   /* USER CODE END 2 */
 313:Core/Src/main.c **** 
 314:Core/Src/main.c ****   /* Init scheduler */
 315:Core/Src/main.c ****   osKernelInitialize();
 765              		.loc 1 315 3
 766 003e FFF7FEFF 		bl	osKernelInitialize
 316:Core/Src/main.c **** 
 317:Core/Src/main.c ****   /* USER CODE BEGIN RTOS_MUTEX */
 318:Core/Src/main.c ****   /* add mutexes, ... */
 319:Core/Src/main.c ****   /* USER CODE END RTOS_MUTEX */
 320:Core/Src/main.c **** 
 321:Core/Src/main.c ****   /* Create the semaphores(s) */
 322:Core/Src/main.c ****   /* creation of ATCommandSemaphore */
 323:Core/Src/main.c ****   ATCommandSemaphoreHandle = osSemaphoreNew(1, 0, &ATCommandSemaphore_attributes);
 767              		.loc 1 323 30
 768 0042 694A     		ldr	r2, .L12+12
 769 0044 0021     		movs	r1, #0
ARM GAS  C:\Users\DAELT-~1\AppData\Local\Temp\ccUXrYfb.s 			page 21


 770 0046 0120     		movs	r0, #1
 771 0048 FFF7FEFF 		bl	osSemaphoreNew
 772 004c 0346     		mov	r3, r0
 773              		.loc 1 323 28 discriminator 1
 774 004e 674A     		ldr	r2, .L12+16
 775 0050 1360     		str	r3, [r2]
 324:Core/Src/main.c **** 
 325:Core/Src/main.c ****   /* creation of ATResponseSemaphore */
 326:Core/Src/main.c ****   ATResponseSemaphoreHandle = osSemaphoreNew(1, 0, &ATResponseSemaphore_attributes);
 776              		.loc 1 326 31
 777 0052 674A     		ldr	r2, .L12+20
 778 0054 0021     		movs	r1, #0
 779 0056 0120     		movs	r0, #1
 780 0058 FFF7FEFF 		bl	osSemaphoreNew
 781 005c 0346     		mov	r3, r0
 782              		.loc 1 326 29 discriminator 1
 783 005e 654A     		ldr	r2, .L12+24
 784 0060 1360     		str	r3, [r2]
 327:Core/Src/main.c **** 
 328:Core/Src/main.c ****   /* creation of UARTTXSemaphore */
 329:Core/Src/main.c ****   UARTTXSemaphoreHandle = osSemaphoreNew(1, 0, &UARTTXSemaphore_attributes);
 785              		.loc 1 329 27
 786 0062 654A     		ldr	r2, .L12+28
 787 0064 0021     		movs	r1, #0
 788 0066 0120     		movs	r0, #1
 789 0068 FFF7FEFF 		bl	osSemaphoreNew
 790 006c 0346     		mov	r3, r0
 791              		.loc 1 329 25 discriminator 1
 792 006e 634A     		ldr	r2, .L12+32
 793 0070 1360     		str	r3, [r2]
 330:Core/Src/main.c **** 
 331:Core/Src/main.c ****   /* creation of RadioStateSemaphore */
 332:Core/Src/main.c ****   RadioStateSemaphoreHandle = osSemaphoreNew(1, 0, &RadioStateSemaphore_attributes);
 794              		.loc 1 332 31
 795 0072 634A     		ldr	r2, .L12+36
 796 0074 0021     		movs	r1, #0
 797 0076 0120     		movs	r0, #1
 798 0078 FFF7FEFF 		bl	osSemaphoreNew
 799 007c 0346     		mov	r3, r0
 800              		.loc 1 332 29 discriminator 1
 801 007e 614A     		ldr	r2, .L12+40
 802 0080 1360     		str	r3, [r2]
 333:Core/Src/main.c **** 
 334:Core/Src/main.c ****   /* creation of LoRaTXSemaphore */
 335:Core/Src/main.c ****   LoRaTXSemaphoreHandle = osSemaphoreNew(1, 0, &LoRaTXSemaphore_attributes);
 803              		.loc 1 335 27
 804 0082 614A     		ldr	r2, .L12+44
 805 0084 0021     		movs	r1, #0
 806 0086 0120     		movs	r0, #1
 807 0088 FFF7FEFF 		bl	osSemaphoreNew
 808 008c 0346     		mov	r3, r0
 809              		.loc 1 335 25 discriminator 1
 810 008e 5F4A     		ldr	r2, .L12+48
 811 0090 1360     		str	r3, [r2]
 336:Core/Src/main.c **** 
 337:Core/Src/main.c ****   /* USER CODE BEGIN RTOS_SEMAPHORES */
 338:Core/Src/main.c ****   /* add semaphores, ... */
ARM GAS  C:\Users\DAELT-~1\AppData\Local\Temp\ccUXrYfb.s 			page 22


 339:Core/Src/main.c ****   osSemaphoreRelease(ATCommandSemaphoreHandle);
 812              		.loc 1 339 3
 813 0092 564B     		ldr	r3, .L12+16
 814 0094 1B68     		ldr	r3, [r3]
 815 0096 1846     		mov	r0, r3
 816 0098 FFF7FEFF 		bl	osSemaphoreRelease
 340:Core/Src/main.c ****   osSemaphoreRelease(ATResponseSemaphoreHandle);
 817              		.loc 1 340 3
 818 009c 554B     		ldr	r3, .L12+24
 819 009e 1B68     		ldr	r3, [r3]
 820 00a0 1846     		mov	r0, r3
 821 00a2 FFF7FEFF 		bl	osSemaphoreRelease
 341:Core/Src/main.c ****   osSemaphoreRelease(UARTTXSemaphoreHandle);
 822              		.loc 1 341 3
 823 00a6 554B     		ldr	r3, .L12+32
 824 00a8 1B68     		ldr	r3, [r3]
 825 00aa 1846     		mov	r0, r3
 826 00ac FFF7FEFF 		bl	osSemaphoreRelease
 342:Core/Src/main.c ****   osSemaphoreRelease(RadioStateSemaphoreHandle);
 827              		.loc 1 342 3
 828 00b0 544B     		ldr	r3, .L12+40
 829 00b2 1B68     		ldr	r3, [r3]
 830 00b4 1846     		mov	r0, r3
 831 00b6 FFF7FEFF 		bl	osSemaphoreRelease
 343:Core/Src/main.c ****   osSemaphoreRelease(LoRaTXSemaphoreHandle);
 832              		.loc 1 343 3
 833 00ba 544B     		ldr	r3, .L12+48
 834 00bc 1B68     		ldr	r3, [r3]
 835 00be 1846     		mov	r0, r3
 836 00c0 FFF7FEFF 		bl	osSemaphoreRelease
 344:Core/Src/main.c ****   /* USER CODE END RTOS_SEMAPHORES */
 345:Core/Src/main.c **** 
 346:Core/Src/main.c ****   /* Create the timer(s) */
 347:Core/Src/main.c ****   /* creation of PeriodicSendTimer */
 348:Core/Src/main.c ****   PeriodicSendTimerHandle = osTimerNew(PeriodicSendTimerCallback, osTimerPeriodic, NULL, &PeriodicS
 837              		.loc 1 348 29
 838 00c4 524B     		ldr	r3, .L12+52
 839 00c6 0022     		movs	r2, #0
 840 00c8 0121     		movs	r1, #1
 841 00ca 5248     		ldr	r0, .L12+56
 842 00cc FFF7FEFF 		bl	osTimerNew
 843 00d0 0346     		mov	r3, r0
 844              		.loc 1 348 27 discriminator 1
 845 00d2 514A     		ldr	r2, .L12+60
 846 00d4 1360     		str	r3, [r2]
 349:Core/Src/main.c **** 
 350:Core/Src/main.c ****   /* creation of ModemLedTimer */
 351:Core/Src/main.c ****   ModemLedTimerHandle = osTimerNew(ModemLedCallback, osTimerPeriodic, NULL, &ModemLedTimer_attribut
 847              		.loc 1 351 25
 848 00d6 514B     		ldr	r3, .L12+64
 849 00d8 0022     		movs	r2, #0
 850 00da 0121     		movs	r1, #1
 851 00dc 5048     		ldr	r0, .L12+68
 852 00de FFF7FEFF 		bl	osTimerNew
 853 00e2 0346     		mov	r3, r0
 854              		.loc 1 351 23 discriminator 1
 855 00e4 4F4A     		ldr	r2, .L12+72
ARM GAS  C:\Users\DAELT-~1\AppData\Local\Temp\ccUXrYfb.s 			page 23


 856 00e6 1360     		str	r3, [r2]
 352:Core/Src/main.c **** 
 353:Core/Src/main.c ****   /* creation of DutyCycleTimer */
 354:Core/Src/main.c ****   DutyCycleTimerHandle = osTimerNew(DutyCycleTimerCallback, osTimerOnce, NULL, &DutyCycleTimer_attr
 857              		.loc 1 354 26
 858 00e8 4F4B     		ldr	r3, .L12+76
 859 00ea 0022     		movs	r2, #0
 860 00ec 0021     		movs	r1, #0
 861 00ee 4F48     		ldr	r0, .L12+80
 862 00f0 FFF7FEFF 		bl	osTimerNew
 863 00f4 0346     		mov	r3, r0
 864              		.loc 1 354 24 discriminator 1
 865 00f6 4E4A     		ldr	r2, .L12+84
 866 00f8 1360     		str	r3, [r2]
 355:Core/Src/main.c **** 
 356:Core/Src/main.c ****   /* USER CODE BEGIN RTOS_TIMERS */
 357:Core/Src/main.c ****   /* start timers, add new ones, ... */
 358:Core/Src/main.c ****   /* USER CODE END RTOS_TIMERS */
 359:Core/Src/main.c **** 
 360:Core/Src/main.c ****   /* Create the queue(s) */
 361:Core/Src/main.c ****   /* creation of uartQueue */
 362:Core/Src/main.c ****   uartQueueHandle = osMessageQueueNew (4, sizeof(void*), &uartQueue_attributes);
 867              		.loc 1 362 21
 868 00fa 4E4A     		ldr	r2, .L12+88
 869 00fc 0421     		movs	r1, #4
 870 00fe 0420     		movs	r0, #4
 871 0100 FFF7FEFF 		bl	osMessageQueueNew
 872 0104 0346     		mov	r3, r0
 873              		.loc 1 362 19 discriminator 1
 874 0106 4C4A     		ldr	r2, .L12+92
 875 0108 1360     		str	r3, [r2]
 363:Core/Src/main.c **** 
 364:Core/Src/main.c ****   /* creation of ATQueue */
 365:Core/Src/main.c ****   ATQueueHandle = osMessageQueueNew (4, sizeof(void*), &ATQueue_attributes);
 876              		.loc 1 365 19
 877 010a 4C4A     		ldr	r2, .L12+96
 878 010c 0421     		movs	r1, #4
 879 010e 0420     		movs	r0, #4
 880 0110 FFF7FEFF 		bl	osMessageQueueNew
 881 0114 0346     		mov	r3, r0
 882              		.loc 1 365 17 discriminator 1
 883 0116 4A4A     		ldr	r2, .L12+100
 884 0118 1360     		str	r3, [r2]
 366:Core/Src/main.c **** 
 367:Core/Src/main.c ****   /* creation of ModemSendQueue */
 368:Core/Src/main.c ****   ModemSendQueueHandle = osMessageQueueNew (4, sizeof(void*), &ModemSendQueue_attributes);
 885              		.loc 1 368 26
 886 011a 4A4A     		ldr	r2, .L12+104
 887 011c 0421     		movs	r1, #4
 888 011e 0420     		movs	r0, #4
 889 0120 FFF7FEFF 		bl	osMessageQueueNew
 890 0124 0346     		mov	r3, r0
 891              		.loc 1 368 24 discriminator 1
 892 0126 484A     		ldr	r2, .L12+108
 893 0128 1360     		str	r3, [r2]
 369:Core/Src/main.c **** 
 370:Core/Src/main.c ****   /* USER CODE BEGIN RTOS_QUEUES */
ARM GAS  C:\Users\DAELT-~1\AppData\Local\Temp\ccUXrYfb.s 			page 24


 371:Core/Src/main.c ****   /* add queues, ... */
 372:Core/Src/main.c ****   /* USER CODE END RTOS_QUEUES */
 373:Core/Src/main.c **** 
 374:Core/Src/main.c ****   /* Create the thread(s) */
 375:Core/Src/main.c ****   /* creation of defaultTask */
 376:Core/Src/main.c ****   defaultTaskHandle = osThreadNew(StartDefaultTask, NULL, &defaultTask_attributes);
 894              		.loc 1 376 23
 895 012a 484A     		ldr	r2, .L12+112
 896 012c 0021     		movs	r1, #0
 897 012e 4848     		ldr	r0, .L12+116
 898 0130 FFF7FEFF 		bl	osThreadNew
 899 0134 0346     		mov	r3, r0
 900              		.loc 1 376 21 discriminator 1
 901 0136 474A     		ldr	r2, .L12+120
 902 0138 1360     		str	r3, [r2]
 377:Core/Src/main.c **** 
 378:Core/Src/main.c ****   /* creation of ATParsingTask */
 379:Core/Src/main.c ****   ATParsingTaskHandle = osThreadNew(ATParsingTaskCode, NULL, &ATParsingTask_attributes);
 903              		.loc 1 379 25
 904 013a 474A     		ldr	r2, .L12+124
 905 013c 0021     		movs	r1, #0
 906 013e 4748     		ldr	r0, .L12+128
 907 0140 FFF7FEFF 		bl	osThreadNew
 908 0144 0346     		mov	r3, r0
 909              		.loc 1 379 23 discriminator 1
 910 0146 464A     		ldr	r2, .L12+132
 911 0148 1360     		str	r3, [r2]
 380:Core/Src/main.c **** 
 381:Core/Src/main.c ****   /* creation of ATHandlingTask */
 382:Core/Src/main.c ****   ATHandlingTaskHandle = osThreadNew(ATHandlingTaskCode, NULL, &ATHandlingTask_attributes);
 912              		.loc 1 382 26
 913 014a 464A     		ldr	r2, .L12+136
 914 014c 0021     		movs	r1, #0
 915 014e 4648     		ldr	r0, .L12+140
 916 0150 FFF7FEFF 		bl	osThreadNew
 917 0154 0346     		mov	r3, r0
 918              		.loc 1 382 24 discriminator 1
 919 0156 454A     		ldr	r2, .L12+144
 920 0158 1360     		str	r3, [r2]
 383:Core/Src/main.c **** 
 384:Core/Src/main.c ****   /* creation of UARTProcTask */
 385:Core/Src/main.c ****   UARTProcTaskHandle = osThreadNew(UARTProcTaskCode, NULL, &UARTProcTask_attributes);
 921              		.loc 1 385 24
 922 015a 454A     		ldr	r2, .L12+148
 923 015c 0021     		movs	r1, #0
 924 015e 4548     		ldr	r0, .L12+152
 925 0160 FFF7FEFF 		bl	osThreadNew
 926 0164 0346     		mov	r3, r0
 927              		.loc 1 385 22 discriminator 1
 928 0166 444A     		ldr	r2, .L12+156
 929 0168 1360     		str	r3, [r2]
 386:Core/Src/main.c **** 
 387:Core/Src/main.c ****   /* creation of ModemMngrTask */
 388:Core/Src/main.c ****   ModemMngrTaskHandle = osThreadNew(ModemManagerTaskCode, NULL, &ModemMngrTask_attributes);
 930              		.loc 1 388 25
 931 016a 444A     		ldr	r2, .L12+160
 932 016c 0021     		movs	r1, #0
ARM GAS  C:\Users\DAELT-~1\AppData\Local\Temp\ccUXrYfb.s 			page 25


 933 016e 4448     		ldr	r0, .L12+164
 934 0170 FFF7FEFF 		bl	osThreadNew
 935 0174 0346     		mov	r3, r0
 936              		.loc 1 388 23 discriminator 1
 937 0176 434A     		ldr	r2, .L12+168
 938 0178 1360     		str	r3, [r2]
 389:Core/Src/main.c **** 
 390:Core/Src/main.c ****   /* creation of AppSendTask */
 391:Core/Src/main.c ****   AppSendTaskHandle = osThreadNew(AppSendTaskCode, NULL, &AppSendTask_attributes);
 939              		.loc 1 391 23
 940 017a 434A     		ldr	r2, .L12+172
 941 017c 0021     		movs	r1, #0
 942 017e 4348     		ldr	r0, .L12+176
 943 0180 FFF7FEFF 		bl	osThreadNew
 944 0184 0346     		mov	r3, r0
 945              		.loc 1 391 21 discriminator 1
 946 0186 424A     		ldr	r2, .L12+180
 947 0188 1360     		str	r3, [r2]
 392:Core/Src/main.c **** 
 393:Core/Src/main.c ****   /* USER CODE BEGIN RTOS_THREADS */
 394:Core/Src/main.c ****   /* add threads, ... */
 395:Core/Src/main.c ****   /* USER CODE END RTOS_THREADS */
 396:Core/Src/main.c **** 
 397:Core/Src/main.c ****   /* Create the event(s) */
 398:Core/Src/main.c ****   /* creation of ModemStatusFlags */
 399:Core/Src/main.c ****   ModemStatusFlagsHandle = osEventFlagsNew(&ModemStatusFlags_attributes);
 948              		.loc 1 399 28
 949 018a 4248     		ldr	r0, .L12+184
 950 018c FFF7FEFF 		bl	osEventFlagsNew
 951 0190 0346     		mov	r3, r0
 952              		.loc 1 399 26 discriminator 1
 953 0192 414A     		ldr	r2, .L12+188
 954 0194 1360     		str	r3, [r2]
 400:Core/Src/main.c **** 
 401:Core/Src/main.c ****   /* USER CODE BEGIN RTOS_EVENTS */
 402:Core/Src/main.c ****   /* add events, ... */
 403:Core/Src/main.c ****   /* USER CODE END RTOS_EVENTS */
 404:Core/Src/main.c **** 
 405:Core/Src/main.c ****   /* Start scheduler */
 406:Core/Src/main.c ****   osKernelStart();
 955              		.loc 1 406 3
 956 0196 FFF7FEFF 		bl	osKernelStart
 957              	.L11:
 407:Core/Src/main.c **** 
 408:Core/Src/main.c ****   /* We should never get here as control is now taken by the scheduler */
 409:Core/Src/main.c **** 
 410:Core/Src/main.c ****   /* Infinite loop */
 411:Core/Src/main.c ****   /* USER CODE BEGIN WHILE */
 412:Core/Src/main.c ****   while (1)
 413:Core/Src/main.c ****   {
 414:Core/Src/main.c ****     for (i = 0; i < 8; i++)
 958              		.loc 1 414 12
 959 019a 0023     		movs	r3, #0
 960 019c 7B60     		str	r3, [r7, #4]
 961              		.loc 1 414 5
 962 019e 14E0     		b	.L9
 963              	.L10:
ARM GAS  C:\Users\DAELT-~1\AppData\Local\Temp\ccUXrYfb.s 			page 26


 415:Core/Src/main.c ****     {
 416:Core/Src/main.c ****       HAL_GPIO_WritePin(GPIOC, GPIO_PIN_13, 0);
 964              		.loc 1 416 7
 965 01a0 0022     		movs	r2, #0
 966 01a2 4FF40051 		mov	r1, #8192
 967 01a6 3D48     		ldr	r0, .L12+192
 968 01a8 FFF7FEFF 		bl	HAL_GPIO_WritePin
 417:Core/Src/main.c ****       HAL_Delay(25);
 969              		.loc 1 417 7
 970 01ac 1920     		movs	r0, #25
 971 01ae FFF7FEFF 		bl	HAL_Delay
 418:Core/Src/main.c ****       HAL_GPIO_WritePin(GPIOC, GPIO_PIN_13, 1);
 972              		.loc 1 418 7
 973 01b2 0122     		movs	r2, #1
 974 01b4 4FF40051 		mov	r1, #8192
 975 01b8 3848     		ldr	r0, .L12+192
 976 01ba FFF7FEFF 		bl	HAL_GPIO_WritePin
 419:Core/Src/main.c ****       HAL_Delay(50);
 977              		.loc 1 419 7
 978 01be 3220     		movs	r0, #50
 979 01c0 FFF7FEFF 		bl	HAL_Delay
 414:Core/Src/main.c ****     {
 980              		.loc 1 414 25 discriminator 3
 981 01c4 7B68     		ldr	r3, [r7, #4]
 982 01c6 0133     		adds	r3, r3, #1
 983 01c8 7B60     		str	r3, [r7, #4]
 984              	.L9:
 414:Core/Src/main.c ****     {
 985              		.loc 1 414 19 discriminator 1
 986 01ca 7B68     		ldr	r3, [r7, #4]
 987 01cc 072B     		cmp	r3, #7
 988 01ce E7D9     		bls	.L10
 420:Core/Src/main.c ****     }
 421:Core/Src/main.c ****     HAL_Delay(800);
 989              		.loc 1 421 5
 990 01d0 4FF44870 		mov	r0, #800
 991 01d4 FFF7FEFF 		bl	HAL_Delay
 414:Core/Src/main.c ****     {
 992              		.loc 1 414 12
 993 01d8 DFE7     		b	.L11
 994              	.L13:
 995 01da 00BF     		.align	2
 996              	.L12:
 997 01dc 00000000 		.word	uxTopUsedPriority
 998 01e0 00000000 		.word	htim1
 999 01e4 00000000 		.word	htim3
 1000 01e8 00000000 		.word	ATCommandSemaphore_attributes
 1001 01ec 00000000 		.word	ATCommandSemaphoreHandle
 1002 01f0 00000000 		.word	ATResponseSemaphore_attributes
 1003 01f4 00000000 		.word	ATResponseSemaphoreHandle
 1004 01f8 00000000 		.word	UARTTXSemaphore_attributes
 1005 01fc 00000000 		.word	UARTTXSemaphoreHandle
 1006 0200 00000000 		.word	RadioStateSemaphore_attributes
 1007 0204 00000000 		.word	RadioStateSemaphoreHandle
 1008 0208 00000000 		.word	LoRaTXSemaphore_attributes
 1009 020c 00000000 		.word	LoRaTXSemaphoreHandle
 1010 0210 00000000 		.word	PeriodicSendTimer_attributes
ARM GAS  C:\Users\DAELT-~1\AppData\Local\Temp\ccUXrYfb.s 			page 27


 1011 0214 00000000 		.word	PeriodicSendTimerCallback
 1012 0218 00000000 		.word	PeriodicSendTimerHandle
 1013 021c 00000000 		.word	ModemLedTimer_attributes
 1014 0220 00000000 		.word	ModemLedCallback
 1015 0224 00000000 		.word	ModemLedTimerHandle
 1016 0228 00000000 		.word	DutyCycleTimer_attributes
 1017 022c 00000000 		.word	DutyCycleTimerCallback
 1018 0230 00000000 		.word	DutyCycleTimerHandle
 1019 0234 00000000 		.word	uartQueue_attributes
 1020 0238 00000000 		.word	uartQueueHandle
 1021 023c 00000000 		.word	ATQueue_attributes
 1022 0240 00000000 		.word	ATQueueHandle
 1023 0244 00000000 		.word	ModemSendQueue_attributes
 1024 0248 00000000 		.word	ModemSendQueueHandle
 1025 024c 00000000 		.word	defaultTask_attributes
 1026 0250 00000000 		.word	StartDefaultTask
 1027 0254 00000000 		.word	defaultTaskHandle
 1028 0258 00000000 		.word	ATParsingTask_attributes
 1029 025c 00000000 		.word	ATParsingTaskCode
 1030 0260 00000000 		.word	ATParsingTaskHandle
 1031 0264 00000000 		.word	ATHandlingTask_attributes
 1032 0268 00000000 		.word	ATHandlingTaskCode
 1033 026c 00000000 		.word	ATHandlingTaskHandle
 1034 0270 00000000 		.word	UARTProcTask_attributes
 1035 0274 00000000 		.word	UARTProcTaskCode
 1036 0278 00000000 		.word	UARTProcTaskHandle
 1037 027c 00000000 		.word	ModemMngrTask_attributes
 1038 0280 00000000 		.word	ModemManagerTaskCode
 1039 0284 00000000 		.word	ModemMngrTaskHandle
 1040 0288 00000000 		.word	AppSendTask_attributes
 1041 028c 00000000 		.word	AppSendTaskCode
 1042 0290 00000000 		.word	AppSendTaskHandle
 1043 0294 00000000 		.word	ModemStatusFlags_attributes
 1044 0298 00000000 		.word	ModemStatusFlagsHandle
 1045 029c 00080240 		.word	1073874944
 1046              		.cfi_endproc
 1047              	.LFE230:
 1049              		.section	.text.SystemClock_Config,"ax",%progbits
 1050              		.align	1
 1051              		.global	SystemClock_Config
 1052              		.syntax unified
 1053              		.thumb
 1054              		.thumb_func
 1056              	SystemClock_Config:
 1057              	.LFB231:
 422:Core/Src/main.c **** 
 423:Core/Src/main.c ****     /* USER CODE END WHILE */
 424:Core/Src/main.c **** 
 425:Core/Src/main.c ****     /* USER CODE BEGIN 3 */
 426:Core/Src/main.c ****   }
 427:Core/Src/main.c ****   /* USER CODE END 3 */
 428:Core/Src/main.c **** }
 429:Core/Src/main.c **** 
 430:Core/Src/main.c **** /**
 431:Core/Src/main.c ****   * @brief System Clock Configuration
 432:Core/Src/main.c ****   * @retval None
 433:Core/Src/main.c ****   */
ARM GAS  C:\Users\DAELT-~1\AppData\Local\Temp\ccUXrYfb.s 			page 28


 434:Core/Src/main.c **** void SystemClock_Config(void)
 435:Core/Src/main.c **** {
 1058              		.loc 1 435 1
 1059              		.cfi_startproc
 1060              		@ args = 0, pretend = 0, frame = 80
 1061              		@ frame_needed = 1, uses_anonymous_args = 0
 1062 0000 80B5     		push	{r7, lr}
 1063              	.LCFI9:
 1064              		.cfi_def_cfa_offset 8
 1065              		.cfi_offset 7, -8
 1066              		.cfi_offset 14, -4
 1067 0002 94B0     		sub	sp, sp, #80
 1068              	.LCFI10:
 1069              		.cfi_def_cfa_offset 88
 1070 0004 00AF     		add	r7, sp, #0
 1071              	.LCFI11:
 1072              		.cfi_def_cfa_register 7
 436:Core/Src/main.c ****   RCC_OscInitTypeDef RCC_OscInitStruct = {0};
 1073              		.loc 1 436 22
 1074 0006 07F12003 		add	r3, r7, #32
 1075 000a 3022     		movs	r2, #48
 1076 000c 0021     		movs	r1, #0
 1077 000e 1846     		mov	r0, r3
 1078 0010 FFF7FEFF 		bl	memset
 437:Core/Src/main.c ****   RCC_ClkInitTypeDef RCC_ClkInitStruct = {0};
 1079              		.loc 1 437 22
 1080 0014 07F10C03 		add	r3, r7, #12
 1081 0018 0022     		movs	r2, #0
 1082 001a 1A60     		str	r2, [r3]
 1083 001c 5A60     		str	r2, [r3, #4]
 1084 001e 9A60     		str	r2, [r3, #8]
 1085 0020 DA60     		str	r2, [r3, #12]
 1086 0022 1A61     		str	r2, [r3, #16]
 1087              	.LBB4:
 438:Core/Src/main.c **** 
 439:Core/Src/main.c ****   /** Configure the main internal regulator output voltage
 440:Core/Src/main.c ****   */
 441:Core/Src/main.c ****   __HAL_RCC_PWR_CLK_ENABLE();
 1088              		.loc 1 441 3
 1089 0024 0023     		movs	r3, #0
 1090 0026 BB60     		str	r3, [r7, #8]
 1091 0028 274B     		ldr	r3, .L18
 1092 002a 1B6C     		ldr	r3, [r3, #64]
 1093 002c 264A     		ldr	r2, .L18
 1094 002e 43F08053 		orr	r3, r3, #268435456
 1095 0032 1364     		str	r3, [r2, #64]
 1096 0034 244B     		ldr	r3, .L18
 1097 0036 1B6C     		ldr	r3, [r3, #64]
 1098 0038 03F08053 		and	r3, r3, #268435456
 1099 003c BB60     		str	r3, [r7, #8]
 1100 003e BB68     		ldr	r3, [r7, #8]
 1101              	.LBE4:
 1102              	.LBB5:
 442:Core/Src/main.c ****   __HAL_PWR_VOLTAGESCALING_CONFIG(PWR_REGULATOR_VOLTAGE_SCALE1);
 1103              		.loc 1 442 3
 1104 0040 0023     		movs	r3, #0
 1105 0042 7B60     		str	r3, [r7, #4]
ARM GAS  C:\Users\DAELT-~1\AppData\Local\Temp\ccUXrYfb.s 			page 29


 1106 0044 214B     		ldr	r3, .L18+4
 1107 0046 1B68     		ldr	r3, [r3]
 1108 0048 204A     		ldr	r2, .L18+4
 1109 004a 43F44043 		orr	r3, r3, #49152
 1110 004e 1360     		str	r3, [r2]
 1111 0050 1E4B     		ldr	r3, .L18+4
 1112 0052 1B68     		ldr	r3, [r3]
 1113 0054 03F44043 		and	r3, r3, #49152
 1114 0058 7B60     		str	r3, [r7, #4]
 1115 005a 7B68     		ldr	r3, [r7, #4]
 1116              	.LBE5:
 443:Core/Src/main.c **** 
 444:Core/Src/main.c ****   /** Initializes the RCC Oscillators according to the specified parameters
 445:Core/Src/main.c ****   * in the RCC_OscInitTypeDef structure.
 446:Core/Src/main.c ****   */
 447:Core/Src/main.c ****   RCC_OscInitStruct.OscillatorType = RCC_OSCILLATORTYPE_HSE;
 1117              		.loc 1 447 36
 1118 005c 0123     		movs	r3, #1
 1119 005e 3B62     		str	r3, [r7, #32]
 448:Core/Src/main.c ****   RCC_OscInitStruct.HSEState = RCC_HSE_ON;
 1120              		.loc 1 448 30
 1121 0060 4FF48033 		mov	r3, #65536
 1122 0064 7B62     		str	r3, [r7, #36]
 449:Core/Src/main.c ****   RCC_OscInitStruct.PLL.PLLState = RCC_PLL_ON;
 1123              		.loc 1 449 34
 1124 0066 0223     		movs	r3, #2
 1125 0068 BB63     		str	r3, [r7, #56]
 450:Core/Src/main.c ****   RCC_OscInitStruct.PLL.PLLSource = RCC_PLLSOURCE_HSE;
 1126              		.loc 1 450 35
 1127 006a 4FF48003 		mov	r3, #4194304
 1128 006e FB63     		str	r3, [r7, #60]
 451:Core/Src/main.c ****   RCC_OscInitStruct.PLL.PLLM = 25;
 1129              		.loc 1 451 30
 1130 0070 1923     		movs	r3, #25
 1131 0072 3B64     		str	r3, [r7, #64]
 452:Core/Src/main.c ****   RCC_OscInitStruct.PLL.PLLN = 192;
 1132              		.loc 1 452 30
 1133 0074 C023     		movs	r3, #192
 1134 0076 7B64     		str	r3, [r7, #68]
 453:Core/Src/main.c ****   RCC_OscInitStruct.PLL.PLLP = RCC_PLLP_DIV2;
 1135              		.loc 1 453 30
 1136 0078 0223     		movs	r3, #2
 1137 007a BB64     		str	r3, [r7, #72]
 454:Core/Src/main.c ****   RCC_OscInitStruct.PLL.PLLQ = 4;
 1138              		.loc 1 454 30
 1139 007c 0423     		movs	r3, #4
 1140 007e FB64     		str	r3, [r7, #76]
 455:Core/Src/main.c ****   if (HAL_RCC_OscConfig(&RCC_OscInitStruct) != HAL_OK)
 1141              		.loc 1 455 7
 1142 0080 07F12003 		add	r3, r7, #32
 1143 0084 1846     		mov	r0, r3
 1144 0086 FFF7FEFF 		bl	HAL_RCC_OscConfig
 1145 008a 0346     		mov	r3, r0
 1146              		.loc 1 455 6 discriminator 1
 1147 008c 002B     		cmp	r3, #0
 1148 008e 01D0     		beq	.L15
 456:Core/Src/main.c ****   {
ARM GAS  C:\Users\DAELT-~1\AppData\Local\Temp\ccUXrYfb.s 			page 30


 457:Core/Src/main.c ****     Error_Handler();
 1149              		.loc 1 457 5
 1150 0090 FFF7FEFF 		bl	Error_Handler
 1151              	.L15:
 458:Core/Src/main.c ****   }
 459:Core/Src/main.c **** 
 460:Core/Src/main.c ****   /** Initializes the CPU, AHB and APB buses clocks
 461:Core/Src/main.c ****   */
 462:Core/Src/main.c ****   RCC_ClkInitStruct.ClockType = RCC_CLOCKTYPE_HCLK|RCC_CLOCKTYPE_SYSCLK
 1152              		.loc 1 462 31
 1153 0094 0F23     		movs	r3, #15
 1154 0096 FB60     		str	r3, [r7, #12]
 463:Core/Src/main.c ****                               |RCC_CLOCKTYPE_PCLK1|RCC_CLOCKTYPE_PCLK2;
 464:Core/Src/main.c ****   RCC_ClkInitStruct.SYSCLKSource = RCC_SYSCLKSOURCE_PLLCLK;
 1155              		.loc 1 464 34
 1156 0098 0223     		movs	r3, #2
 1157 009a 3B61     		str	r3, [r7, #16]
 465:Core/Src/main.c ****   RCC_ClkInitStruct.AHBCLKDivider = RCC_SYSCLK_DIV1;
 1158              		.loc 1 465 35
 1159 009c 0023     		movs	r3, #0
 1160 009e 7B61     		str	r3, [r7, #20]
 466:Core/Src/main.c ****   RCC_ClkInitStruct.APB1CLKDivider = RCC_HCLK_DIV2;
 1161              		.loc 1 466 36
 1162 00a0 4FF48053 		mov	r3, #4096
 1163 00a4 BB61     		str	r3, [r7, #24]
 467:Core/Src/main.c ****   RCC_ClkInitStruct.APB2CLKDivider = RCC_HCLK_DIV1;
 1164              		.loc 1 467 36
 1165 00a6 0023     		movs	r3, #0
 1166 00a8 FB61     		str	r3, [r7, #28]
 468:Core/Src/main.c **** 
 469:Core/Src/main.c ****   if (HAL_RCC_ClockConfig(&RCC_ClkInitStruct, FLASH_LATENCY_3) != HAL_OK)
 1167              		.loc 1 469 7
 1168 00aa 07F10C03 		add	r3, r7, #12
 1169 00ae 0321     		movs	r1, #3
 1170 00b0 1846     		mov	r0, r3
 1171 00b2 FFF7FEFF 		bl	HAL_RCC_ClockConfig
 1172 00b6 0346     		mov	r3, r0
 1173              		.loc 1 469 6 discriminator 1
 1174 00b8 002B     		cmp	r3, #0
 1175 00ba 01D0     		beq	.L17
 470:Core/Src/main.c ****   {
 471:Core/Src/main.c ****     Error_Handler();
 1176              		.loc 1 471 5
 1177 00bc FFF7FEFF 		bl	Error_Handler
 1178              	.L17:
 472:Core/Src/main.c ****   }
 473:Core/Src/main.c **** }
 1179              		.loc 1 473 1
 1180 00c0 00BF     		nop
 1181 00c2 5037     		adds	r7, r7, #80
 1182              	.LCFI12:
 1183              		.cfi_def_cfa_offset 8
 1184 00c4 BD46     		mov	sp, r7
 1185              	.LCFI13:
 1186              		.cfi_def_cfa_register 13
 1187              		@ sp needed
 1188 00c6 80BD     		pop	{r7, pc}
ARM GAS  C:\Users\DAELT-~1\AppData\Local\Temp\ccUXrYfb.s 			page 31


 1189              	.L19:
 1190              		.align	2
 1191              	.L18:
 1192 00c8 00380240 		.word	1073887232
 1193 00cc 00700040 		.word	1073770496
 1194              		.cfi_endproc
 1195              	.LFE231:
 1197              		.section	.text.MX_ADC1_Init,"ax",%progbits
 1198              		.align	1
 1199              		.syntax unified
 1200              		.thumb
 1201              		.thumb_func
 1203              	MX_ADC1_Init:
 1204              	.LFB232:
 474:Core/Src/main.c **** 
 475:Core/Src/main.c **** /**
 476:Core/Src/main.c ****   * @brief ADC1 Initialization Function
 477:Core/Src/main.c ****   * @param None
 478:Core/Src/main.c ****   * @retval None
 479:Core/Src/main.c ****   */
 480:Core/Src/main.c **** static void MX_ADC1_Init(void)
 481:Core/Src/main.c **** {
 1205              		.loc 1 481 1
 1206              		.cfi_startproc
 1207              		@ args = 0, pretend = 0, frame = 16
 1208              		@ frame_needed = 1, uses_anonymous_args = 0
 1209 0000 80B5     		push	{r7, lr}
 1210              	.LCFI14:
 1211              		.cfi_def_cfa_offset 8
 1212              		.cfi_offset 7, -8
 1213              		.cfi_offset 14, -4
 1214 0002 84B0     		sub	sp, sp, #16
 1215              	.LCFI15:
 1216              		.cfi_def_cfa_offset 24
 1217 0004 00AF     		add	r7, sp, #0
 1218              	.LCFI16:
 1219              		.cfi_def_cfa_register 7
 482:Core/Src/main.c **** 
 483:Core/Src/main.c ****   /* USER CODE BEGIN ADC1_Init 0 */
 484:Core/Src/main.c **** 
 485:Core/Src/main.c ****   /* USER CODE END ADC1_Init 0 */
 486:Core/Src/main.c **** 
 487:Core/Src/main.c ****   ADC_ChannelConfTypeDef sConfig = {0};
 1220              		.loc 1 487 26
 1221 0006 3B46     		mov	r3, r7
 1222 0008 0022     		movs	r2, #0
 1223 000a 1A60     		str	r2, [r3]
 1224 000c 5A60     		str	r2, [r3, #4]
 1225 000e 9A60     		str	r2, [r3, #8]
 1226 0010 DA60     		str	r2, [r3, #12]
 488:Core/Src/main.c **** 
 489:Core/Src/main.c ****   /* USER CODE BEGIN ADC1_Init 1 */
 490:Core/Src/main.c **** 
 491:Core/Src/main.c ****   /* USER CODE END ADC1_Init 1 */
 492:Core/Src/main.c **** 
 493:Core/Src/main.c ****   /** Configure the global features of the ADC (Clock, Resolution, Data Alignment and number of con
 494:Core/Src/main.c ****   */
ARM GAS  C:\Users\DAELT-~1\AppData\Local\Temp\ccUXrYfb.s 			page 32


 495:Core/Src/main.c ****   hadc1.Instance = ADC1;
 1227              		.loc 1 495 18
 1228 0012 214B     		ldr	r3, .L24
 1229 0014 214A     		ldr	r2, .L24+4
 1230 0016 1A60     		str	r2, [r3]
 496:Core/Src/main.c ****   hadc1.Init.ClockPrescaler = ADC_CLOCK_SYNC_PCLK_DIV4;
 1231              		.loc 1 496 29
 1232 0018 1F4B     		ldr	r3, .L24
 1233 001a 4FF48032 		mov	r2, #65536
 1234 001e 5A60     		str	r2, [r3, #4]
 497:Core/Src/main.c ****   hadc1.Init.Resolution = ADC_RESOLUTION_12B;
 1235              		.loc 1 497 25
 1236 0020 1D4B     		ldr	r3, .L24
 1237 0022 0022     		movs	r2, #0
 1238 0024 9A60     		str	r2, [r3, #8]
 498:Core/Src/main.c ****   hadc1.Init.ScanConvMode = DISABLE;
 1239              		.loc 1 498 27
 1240 0026 1C4B     		ldr	r3, .L24
 1241 0028 0022     		movs	r2, #0
 1242 002a 1A61     		str	r2, [r3, #16]
 499:Core/Src/main.c ****   hadc1.Init.ContinuousConvMode = DISABLE;
 1243              		.loc 1 499 33
 1244 002c 1A4B     		ldr	r3, .L24
 1245 002e 0022     		movs	r2, #0
 1246 0030 1A76     		strb	r2, [r3, #24]
 500:Core/Src/main.c ****   hadc1.Init.DiscontinuousConvMode = DISABLE;
 1247              		.loc 1 500 36
 1248 0032 194B     		ldr	r3, .L24
 1249 0034 0022     		movs	r2, #0
 1250 0036 83F82020 		strb	r2, [r3, #32]
 501:Core/Src/main.c ****   hadc1.Init.ExternalTrigConvEdge = ADC_EXTERNALTRIGCONVEDGE_NONE;
 1251              		.loc 1 501 35
 1252 003a 174B     		ldr	r3, .L24
 1253 003c 0022     		movs	r2, #0
 1254 003e DA62     		str	r2, [r3, #44]
 502:Core/Src/main.c ****   hadc1.Init.ExternalTrigConv = ADC_SOFTWARE_START;
 1255              		.loc 1 502 31
 1256 0040 154B     		ldr	r3, .L24
 1257 0042 174A     		ldr	r2, .L24+8
 1258 0044 9A62     		str	r2, [r3, #40]
 503:Core/Src/main.c ****   hadc1.Init.DataAlign = ADC_DATAALIGN_RIGHT;
 1259              		.loc 1 503 24
 1260 0046 144B     		ldr	r3, .L24
 1261 0048 0022     		movs	r2, #0
 1262 004a DA60     		str	r2, [r3, #12]
 504:Core/Src/main.c ****   hadc1.Init.NbrOfConversion = 1;
 1263              		.loc 1 504 30
 1264 004c 124B     		ldr	r3, .L24
 1265 004e 0122     		movs	r2, #1
 1266 0050 DA61     		str	r2, [r3, #28]
 505:Core/Src/main.c ****   hadc1.Init.DMAContinuousRequests = DISABLE;
 1267              		.loc 1 505 36
 1268 0052 114B     		ldr	r3, .L24
 1269 0054 0022     		movs	r2, #0
 1270 0056 83F83020 		strb	r2, [r3, #48]
 506:Core/Src/main.c ****   hadc1.Init.EOCSelection = ADC_EOC_SINGLE_CONV;
 1271              		.loc 1 506 27
ARM GAS  C:\Users\DAELT-~1\AppData\Local\Temp\ccUXrYfb.s 			page 33


 1272 005a 0F4B     		ldr	r3, .L24
 1273 005c 0122     		movs	r2, #1
 1274 005e 5A61     		str	r2, [r3, #20]
 507:Core/Src/main.c ****   if (HAL_ADC_Init(&hadc1) != HAL_OK)
 1275              		.loc 1 507 7
 1276 0060 0D48     		ldr	r0, .L24
 1277 0062 FFF7FEFF 		bl	HAL_ADC_Init
 1278 0066 0346     		mov	r3, r0
 1279              		.loc 1 507 6 discriminator 1
 1280 0068 002B     		cmp	r3, #0
 1281 006a 01D0     		beq	.L21
 508:Core/Src/main.c ****   {
 509:Core/Src/main.c ****     Error_Handler();
 1282              		.loc 1 509 5
 1283 006c FFF7FEFF 		bl	Error_Handler
 1284              	.L21:
 510:Core/Src/main.c ****   }
 511:Core/Src/main.c **** 
 512:Core/Src/main.c ****   /** Configure for the selected ADC regular channel its corresponding rank in the sequencer and it
 513:Core/Src/main.c ****   */
 514:Core/Src/main.c ****   sConfig.Channel = ADC_CHANNEL_0;
 1285              		.loc 1 514 19
 1286 0070 0023     		movs	r3, #0
 1287 0072 3B60     		str	r3, [r7]
 515:Core/Src/main.c ****   sConfig.Rank = 1;
 1288              		.loc 1 515 16
 1289 0074 0123     		movs	r3, #1
 1290 0076 7B60     		str	r3, [r7, #4]
 516:Core/Src/main.c ****   sConfig.SamplingTime = ADC_SAMPLETIME_3CYCLES;
 1291              		.loc 1 516 24
 1292 0078 0023     		movs	r3, #0
 1293 007a BB60     		str	r3, [r7, #8]
 517:Core/Src/main.c ****   if (HAL_ADC_ConfigChannel(&hadc1, &sConfig) != HAL_OK)
 1294              		.loc 1 517 7
 1295 007c 3B46     		mov	r3, r7
 1296 007e 1946     		mov	r1, r3
 1297 0080 0548     		ldr	r0, .L24
 1298 0082 FFF7FEFF 		bl	HAL_ADC_ConfigChannel
 1299 0086 0346     		mov	r3, r0
 1300              		.loc 1 517 6 discriminator 1
 1301 0088 002B     		cmp	r3, #0
 1302 008a 01D0     		beq	.L23
 518:Core/Src/main.c ****   {
 519:Core/Src/main.c ****     Error_Handler();
 1303              		.loc 1 519 5
 1304 008c FFF7FEFF 		bl	Error_Handler
 1305              	.L23:
 520:Core/Src/main.c ****   }
 521:Core/Src/main.c ****   /* USER CODE BEGIN ADC1_Init 2 */
 522:Core/Src/main.c **** 
 523:Core/Src/main.c ****   /* USER CODE END ADC1_Init 2 */
 524:Core/Src/main.c **** 
 525:Core/Src/main.c **** }
 1306              		.loc 1 525 1
 1307 0090 00BF     		nop
 1308 0092 1037     		adds	r7, r7, #16
 1309              	.LCFI17:
ARM GAS  C:\Users\DAELT-~1\AppData\Local\Temp\ccUXrYfb.s 			page 34


 1310              		.cfi_def_cfa_offset 8
 1311 0094 BD46     		mov	sp, r7
 1312              	.LCFI18:
 1313              		.cfi_def_cfa_register 13
 1314              		@ sp needed
 1315 0096 80BD     		pop	{r7, pc}
 1316              	.L25:
 1317              		.align	2
 1318              	.L24:
 1319 0098 00000000 		.word	hadc1
 1320 009c 00200140 		.word	1073815552
 1321 00a0 0100000F 		.word	251658241
 1322              		.cfi_endproc
 1323              	.LFE232:
 1325              		.section	.text.MX_TIM1_Init,"ax",%progbits
 1326              		.align	1
 1327              		.syntax unified
 1328              		.thumb
 1329              		.thumb_func
 1331              	MX_TIM1_Init:
 1332              	.LFB233:
 526:Core/Src/main.c **** 
 527:Core/Src/main.c **** /**
 528:Core/Src/main.c ****   * @brief TIM1 Initialization Function
 529:Core/Src/main.c ****   * @param None
 530:Core/Src/main.c ****   * @retval None
 531:Core/Src/main.c ****   */
 532:Core/Src/main.c **** static void MX_TIM1_Init(void)
 533:Core/Src/main.c **** {
 1333              		.loc 1 533 1
 1334              		.cfi_startproc
 1335              		@ args = 0, pretend = 0, frame = 88
 1336              		@ frame_needed = 1, uses_anonymous_args = 0
 1337 0000 80B5     		push	{r7, lr}
 1338              	.LCFI19:
 1339              		.cfi_def_cfa_offset 8
 1340              		.cfi_offset 7, -8
 1341              		.cfi_offset 14, -4
 1342 0002 96B0     		sub	sp, sp, #88
 1343              	.LCFI20:
 1344              		.cfi_def_cfa_offset 96
 1345 0004 00AF     		add	r7, sp, #0
 1346              	.LCFI21:
 1347              		.cfi_def_cfa_register 7
 534:Core/Src/main.c **** 
 535:Core/Src/main.c ****   /* USER CODE BEGIN TIM1_Init 0 */
 536:Core/Src/main.c **** 
 537:Core/Src/main.c ****   /* USER CODE END TIM1_Init 0 */
 538:Core/Src/main.c **** 
 539:Core/Src/main.c ****   TIM_ClockConfigTypeDef sClockSourceConfig = {0};
 1348              		.loc 1 539 26
 1349 0006 07F14803 		add	r3, r7, #72
 1350 000a 0022     		movs	r2, #0
 1351 000c 1A60     		str	r2, [r3]
 1352 000e 5A60     		str	r2, [r3, #4]
 1353 0010 9A60     		str	r2, [r3, #8]
 1354 0012 DA60     		str	r2, [r3, #12]
ARM GAS  C:\Users\DAELT-~1\AppData\Local\Temp\ccUXrYfb.s 			page 35


 540:Core/Src/main.c ****   TIM_MasterConfigTypeDef sMasterConfig = {0};
 1355              		.loc 1 540 27
 1356 0014 07F14003 		add	r3, r7, #64
 1357 0018 0022     		movs	r2, #0
 1358 001a 1A60     		str	r2, [r3]
 1359 001c 5A60     		str	r2, [r3, #4]
 541:Core/Src/main.c ****   TIM_OC_InitTypeDef sConfigOC = {0};
 1360              		.loc 1 541 22
 1361 001e 07F12403 		add	r3, r7, #36
 1362 0022 0022     		movs	r2, #0
 1363 0024 1A60     		str	r2, [r3]
 1364 0026 5A60     		str	r2, [r3, #4]
 1365 0028 9A60     		str	r2, [r3, #8]
 1366 002a DA60     		str	r2, [r3, #12]
 1367 002c 1A61     		str	r2, [r3, #16]
 1368 002e 5A61     		str	r2, [r3, #20]
 1369 0030 9A61     		str	r2, [r3, #24]
 542:Core/Src/main.c ****   TIM_BreakDeadTimeConfigTypeDef sBreakDeadTimeConfig = {0};
 1370              		.loc 1 542 34
 1371 0032 3B1D     		adds	r3, r7, #4
 1372 0034 2022     		movs	r2, #32
 1373 0036 0021     		movs	r1, #0
 1374 0038 1846     		mov	r0, r3
 1375 003a FFF7FEFF 		bl	memset
 543:Core/Src/main.c **** 
 544:Core/Src/main.c ****   /* USER CODE BEGIN TIM1_Init 1 */
 545:Core/Src/main.c **** 
 546:Core/Src/main.c ****   /* USER CODE END TIM1_Init 1 */
 547:Core/Src/main.c ****   htim1.Instance = TIM1;
 1376              		.loc 1 547 18
 1377 003e 3F4B     		ldr	r3, .L33
 1378 0040 3F4A     		ldr	r2, .L33+4
 1379 0042 1A60     		str	r2, [r3]
 548:Core/Src/main.c ****   htim1.Init.Prescaler = 0;
 1380              		.loc 1 548 24
 1381 0044 3D4B     		ldr	r3, .L33
 1382 0046 0022     		movs	r2, #0
 1383 0048 5A60     		str	r2, [r3, #4]
 549:Core/Src/main.c ****   htim1.Init.CounterMode = TIM_COUNTERMODE_UP;
 1384              		.loc 1 549 26
 1385 004a 3C4B     		ldr	r3, .L33
 1386 004c 0022     		movs	r2, #0
 1387 004e 9A60     		str	r2, [r3, #8]
 550:Core/Src/main.c ****   htim1.Init.Period = 9600-1;
 1388              		.loc 1 550 21
 1389 0050 3A4B     		ldr	r3, .L33
 1390 0052 42F27F52 		movw	r2, #9599
 1391 0056 DA60     		str	r2, [r3, #12]
 551:Core/Src/main.c ****   htim1.Init.ClockDivision = TIM_CLOCKDIVISION_DIV1;
 1392              		.loc 1 551 28
 1393 0058 384B     		ldr	r3, .L33
 1394 005a 0022     		movs	r2, #0
 1395 005c 1A61     		str	r2, [r3, #16]
 552:Core/Src/main.c ****   htim1.Init.RepetitionCounter = 0;
 1396              		.loc 1 552 32
 1397 005e 374B     		ldr	r3, .L33
 1398 0060 0022     		movs	r2, #0
ARM GAS  C:\Users\DAELT-~1\AppData\Local\Temp\ccUXrYfb.s 			page 36


 1399 0062 5A61     		str	r2, [r3, #20]
 553:Core/Src/main.c ****   htim1.Init.AutoReloadPreload = TIM_AUTORELOAD_PRELOAD_DISABLE;
 1400              		.loc 1 553 32
 1401 0064 354B     		ldr	r3, .L33
 1402 0066 0022     		movs	r2, #0
 1403 0068 9A61     		str	r2, [r3, #24]
 554:Core/Src/main.c ****   if (HAL_TIM_Base_Init(&htim1) != HAL_OK)
 1404              		.loc 1 554 7
 1405 006a 3448     		ldr	r0, .L33
 1406 006c FFF7FEFF 		bl	HAL_TIM_Base_Init
 1407 0070 0346     		mov	r3, r0
 1408              		.loc 1 554 6 discriminator 1
 1409 0072 002B     		cmp	r3, #0
 1410 0074 01D0     		beq	.L27
 555:Core/Src/main.c ****   {
 556:Core/Src/main.c ****     Error_Handler();
 1411              		.loc 1 556 5
 1412 0076 FFF7FEFF 		bl	Error_Handler
 1413              	.L27:
 557:Core/Src/main.c ****   }
 558:Core/Src/main.c ****   sClockSourceConfig.ClockSource = TIM_CLOCKSOURCE_INTERNAL;
 1414              		.loc 1 558 34
 1415 007a 4FF48053 		mov	r3, #4096
 1416 007e BB64     		str	r3, [r7, #72]
 559:Core/Src/main.c ****   if (HAL_TIM_ConfigClockSource(&htim1, &sClockSourceConfig) != HAL_OK)
 1417              		.loc 1 559 7
 1418 0080 07F14803 		add	r3, r7, #72
 1419 0084 1946     		mov	r1, r3
 1420 0086 2D48     		ldr	r0, .L33
 1421 0088 FFF7FEFF 		bl	HAL_TIM_ConfigClockSource
 1422 008c 0346     		mov	r3, r0
 1423              		.loc 1 559 6 discriminator 1
 1424 008e 002B     		cmp	r3, #0
 1425 0090 01D0     		beq	.L28
 560:Core/Src/main.c ****   {
 561:Core/Src/main.c ****     Error_Handler();
 1426              		.loc 1 561 5
 1427 0092 FFF7FEFF 		bl	Error_Handler
 1428              	.L28:
 562:Core/Src/main.c ****   }
 563:Core/Src/main.c ****   if (HAL_TIM_PWM_Init(&htim1) != HAL_OK)
 1429              		.loc 1 563 7
 1430 0096 2948     		ldr	r0, .L33
 1431 0098 FFF7FEFF 		bl	HAL_TIM_PWM_Init
 1432 009c 0346     		mov	r3, r0
 1433              		.loc 1 563 6 discriminator 1
 1434 009e 002B     		cmp	r3, #0
 1435 00a0 01D0     		beq	.L29
 564:Core/Src/main.c ****   {
 565:Core/Src/main.c ****     Error_Handler();
 1436              		.loc 1 565 5
 1437 00a2 FFF7FEFF 		bl	Error_Handler
 1438              	.L29:
 566:Core/Src/main.c ****   }
 567:Core/Src/main.c ****   sMasterConfig.MasterOutputTrigger = TIM_TRGO_RESET;
 1439              		.loc 1 567 37
 1440 00a6 0023     		movs	r3, #0
ARM GAS  C:\Users\DAELT-~1\AppData\Local\Temp\ccUXrYfb.s 			page 37


 1441 00a8 3B64     		str	r3, [r7, #64]
 568:Core/Src/main.c ****   sMasterConfig.MasterSlaveMode = TIM_MASTERSLAVEMODE_DISABLE;
 1442              		.loc 1 568 33
 1443 00aa 0023     		movs	r3, #0
 1444 00ac 7B64     		str	r3, [r7, #68]
 569:Core/Src/main.c ****   if (HAL_TIMEx_MasterConfigSynchronization(&htim1, &sMasterConfig) != HAL_OK)
 1445              		.loc 1 569 7
 1446 00ae 07F14003 		add	r3, r7, #64
 1447 00b2 1946     		mov	r1, r3
 1448 00b4 2148     		ldr	r0, .L33
 1449 00b6 FFF7FEFF 		bl	HAL_TIMEx_MasterConfigSynchronization
 1450 00ba 0346     		mov	r3, r0
 1451              		.loc 1 569 6 discriminator 1
 1452 00bc 002B     		cmp	r3, #0
 1453 00be 01D0     		beq	.L30
 570:Core/Src/main.c ****   {
 571:Core/Src/main.c ****     Error_Handler();
 1454              		.loc 1 571 5
 1455 00c0 FFF7FEFF 		bl	Error_Handler
 1456              	.L30:
 572:Core/Src/main.c ****   }
 573:Core/Src/main.c ****   sConfigOC.OCMode = TIM_OCMODE_PWM1;
 1457              		.loc 1 573 20
 1458 00c4 6023     		movs	r3, #96
 1459 00c6 7B62     		str	r3, [r7, #36]
 574:Core/Src/main.c ****   sConfigOC.Pulse = 9600-1;
 1460              		.loc 1 574 19
 1461 00c8 42F27F53 		movw	r3, #9599
 1462 00cc BB62     		str	r3, [r7, #40]
 575:Core/Src/main.c ****   sConfigOC.OCPolarity = TIM_OCPOLARITY_HIGH;
 1463              		.loc 1 575 24
 1464 00ce 0023     		movs	r3, #0
 1465 00d0 FB62     		str	r3, [r7, #44]
 576:Core/Src/main.c ****   sConfigOC.OCNPolarity = TIM_OCNPOLARITY_HIGH;
 1466              		.loc 1 576 25
 1467 00d2 0023     		movs	r3, #0
 1468 00d4 3B63     		str	r3, [r7, #48]
 577:Core/Src/main.c ****   sConfigOC.OCFastMode = TIM_OCFAST_DISABLE;
 1469              		.loc 1 577 24
 1470 00d6 0023     		movs	r3, #0
 1471 00d8 7B63     		str	r3, [r7, #52]
 578:Core/Src/main.c ****   sConfigOC.OCIdleState = TIM_OCIDLESTATE_RESET;
 1472              		.loc 1 578 25
 1473 00da 0023     		movs	r3, #0
 1474 00dc BB63     		str	r3, [r7, #56]
 579:Core/Src/main.c ****   sConfigOC.OCNIdleState = TIM_OCNIDLESTATE_RESET;
 1475              		.loc 1 579 26
 1476 00de 0023     		movs	r3, #0
 1477 00e0 FB63     		str	r3, [r7, #60]
 580:Core/Src/main.c ****   if (HAL_TIM_PWM_ConfigChannel(&htim1, &sConfigOC, TIM_CHANNEL_1) != HAL_OK)
 1478              		.loc 1 580 7
 1479 00e2 07F12403 		add	r3, r7, #36
 1480 00e6 0022     		movs	r2, #0
 1481 00e8 1946     		mov	r1, r3
 1482 00ea 1448     		ldr	r0, .L33
 1483 00ec FFF7FEFF 		bl	HAL_TIM_PWM_ConfigChannel
 1484 00f0 0346     		mov	r3, r0
ARM GAS  C:\Users\DAELT-~1\AppData\Local\Temp\ccUXrYfb.s 			page 38


 1485              		.loc 1 580 6 discriminator 1
 1486 00f2 002B     		cmp	r3, #0
 1487 00f4 01D0     		beq	.L31
 581:Core/Src/main.c ****   {
 582:Core/Src/main.c ****     Error_Handler();
 1488              		.loc 1 582 5
 1489 00f6 FFF7FEFF 		bl	Error_Handler
 1490              	.L31:
 583:Core/Src/main.c ****   }
 584:Core/Src/main.c ****   sBreakDeadTimeConfig.OffStateRunMode = TIM_OSSR_DISABLE;
 1491              		.loc 1 584 40
 1492 00fa 0023     		movs	r3, #0
 1493 00fc 7B60     		str	r3, [r7, #4]
 585:Core/Src/main.c ****   sBreakDeadTimeConfig.OffStateIDLEMode = TIM_OSSI_DISABLE;
 1494              		.loc 1 585 41
 1495 00fe 0023     		movs	r3, #0
 1496 0100 BB60     		str	r3, [r7, #8]
 586:Core/Src/main.c ****   sBreakDeadTimeConfig.LockLevel = TIM_LOCKLEVEL_OFF;
 1497              		.loc 1 586 34
 1498 0102 0023     		movs	r3, #0
 1499 0104 FB60     		str	r3, [r7, #12]
 587:Core/Src/main.c ****   sBreakDeadTimeConfig.DeadTime = 0;
 1500              		.loc 1 587 33
 1501 0106 0023     		movs	r3, #0
 1502 0108 3B61     		str	r3, [r7, #16]
 588:Core/Src/main.c ****   sBreakDeadTimeConfig.BreakState = TIM_BREAK_DISABLE;
 1503              		.loc 1 588 35
 1504 010a 0023     		movs	r3, #0
 1505 010c 7B61     		str	r3, [r7, #20]
 589:Core/Src/main.c ****   sBreakDeadTimeConfig.BreakPolarity = TIM_BREAKPOLARITY_HIGH;
 1506              		.loc 1 589 38
 1507 010e 4FF40053 		mov	r3, #8192
 1508 0112 BB61     		str	r3, [r7, #24]
 590:Core/Src/main.c ****   sBreakDeadTimeConfig.AutomaticOutput = TIM_AUTOMATICOUTPUT_DISABLE;
 1509              		.loc 1 590 40
 1510 0114 0023     		movs	r3, #0
 1511 0116 3B62     		str	r3, [r7, #32]
 591:Core/Src/main.c ****   if (HAL_TIMEx_ConfigBreakDeadTime(&htim1, &sBreakDeadTimeConfig) != HAL_OK)
 1512              		.loc 1 591 7
 1513 0118 3B1D     		adds	r3, r7, #4
 1514 011a 1946     		mov	r1, r3
 1515 011c 0748     		ldr	r0, .L33
 1516 011e FFF7FEFF 		bl	HAL_TIMEx_ConfigBreakDeadTime
 1517 0122 0346     		mov	r3, r0
 1518              		.loc 1 591 6 discriminator 1
 1519 0124 002B     		cmp	r3, #0
 1520 0126 01D0     		beq	.L32
 592:Core/Src/main.c ****   {
 593:Core/Src/main.c ****     Error_Handler();
 1521              		.loc 1 593 5
 1522 0128 FFF7FEFF 		bl	Error_Handler
 1523              	.L32:
 594:Core/Src/main.c ****   }
 595:Core/Src/main.c ****   /* USER CODE BEGIN TIM1_Init 2 */
 596:Core/Src/main.c **** 
 597:Core/Src/main.c ****   /* USER CODE END TIM1_Init 2 */
 598:Core/Src/main.c ****   HAL_TIM_MspPostInit(&htim1);
ARM GAS  C:\Users\DAELT-~1\AppData\Local\Temp\ccUXrYfb.s 			page 39


 1524              		.loc 1 598 3
 1525 012c 0348     		ldr	r0, .L33
 1526 012e FFF7FEFF 		bl	HAL_TIM_MspPostInit
 599:Core/Src/main.c **** 
 600:Core/Src/main.c **** }
 1527              		.loc 1 600 1
 1528 0132 00BF     		nop
 1529 0134 5837     		adds	r7, r7, #88
 1530              	.LCFI22:
 1531              		.cfi_def_cfa_offset 8
 1532 0136 BD46     		mov	sp, r7
 1533              	.LCFI23:
 1534              		.cfi_def_cfa_register 13
 1535              		@ sp needed
 1536 0138 80BD     		pop	{r7, pc}
 1537              	.L34:
 1538 013a 00BF     		.align	2
 1539              	.L33:
 1540 013c 00000000 		.word	htim1
 1541 0140 00000140 		.word	1073807360
 1542              		.cfi_endproc
 1543              	.LFE233:
 1545              		.section	.text.MX_TIM2_Init,"ax",%progbits
 1546              		.align	1
 1547              		.syntax unified
 1548              		.thumb
 1549              		.thumb_func
 1551              	MX_TIM2_Init:
 1552              	.LFB234:
 601:Core/Src/main.c **** 
 602:Core/Src/main.c **** /**
 603:Core/Src/main.c ****   * @brief TIM2 Initialization Function
 604:Core/Src/main.c ****   * @param None
 605:Core/Src/main.c ****   * @retval None
 606:Core/Src/main.c ****   */
 607:Core/Src/main.c **** static void MX_TIM2_Init(void)
 608:Core/Src/main.c **** {
 1553              		.loc 1 608 1
 1554              		.cfi_startproc
 1555              		@ args = 0, pretend = 0, frame = 24
 1556              		@ frame_needed = 1, uses_anonymous_args = 0
 1557 0000 80B5     		push	{r7, lr}
 1558              	.LCFI24:
 1559              		.cfi_def_cfa_offset 8
 1560              		.cfi_offset 7, -8
 1561              		.cfi_offset 14, -4
 1562 0002 86B0     		sub	sp, sp, #24
 1563              	.LCFI25:
 1564              		.cfi_def_cfa_offset 32
 1565 0004 00AF     		add	r7, sp, #0
 1566              	.LCFI26:
 1567              		.cfi_def_cfa_register 7
 609:Core/Src/main.c **** 
 610:Core/Src/main.c ****   /* USER CODE BEGIN TIM2_Init 0 */
 611:Core/Src/main.c **** 
 612:Core/Src/main.c ****   /* USER CODE END TIM2_Init 0 */
 613:Core/Src/main.c **** 
ARM GAS  C:\Users\DAELT-~1\AppData\Local\Temp\ccUXrYfb.s 			page 40


 614:Core/Src/main.c ****   TIM_ClockConfigTypeDef sClockSourceConfig = {0};
 1568              		.loc 1 614 26
 1569 0006 07F10803 		add	r3, r7, #8
 1570 000a 0022     		movs	r2, #0
 1571 000c 1A60     		str	r2, [r3]
 1572 000e 5A60     		str	r2, [r3, #4]
 1573 0010 9A60     		str	r2, [r3, #8]
 1574 0012 DA60     		str	r2, [r3, #12]
 615:Core/Src/main.c ****   TIM_MasterConfigTypeDef sMasterConfig = {0};
 1575              		.loc 1 615 27
 1576 0014 3B46     		mov	r3, r7
 1577 0016 0022     		movs	r2, #0
 1578 0018 1A60     		str	r2, [r3]
 1579 001a 5A60     		str	r2, [r3, #4]
 616:Core/Src/main.c **** 
 617:Core/Src/main.c ****   /* USER CODE BEGIN TIM2_Init 1 */
 618:Core/Src/main.c **** 
 619:Core/Src/main.c ****   /* USER CODE END TIM2_Init 1 */
 620:Core/Src/main.c ****   htim2.Instance = TIM2;
 1580              		.loc 1 620 18
 1581 001c 1E4B     		ldr	r3, .L40
 1582 001e 4FF08042 		mov	r2, #1073741824
 1583 0022 1A60     		str	r2, [r3]
 621:Core/Src/main.c ****   htim2.Init.Prescaler = 9600-1;
 1584              		.loc 1 621 24
 1585 0024 1C4B     		ldr	r3, .L40
 1586 0026 42F27F52 		movw	r2, #9599
 1587 002a 5A60     		str	r2, [r3, #4]
 622:Core/Src/main.c ****   htim2.Init.CounterMode = TIM_COUNTERMODE_UP;
 1588              		.loc 1 622 26
 1589 002c 1A4B     		ldr	r3, .L40
 1590 002e 0022     		movs	r2, #0
 1591 0030 9A60     		str	r2, [r3, #8]
 623:Core/Src/main.c ****   htim2.Init.Period = 4294967295;
 1592              		.loc 1 623 21
 1593 0032 194B     		ldr	r3, .L40
 1594 0034 4FF0FF32 		mov	r2, #-1
 1595 0038 DA60     		str	r2, [r3, #12]
 624:Core/Src/main.c ****   htim2.Init.ClockDivision = TIM_CLOCKDIVISION_DIV1;
 1596              		.loc 1 624 28
 1597 003a 174B     		ldr	r3, .L40
 1598 003c 0022     		movs	r2, #0
 1599 003e 1A61     		str	r2, [r3, #16]
 625:Core/Src/main.c ****   htim2.Init.AutoReloadPreload = TIM_AUTORELOAD_PRELOAD_DISABLE;
 1600              		.loc 1 625 32
 1601 0040 154B     		ldr	r3, .L40
 1602 0042 0022     		movs	r2, #0
 1603 0044 9A61     		str	r2, [r3, #24]
 626:Core/Src/main.c ****   if (HAL_TIM_Base_Init(&htim2) != HAL_OK)
 1604              		.loc 1 626 7
 1605 0046 1448     		ldr	r0, .L40
 1606 0048 FFF7FEFF 		bl	HAL_TIM_Base_Init
 1607 004c 0346     		mov	r3, r0
 1608              		.loc 1 626 6 discriminator 1
 1609 004e 002B     		cmp	r3, #0
 1610 0050 01D0     		beq	.L36
 627:Core/Src/main.c ****   {
ARM GAS  C:\Users\DAELT-~1\AppData\Local\Temp\ccUXrYfb.s 			page 41


 628:Core/Src/main.c ****     Error_Handler();
 1611              		.loc 1 628 5
 1612 0052 FFF7FEFF 		bl	Error_Handler
 1613              	.L36:
 629:Core/Src/main.c ****   }
 630:Core/Src/main.c ****   sClockSourceConfig.ClockSource = TIM_CLOCKSOURCE_INTERNAL;
 1614              		.loc 1 630 34
 1615 0056 4FF48053 		mov	r3, #4096
 1616 005a BB60     		str	r3, [r7, #8]
 631:Core/Src/main.c ****   if (HAL_TIM_ConfigClockSource(&htim2, &sClockSourceConfig) != HAL_OK)
 1617              		.loc 1 631 7
 1618 005c 07F10803 		add	r3, r7, #8
 1619 0060 1946     		mov	r1, r3
 1620 0062 0D48     		ldr	r0, .L40
 1621 0064 FFF7FEFF 		bl	HAL_TIM_ConfigClockSource
 1622 0068 0346     		mov	r3, r0
 1623              		.loc 1 631 6 discriminator 1
 1624 006a 002B     		cmp	r3, #0
 1625 006c 01D0     		beq	.L37
 632:Core/Src/main.c ****   {
 633:Core/Src/main.c ****     Error_Handler();
 1626              		.loc 1 633 5
 1627 006e FFF7FEFF 		bl	Error_Handler
 1628              	.L37:
 634:Core/Src/main.c ****   }
 635:Core/Src/main.c ****   sMasterConfig.MasterOutputTrigger = TIM_TRGO_RESET;
 1629              		.loc 1 635 37
 1630 0072 0023     		movs	r3, #0
 1631 0074 3B60     		str	r3, [r7]
 636:Core/Src/main.c ****   sMasterConfig.MasterSlaveMode = TIM_MASTERSLAVEMODE_DISABLE;
 1632              		.loc 1 636 33
 1633 0076 0023     		movs	r3, #0
 1634 0078 7B60     		str	r3, [r7, #4]
 637:Core/Src/main.c ****   if (HAL_TIMEx_MasterConfigSynchronization(&htim2, &sMasterConfig) != HAL_OK)
 1635              		.loc 1 637 7
 1636 007a 3B46     		mov	r3, r7
 1637 007c 1946     		mov	r1, r3
 1638 007e 0648     		ldr	r0, .L40
 1639 0080 FFF7FEFF 		bl	HAL_TIMEx_MasterConfigSynchronization
 1640 0084 0346     		mov	r3, r0
 1641              		.loc 1 637 6 discriminator 1
 1642 0086 002B     		cmp	r3, #0
 1643 0088 01D0     		beq	.L39
 638:Core/Src/main.c ****   {
 639:Core/Src/main.c ****     Error_Handler();
 1644              		.loc 1 639 5
 1645 008a FFF7FEFF 		bl	Error_Handler
 1646              	.L39:
 640:Core/Src/main.c ****   }
 641:Core/Src/main.c ****   /* USER CODE BEGIN TIM2_Init 2 */
 642:Core/Src/main.c **** 
 643:Core/Src/main.c ****   /* USER CODE END TIM2_Init 2 */
 644:Core/Src/main.c **** 
 645:Core/Src/main.c **** }
 1647              		.loc 1 645 1
 1648 008e 00BF     		nop
 1649 0090 1837     		adds	r7, r7, #24
ARM GAS  C:\Users\DAELT-~1\AppData\Local\Temp\ccUXrYfb.s 			page 42


 1650              	.LCFI27:
 1651              		.cfi_def_cfa_offset 8
 1652 0092 BD46     		mov	sp, r7
 1653              	.LCFI28:
 1654              		.cfi_def_cfa_register 13
 1655              		@ sp needed
 1656 0094 80BD     		pop	{r7, pc}
 1657              	.L41:
 1658 0096 00BF     		.align	2
 1659              	.L40:
 1660 0098 00000000 		.word	htim2
 1661              		.cfi_endproc
 1662              	.LFE234:
 1664              		.section	.text.MX_TIM3_Init,"ax",%progbits
 1665              		.align	1
 1666              		.syntax unified
 1667              		.thumb
 1668              		.thumb_func
 1670              	MX_TIM3_Init:
 1671              	.LFB235:
 646:Core/Src/main.c **** 
 647:Core/Src/main.c **** /**
 648:Core/Src/main.c ****   * @brief TIM3 Initialization Function
 649:Core/Src/main.c ****   * @param None
 650:Core/Src/main.c ****   * @retval None
 651:Core/Src/main.c ****   */
 652:Core/Src/main.c **** static void MX_TIM3_Init(void)
 653:Core/Src/main.c **** {
 1672              		.loc 1 653 1
 1673              		.cfi_startproc
 1674              		@ args = 0, pretend = 0, frame = 56
 1675              		@ frame_needed = 1, uses_anonymous_args = 0
 1676 0000 80B5     		push	{r7, lr}
 1677              	.LCFI29:
 1678              		.cfi_def_cfa_offset 8
 1679              		.cfi_offset 7, -8
 1680              		.cfi_offset 14, -4
 1681 0002 8EB0     		sub	sp, sp, #56
 1682              	.LCFI30:
 1683              		.cfi_def_cfa_offset 64
 1684 0004 00AF     		add	r7, sp, #0
 1685              	.LCFI31:
 1686              		.cfi_def_cfa_register 7
 654:Core/Src/main.c **** 
 655:Core/Src/main.c ****   /* USER CODE BEGIN TIM3_Init 0 */
 656:Core/Src/main.c **** 
 657:Core/Src/main.c ****   /* USER CODE END TIM3_Init 0 */
 658:Core/Src/main.c **** 
 659:Core/Src/main.c ****   TIM_ClockConfigTypeDef sClockSourceConfig = {0};
 1687              		.loc 1 659 26
 1688 0006 07F12803 		add	r3, r7, #40
 1689 000a 0022     		movs	r2, #0
 1690 000c 1A60     		str	r2, [r3]
 1691 000e 5A60     		str	r2, [r3, #4]
 1692 0010 9A60     		str	r2, [r3, #8]
 1693 0012 DA60     		str	r2, [r3, #12]
 660:Core/Src/main.c ****   TIM_MasterConfigTypeDef sMasterConfig = {0};
ARM GAS  C:\Users\DAELT-~1\AppData\Local\Temp\ccUXrYfb.s 			page 43


 1694              		.loc 1 660 27
 1695 0014 07F12003 		add	r3, r7, #32
 1696 0018 0022     		movs	r2, #0
 1697 001a 1A60     		str	r2, [r3]
 1698 001c 5A60     		str	r2, [r3, #4]
 661:Core/Src/main.c ****   TIM_OC_InitTypeDef sConfigOC = {0};
 1699              		.loc 1 661 22
 1700 001e 3B1D     		adds	r3, r7, #4
 1701 0020 0022     		movs	r2, #0
 1702 0022 1A60     		str	r2, [r3]
 1703 0024 5A60     		str	r2, [r3, #4]
 1704 0026 9A60     		str	r2, [r3, #8]
 1705 0028 DA60     		str	r2, [r3, #12]
 1706 002a 1A61     		str	r2, [r3, #16]
 1707 002c 5A61     		str	r2, [r3, #20]
 1708 002e 9A61     		str	r2, [r3, #24]
 662:Core/Src/main.c **** 
 663:Core/Src/main.c ****   /* USER CODE BEGIN TIM3_Init 1 */
 664:Core/Src/main.c **** 
 665:Core/Src/main.c ****   /* USER CODE END TIM3_Init 1 */
 666:Core/Src/main.c ****   htim3.Instance = TIM3;
 1709              		.loc 1 666 18
 1710 0030 2D4B     		ldr	r3, .L48
 1711 0032 2E4A     		ldr	r2, .L48+4
 1712 0034 1A60     		str	r2, [r3]
 667:Core/Src/main.c ****   htim3.Init.Prescaler = 0;
 1713              		.loc 1 667 24
 1714 0036 2C4B     		ldr	r3, .L48
 1715 0038 0022     		movs	r2, #0
 1716 003a 5A60     		str	r2, [r3, #4]
 668:Core/Src/main.c ****   htim3.Init.CounterMode = TIM_COUNTERMODE_UP;
 1717              		.loc 1 668 26
 1718 003c 2A4B     		ldr	r3, .L48
 1719 003e 0022     		movs	r2, #0
 1720 0040 9A60     		str	r2, [r3, #8]
 669:Core/Src/main.c ****   htim3.Init.Period = 9600-1;
 1721              		.loc 1 669 21
 1722 0042 294B     		ldr	r3, .L48
 1723 0044 42F27F52 		movw	r2, #9599
 1724 0048 DA60     		str	r2, [r3, #12]
 670:Core/Src/main.c ****   htim3.Init.ClockDivision = TIM_CLOCKDIVISION_DIV1;
 1725              		.loc 1 670 28
 1726 004a 274B     		ldr	r3, .L48
 1727 004c 0022     		movs	r2, #0
 1728 004e 1A61     		str	r2, [r3, #16]
 671:Core/Src/main.c ****   htim3.Init.AutoReloadPreload = TIM_AUTORELOAD_PRELOAD_DISABLE;
 1729              		.loc 1 671 32
 1730 0050 254B     		ldr	r3, .L48
 1731 0052 0022     		movs	r2, #0
 1732 0054 9A61     		str	r2, [r3, #24]
 672:Core/Src/main.c ****   if (HAL_TIM_Base_Init(&htim3) != HAL_OK)
 1733              		.loc 1 672 7
 1734 0056 2448     		ldr	r0, .L48
 1735 0058 FFF7FEFF 		bl	HAL_TIM_Base_Init
 1736 005c 0346     		mov	r3, r0
 1737              		.loc 1 672 6 discriminator 1
 1738 005e 002B     		cmp	r3, #0
ARM GAS  C:\Users\DAELT-~1\AppData\Local\Temp\ccUXrYfb.s 			page 44


 1739 0060 01D0     		beq	.L43
 673:Core/Src/main.c ****   {
 674:Core/Src/main.c ****     Error_Handler();
 1740              		.loc 1 674 5
 1741 0062 FFF7FEFF 		bl	Error_Handler
 1742              	.L43:
 675:Core/Src/main.c ****   }
 676:Core/Src/main.c ****   sClockSourceConfig.ClockSource = TIM_CLOCKSOURCE_INTERNAL;
 1743              		.loc 1 676 34
 1744 0066 4FF48053 		mov	r3, #4096
 1745 006a BB62     		str	r3, [r7, #40]
 677:Core/Src/main.c ****   if (HAL_TIM_ConfigClockSource(&htim3, &sClockSourceConfig) != HAL_OK)
 1746              		.loc 1 677 7
 1747 006c 07F12803 		add	r3, r7, #40
 1748 0070 1946     		mov	r1, r3
 1749 0072 1D48     		ldr	r0, .L48
 1750 0074 FFF7FEFF 		bl	HAL_TIM_ConfigClockSource
 1751 0078 0346     		mov	r3, r0
 1752              		.loc 1 677 6 discriminator 1
 1753 007a 002B     		cmp	r3, #0
 1754 007c 01D0     		beq	.L44
 678:Core/Src/main.c ****   {
 679:Core/Src/main.c ****     Error_Handler();
 1755              		.loc 1 679 5
 1756 007e FFF7FEFF 		bl	Error_Handler
 1757              	.L44:
 680:Core/Src/main.c ****   }
 681:Core/Src/main.c ****   if (HAL_TIM_PWM_Init(&htim3) != HAL_OK)
 1758              		.loc 1 681 7
 1759 0082 1948     		ldr	r0, .L48
 1760 0084 FFF7FEFF 		bl	HAL_TIM_PWM_Init
 1761 0088 0346     		mov	r3, r0
 1762              		.loc 1 681 6 discriminator 1
 1763 008a 002B     		cmp	r3, #0
 1764 008c 01D0     		beq	.L45
 682:Core/Src/main.c ****   {
 683:Core/Src/main.c ****     Error_Handler();
 1765              		.loc 1 683 5
 1766 008e FFF7FEFF 		bl	Error_Handler
 1767              	.L45:
 684:Core/Src/main.c ****   }
 685:Core/Src/main.c ****   sMasterConfig.MasterOutputTrigger = TIM_TRGO_RESET;
 1768              		.loc 1 685 37
 1769 0092 0023     		movs	r3, #0
 1770 0094 3B62     		str	r3, [r7, #32]
 686:Core/Src/main.c ****   sMasterConfig.MasterSlaveMode = TIM_MASTERSLAVEMODE_DISABLE;
 1771              		.loc 1 686 33
 1772 0096 0023     		movs	r3, #0
 1773 0098 7B62     		str	r3, [r7, #36]
 687:Core/Src/main.c ****   if (HAL_TIMEx_MasterConfigSynchronization(&htim3, &sMasterConfig) != HAL_OK)
 1774              		.loc 1 687 7
 1775 009a 07F12003 		add	r3, r7, #32
 1776 009e 1946     		mov	r1, r3
 1777 00a0 1148     		ldr	r0, .L48
 1778 00a2 FFF7FEFF 		bl	HAL_TIMEx_MasterConfigSynchronization
 1779 00a6 0346     		mov	r3, r0
 1780              		.loc 1 687 6 discriminator 1
ARM GAS  C:\Users\DAELT-~1\AppData\Local\Temp\ccUXrYfb.s 			page 45


 1781 00a8 002B     		cmp	r3, #0
 1782 00aa 01D0     		beq	.L46
 688:Core/Src/main.c ****   {
 689:Core/Src/main.c ****     Error_Handler();
 1783              		.loc 1 689 5
 1784 00ac FFF7FEFF 		bl	Error_Handler
 1785              	.L46:
 690:Core/Src/main.c ****   }
 691:Core/Src/main.c ****   sConfigOC.OCMode = TIM_OCMODE_PWM1;
 1786              		.loc 1 691 20
 1787 00b0 6023     		movs	r3, #96
 1788 00b2 7B60     		str	r3, [r7, #4]
 692:Core/Src/main.c ****   sConfigOC.Pulse = 9600-1;
 1789              		.loc 1 692 19
 1790 00b4 42F27F53 		movw	r3, #9599
 1791 00b8 BB60     		str	r3, [r7, #8]
 693:Core/Src/main.c ****   sConfigOC.OCPolarity = TIM_OCPOLARITY_HIGH;
 1792              		.loc 1 693 24
 1793 00ba 0023     		movs	r3, #0
 1794 00bc FB60     		str	r3, [r7, #12]
 694:Core/Src/main.c ****   sConfigOC.OCFastMode = TIM_OCFAST_DISABLE;
 1795              		.loc 1 694 24
 1796 00be 0023     		movs	r3, #0
 1797 00c0 7B61     		str	r3, [r7, #20]
 695:Core/Src/main.c ****   if (HAL_TIM_PWM_ConfigChannel(&htim3, &sConfigOC, TIM_CHANNEL_2) != HAL_OK)
 1798              		.loc 1 695 7
 1799 00c2 3B1D     		adds	r3, r7, #4
 1800 00c4 0422     		movs	r2, #4
 1801 00c6 1946     		mov	r1, r3
 1802 00c8 0748     		ldr	r0, .L48
 1803 00ca FFF7FEFF 		bl	HAL_TIM_PWM_ConfigChannel
 1804 00ce 0346     		mov	r3, r0
 1805              		.loc 1 695 6 discriminator 1
 1806 00d0 002B     		cmp	r3, #0
 1807 00d2 01D0     		beq	.L47
 696:Core/Src/main.c ****   {
 697:Core/Src/main.c ****     Error_Handler();
 1808              		.loc 1 697 5
 1809 00d4 FFF7FEFF 		bl	Error_Handler
 1810              	.L47:
 698:Core/Src/main.c ****   }
 699:Core/Src/main.c ****   /* USER CODE BEGIN TIM3_Init 2 */
 700:Core/Src/main.c **** 
 701:Core/Src/main.c ****   /* USER CODE END TIM3_Init 2 */
 702:Core/Src/main.c ****   HAL_TIM_MspPostInit(&htim3);
 1811              		.loc 1 702 3
 1812 00d8 0348     		ldr	r0, .L48
 1813 00da FFF7FEFF 		bl	HAL_TIM_MspPostInit
 703:Core/Src/main.c **** 
 704:Core/Src/main.c **** }
 1814              		.loc 1 704 1
 1815 00de 00BF     		nop
 1816 00e0 3837     		adds	r7, r7, #56
 1817              	.LCFI32:
 1818              		.cfi_def_cfa_offset 8
 1819 00e2 BD46     		mov	sp, r7
 1820              	.LCFI33:
ARM GAS  C:\Users\DAELT-~1\AppData\Local\Temp\ccUXrYfb.s 			page 46


 1821              		.cfi_def_cfa_register 13
 1822              		@ sp needed
 1823 00e4 80BD     		pop	{r7, pc}
 1824              	.L49:
 1825 00e6 00BF     		.align	2
 1826              	.L48:
 1827 00e8 00000000 		.word	htim3
 1828 00ec 00040040 		.word	1073742848
 1829              		.cfi_endproc
 1830              	.LFE235:
 1832              		.section	.text.MX_USART1_UART_Init,"ax",%progbits
 1833              		.align	1
 1834              		.syntax unified
 1835              		.thumb
 1836              		.thumb_func
 1838              	MX_USART1_UART_Init:
 1839              	.LFB236:
 705:Core/Src/main.c **** 
 706:Core/Src/main.c **** /**
 707:Core/Src/main.c ****   * @brief USART1 Initialization Function
 708:Core/Src/main.c ****   * @param None
 709:Core/Src/main.c ****   * @retval None
 710:Core/Src/main.c ****   */
 711:Core/Src/main.c **** static void MX_USART1_UART_Init(void)
 712:Core/Src/main.c **** {
 1840              		.loc 1 712 1
 1841              		.cfi_startproc
 1842              		@ args = 0, pretend = 0, frame = 0
 1843              		@ frame_needed = 1, uses_anonymous_args = 0
 1844 0000 80B5     		push	{r7, lr}
 1845              	.LCFI34:
 1846              		.cfi_def_cfa_offset 8
 1847              		.cfi_offset 7, -8
 1848              		.cfi_offset 14, -4
 1849 0002 00AF     		add	r7, sp, #0
 1850              	.LCFI35:
 1851              		.cfi_def_cfa_register 7
 713:Core/Src/main.c **** 
 714:Core/Src/main.c ****   /* USER CODE BEGIN USART1_Init 0 */
 715:Core/Src/main.c **** 
 716:Core/Src/main.c ****   /* USER CODE END USART1_Init 0 */
 717:Core/Src/main.c **** 
 718:Core/Src/main.c ****   /* USER CODE BEGIN USART1_Init 1 */
 719:Core/Src/main.c **** 
 720:Core/Src/main.c ****   /* USER CODE END USART1_Init 1 */
 721:Core/Src/main.c ****   huart1.Instance = USART1;
 1852              		.loc 1 721 19
 1853 0004 114B     		ldr	r3, .L53
 1854 0006 124A     		ldr	r2, .L53+4
 1855 0008 1A60     		str	r2, [r3]
 722:Core/Src/main.c ****   huart1.Init.BaudRate = 9600;
 1856              		.loc 1 722 24
 1857 000a 104B     		ldr	r3, .L53
 1858 000c 4FF41652 		mov	r2, #9600
 1859 0010 5A60     		str	r2, [r3, #4]
 723:Core/Src/main.c ****   huart1.Init.WordLength = UART_WORDLENGTH_8B;
 1860              		.loc 1 723 26
ARM GAS  C:\Users\DAELT-~1\AppData\Local\Temp\ccUXrYfb.s 			page 47


 1861 0012 0E4B     		ldr	r3, .L53
 1862 0014 0022     		movs	r2, #0
 1863 0016 9A60     		str	r2, [r3, #8]
 724:Core/Src/main.c ****   huart1.Init.StopBits = UART_STOPBITS_1;
 1864              		.loc 1 724 24
 1865 0018 0C4B     		ldr	r3, .L53
 1866 001a 0022     		movs	r2, #0
 1867 001c DA60     		str	r2, [r3, #12]
 725:Core/Src/main.c ****   huart1.Init.Parity = UART_PARITY_NONE;
 1868              		.loc 1 725 22
 1869 001e 0B4B     		ldr	r3, .L53
 1870 0020 0022     		movs	r2, #0
 1871 0022 1A61     		str	r2, [r3, #16]
 726:Core/Src/main.c ****   huart1.Init.Mode = UART_MODE_TX_RX;
 1872              		.loc 1 726 20
 1873 0024 094B     		ldr	r3, .L53
 1874 0026 0C22     		movs	r2, #12
 1875 0028 5A61     		str	r2, [r3, #20]
 727:Core/Src/main.c ****   huart1.Init.HwFlowCtl = UART_HWCONTROL_NONE;
 1876              		.loc 1 727 25
 1877 002a 084B     		ldr	r3, .L53
 1878 002c 0022     		movs	r2, #0
 1879 002e 9A61     		str	r2, [r3, #24]
 728:Core/Src/main.c ****   huart1.Init.OverSampling = UART_OVERSAMPLING_16;
 1880              		.loc 1 728 28
 1881 0030 064B     		ldr	r3, .L53
 1882 0032 0022     		movs	r2, #0
 1883 0034 DA61     		str	r2, [r3, #28]
 729:Core/Src/main.c ****   if (HAL_UART_Init(&huart1) != HAL_OK)
 1884              		.loc 1 729 7
 1885 0036 0548     		ldr	r0, .L53
 1886 0038 FFF7FEFF 		bl	HAL_UART_Init
 1887 003c 0346     		mov	r3, r0
 1888              		.loc 1 729 6 discriminator 1
 1889 003e 002B     		cmp	r3, #0
 1890 0040 01D0     		beq	.L52
 730:Core/Src/main.c ****   {
 731:Core/Src/main.c ****     Error_Handler();
 1891              		.loc 1 731 5
 1892 0042 FFF7FEFF 		bl	Error_Handler
 1893              	.L52:
 732:Core/Src/main.c ****   }
 733:Core/Src/main.c ****   /* USER CODE BEGIN USART1_Init 2 */
 734:Core/Src/main.c **** 
 735:Core/Src/main.c ****   /* USER CODE END USART1_Init 2 */
 736:Core/Src/main.c **** 
 737:Core/Src/main.c **** }
 1894              		.loc 1 737 1
 1895 0046 00BF     		nop
 1896 0048 80BD     		pop	{r7, pc}
 1897              	.L54:
 1898 004a 00BF     		.align	2
 1899              	.L53:
 1900 004c 00000000 		.word	huart1
 1901 0050 00100140 		.word	1073811456
 1902              		.cfi_endproc
 1903              	.LFE236:
ARM GAS  C:\Users\DAELT-~1\AppData\Local\Temp\ccUXrYfb.s 			page 48


 1905              		.section	.text.MX_DMA_Init,"ax",%progbits
 1906              		.align	1
 1907              		.syntax unified
 1908              		.thumb
 1909              		.thumb_func
 1911              	MX_DMA_Init:
 1912              	.LFB237:
 738:Core/Src/main.c **** 
 739:Core/Src/main.c **** /**
 740:Core/Src/main.c ****   * Enable DMA controller clock
 741:Core/Src/main.c ****   */
 742:Core/Src/main.c **** static void MX_DMA_Init(void)
 743:Core/Src/main.c **** {
 1913              		.loc 1 743 1
 1914              		.cfi_startproc
 1915              		@ args = 0, pretend = 0, frame = 8
 1916              		@ frame_needed = 1, uses_anonymous_args = 0
 1917 0000 80B5     		push	{r7, lr}
 1918              	.LCFI36:
 1919              		.cfi_def_cfa_offset 8
 1920              		.cfi_offset 7, -8
 1921              		.cfi_offset 14, -4
 1922 0002 82B0     		sub	sp, sp, #8
 1923              	.LCFI37:
 1924              		.cfi_def_cfa_offset 16
 1925 0004 00AF     		add	r7, sp, #0
 1926              	.LCFI38:
 1927              		.cfi_def_cfa_register 7
 1928              	.LBB6:
 744:Core/Src/main.c **** 
 745:Core/Src/main.c ****   /* DMA controller clock enable */
 746:Core/Src/main.c ****   __HAL_RCC_DMA2_CLK_ENABLE();
 1929              		.loc 1 746 3
 1930 0006 0023     		movs	r3, #0
 1931 0008 7B60     		str	r3, [r7, #4]
 1932 000a 104B     		ldr	r3, .L56
 1933 000c 1B6B     		ldr	r3, [r3, #48]
 1934 000e 0F4A     		ldr	r2, .L56
 1935 0010 43F48003 		orr	r3, r3, #4194304
 1936 0014 1363     		str	r3, [r2, #48]
 1937 0016 0D4B     		ldr	r3, .L56
 1938 0018 1B6B     		ldr	r3, [r3, #48]
 1939 001a 03F48003 		and	r3, r3, #4194304
 1940 001e 7B60     		str	r3, [r7, #4]
 1941 0020 7B68     		ldr	r3, [r7, #4]
 1942              	.LBE6:
 747:Core/Src/main.c **** 
 748:Core/Src/main.c ****   /* DMA interrupt init */
 749:Core/Src/main.c ****   /* DMA2_Stream2_IRQn interrupt configuration */
 750:Core/Src/main.c ****   HAL_NVIC_SetPriority(DMA2_Stream2_IRQn, 5, 0);
 1943              		.loc 1 750 3
 1944 0022 0022     		movs	r2, #0
 1945 0024 0521     		movs	r1, #5
 1946 0026 3A20     		movs	r0, #58
 1947 0028 FFF7FEFF 		bl	HAL_NVIC_SetPriority
 751:Core/Src/main.c ****   HAL_NVIC_EnableIRQ(DMA2_Stream2_IRQn);
 1948              		.loc 1 751 3
ARM GAS  C:\Users\DAELT-~1\AppData\Local\Temp\ccUXrYfb.s 			page 49


 1949 002c 3A20     		movs	r0, #58
 1950 002e FFF7FEFF 		bl	HAL_NVIC_EnableIRQ
 752:Core/Src/main.c ****   /* DMA2_Stream7_IRQn interrupt configuration */
 753:Core/Src/main.c ****   HAL_NVIC_SetPriority(DMA2_Stream7_IRQn, 5, 0);
 1951              		.loc 1 753 3
 1952 0032 0022     		movs	r2, #0
 1953 0034 0521     		movs	r1, #5
 1954 0036 4620     		movs	r0, #70
 1955 0038 FFF7FEFF 		bl	HAL_NVIC_SetPriority
 754:Core/Src/main.c ****   HAL_NVIC_EnableIRQ(DMA2_Stream7_IRQn);
 1956              		.loc 1 754 3
 1957 003c 4620     		movs	r0, #70
 1958 003e FFF7FEFF 		bl	HAL_NVIC_EnableIRQ
 755:Core/Src/main.c **** 
 756:Core/Src/main.c **** }
 1959              		.loc 1 756 1
 1960 0042 00BF     		nop
 1961 0044 0837     		adds	r7, r7, #8
 1962              	.LCFI39:
 1963              		.cfi_def_cfa_offset 8
 1964 0046 BD46     		mov	sp, r7
 1965              	.LCFI40:
 1966              		.cfi_def_cfa_register 13
 1967              		@ sp needed
 1968 0048 80BD     		pop	{r7, pc}
 1969              	.L57:
 1970 004a 00BF     		.align	2
 1971              	.L56:
 1972 004c 00380240 		.word	1073887232
 1973              		.cfi_endproc
 1974              	.LFE237:
 1976              		.section	.text.MX_GPIO_Init,"ax",%progbits
 1977              		.align	1
 1978              		.syntax unified
 1979              		.thumb
 1980              		.thumb_func
 1982              	MX_GPIO_Init:
 1983              	.LFB238:
 757:Core/Src/main.c **** 
 758:Core/Src/main.c **** /**
 759:Core/Src/main.c ****   * @brief GPIO Initialization Function
 760:Core/Src/main.c ****   * @param None
 761:Core/Src/main.c ****   * @retval None
 762:Core/Src/main.c ****   */
 763:Core/Src/main.c **** static void MX_GPIO_Init(void)
 764:Core/Src/main.c **** {
 1984              		.loc 1 764 1
 1985              		.cfi_startproc
 1986              		@ args = 0, pretend = 0, frame = 40
 1987              		@ frame_needed = 1, uses_anonymous_args = 0
 1988 0000 80B5     		push	{r7, lr}
 1989              	.LCFI41:
 1990              		.cfi_def_cfa_offset 8
 1991              		.cfi_offset 7, -8
 1992              		.cfi_offset 14, -4
 1993 0002 8AB0     		sub	sp, sp, #40
 1994              	.LCFI42:
ARM GAS  C:\Users\DAELT-~1\AppData\Local\Temp\ccUXrYfb.s 			page 50


 1995              		.cfi_def_cfa_offset 48
 1996 0004 00AF     		add	r7, sp, #0
 1997              	.LCFI43:
 1998              		.cfi_def_cfa_register 7
 765:Core/Src/main.c ****   GPIO_InitTypeDef GPIO_InitStruct = {0};
 1999              		.loc 1 765 20
 2000 0006 07F11403 		add	r3, r7, #20
 2001 000a 0022     		movs	r2, #0
 2002 000c 1A60     		str	r2, [r3]
 2003 000e 5A60     		str	r2, [r3, #4]
 2004 0010 9A60     		str	r2, [r3, #8]
 2005 0012 DA60     		str	r2, [r3, #12]
 2006 0014 1A61     		str	r2, [r3, #16]
 2007              	.LBB7:
 766:Core/Src/main.c ****   /* USER CODE BEGIN MX_GPIO_Init_1 */
 767:Core/Src/main.c ****   /* USER CODE END MX_GPIO_Init_1 */
 768:Core/Src/main.c **** 
 769:Core/Src/main.c ****   /* GPIO Ports Clock Enable */
 770:Core/Src/main.c ****   __HAL_RCC_GPIOC_CLK_ENABLE();
 2008              		.loc 1 770 3
 2009 0016 0023     		movs	r3, #0
 2010 0018 3B61     		str	r3, [r7, #16]
 2011 001a 414B     		ldr	r3, .L59
 2012 001c 1B6B     		ldr	r3, [r3, #48]
 2013 001e 404A     		ldr	r2, .L59
 2014 0020 43F00403 		orr	r3, r3, #4
 2015 0024 1363     		str	r3, [r2, #48]
 2016 0026 3E4B     		ldr	r3, .L59
 2017 0028 1B6B     		ldr	r3, [r3, #48]
 2018 002a 03F00403 		and	r3, r3, #4
 2019 002e 3B61     		str	r3, [r7, #16]
 2020 0030 3B69     		ldr	r3, [r7, #16]
 2021              	.LBE7:
 2022              	.LBB8:
 771:Core/Src/main.c ****   __HAL_RCC_GPIOH_CLK_ENABLE();
 2023              		.loc 1 771 3
 2024 0032 0023     		movs	r3, #0
 2025 0034 FB60     		str	r3, [r7, #12]
 2026 0036 3A4B     		ldr	r3, .L59
 2027 0038 1B6B     		ldr	r3, [r3, #48]
 2028 003a 394A     		ldr	r2, .L59
 2029 003c 43F08003 		orr	r3, r3, #128
 2030 0040 1363     		str	r3, [r2, #48]
 2031 0042 374B     		ldr	r3, .L59
 2032 0044 1B6B     		ldr	r3, [r3, #48]
 2033 0046 03F08003 		and	r3, r3, #128
 2034 004a FB60     		str	r3, [r7, #12]
 2035 004c FB68     		ldr	r3, [r7, #12]
 2036              	.LBE8:
 2037              	.LBB9:
 772:Core/Src/main.c ****   __HAL_RCC_GPIOA_CLK_ENABLE();
 2038              		.loc 1 772 3
 2039 004e 0023     		movs	r3, #0
 2040 0050 BB60     		str	r3, [r7, #8]
 2041 0052 334B     		ldr	r3, .L59
 2042 0054 1B6B     		ldr	r3, [r3, #48]
 2043 0056 324A     		ldr	r2, .L59
ARM GAS  C:\Users\DAELT-~1\AppData\Local\Temp\ccUXrYfb.s 			page 51


 2044 0058 43F00103 		orr	r3, r3, #1
 2045 005c 1363     		str	r3, [r2, #48]
 2046 005e 304B     		ldr	r3, .L59
 2047 0060 1B6B     		ldr	r3, [r3, #48]
 2048 0062 03F00103 		and	r3, r3, #1
 2049 0066 BB60     		str	r3, [r7, #8]
 2050 0068 BB68     		ldr	r3, [r7, #8]
 2051              	.LBE9:
 2052              	.LBB10:
 773:Core/Src/main.c ****   __HAL_RCC_GPIOB_CLK_ENABLE();
 2053              		.loc 1 773 3
 2054 006a 0023     		movs	r3, #0
 2055 006c 7B60     		str	r3, [r7, #4]
 2056 006e 2C4B     		ldr	r3, .L59
 2057 0070 1B6B     		ldr	r3, [r3, #48]
 2058 0072 2B4A     		ldr	r2, .L59
 2059 0074 43F00203 		orr	r3, r3, #2
 2060 0078 1363     		str	r3, [r2, #48]
 2061 007a 294B     		ldr	r3, .L59
 2062 007c 1B6B     		ldr	r3, [r3, #48]
 2063 007e 03F00203 		and	r3, r3, #2
 2064 0082 7B60     		str	r3, [r7, #4]
 2065 0084 7B68     		ldr	r3, [r7, #4]
 2066              	.LBE10:
 774:Core/Src/main.c **** 
 775:Core/Src/main.c ****   /*Configure GPIO pin Output Level */
 776:Core/Src/main.c ****   HAL_GPIO_WritePin(KIT_LED_GPIO_Port, KIT_LED_Pin, GPIO_PIN_RESET);
 2067              		.loc 1 776 3
 2068 0086 0022     		movs	r2, #0
 2069 0088 4FF40051 		mov	r1, #8192
 2070 008c 2548     		ldr	r0, .L59+4
 2071 008e FFF7FEFF 		bl	HAL_GPIO_WritePin
 777:Core/Src/main.c **** 
 778:Core/Src/main.c ****   /*Configure GPIO pin Output Level */
 779:Core/Src/main.c ****   HAL_GPIO_WritePin(GPIOA, LED3_GREEN_Pin|LED1_RED_Pin|LED4_BLUE_Pin|LED2_YELLOW_Pin, GPIO_PIN_RESE
 2072              		.loc 1 779 3
 2073 0092 0022     		movs	r2, #0
 2074 0094 1E21     		movs	r1, #30
 2075 0096 2448     		ldr	r0, .L59+8
 2076 0098 FFF7FEFF 		bl	HAL_GPIO_WritePin
 780:Core/Src/main.c **** 
 781:Core/Src/main.c ****   /*Configure GPIO pin Output Level */
 782:Core/Src/main.c ****   HAL_GPIO_WritePin(BRIDGE_1_2_EN_GPIO_Port, BRIDGE_1_2_EN_Pin, GPIO_PIN_SET);
 2077              		.loc 1 782 3
 2078 009c 0122     		movs	r2, #1
 2079 009e 4021     		movs	r1, #64
 2080 00a0 2148     		ldr	r0, .L59+8
 2081 00a2 FFF7FEFF 		bl	HAL_GPIO_WritePin
 783:Core/Src/main.c **** 
 784:Core/Src/main.c ****   /*Configure GPIO pin Output Level */
 785:Core/Src/main.c ****   HAL_GPIO_WritePin(GPIOB, BRIDGE_1A_Pin|BRIDGE_3A_Pin, GPIO_PIN_RESET);
 2082              		.loc 1 785 3
 2083 00a6 0022     		movs	r2, #0
 2084 00a8 42F20401 		movw	r1, #8196
 2085 00ac 1F48     		ldr	r0, .L59+12
 2086 00ae FFF7FEFF 		bl	HAL_GPIO_WritePin
 786:Core/Src/main.c **** 
ARM GAS  C:\Users\DAELT-~1\AppData\Local\Temp\ccUXrYfb.s 			page 52


 787:Core/Src/main.c ****   /*Configure GPIO pin Output Level */
 788:Core/Src/main.c ****   HAL_GPIO_WritePin(BRIDGE_3_4_EN_GPIO_Port, BRIDGE_3_4_EN_Pin, GPIO_PIN_SET);
 2087              		.loc 1 788 3
 2088 00b2 0122     		movs	r2, #1
 2089 00b4 4FF48051 		mov	r1, #4096
 2090 00b8 1C48     		ldr	r0, .L59+12
 2091 00ba FFF7FEFF 		bl	HAL_GPIO_WritePin
 789:Core/Src/main.c **** 
 790:Core/Src/main.c ****   /*Configure GPIO pin : KIT_LED_Pin */
 791:Core/Src/main.c ****   GPIO_InitStruct.Pin = KIT_LED_Pin;
 2092              		.loc 1 791 23
 2093 00be 4FF40053 		mov	r3, #8192
 2094 00c2 7B61     		str	r3, [r7, #20]
 792:Core/Src/main.c ****   GPIO_InitStruct.Mode = GPIO_MODE_OUTPUT_PP;
 2095              		.loc 1 792 24
 2096 00c4 0123     		movs	r3, #1
 2097 00c6 BB61     		str	r3, [r7, #24]
 793:Core/Src/main.c ****   GPIO_InitStruct.Pull = GPIO_NOPULL;
 2098              		.loc 1 793 24
 2099 00c8 0023     		movs	r3, #0
 2100 00ca FB61     		str	r3, [r7, #28]
 794:Core/Src/main.c ****   GPIO_InitStruct.Speed = GPIO_SPEED_FREQ_LOW;
 2101              		.loc 1 794 25
 2102 00cc 0023     		movs	r3, #0
 2103 00ce 3B62     		str	r3, [r7, #32]
 795:Core/Src/main.c ****   HAL_GPIO_Init(KIT_LED_GPIO_Port, &GPIO_InitStruct);
 2104              		.loc 1 795 3
 2105 00d0 07F11403 		add	r3, r7, #20
 2106 00d4 1946     		mov	r1, r3
 2107 00d6 1348     		ldr	r0, .L59+4
 2108 00d8 FFF7FEFF 		bl	HAL_GPIO_Init
 796:Core/Src/main.c **** 
 797:Core/Src/main.c ****   /*Configure GPIO pins : LED3_GREEN_Pin LED1_RED_Pin LED4_BLUE_Pin LED2_YELLOW_Pin
 798:Core/Src/main.c ****                            BRIDGE_1_2_EN_Pin */
 799:Core/Src/main.c ****   GPIO_InitStruct.Pin = LED3_GREEN_Pin|LED1_RED_Pin|LED4_BLUE_Pin|LED2_YELLOW_Pin
 2109              		.loc 1 799 23
 2110 00dc 5E23     		movs	r3, #94
 2111 00de 7B61     		str	r3, [r7, #20]
 800:Core/Src/main.c ****                           |BRIDGE_1_2_EN_Pin;
 801:Core/Src/main.c ****   GPIO_InitStruct.Mode = GPIO_MODE_OUTPUT_PP;
 2112              		.loc 1 801 24
 2113 00e0 0123     		movs	r3, #1
 2114 00e2 BB61     		str	r3, [r7, #24]
 802:Core/Src/main.c ****   GPIO_InitStruct.Pull = GPIO_NOPULL;
 2115              		.loc 1 802 24
 2116 00e4 0023     		movs	r3, #0
 2117 00e6 FB61     		str	r3, [r7, #28]
 803:Core/Src/main.c ****   GPIO_InitStruct.Speed = GPIO_SPEED_FREQ_LOW;
 2118              		.loc 1 803 25
 2119 00e8 0023     		movs	r3, #0
 2120 00ea 3B62     		str	r3, [r7, #32]
 804:Core/Src/main.c ****   HAL_GPIO_Init(GPIOA, &GPIO_InitStruct);
 2121              		.loc 1 804 3
 2122 00ec 07F11403 		add	r3, r7, #20
 2123 00f0 1946     		mov	r1, r3
 2124 00f2 0D48     		ldr	r0, .L59+8
 2125 00f4 FFF7FEFF 		bl	HAL_GPIO_Init
ARM GAS  C:\Users\DAELT-~1\AppData\Local\Temp\ccUXrYfb.s 			page 53


 805:Core/Src/main.c **** 
 806:Core/Src/main.c ****   /*Configure GPIO pins : BRIDGE_1A_Pin BRIDGE_3_4_EN_Pin BRIDGE_3A_Pin */
 807:Core/Src/main.c ****   GPIO_InitStruct.Pin = BRIDGE_1A_Pin|BRIDGE_3_4_EN_Pin|BRIDGE_3A_Pin;
 2126              		.loc 1 807 23
 2127 00f8 43F20403 		movw	r3, #12292
 2128 00fc 7B61     		str	r3, [r7, #20]
 808:Core/Src/main.c ****   GPIO_InitStruct.Mode = GPIO_MODE_OUTPUT_PP;
 2129              		.loc 1 808 24
 2130 00fe 0123     		movs	r3, #1
 2131 0100 BB61     		str	r3, [r7, #24]
 809:Core/Src/main.c ****   GPIO_InitStruct.Pull = GPIO_NOPULL;
 2132              		.loc 1 809 24
 2133 0102 0023     		movs	r3, #0
 2134 0104 FB61     		str	r3, [r7, #28]
 810:Core/Src/main.c ****   GPIO_InitStruct.Speed = GPIO_SPEED_FREQ_LOW;
 2135              		.loc 1 810 25
 2136 0106 0023     		movs	r3, #0
 2137 0108 3B62     		str	r3, [r7, #32]
 811:Core/Src/main.c ****   HAL_GPIO_Init(GPIOB, &GPIO_InitStruct);
 2138              		.loc 1 811 3
 2139 010a 07F11403 		add	r3, r7, #20
 2140 010e 1946     		mov	r1, r3
 2141 0110 0648     		ldr	r0, .L59+12
 2142 0112 FFF7FEFF 		bl	HAL_GPIO_Init
 812:Core/Src/main.c **** 
 813:Core/Src/main.c ****   /* USER CODE BEGIN MX_GPIO_Init_2 */
 814:Core/Src/main.c ****   /* USER CODE END MX_GPIO_Init_2 */
 815:Core/Src/main.c **** }
 2143              		.loc 1 815 1
 2144 0116 00BF     		nop
 2145 0118 2837     		adds	r7, r7, #40
 2146              	.LCFI44:
 2147              		.cfi_def_cfa_offset 8
 2148 011a BD46     		mov	sp, r7
 2149              	.LCFI45:
 2150              		.cfi_def_cfa_register 13
 2151              		@ sp needed
 2152 011c 80BD     		pop	{r7, pc}
 2153              	.L60:
 2154 011e 00BF     		.align	2
 2155              	.L59:
 2156 0120 00380240 		.word	1073887232
 2157 0124 00080240 		.word	1073874944
 2158 0128 00000240 		.word	1073872896
 2159 012c 00040240 		.word	1073873920
 2160              		.cfi_endproc
 2161              	.LFE238:
 2163              		.section	.text.StartDefaultTask,"ax",%progbits
 2164              		.align	1
 2165              		.global	StartDefaultTask
 2166              		.syntax unified
 2167              		.thumb
 2168              		.thumb_func
 2170              	StartDefaultTask:
 2171              	.LFB239:
 816:Core/Src/main.c **** 
 817:Core/Src/main.c **** /* USER CODE BEGIN 4 */
ARM GAS  C:\Users\DAELT-~1\AppData\Local\Temp\ccUXrYfb.s 			page 54


 818:Core/Src/main.c **** 
 819:Core/Src/main.c **** /* USER CODE END 4 */
 820:Core/Src/main.c **** 
 821:Core/Src/main.c **** /* USER CODE BEGIN Header_StartDefaultTask */
 822:Core/Src/main.c **** /**
 823:Core/Src/main.c ****   * @brief  Function implementing the defaultTask thread.
 824:Core/Src/main.c ****   * @param  argument: Not used
 825:Core/Src/main.c ****   * @retval None
 826:Core/Src/main.c ****   */
 827:Core/Src/main.c **** /* USER CODE END Header_StartDefaultTask */
 828:Core/Src/main.c **** void StartDefaultTask(void *argument)
 829:Core/Src/main.c **** {
 2172              		.loc 1 829 1
 2173              		.cfi_startproc
 2174              		@ args = 0, pretend = 0, frame = 8
 2175              		@ frame_needed = 1, uses_anonymous_args = 0
 2176 0000 80B5     		push	{r7, lr}
 2177              	.LCFI46:
 2178              		.cfi_def_cfa_offset 8
 2179              		.cfi_offset 7, -8
 2180              		.cfi_offset 14, -4
 2181 0002 82B0     		sub	sp, sp, #8
 2182              	.LCFI47:
 2183              		.cfi_def_cfa_offset 16
 2184 0004 00AF     		add	r7, sp, #0
 2185              	.LCFI48:
 2186              		.cfi_def_cfa_register 7
 2187 0006 7860     		str	r0, [r7, #4]
 830:Core/Src/main.c ****   /* init code for USB_DEVICE */
 831:Core/Src/main.c ****   MX_USB_DEVICE_Init();
 2188              		.loc 1 831 3
 2189 0008 FFF7FEFF 		bl	MX_USB_DEVICE_Init
 2190              	.L62:
 832:Core/Src/main.c ****   /* USER CODE BEGIN 5 */
 833:Core/Src/main.c ****   /* Infinite loop */
 834:Core/Src/main.c ****   for(;;)
 835:Core/Src/main.c ****   {
 836:Core/Src/main.c ****     osDelay(1);
 2191              		.loc 1 836 5 discriminator 1
 2192 000c 0120     		movs	r0, #1
 2193 000e FFF7FEFF 		bl	osDelay
 2194 0012 FBE7     		b	.L62
 2195              		.cfi_endproc
 2196              	.LFE239:
 2198              		.section	.text.HAL_TIM_PeriodElapsedCallback,"ax",%progbits
 2199              		.align	1
 2200              		.global	HAL_TIM_PeriodElapsedCallback
 2201              		.syntax unified
 2202              		.thumb
 2203              		.thumb_func
 2205              	HAL_TIM_PeriodElapsedCallback:
 2206              	.LFB240:
 837:Core/Src/main.c ****   }
 838:Core/Src/main.c ****   /* USER CODE END 5 */
 839:Core/Src/main.c **** }
 840:Core/Src/main.c **** 
 841:Core/Src/main.c **** /**
ARM GAS  C:\Users\DAELT-~1\AppData\Local\Temp\ccUXrYfb.s 			page 55


 842:Core/Src/main.c ****   * @brief  Period elapsed callback in non blocking mode
 843:Core/Src/main.c ****   * @note   This function is called  when TIM11 interrupt took place, inside
 844:Core/Src/main.c ****   * HAL_TIM_IRQHandler(). It makes a direct call to HAL_IncTick() to increment
 845:Core/Src/main.c ****   * a global variable "uwTick" used as application time base.
 846:Core/Src/main.c ****   * @param  htim : TIM handle
 847:Core/Src/main.c ****   * @retval None
 848:Core/Src/main.c ****   */
 849:Core/Src/main.c **** void HAL_TIM_PeriodElapsedCallback(TIM_HandleTypeDef *htim)
 850:Core/Src/main.c **** {
 2207              		.loc 1 850 1
 2208              		.cfi_startproc
 2209              		@ args = 0, pretend = 0, frame = 8
 2210              		@ frame_needed = 1, uses_anonymous_args = 0
 2211 0000 80B5     		push	{r7, lr}
 2212              	.LCFI49:
 2213              		.cfi_def_cfa_offset 8
 2214              		.cfi_offset 7, -8
 2215              		.cfi_offset 14, -4
 2216 0002 82B0     		sub	sp, sp, #8
 2217              	.LCFI50:
 2218              		.cfi_def_cfa_offset 16
 2219 0004 00AF     		add	r7, sp, #0
 2220              	.LCFI51:
 2221              		.cfi_def_cfa_register 7
 2222 0006 7860     		str	r0, [r7, #4]
 851:Core/Src/main.c ****   /* USER CODE BEGIN Callback 0 */
 852:Core/Src/main.c **** 
 853:Core/Src/main.c ****   /* USER CODE END Callback 0 */
 854:Core/Src/main.c ****   if (htim->Instance == TIM11)
 2223              		.loc 1 854 11
 2224 0008 7B68     		ldr	r3, [r7, #4]
 2225 000a 1B68     		ldr	r3, [r3]
 2226              		.loc 1 854 6
 2227 000c 044A     		ldr	r2, .L66
 2228 000e 9342     		cmp	r3, r2
 2229 0010 01D1     		bne	.L65
 855:Core/Src/main.c ****   {
 856:Core/Src/main.c ****     HAL_IncTick();
 2230              		.loc 1 856 5
 2231 0012 FFF7FEFF 		bl	HAL_IncTick
 2232              	.L65:
 857:Core/Src/main.c ****   }
 858:Core/Src/main.c ****   /* USER CODE BEGIN Callback 1 */
 859:Core/Src/main.c **** 
 860:Core/Src/main.c ****   /* USER CODE END Callback 1 */
 861:Core/Src/main.c **** }
 2233              		.loc 1 861 1
 2234 0016 00BF     		nop
 2235 0018 0837     		adds	r7, r7, #8
 2236              	.LCFI52:
 2237              		.cfi_def_cfa_offset 8
 2238 001a BD46     		mov	sp, r7
 2239              	.LCFI53:
 2240              		.cfi_def_cfa_register 13
 2241              		@ sp needed
 2242 001c 80BD     		pop	{r7, pc}
 2243              	.L67:
ARM GAS  C:\Users\DAELT-~1\AppData\Local\Temp\ccUXrYfb.s 			page 56


 2244 001e 00BF     		.align	2
 2245              	.L66:
 2246 0020 00480140 		.word	1073825792
 2247              		.cfi_endproc
 2248              	.LFE240:
 2250              		.section	.text.Error_Handler,"ax",%progbits
 2251              		.align	1
 2252              		.global	Error_Handler
 2253              		.syntax unified
 2254              		.thumb
 2255              		.thumb_func
 2257              	Error_Handler:
 2258              	.LFB241:
 862:Core/Src/main.c **** 
 863:Core/Src/main.c **** /**
 864:Core/Src/main.c ****   * @brief  This function is executed in case of error occurrence.
 865:Core/Src/main.c ****   * @retval None
 866:Core/Src/main.c ****   */
 867:Core/Src/main.c **** void Error_Handler(void)
 868:Core/Src/main.c **** {
 2259              		.loc 1 868 1
 2260              		.cfi_startproc
 2261              		@ args = 0, pretend = 0, frame = 0
 2262              		@ frame_needed = 1, uses_anonymous_args = 0
 2263              		@ link register save eliminated.
 2264 0000 80B4     		push	{r7}
 2265              	.LCFI54:
 2266              		.cfi_def_cfa_offset 4
 2267              		.cfi_offset 7, -4
 2268 0002 00AF     		add	r7, sp, #0
 2269              	.LCFI55:
 2270              		.cfi_def_cfa_register 7
 2271              	.LBB11:
 2272              	.LBB12:
 2273              		.file 2 "Drivers/CMSIS/Include/cmsis_gcc.h"
   1:Drivers/CMSIS/Include/cmsis_gcc.h **** /**************************************************************************//**
   2:Drivers/CMSIS/Include/cmsis_gcc.h ****  * @file     cmsis_gcc.h
   3:Drivers/CMSIS/Include/cmsis_gcc.h ****  * @brief    CMSIS compiler GCC header file
   4:Drivers/CMSIS/Include/cmsis_gcc.h ****  * @version  V5.4.1
   5:Drivers/CMSIS/Include/cmsis_gcc.h ****  * @date     27. May 2021
   6:Drivers/CMSIS/Include/cmsis_gcc.h ****  ******************************************************************************/
   7:Drivers/CMSIS/Include/cmsis_gcc.h **** /*
   8:Drivers/CMSIS/Include/cmsis_gcc.h ****  * Copyright (c) 2009-2021 Arm Limited. All rights reserved.
   9:Drivers/CMSIS/Include/cmsis_gcc.h ****  *
  10:Drivers/CMSIS/Include/cmsis_gcc.h ****  * SPDX-License-Identifier: Apache-2.0
  11:Drivers/CMSIS/Include/cmsis_gcc.h ****  *
  12:Drivers/CMSIS/Include/cmsis_gcc.h ****  * Licensed under the Apache License, Version 2.0 (the License); you may
  13:Drivers/CMSIS/Include/cmsis_gcc.h ****  * not use this file except in compliance with the License.
  14:Drivers/CMSIS/Include/cmsis_gcc.h ****  * You may obtain a copy of the License at
  15:Drivers/CMSIS/Include/cmsis_gcc.h ****  *
  16:Drivers/CMSIS/Include/cmsis_gcc.h ****  * www.apache.org/licenses/LICENSE-2.0
  17:Drivers/CMSIS/Include/cmsis_gcc.h ****  *
  18:Drivers/CMSIS/Include/cmsis_gcc.h ****  * Unless required by applicable law or agreed to in writing, software
  19:Drivers/CMSIS/Include/cmsis_gcc.h ****  * distributed under the License is distributed on an AS IS BASIS, WITHOUT
  20:Drivers/CMSIS/Include/cmsis_gcc.h ****  * WARRANTIES OR CONDITIONS OF ANY KIND, either express or implied.
  21:Drivers/CMSIS/Include/cmsis_gcc.h ****  * See the License for the specific language governing permissions and
  22:Drivers/CMSIS/Include/cmsis_gcc.h ****  * limitations under the License.
ARM GAS  C:\Users\DAELT-~1\AppData\Local\Temp\ccUXrYfb.s 			page 57


  23:Drivers/CMSIS/Include/cmsis_gcc.h ****  */
  24:Drivers/CMSIS/Include/cmsis_gcc.h **** 
  25:Drivers/CMSIS/Include/cmsis_gcc.h **** #ifndef __CMSIS_GCC_H
  26:Drivers/CMSIS/Include/cmsis_gcc.h **** #define __CMSIS_GCC_H
  27:Drivers/CMSIS/Include/cmsis_gcc.h **** 
  28:Drivers/CMSIS/Include/cmsis_gcc.h **** /* ignore some GCC warnings */
  29:Drivers/CMSIS/Include/cmsis_gcc.h **** #pragma GCC diagnostic push
  30:Drivers/CMSIS/Include/cmsis_gcc.h **** #pragma GCC diagnostic ignored "-Wsign-conversion"
  31:Drivers/CMSIS/Include/cmsis_gcc.h **** #pragma GCC diagnostic ignored "-Wconversion"
  32:Drivers/CMSIS/Include/cmsis_gcc.h **** #pragma GCC diagnostic ignored "-Wunused-parameter"
  33:Drivers/CMSIS/Include/cmsis_gcc.h **** 
  34:Drivers/CMSIS/Include/cmsis_gcc.h **** /* Fallback for __has_builtin */
  35:Drivers/CMSIS/Include/cmsis_gcc.h **** #ifndef __has_builtin
  36:Drivers/CMSIS/Include/cmsis_gcc.h ****   #define __has_builtin(x) (0)
  37:Drivers/CMSIS/Include/cmsis_gcc.h **** #endif
  38:Drivers/CMSIS/Include/cmsis_gcc.h **** 
  39:Drivers/CMSIS/Include/cmsis_gcc.h **** /* CMSIS compiler specific defines */
  40:Drivers/CMSIS/Include/cmsis_gcc.h **** #ifndef   __ASM
  41:Drivers/CMSIS/Include/cmsis_gcc.h ****   #define __ASM                                  __asm
  42:Drivers/CMSIS/Include/cmsis_gcc.h **** #endif
  43:Drivers/CMSIS/Include/cmsis_gcc.h **** #ifndef   __INLINE
  44:Drivers/CMSIS/Include/cmsis_gcc.h ****   #define __INLINE                               inline
  45:Drivers/CMSIS/Include/cmsis_gcc.h **** #endif
  46:Drivers/CMSIS/Include/cmsis_gcc.h **** #ifndef   __STATIC_INLINE
  47:Drivers/CMSIS/Include/cmsis_gcc.h ****   #define __STATIC_INLINE                        static inline
  48:Drivers/CMSIS/Include/cmsis_gcc.h **** #endif
  49:Drivers/CMSIS/Include/cmsis_gcc.h **** #ifndef   __STATIC_FORCEINLINE
  50:Drivers/CMSIS/Include/cmsis_gcc.h ****   #define __STATIC_FORCEINLINE                   __attribute__((always_inline)) static inline
  51:Drivers/CMSIS/Include/cmsis_gcc.h **** #endif
  52:Drivers/CMSIS/Include/cmsis_gcc.h **** #ifndef   __NO_RETURN
  53:Drivers/CMSIS/Include/cmsis_gcc.h ****   #define __NO_RETURN                            __attribute__((__noreturn__))
  54:Drivers/CMSIS/Include/cmsis_gcc.h **** #endif
  55:Drivers/CMSIS/Include/cmsis_gcc.h **** #ifndef   __USED
  56:Drivers/CMSIS/Include/cmsis_gcc.h ****   #define __USED                                 __attribute__((used))
  57:Drivers/CMSIS/Include/cmsis_gcc.h **** #endif
  58:Drivers/CMSIS/Include/cmsis_gcc.h **** #ifndef   __WEAK
  59:Drivers/CMSIS/Include/cmsis_gcc.h ****   #define __WEAK                                 __attribute__((weak))
  60:Drivers/CMSIS/Include/cmsis_gcc.h **** #endif
  61:Drivers/CMSIS/Include/cmsis_gcc.h **** #ifndef   __PACKED
  62:Drivers/CMSIS/Include/cmsis_gcc.h ****   #define __PACKED                               __attribute__((packed, aligned(1)))
  63:Drivers/CMSIS/Include/cmsis_gcc.h **** #endif
  64:Drivers/CMSIS/Include/cmsis_gcc.h **** #ifndef   __PACKED_STRUCT
  65:Drivers/CMSIS/Include/cmsis_gcc.h ****   #define __PACKED_STRUCT                        struct __attribute__((packed, aligned(1)))
  66:Drivers/CMSIS/Include/cmsis_gcc.h **** #endif
  67:Drivers/CMSIS/Include/cmsis_gcc.h **** #ifndef   __PACKED_UNION
  68:Drivers/CMSIS/Include/cmsis_gcc.h ****   #define __PACKED_UNION                         union __attribute__((packed, aligned(1)))
  69:Drivers/CMSIS/Include/cmsis_gcc.h **** #endif
  70:Drivers/CMSIS/Include/cmsis_gcc.h **** #ifndef   __UNALIGNED_UINT32        /* deprecated */
  71:Drivers/CMSIS/Include/cmsis_gcc.h ****   #pragma GCC diagnostic push
  72:Drivers/CMSIS/Include/cmsis_gcc.h ****   #pragma GCC diagnostic ignored "-Wpacked"
  73:Drivers/CMSIS/Include/cmsis_gcc.h ****   #pragma GCC diagnostic ignored "-Wattributes"
  74:Drivers/CMSIS/Include/cmsis_gcc.h ****   struct __attribute__((packed)) T_UINT32 { uint32_t v; };
  75:Drivers/CMSIS/Include/cmsis_gcc.h ****   #pragma GCC diagnostic pop
  76:Drivers/CMSIS/Include/cmsis_gcc.h ****   #define __UNALIGNED_UINT32(x)                  (((struct T_UINT32 *)(x))->v)
  77:Drivers/CMSIS/Include/cmsis_gcc.h **** #endif
  78:Drivers/CMSIS/Include/cmsis_gcc.h **** #ifndef   __UNALIGNED_UINT16_WRITE
  79:Drivers/CMSIS/Include/cmsis_gcc.h ****   #pragma GCC diagnostic push
ARM GAS  C:\Users\DAELT-~1\AppData\Local\Temp\ccUXrYfb.s 			page 58


  80:Drivers/CMSIS/Include/cmsis_gcc.h ****   #pragma GCC diagnostic ignored "-Wpacked"
  81:Drivers/CMSIS/Include/cmsis_gcc.h ****   #pragma GCC diagnostic ignored "-Wattributes"
  82:Drivers/CMSIS/Include/cmsis_gcc.h ****   __PACKED_STRUCT T_UINT16_WRITE { uint16_t v; };
  83:Drivers/CMSIS/Include/cmsis_gcc.h ****   #pragma GCC diagnostic pop
  84:Drivers/CMSIS/Include/cmsis_gcc.h ****   #define __UNALIGNED_UINT16_WRITE(addr, val)    (void)((((struct T_UINT16_WRITE *)(void *)(addr))-
  85:Drivers/CMSIS/Include/cmsis_gcc.h **** #endif
  86:Drivers/CMSIS/Include/cmsis_gcc.h **** #ifndef   __UNALIGNED_UINT16_READ
  87:Drivers/CMSIS/Include/cmsis_gcc.h ****   #pragma GCC diagnostic push
  88:Drivers/CMSIS/Include/cmsis_gcc.h ****   #pragma GCC diagnostic ignored "-Wpacked"
  89:Drivers/CMSIS/Include/cmsis_gcc.h ****   #pragma GCC diagnostic ignored "-Wattributes"
  90:Drivers/CMSIS/Include/cmsis_gcc.h ****   __PACKED_STRUCT T_UINT16_READ { uint16_t v; };
  91:Drivers/CMSIS/Include/cmsis_gcc.h ****   #pragma GCC diagnostic pop
  92:Drivers/CMSIS/Include/cmsis_gcc.h ****   #define __UNALIGNED_UINT16_READ(addr)          (((const struct T_UINT16_READ *)(const void *)(add
  93:Drivers/CMSIS/Include/cmsis_gcc.h **** #endif
  94:Drivers/CMSIS/Include/cmsis_gcc.h **** #ifndef   __UNALIGNED_UINT32_WRITE
  95:Drivers/CMSIS/Include/cmsis_gcc.h ****   #pragma GCC diagnostic push
  96:Drivers/CMSIS/Include/cmsis_gcc.h ****   #pragma GCC diagnostic ignored "-Wpacked"
  97:Drivers/CMSIS/Include/cmsis_gcc.h ****   #pragma GCC diagnostic ignored "-Wattributes"
  98:Drivers/CMSIS/Include/cmsis_gcc.h ****   __PACKED_STRUCT T_UINT32_WRITE { uint32_t v; };
  99:Drivers/CMSIS/Include/cmsis_gcc.h ****   #pragma GCC diagnostic pop
 100:Drivers/CMSIS/Include/cmsis_gcc.h ****   #define __UNALIGNED_UINT32_WRITE(addr, val)    (void)((((struct T_UINT32_WRITE *)(void *)(addr))-
 101:Drivers/CMSIS/Include/cmsis_gcc.h **** #endif
 102:Drivers/CMSIS/Include/cmsis_gcc.h **** #ifndef   __UNALIGNED_UINT32_READ
 103:Drivers/CMSIS/Include/cmsis_gcc.h ****   #pragma GCC diagnostic push
 104:Drivers/CMSIS/Include/cmsis_gcc.h ****   #pragma GCC diagnostic ignored "-Wpacked"
 105:Drivers/CMSIS/Include/cmsis_gcc.h ****   #pragma GCC diagnostic ignored "-Wattributes"
 106:Drivers/CMSIS/Include/cmsis_gcc.h ****   __PACKED_STRUCT T_UINT32_READ { uint32_t v; };
 107:Drivers/CMSIS/Include/cmsis_gcc.h ****   #pragma GCC diagnostic pop
 108:Drivers/CMSIS/Include/cmsis_gcc.h ****   #define __UNALIGNED_UINT32_READ(addr)          (((const struct T_UINT32_READ *)(const void *)(add
 109:Drivers/CMSIS/Include/cmsis_gcc.h **** #endif
 110:Drivers/CMSIS/Include/cmsis_gcc.h **** #ifndef   __ALIGNED
 111:Drivers/CMSIS/Include/cmsis_gcc.h ****   #define __ALIGNED(x)                           __attribute__((aligned(x)))
 112:Drivers/CMSIS/Include/cmsis_gcc.h **** #endif
 113:Drivers/CMSIS/Include/cmsis_gcc.h **** #ifndef   __RESTRICT
 114:Drivers/CMSIS/Include/cmsis_gcc.h ****   #define __RESTRICT                             __restrict
 115:Drivers/CMSIS/Include/cmsis_gcc.h **** #endif
 116:Drivers/CMSIS/Include/cmsis_gcc.h **** #ifndef   __COMPILER_BARRIER
 117:Drivers/CMSIS/Include/cmsis_gcc.h ****   #define __COMPILER_BARRIER()                   __ASM volatile("":::"memory")
 118:Drivers/CMSIS/Include/cmsis_gcc.h **** #endif
 119:Drivers/CMSIS/Include/cmsis_gcc.h **** 
 120:Drivers/CMSIS/Include/cmsis_gcc.h **** /* #########################  Startup and Lowlevel Init  ######################## */
 121:Drivers/CMSIS/Include/cmsis_gcc.h **** 
 122:Drivers/CMSIS/Include/cmsis_gcc.h **** #ifndef __PROGRAM_START
 123:Drivers/CMSIS/Include/cmsis_gcc.h **** 
 124:Drivers/CMSIS/Include/cmsis_gcc.h **** /**
 125:Drivers/CMSIS/Include/cmsis_gcc.h ****   \brief   Initializes data and bss sections
 126:Drivers/CMSIS/Include/cmsis_gcc.h ****   \details This default implementations initialized all data and additional bss
 127:Drivers/CMSIS/Include/cmsis_gcc.h ****            sections relying on .copy.table and .zero.table specified properly
 128:Drivers/CMSIS/Include/cmsis_gcc.h ****            in the used linker script.
 129:Drivers/CMSIS/Include/cmsis_gcc.h **** 
 130:Drivers/CMSIS/Include/cmsis_gcc.h ****  */
 131:Drivers/CMSIS/Include/cmsis_gcc.h **** __STATIC_FORCEINLINE __NO_RETURN void __cmsis_start(void)
 132:Drivers/CMSIS/Include/cmsis_gcc.h **** {
 133:Drivers/CMSIS/Include/cmsis_gcc.h ****   extern void _start(void) __NO_RETURN;
 134:Drivers/CMSIS/Include/cmsis_gcc.h **** 
 135:Drivers/CMSIS/Include/cmsis_gcc.h ****   typedef struct {
 136:Drivers/CMSIS/Include/cmsis_gcc.h ****     uint32_t const* src;
ARM GAS  C:\Users\DAELT-~1\AppData\Local\Temp\ccUXrYfb.s 			page 59


 137:Drivers/CMSIS/Include/cmsis_gcc.h ****     uint32_t* dest;
 138:Drivers/CMSIS/Include/cmsis_gcc.h ****     uint32_t  wlen;
 139:Drivers/CMSIS/Include/cmsis_gcc.h ****   } __copy_table_t;
 140:Drivers/CMSIS/Include/cmsis_gcc.h **** 
 141:Drivers/CMSIS/Include/cmsis_gcc.h ****   typedef struct {
 142:Drivers/CMSIS/Include/cmsis_gcc.h ****     uint32_t* dest;
 143:Drivers/CMSIS/Include/cmsis_gcc.h ****     uint32_t  wlen;
 144:Drivers/CMSIS/Include/cmsis_gcc.h ****   } __zero_table_t;
 145:Drivers/CMSIS/Include/cmsis_gcc.h **** 
 146:Drivers/CMSIS/Include/cmsis_gcc.h ****   extern const __copy_table_t __copy_table_start__;
 147:Drivers/CMSIS/Include/cmsis_gcc.h ****   extern const __copy_table_t __copy_table_end__;
 148:Drivers/CMSIS/Include/cmsis_gcc.h ****   extern const __zero_table_t __zero_table_start__;
 149:Drivers/CMSIS/Include/cmsis_gcc.h ****   extern const __zero_table_t __zero_table_end__;
 150:Drivers/CMSIS/Include/cmsis_gcc.h **** 
 151:Drivers/CMSIS/Include/cmsis_gcc.h ****   for (__copy_table_t const* pTable = &__copy_table_start__; pTable < &__copy_table_end__; ++pTable
 152:Drivers/CMSIS/Include/cmsis_gcc.h ****     for(uint32_t i=0u; i<pTable->wlen; ++i) {
 153:Drivers/CMSIS/Include/cmsis_gcc.h ****       pTable->dest[i] = pTable->src[i];
 154:Drivers/CMSIS/Include/cmsis_gcc.h ****     }
 155:Drivers/CMSIS/Include/cmsis_gcc.h ****   }
 156:Drivers/CMSIS/Include/cmsis_gcc.h **** 
 157:Drivers/CMSIS/Include/cmsis_gcc.h ****   for (__zero_table_t const* pTable = &__zero_table_start__; pTable < &__zero_table_end__; ++pTable
 158:Drivers/CMSIS/Include/cmsis_gcc.h ****     for(uint32_t i=0u; i<pTable->wlen; ++i) {
 159:Drivers/CMSIS/Include/cmsis_gcc.h ****       pTable->dest[i] = 0u;
 160:Drivers/CMSIS/Include/cmsis_gcc.h ****     }
 161:Drivers/CMSIS/Include/cmsis_gcc.h ****   }
 162:Drivers/CMSIS/Include/cmsis_gcc.h **** 
 163:Drivers/CMSIS/Include/cmsis_gcc.h ****   _start();
 164:Drivers/CMSIS/Include/cmsis_gcc.h **** }
 165:Drivers/CMSIS/Include/cmsis_gcc.h **** 
 166:Drivers/CMSIS/Include/cmsis_gcc.h **** #define __PROGRAM_START           __cmsis_start
 167:Drivers/CMSIS/Include/cmsis_gcc.h **** #endif
 168:Drivers/CMSIS/Include/cmsis_gcc.h **** 
 169:Drivers/CMSIS/Include/cmsis_gcc.h **** #ifndef __INITIAL_SP
 170:Drivers/CMSIS/Include/cmsis_gcc.h **** #define __INITIAL_SP              __StackTop
 171:Drivers/CMSIS/Include/cmsis_gcc.h **** #endif
 172:Drivers/CMSIS/Include/cmsis_gcc.h **** 
 173:Drivers/CMSIS/Include/cmsis_gcc.h **** #ifndef __STACK_LIMIT
 174:Drivers/CMSIS/Include/cmsis_gcc.h **** #define __STACK_LIMIT             __StackLimit
 175:Drivers/CMSIS/Include/cmsis_gcc.h **** #endif
 176:Drivers/CMSIS/Include/cmsis_gcc.h **** 
 177:Drivers/CMSIS/Include/cmsis_gcc.h **** #ifndef __VECTOR_TABLE
 178:Drivers/CMSIS/Include/cmsis_gcc.h **** #define __VECTOR_TABLE            __Vectors
 179:Drivers/CMSIS/Include/cmsis_gcc.h **** #endif
 180:Drivers/CMSIS/Include/cmsis_gcc.h **** 
 181:Drivers/CMSIS/Include/cmsis_gcc.h **** #ifndef __VECTOR_TABLE_ATTRIBUTE
 182:Drivers/CMSIS/Include/cmsis_gcc.h **** #define __VECTOR_TABLE_ATTRIBUTE  __attribute__((used, section(".vectors")))
 183:Drivers/CMSIS/Include/cmsis_gcc.h **** #endif
 184:Drivers/CMSIS/Include/cmsis_gcc.h **** 
 185:Drivers/CMSIS/Include/cmsis_gcc.h **** #if defined (__ARM_FEATURE_CMSE) && (__ARM_FEATURE_CMSE == 3U)
 186:Drivers/CMSIS/Include/cmsis_gcc.h **** #ifndef __STACK_SEAL
 187:Drivers/CMSIS/Include/cmsis_gcc.h **** #define __STACK_SEAL              __StackSeal
 188:Drivers/CMSIS/Include/cmsis_gcc.h **** #endif
 189:Drivers/CMSIS/Include/cmsis_gcc.h **** 
 190:Drivers/CMSIS/Include/cmsis_gcc.h **** #ifndef __TZ_STACK_SEAL_SIZE
 191:Drivers/CMSIS/Include/cmsis_gcc.h **** #define __TZ_STACK_SEAL_SIZE      8U
 192:Drivers/CMSIS/Include/cmsis_gcc.h **** #endif
 193:Drivers/CMSIS/Include/cmsis_gcc.h **** 
ARM GAS  C:\Users\DAELT-~1\AppData\Local\Temp\ccUXrYfb.s 			page 60


 194:Drivers/CMSIS/Include/cmsis_gcc.h **** #ifndef __TZ_STACK_SEAL_VALUE
 195:Drivers/CMSIS/Include/cmsis_gcc.h **** #define __TZ_STACK_SEAL_VALUE     0xFEF5EDA5FEF5EDA5ULL
 196:Drivers/CMSIS/Include/cmsis_gcc.h **** #endif
 197:Drivers/CMSIS/Include/cmsis_gcc.h **** 
 198:Drivers/CMSIS/Include/cmsis_gcc.h **** 
 199:Drivers/CMSIS/Include/cmsis_gcc.h **** __STATIC_FORCEINLINE void __TZ_set_STACKSEAL_S (uint32_t* stackTop) {
 200:Drivers/CMSIS/Include/cmsis_gcc.h ****   *((uint64_t *)stackTop) = __TZ_STACK_SEAL_VALUE;
 201:Drivers/CMSIS/Include/cmsis_gcc.h **** }
 202:Drivers/CMSIS/Include/cmsis_gcc.h **** #endif
 203:Drivers/CMSIS/Include/cmsis_gcc.h **** 
 204:Drivers/CMSIS/Include/cmsis_gcc.h **** 
 205:Drivers/CMSIS/Include/cmsis_gcc.h **** /* ##########################  Core Instruction Access  ######################### */
 206:Drivers/CMSIS/Include/cmsis_gcc.h **** /** \defgroup CMSIS_Core_InstructionInterface CMSIS Core Instruction Interface
 207:Drivers/CMSIS/Include/cmsis_gcc.h ****   Access to dedicated instructions
 208:Drivers/CMSIS/Include/cmsis_gcc.h ****   @{
 209:Drivers/CMSIS/Include/cmsis_gcc.h **** */
 210:Drivers/CMSIS/Include/cmsis_gcc.h **** 
 211:Drivers/CMSIS/Include/cmsis_gcc.h **** /* Define macros for porting to both thumb1 and thumb2.
 212:Drivers/CMSIS/Include/cmsis_gcc.h ****  * For thumb1, use low register (r0-r7), specified by constraint "l"
 213:Drivers/CMSIS/Include/cmsis_gcc.h ****  * Otherwise, use general registers, specified by constraint "r" */
 214:Drivers/CMSIS/Include/cmsis_gcc.h **** #if defined (__thumb__) && !defined (__thumb2__)
 215:Drivers/CMSIS/Include/cmsis_gcc.h **** #define __CMSIS_GCC_OUT_REG(r) "=l" (r)
 216:Drivers/CMSIS/Include/cmsis_gcc.h **** #define __CMSIS_GCC_RW_REG(r) "+l" (r)
 217:Drivers/CMSIS/Include/cmsis_gcc.h **** #define __CMSIS_GCC_USE_REG(r) "l" (r)
 218:Drivers/CMSIS/Include/cmsis_gcc.h **** #else
 219:Drivers/CMSIS/Include/cmsis_gcc.h **** #define __CMSIS_GCC_OUT_REG(r) "=r" (r)
 220:Drivers/CMSIS/Include/cmsis_gcc.h **** #define __CMSIS_GCC_RW_REG(r) "+r" (r)
 221:Drivers/CMSIS/Include/cmsis_gcc.h **** #define __CMSIS_GCC_USE_REG(r) "r" (r)
 222:Drivers/CMSIS/Include/cmsis_gcc.h **** #endif
 223:Drivers/CMSIS/Include/cmsis_gcc.h **** 
 224:Drivers/CMSIS/Include/cmsis_gcc.h **** /**
 225:Drivers/CMSIS/Include/cmsis_gcc.h ****   \brief   No Operation
 226:Drivers/CMSIS/Include/cmsis_gcc.h ****   \details No Operation does nothing. This instruction can be used for code alignment purposes.
 227:Drivers/CMSIS/Include/cmsis_gcc.h ****  */
 228:Drivers/CMSIS/Include/cmsis_gcc.h **** #define __NOP()                             __ASM volatile ("nop")
 229:Drivers/CMSIS/Include/cmsis_gcc.h **** 
 230:Drivers/CMSIS/Include/cmsis_gcc.h **** /**
 231:Drivers/CMSIS/Include/cmsis_gcc.h ****   \brief   Wait For Interrupt
 232:Drivers/CMSIS/Include/cmsis_gcc.h ****   \details Wait For Interrupt is a hint instruction that suspends execution until one of a number o
 233:Drivers/CMSIS/Include/cmsis_gcc.h ****  */
 234:Drivers/CMSIS/Include/cmsis_gcc.h **** #define __WFI()                             __ASM volatile ("wfi":::"memory")
 235:Drivers/CMSIS/Include/cmsis_gcc.h **** 
 236:Drivers/CMSIS/Include/cmsis_gcc.h **** 
 237:Drivers/CMSIS/Include/cmsis_gcc.h **** /**
 238:Drivers/CMSIS/Include/cmsis_gcc.h ****   \brief   Wait For Event
 239:Drivers/CMSIS/Include/cmsis_gcc.h ****   \details Wait For Event is a hint instruction that permits the processor to enter
 240:Drivers/CMSIS/Include/cmsis_gcc.h ****            a low-power state until one of a number of events occurs.
 241:Drivers/CMSIS/Include/cmsis_gcc.h ****  */
 242:Drivers/CMSIS/Include/cmsis_gcc.h **** #define __WFE()                             __ASM volatile ("wfe":::"memory")
 243:Drivers/CMSIS/Include/cmsis_gcc.h **** 
 244:Drivers/CMSIS/Include/cmsis_gcc.h **** 
 245:Drivers/CMSIS/Include/cmsis_gcc.h **** /**
 246:Drivers/CMSIS/Include/cmsis_gcc.h ****   \brief   Send Event
 247:Drivers/CMSIS/Include/cmsis_gcc.h ****   \details Send Event is a hint instruction. It causes an event to be signaled to the CPU.
 248:Drivers/CMSIS/Include/cmsis_gcc.h ****  */
 249:Drivers/CMSIS/Include/cmsis_gcc.h **** #define __SEV()                             __ASM volatile ("sev")
 250:Drivers/CMSIS/Include/cmsis_gcc.h **** 
ARM GAS  C:\Users\DAELT-~1\AppData\Local\Temp\ccUXrYfb.s 			page 61


 251:Drivers/CMSIS/Include/cmsis_gcc.h **** 
 252:Drivers/CMSIS/Include/cmsis_gcc.h **** /**
 253:Drivers/CMSIS/Include/cmsis_gcc.h ****   \brief   Instruction Synchronization Barrier
 254:Drivers/CMSIS/Include/cmsis_gcc.h ****   \details Instruction Synchronization Barrier flushes the pipeline in the processor,
 255:Drivers/CMSIS/Include/cmsis_gcc.h ****            so that all instructions following the ISB are fetched from cache or memory,
 256:Drivers/CMSIS/Include/cmsis_gcc.h ****            after the instruction has been completed.
 257:Drivers/CMSIS/Include/cmsis_gcc.h ****  */
 258:Drivers/CMSIS/Include/cmsis_gcc.h **** __STATIC_FORCEINLINE void __ISB(void)
 259:Drivers/CMSIS/Include/cmsis_gcc.h **** {
 260:Drivers/CMSIS/Include/cmsis_gcc.h ****   __ASM volatile ("isb 0xF":::"memory");
 261:Drivers/CMSIS/Include/cmsis_gcc.h **** }
 262:Drivers/CMSIS/Include/cmsis_gcc.h **** 
 263:Drivers/CMSIS/Include/cmsis_gcc.h **** 
 264:Drivers/CMSIS/Include/cmsis_gcc.h **** /**
 265:Drivers/CMSIS/Include/cmsis_gcc.h ****   \brief   Data Synchronization Barrier
 266:Drivers/CMSIS/Include/cmsis_gcc.h ****   \details Acts as a special kind of Data Memory Barrier.
 267:Drivers/CMSIS/Include/cmsis_gcc.h ****            It completes when all explicit memory accesses before this instruction complete.
 268:Drivers/CMSIS/Include/cmsis_gcc.h ****  */
 269:Drivers/CMSIS/Include/cmsis_gcc.h **** __STATIC_FORCEINLINE void __DSB(void)
 270:Drivers/CMSIS/Include/cmsis_gcc.h **** {
 271:Drivers/CMSIS/Include/cmsis_gcc.h ****   __ASM volatile ("dsb 0xF":::"memory");
 272:Drivers/CMSIS/Include/cmsis_gcc.h **** }
 273:Drivers/CMSIS/Include/cmsis_gcc.h **** 
 274:Drivers/CMSIS/Include/cmsis_gcc.h **** 
 275:Drivers/CMSIS/Include/cmsis_gcc.h **** /**
 276:Drivers/CMSIS/Include/cmsis_gcc.h ****   \brief   Data Memory Barrier
 277:Drivers/CMSIS/Include/cmsis_gcc.h ****   \details Ensures the apparent order of the explicit memory operations before
 278:Drivers/CMSIS/Include/cmsis_gcc.h ****            and after the instruction, without ensuring their completion.
 279:Drivers/CMSIS/Include/cmsis_gcc.h ****  */
 280:Drivers/CMSIS/Include/cmsis_gcc.h **** __STATIC_FORCEINLINE void __DMB(void)
 281:Drivers/CMSIS/Include/cmsis_gcc.h **** {
 282:Drivers/CMSIS/Include/cmsis_gcc.h ****   __ASM volatile ("dmb 0xF":::"memory");
 283:Drivers/CMSIS/Include/cmsis_gcc.h **** }
 284:Drivers/CMSIS/Include/cmsis_gcc.h **** 
 285:Drivers/CMSIS/Include/cmsis_gcc.h **** 
 286:Drivers/CMSIS/Include/cmsis_gcc.h **** /**
 287:Drivers/CMSIS/Include/cmsis_gcc.h ****   \brief   Reverse byte order (32 bit)
 288:Drivers/CMSIS/Include/cmsis_gcc.h ****   \details Reverses the byte order in unsigned integer value. For example, 0x12345678 becomes 0x785
 289:Drivers/CMSIS/Include/cmsis_gcc.h ****   \param [in]    value  Value to reverse
 290:Drivers/CMSIS/Include/cmsis_gcc.h ****   \return               Reversed value
 291:Drivers/CMSIS/Include/cmsis_gcc.h ****  */
 292:Drivers/CMSIS/Include/cmsis_gcc.h **** __STATIC_FORCEINLINE uint32_t __REV(uint32_t value)
 293:Drivers/CMSIS/Include/cmsis_gcc.h **** {
 294:Drivers/CMSIS/Include/cmsis_gcc.h **** #if (__GNUC__ > 4) || (__GNUC__ == 4 && __GNUC_MINOR__ >= 5)
 295:Drivers/CMSIS/Include/cmsis_gcc.h ****   return __builtin_bswap32(value);
 296:Drivers/CMSIS/Include/cmsis_gcc.h **** #else
 297:Drivers/CMSIS/Include/cmsis_gcc.h ****   uint32_t result;
 298:Drivers/CMSIS/Include/cmsis_gcc.h **** 
 299:Drivers/CMSIS/Include/cmsis_gcc.h ****   __ASM ("rev %0, %1" : __CMSIS_GCC_OUT_REG (result) : __CMSIS_GCC_USE_REG (value) );
 300:Drivers/CMSIS/Include/cmsis_gcc.h ****   return result;
 301:Drivers/CMSIS/Include/cmsis_gcc.h **** #endif
 302:Drivers/CMSIS/Include/cmsis_gcc.h **** }
 303:Drivers/CMSIS/Include/cmsis_gcc.h **** 
 304:Drivers/CMSIS/Include/cmsis_gcc.h **** 
 305:Drivers/CMSIS/Include/cmsis_gcc.h **** /**
 306:Drivers/CMSIS/Include/cmsis_gcc.h ****   \brief   Reverse byte order (16 bit)
 307:Drivers/CMSIS/Include/cmsis_gcc.h ****   \details Reverses the byte order within each halfword of a word. For example, 0x12345678 becomes 
ARM GAS  C:\Users\DAELT-~1\AppData\Local\Temp\ccUXrYfb.s 			page 62


 308:Drivers/CMSIS/Include/cmsis_gcc.h ****   \param [in]    value  Value to reverse
 309:Drivers/CMSIS/Include/cmsis_gcc.h ****   \return               Reversed value
 310:Drivers/CMSIS/Include/cmsis_gcc.h ****  */
 311:Drivers/CMSIS/Include/cmsis_gcc.h **** __STATIC_FORCEINLINE uint32_t __REV16(uint32_t value)
 312:Drivers/CMSIS/Include/cmsis_gcc.h **** {
 313:Drivers/CMSIS/Include/cmsis_gcc.h ****   uint32_t result;
 314:Drivers/CMSIS/Include/cmsis_gcc.h **** 
 315:Drivers/CMSIS/Include/cmsis_gcc.h ****   __ASM ("rev16 %0, %1" : __CMSIS_GCC_OUT_REG (result) : __CMSIS_GCC_USE_REG (value) );
 316:Drivers/CMSIS/Include/cmsis_gcc.h ****   return result;
 317:Drivers/CMSIS/Include/cmsis_gcc.h **** }
 318:Drivers/CMSIS/Include/cmsis_gcc.h **** 
 319:Drivers/CMSIS/Include/cmsis_gcc.h **** 
 320:Drivers/CMSIS/Include/cmsis_gcc.h **** /**
 321:Drivers/CMSIS/Include/cmsis_gcc.h ****   \brief   Reverse byte order (16 bit)
 322:Drivers/CMSIS/Include/cmsis_gcc.h ****   \details Reverses the byte order in a 16-bit value and returns the signed 16-bit result. For exam
 323:Drivers/CMSIS/Include/cmsis_gcc.h ****   \param [in]    value  Value to reverse
 324:Drivers/CMSIS/Include/cmsis_gcc.h ****   \return               Reversed value
 325:Drivers/CMSIS/Include/cmsis_gcc.h ****  */
 326:Drivers/CMSIS/Include/cmsis_gcc.h **** __STATIC_FORCEINLINE int16_t __REVSH(int16_t value)
 327:Drivers/CMSIS/Include/cmsis_gcc.h **** {
 328:Drivers/CMSIS/Include/cmsis_gcc.h **** #if (__GNUC__ > 4) || (__GNUC__ == 4 && __GNUC_MINOR__ >= 8)
 329:Drivers/CMSIS/Include/cmsis_gcc.h ****   return (int16_t)__builtin_bswap16(value);
 330:Drivers/CMSIS/Include/cmsis_gcc.h **** #else
 331:Drivers/CMSIS/Include/cmsis_gcc.h ****   int16_t result;
 332:Drivers/CMSIS/Include/cmsis_gcc.h **** 
 333:Drivers/CMSIS/Include/cmsis_gcc.h ****   __ASM ("revsh %0, %1" : __CMSIS_GCC_OUT_REG (result) : __CMSIS_GCC_USE_REG (value) );
 334:Drivers/CMSIS/Include/cmsis_gcc.h ****   return result;
 335:Drivers/CMSIS/Include/cmsis_gcc.h **** #endif
 336:Drivers/CMSIS/Include/cmsis_gcc.h **** }
 337:Drivers/CMSIS/Include/cmsis_gcc.h **** 
 338:Drivers/CMSIS/Include/cmsis_gcc.h **** 
 339:Drivers/CMSIS/Include/cmsis_gcc.h **** /**
 340:Drivers/CMSIS/Include/cmsis_gcc.h ****   \brief   Rotate Right in unsigned value (32 bit)
 341:Drivers/CMSIS/Include/cmsis_gcc.h ****   \details Rotate Right (immediate) provides the value of the contents of a register rotated by a v
 342:Drivers/CMSIS/Include/cmsis_gcc.h ****   \param [in]    op1  Value to rotate
 343:Drivers/CMSIS/Include/cmsis_gcc.h ****   \param [in]    op2  Number of Bits to rotate
 344:Drivers/CMSIS/Include/cmsis_gcc.h ****   \return               Rotated value
 345:Drivers/CMSIS/Include/cmsis_gcc.h ****  */
 346:Drivers/CMSIS/Include/cmsis_gcc.h **** __STATIC_FORCEINLINE uint32_t __ROR(uint32_t op1, uint32_t op2)
 347:Drivers/CMSIS/Include/cmsis_gcc.h **** {
 348:Drivers/CMSIS/Include/cmsis_gcc.h ****   op2 %= 32U;
 349:Drivers/CMSIS/Include/cmsis_gcc.h ****   if (op2 == 0U)
 350:Drivers/CMSIS/Include/cmsis_gcc.h ****   {
 351:Drivers/CMSIS/Include/cmsis_gcc.h ****     return op1;
 352:Drivers/CMSIS/Include/cmsis_gcc.h ****   }
 353:Drivers/CMSIS/Include/cmsis_gcc.h ****   return (op1 >> op2) | (op1 << (32U - op2));
 354:Drivers/CMSIS/Include/cmsis_gcc.h **** }
 355:Drivers/CMSIS/Include/cmsis_gcc.h **** 
 356:Drivers/CMSIS/Include/cmsis_gcc.h **** 
 357:Drivers/CMSIS/Include/cmsis_gcc.h **** /**
 358:Drivers/CMSIS/Include/cmsis_gcc.h ****   \brief   Breakpoint
 359:Drivers/CMSIS/Include/cmsis_gcc.h ****   \details Causes the processor to enter Debug state.
 360:Drivers/CMSIS/Include/cmsis_gcc.h ****            Debug tools can use this to investigate system state when the instruction at a particula
 361:Drivers/CMSIS/Include/cmsis_gcc.h ****   \param [in]    value  is ignored by the processor.
 362:Drivers/CMSIS/Include/cmsis_gcc.h ****                  If required, a debugger can use it to store additional information about the break
 363:Drivers/CMSIS/Include/cmsis_gcc.h ****  */
 364:Drivers/CMSIS/Include/cmsis_gcc.h **** #define __BKPT(value)                       __ASM volatile ("bkpt "#value)
ARM GAS  C:\Users\DAELT-~1\AppData\Local\Temp\ccUXrYfb.s 			page 63


 365:Drivers/CMSIS/Include/cmsis_gcc.h **** 
 366:Drivers/CMSIS/Include/cmsis_gcc.h **** 
 367:Drivers/CMSIS/Include/cmsis_gcc.h **** /**
 368:Drivers/CMSIS/Include/cmsis_gcc.h ****   \brief   Reverse bit order of value
 369:Drivers/CMSIS/Include/cmsis_gcc.h ****   \details Reverses the bit order of the given value.
 370:Drivers/CMSIS/Include/cmsis_gcc.h ****   \param [in]    value  Value to reverse
 371:Drivers/CMSIS/Include/cmsis_gcc.h ****   \return               Reversed value
 372:Drivers/CMSIS/Include/cmsis_gcc.h ****  */
 373:Drivers/CMSIS/Include/cmsis_gcc.h **** __STATIC_FORCEINLINE uint32_t __RBIT(uint32_t value)
 374:Drivers/CMSIS/Include/cmsis_gcc.h **** {
 375:Drivers/CMSIS/Include/cmsis_gcc.h ****   uint32_t result;
 376:Drivers/CMSIS/Include/cmsis_gcc.h **** 
 377:Drivers/CMSIS/Include/cmsis_gcc.h **** #if ((defined (__ARM_ARCH_7M__      ) && (__ARM_ARCH_7M__      == 1)) || \
 378:Drivers/CMSIS/Include/cmsis_gcc.h ****      (defined (__ARM_ARCH_7EM__     ) && (__ARM_ARCH_7EM__     == 1)) || \
 379:Drivers/CMSIS/Include/cmsis_gcc.h ****      (defined (__ARM_ARCH_8M_MAIN__ ) && (__ARM_ARCH_8M_MAIN__ == 1))    )
 380:Drivers/CMSIS/Include/cmsis_gcc.h ****    __ASM ("rbit %0, %1" : "=r" (result) : "r" (value) );
 381:Drivers/CMSIS/Include/cmsis_gcc.h **** #else
 382:Drivers/CMSIS/Include/cmsis_gcc.h ****   uint32_t s = (4U /*sizeof(v)*/ * 8U) - 1U; /* extra shift needed at end */
 383:Drivers/CMSIS/Include/cmsis_gcc.h **** 
 384:Drivers/CMSIS/Include/cmsis_gcc.h ****   result = value;                      /* r will be reversed bits of v; first get LSB of v */
 385:Drivers/CMSIS/Include/cmsis_gcc.h ****   for (value >>= 1U; value != 0U; value >>= 1U)
 386:Drivers/CMSIS/Include/cmsis_gcc.h ****   {
 387:Drivers/CMSIS/Include/cmsis_gcc.h ****     result <<= 1U;
 388:Drivers/CMSIS/Include/cmsis_gcc.h ****     result |= value & 1U;
 389:Drivers/CMSIS/Include/cmsis_gcc.h ****     s--;
 390:Drivers/CMSIS/Include/cmsis_gcc.h ****   }
 391:Drivers/CMSIS/Include/cmsis_gcc.h ****   result <<= s;                        /* shift when v's highest bits are zero */
 392:Drivers/CMSIS/Include/cmsis_gcc.h **** #endif
 393:Drivers/CMSIS/Include/cmsis_gcc.h ****   return result;
 394:Drivers/CMSIS/Include/cmsis_gcc.h **** }
 395:Drivers/CMSIS/Include/cmsis_gcc.h **** 
 396:Drivers/CMSIS/Include/cmsis_gcc.h **** 
 397:Drivers/CMSIS/Include/cmsis_gcc.h **** /**
 398:Drivers/CMSIS/Include/cmsis_gcc.h ****   \brief   Count leading zeros
 399:Drivers/CMSIS/Include/cmsis_gcc.h ****   \details Counts the number of leading zeros of a data value.
 400:Drivers/CMSIS/Include/cmsis_gcc.h ****   \param [in]  value  Value to count the leading zeros
 401:Drivers/CMSIS/Include/cmsis_gcc.h ****   \return             number of leading zeros in value
 402:Drivers/CMSIS/Include/cmsis_gcc.h ****  */
 403:Drivers/CMSIS/Include/cmsis_gcc.h **** __STATIC_FORCEINLINE uint8_t __CLZ(uint32_t value)
 404:Drivers/CMSIS/Include/cmsis_gcc.h **** {
 405:Drivers/CMSIS/Include/cmsis_gcc.h ****   /* Even though __builtin_clz produces a CLZ instruction on ARM, formally
 406:Drivers/CMSIS/Include/cmsis_gcc.h ****      __builtin_clz(0) is undefined behaviour, so handle this case specially.
 407:Drivers/CMSIS/Include/cmsis_gcc.h ****      This guarantees ARM-compatible results if happening to compile on a non-ARM
 408:Drivers/CMSIS/Include/cmsis_gcc.h ****      target, and ensures the compiler doesn't decide to activate any
 409:Drivers/CMSIS/Include/cmsis_gcc.h ****      optimisations using the logic "value was passed to __builtin_clz, so it
 410:Drivers/CMSIS/Include/cmsis_gcc.h ****      is non-zero".
 411:Drivers/CMSIS/Include/cmsis_gcc.h ****      ARM GCC 7.3 and possibly earlier will optimise this test away, leaving a
 412:Drivers/CMSIS/Include/cmsis_gcc.h ****      single CLZ instruction.
 413:Drivers/CMSIS/Include/cmsis_gcc.h ****    */
 414:Drivers/CMSIS/Include/cmsis_gcc.h ****   if (value == 0U)
 415:Drivers/CMSIS/Include/cmsis_gcc.h ****   {
 416:Drivers/CMSIS/Include/cmsis_gcc.h ****     return 32U;
 417:Drivers/CMSIS/Include/cmsis_gcc.h ****   }
 418:Drivers/CMSIS/Include/cmsis_gcc.h ****   return __builtin_clz(value);
 419:Drivers/CMSIS/Include/cmsis_gcc.h **** }
 420:Drivers/CMSIS/Include/cmsis_gcc.h **** 
 421:Drivers/CMSIS/Include/cmsis_gcc.h **** 
ARM GAS  C:\Users\DAELT-~1\AppData\Local\Temp\ccUXrYfb.s 			page 64


 422:Drivers/CMSIS/Include/cmsis_gcc.h **** #if ((defined (__ARM_ARCH_7M__      ) && (__ARM_ARCH_7M__      == 1)) || \
 423:Drivers/CMSIS/Include/cmsis_gcc.h ****      (defined (__ARM_ARCH_7EM__     ) && (__ARM_ARCH_7EM__     == 1)) || \
 424:Drivers/CMSIS/Include/cmsis_gcc.h ****      (defined (__ARM_ARCH_8M_MAIN__ ) && (__ARM_ARCH_8M_MAIN__ == 1)) || \
 425:Drivers/CMSIS/Include/cmsis_gcc.h ****      (defined (__ARM_ARCH_8M_BASE__ ) && (__ARM_ARCH_8M_BASE__ == 1))    )
 426:Drivers/CMSIS/Include/cmsis_gcc.h **** /**
 427:Drivers/CMSIS/Include/cmsis_gcc.h ****   \brief   LDR Exclusive (8 bit)
 428:Drivers/CMSIS/Include/cmsis_gcc.h ****   \details Executes a exclusive LDR instruction for 8 bit value.
 429:Drivers/CMSIS/Include/cmsis_gcc.h ****   \param [in]    ptr  Pointer to data
 430:Drivers/CMSIS/Include/cmsis_gcc.h ****   \return             value of type uint8_t at (*ptr)
 431:Drivers/CMSIS/Include/cmsis_gcc.h ****  */
 432:Drivers/CMSIS/Include/cmsis_gcc.h **** __STATIC_FORCEINLINE uint8_t __LDREXB(volatile uint8_t *addr)
 433:Drivers/CMSIS/Include/cmsis_gcc.h **** {
 434:Drivers/CMSIS/Include/cmsis_gcc.h ****     uint32_t result;
 435:Drivers/CMSIS/Include/cmsis_gcc.h **** 
 436:Drivers/CMSIS/Include/cmsis_gcc.h **** #if (__GNUC__ > 4) || (__GNUC__ == 4 && __GNUC_MINOR__ >= 8)
 437:Drivers/CMSIS/Include/cmsis_gcc.h ****    __ASM volatile ("ldrexb %0, %1" : "=r" (result) : "Q" (*addr) );
 438:Drivers/CMSIS/Include/cmsis_gcc.h **** #else
 439:Drivers/CMSIS/Include/cmsis_gcc.h ****     /* Prior to GCC 4.8, "Q" will be expanded to [rx, #0] which is not
 440:Drivers/CMSIS/Include/cmsis_gcc.h ****        accepted by assembler. So has to use following less efficient pattern.
 441:Drivers/CMSIS/Include/cmsis_gcc.h ****     */
 442:Drivers/CMSIS/Include/cmsis_gcc.h ****    __ASM volatile ("ldrexb %0, [%1]" : "=r" (result) : "r" (addr) : "memory" );
 443:Drivers/CMSIS/Include/cmsis_gcc.h **** #endif
 444:Drivers/CMSIS/Include/cmsis_gcc.h ****    return ((uint8_t) result);    /* Add explicit type cast here */
 445:Drivers/CMSIS/Include/cmsis_gcc.h **** }
 446:Drivers/CMSIS/Include/cmsis_gcc.h **** 
 447:Drivers/CMSIS/Include/cmsis_gcc.h **** 
 448:Drivers/CMSIS/Include/cmsis_gcc.h **** /**
 449:Drivers/CMSIS/Include/cmsis_gcc.h ****   \brief   LDR Exclusive (16 bit)
 450:Drivers/CMSIS/Include/cmsis_gcc.h ****   \details Executes a exclusive LDR instruction for 16 bit values.
 451:Drivers/CMSIS/Include/cmsis_gcc.h ****   \param [in]    ptr  Pointer to data
 452:Drivers/CMSIS/Include/cmsis_gcc.h ****   \return        value of type uint16_t at (*ptr)
 453:Drivers/CMSIS/Include/cmsis_gcc.h ****  */
 454:Drivers/CMSIS/Include/cmsis_gcc.h **** __STATIC_FORCEINLINE uint16_t __LDREXH(volatile uint16_t *addr)
 455:Drivers/CMSIS/Include/cmsis_gcc.h **** {
 456:Drivers/CMSIS/Include/cmsis_gcc.h ****     uint32_t result;
 457:Drivers/CMSIS/Include/cmsis_gcc.h **** 
 458:Drivers/CMSIS/Include/cmsis_gcc.h **** #if (__GNUC__ > 4) || (__GNUC__ == 4 && __GNUC_MINOR__ >= 8)
 459:Drivers/CMSIS/Include/cmsis_gcc.h ****    __ASM volatile ("ldrexh %0, %1" : "=r" (result) : "Q" (*addr) );
 460:Drivers/CMSIS/Include/cmsis_gcc.h **** #else
 461:Drivers/CMSIS/Include/cmsis_gcc.h ****     /* Prior to GCC 4.8, "Q" will be expanded to [rx, #0] which is not
 462:Drivers/CMSIS/Include/cmsis_gcc.h ****        accepted by assembler. So has to use following less efficient pattern.
 463:Drivers/CMSIS/Include/cmsis_gcc.h ****     */
 464:Drivers/CMSIS/Include/cmsis_gcc.h ****    __ASM volatile ("ldrexh %0, [%1]" : "=r" (result) : "r" (addr) : "memory" );
 465:Drivers/CMSIS/Include/cmsis_gcc.h **** #endif
 466:Drivers/CMSIS/Include/cmsis_gcc.h ****    return ((uint16_t) result);    /* Add explicit type cast here */
 467:Drivers/CMSIS/Include/cmsis_gcc.h **** }
 468:Drivers/CMSIS/Include/cmsis_gcc.h **** 
 469:Drivers/CMSIS/Include/cmsis_gcc.h **** 
 470:Drivers/CMSIS/Include/cmsis_gcc.h **** /**
 471:Drivers/CMSIS/Include/cmsis_gcc.h ****   \brief   LDR Exclusive (32 bit)
 472:Drivers/CMSIS/Include/cmsis_gcc.h ****   \details Executes a exclusive LDR instruction for 32 bit values.
 473:Drivers/CMSIS/Include/cmsis_gcc.h ****   \param [in]    ptr  Pointer to data
 474:Drivers/CMSIS/Include/cmsis_gcc.h ****   \return        value of type uint32_t at (*ptr)
 475:Drivers/CMSIS/Include/cmsis_gcc.h ****  */
 476:Drivers/CMSIS/Include/cmsis_gcc.h **** __STATIC_FORCEINLINE uint32_t __LDREXW(volatile uint32_t *addr)
 477:Drivers/CMSIS/Include/cmsis_gcc.h **** {
 478:Drivers/CMSIS/Include/cmsis_gcc.h ****     uint32_t result;
ARM GAS  C:\Users\DAELT-~1\AppData\Local\Temp\ccUXrYfb.s 			page 65


 479:Drivers/CMSIS/Include/cmsis_gcc.h **** 
 480:Drivers/CMSIS/Include/cmsis_gcc.h ****    __ASM volatile ("ldrex %0, %1" : "=r" (result) : "Q" (*addr) );
 481:Drivers/CMSIS/Include/cmsis_gcc.h ****    return(result);
 482:Drivers/CMSIS/Include/cmsis_gcc.h **** }
 483:Drivers/CMSIS/Include/cmsis_gcc.h **** 
 484:Drivers/CMSIS/Include/cmsis_gcc.h **** 
 485:Drivers/CMSIS/Include/cmsis_gcc.h **** /**
 486:Drivers/CMSIS/Include/cmsis_gcc.h ****   \brief   STR Exclusive (8 bit)
 487:Drivers/CMSIS/Include/cmsis_gcc.h ****   \details Executes a exclusive STR instruction for 8 bit values.
 488:Drivers/CMSIS/Include/cmsis_gcc.h ****   \param [in]  value  Value to store
 489:Drivers/CMSIS/Include/cmsis_gcc.h ****   \param [in]    ptr  Pointer to location
 490:Drivers/CMSIS/Include/cmsis_gcc.h ****   \return          0  Function succeeded
 491:Drivers/CMSIS/Include/cmsis_gcc.h ****   \return          1  Function failed
 492:Drivers/CMSIS/Include/cmsis_gcc.h ****  */
 493:Drivers/CMSIS/Include/cmsis_gcc.h **** __STATIC_FORCEINLINE uint32_t __STREXB(uint8_t value, volatile uint8_t *addr)
 494:Drivers/CMSIS/Include/cmsis_gcc.h **** {
 495:Drivers/CMSIS/Include/cmsis_gcc.h ****    uint32_t result;
 496:Drivers/CMSIS/Include/cmsis_gcc.h **** 
 497:Drivers/CMSIS/Include/cmsis_gcc.h ****    __ASM volatile ("strexb %0, %2, %1" : "=&r" (result), "=Q" (*addr) : "r" ((uint32_t)value) );
 498:Drivers/CMSIS/Include/cmsis_gcc.h ****    return(result);
 499:Drivers/CMSIS/Include/cmsis_gcc.h **** }
 500:Drivers/CMSIS/Include/cmsis_gcc.h **** 
 501:Drivers/CMSIS/Include/cmsis_gcc.h **** 
 502:Drivers/CMSIS/Include/cmsis_gcc.h **** /**
 503:Drivers/CMSIS/Include/cmsis_gcc.h ****   \brief   STR Exclusive (16 bit)
 504:Drivers/CMSIS/Include/cmsis_gcc.h ****   \details Executes a exclusive STR instruction for 16 bit values.
 505:Drivers/CMSIS/Include/cmsis_gcc.h ****   \param [in]  value  Value to store
 506:Drivers/CMSIS/Include/cmsis_gcc.h ****   \param [in]    ptr  Pointer to location
 507:Drivers/CMSIS/Include/cmsis_gcc.h ****   \return          0  Function succeeded
 508:Drivers/CMSIS/Include/cmsis_gcc.h ****   \return          1  Function failed
 509:Drivers/CMSIS/Include/cmsis_gcc.h ****  */
 510:Drivers/CMSIS/Include/cmsis_gcc.h **** __STATIC_FORCEINLINE uint32_t __STREXH(uint16_t value, volatile uint16_t *addr)
 511:Drivers/CMSIS/Include/cmsis_gcc.h **** {
 512:Drivers/CMSIS/Include/cmsis_gcc.h ****    uint32_t result;
 513:Drivers/CMSIS/Include/cmsis_gcc.h **** 
 514:Drivers/CMSIS/Include/cmsis_gcc.h ****    __ASM volatile ("strexh %0, %2, %1" : "=&r" (result), "=Q" (*addr) : "r" ((uint32_t)value) );
 515:Drivers/CMSIS/Include/cmsis_gcc.h ****    return(result);
 516:Drivers/CMSIS/Include/cmsis_gcc.h **** }
 517:Drivers/CMSIS/Include/cmsis_gcc.h **** 
 518:Drivers/CMSIS/Include/cmsis_gcc.h **** 
 519:Drivers/CMSIS/Include/cmsis_gcc.h **** /**
 520:Drivers/CMSIS/Include/cmsis_gcc.h ****   \brief   STR Exclusive (32 bit)
 521:Drivers/CMSIS/Include/cmsis_gcc.h ****   \details Executes a exclusive STR instruction for 32 bit values.
 522:Drivers/CMSIS/Include/cmsis_gcc.h ****   \param [in]  value  Value to store
 523:Drivers/CMSIS/Include/cmsis_gcc.h ****   \param [in]    ptr  Pointer to location
 524:Drivers/CMSIS/Include/cmsis_gcc.h ****   \return          0  Function succeeded
 525:Drivers/CMSIS/Include/cmsis_gcc.h ****   \return          1  Function failed
 526:Drivers/CMSIS/Include/cmsis_gcc.h ****  */
 527:Drivers/CMSIS/Include/cmsis_gcc.h **** __STATIC_FORCEINLINE uint32_t __STREXW(uint32_t value, volatile uint32_t *addr)
 528:Drivers/CMSIS/Include/cmsis_gcc.h **** {
 529:Drivers/CMSIS/Include/cmsis_gcc.h ****    uint32_t result;
 530:Drivers/CMSIS/Include/cmsis_gcc.h **** 
 531:Drivers/CMSIS/Include/cmsis_gcc.h ****    __ASM volatile ("strex %0, %2, %1" : "=&r" (result), "=Q" (*addr) : "r" (value) );
 532:Drivers/CMSIS/Include/cmsis_gcc.h ****    return(result);
 533:Drivers/CMSIS/Include/cmsis_gcc.h **** }
 534:Drivers/CMSIS/Include/cmsis_gcc.h **** 
 535:Drivers/CMSIS/Include/cmsis_gcc.h **** 
ARM GAS  C:\Users\DAELT-~1\AppData\Local\Temp\ccUXrYfb.s 			page 66


 536:Drivers/CMSIS/Include/cmsis_gcc.h **** /**
 537:Drivers/CMSIS/Include/cmsis_gcc.h ****   \brief   Remove the exclusive lock
 538:Drivers/CMSIS/Include/cmsis_gcc.h ****   \details Removes the exclusive lock which is created by LDREX.
 539:Drivers/CMSIS/Include/cmsis_gcc.h ****  */
 540:Drivers/CMSIS/Include/cmsis_gcc.h **** __STATIC_FORCEINLINE void __CLREX(void)
 541:Drivers/CMSIS/Include/cmsis_gcc.h **** {
 542:Drivers/CMSIS/Include/cmsis_gcc.h ****   __ASM volatile ("clrex" ::: "memory");
 543:Drivers/CMSIS/Include/cmsis_gcc.h **** }
 544:Drivers/CMSIS/Include/cmsis_gcc.h **** 
 545:Drivers/CMSIS/Include/cmsis_gcc.h **** #endif /* ((defined (__ARM_ARCH_7M__      ) && (__ARM_ARCH_7M__      == 1)) || \
 546:Drivers/CMSIS/Include/cmsis_gcc.h ****            (defined (__ARM_ARCH_7EM__     ) && (__ARM_ARCH_7EM__     == 1)) || \
 547:Drivers/CMSIS/Include/cmsis_gcc.h ****            (defined (__ARM_ARCH_8M_MAIN__ ) && (__ARM_ARCH_8M_MAIN__ == 1)) || \
 548:Drivers/CMSIS/Include/cmsis_gcc.h ****            (defined (__ARM_ARCH_8M_BASE__ ) && (__ARM_ARCH_8M_BASE__ == 1))    ) */
 549:Drivers/CMSIS/Include/cmsis_gcc.h **** 
 550:Drivers/CMSIS/Include/cmsis_gcc.h **** 
 551:Drivers/CMSIS/Include/cmsis_gcc.h **** #if ((defined (__ARM_ARCH_7M__      ) && (__ARM_ARCH_7M__      == 1)) || \
 552:Drivers/CMSIS/Include/cmsis_gcc.h ****      (defined (__ARM_ARCH_7EM__     ) && (__ARM_ARCH_7EM__     == 1)) || \
 553:Drivers/CMSIS/Include/cmsis_gcc.h ****      (defined (__ARM_ARCH_8M_MAIN__ ) && (__ARM_ARCH_8M_MAIN__ == 1))    )
 554:Drivers/CMSIS/Include/cmsis_gcc.h **** /**
 555:Drivers/CMSIS/Include/cmsis_gcc.h ****   \brief   Signed Saturate
 556:Drivers/CMSIS/Include/cmsis_gcc.h ****   \details Saturates a signed value.
 557:Drivers/CMSIS/Include/cmsis_gcc.h ****   \param [in]  ARG1  Value to be saturated
 558:Drivers/CMSIS/Include/cmsis_gcc.h ****   \param [in]  ARG2  Bit position to saturate to (1..32)
 559:Drivers/CMSIS/Include/cmsis_gcc.h ****   \return             Saturated value
 560:Drivers/CMSIS/Include/cmsis_gcc.h ****  */
 561:Drivers/CMSIS/Include/cmsis_gcc.h **** #define __SSAT(ARG1, ARG2) \
 562:Drivers/CMSIS/Include/cmsis_gcc.h **** __extension__ \
 563:Drivers/CMSIS/Include/cmsis_gcc.h **** ({                          \
 564:Drivers/CMSIS/Include/cmsis_gcc.h ****   int32_t __RES, __ARG1 = (ARG1); \
 565:Drivers/CMSIS/Include/cmsis_gcc.h ****   __ASM volatile ("ssat %0, %1, %2" : "=r" (__RES) :  "I" (ARG2), "r" (__ARG1) : "cc" ); \
 566:Drivers/CMSIS/Include/cmsis_gcc.h ****   __RES; \
 567:Drivers/CMSIS/Include/cmsis_gcc.h ****  })
 568:Drivers/CMSIS/Include/cmsis_gcc.h **** 
 569:Drivers/CMSIS/Include/cmsis_gcc.h **** 
 570:Drivers/CMSIS/Include/cmsis_gcc.h **** /**
 571:Drivers/CMSIS/Include/cmsis_gcc.h ****   \brief   Unsigned Saturate
 572:Drivers/CMSIS/Include/cmsis_gcc.h ****   \details Saturates an unsigned value.
 573:Drivers/CMSIS/Include/cmsis_gcc.h ****   \param [in]  ARG1  Value to be saturated
 574:Drivers/CMSIS/Include/cmsis_gcc.h ****   \param [in]  ARG2  Bit position to saturate to (0..31)
 575:Drivers/CMSIS/Include/cmsis_gcc.h ****   \return             Saturated value
 576:Drivers/CMSIS/Include/cmsis_gcc.h ****  */
 577:Drivers/CMSIS/Include/cmsis_gcc.h **** #define __USAT(ARG1, ARG2) \
 578:Drivers/CMSIS/Include/cmsis_gcc.h **** __extension__ \
 579:Drivers/CMSIS/Include/cmsis_gcc.h **** ({                          \
 580:Drivers/CMSIS/Include/cmsis_gcc.h ****   uint32_t __RES, __ARG1 = (ARG1); \
 581:Drivers/CMSIS/Include/cmsis_gcc.h ****   __ASM volatile ("usat %0, %1, %2" : "=r" (__RES) :  "I" (ARG2), "r" (__ARG1) : "cc" ); \
 582:Drivers/CMSIS/Include/cmsis_gcc.h ****   __RES; \
 583:Drivers/CMSIS/Include/cmsis_gcc.h ****  })
 584:Drivers/CMSIS/Include/cmsis_gcc.h **** 
 585:Drivers/CMSIS/Include/cmsis_gcc.h **** 
 586:Drivers/CMSIS/Include/cmsis_gcc.h **** /**
 587:Drivers/CMSIS/Include/cmsis_gcc.h ****   \brief   Rotate Right with Extend (32 bit)
 588:Drivers/CMSIS/Include/cmsis_gcc.h ****   \details Moves each bit of a bitstring right by one bit.
 589:Drivers/CMSIS/Include/cmsis_gcc.h ****            The carry input is shifted in at the left end of the bitstring.
 590:Drivers/CMSIS/Include/cmsis_gcc.h ****   \param [in]    value  Value to rotate
 591:Drivers/CMSIS/Include/cmsis_gcc.h ****   \return               Rotated value
 592:Drivers/CMSIS/Include/cmsis_gcc.h ****  */
ARM GAS  C:\Users\DAELT-~1\AppData\Local\Temp\ccUXrYfb.s 			page 67


 593:Drivers/CMSIS/Include/cmsis_gcc.h **** __STATIC_FORCEINLINE uint32_t __RRX(uint32_t value)
 594:Drivers/CMSIS/Include/cmsis_gcc.h **** {
 595:Drivers/CMSIS/Include/cmsis_gcc.h ****   uint32_t result;
 596:Drivers/CMSIS/Include/cmsis_gcc.h **** 
 597:Drivers/CMSIS/Include/cmsis_gcc.h ****   __ASM volatile ("rrx %0, %1" : __CMSIS_GCC_OUT_REG (result) : __CMSIS_GCC_USE_REG (value) );
 598:Drivers/CMSIS/Include/cmsis_gcc.h ****   return(result);
 599:Drivers/CMSIS/Include/cmsis_gcc.h **** }
 600:Drivers/CMSIS/Include/cmsis_gcc.h **** 
 601:Drivers/CMSIS/Include/cmsis_gcc.h **** 
 602:Drivers/CMSIS/Include/cmsis_gcc.h **** /**
 603:Drivers/CMSIS/Include/cmsis_gcc.h ****   \brief   LDRT Unprivileged (8 bit)
 604:Drivers/CMSIS/Include/cmsis_gcc.h ****   \details Executes a Unprivileged LDRT instruction for 8 bit value.
 605:Drivers/CMSIS/Include/cmsis_gcc.h ****   \param [in]    ptr  Pointer to data
 606:Drivers/CMSIS/Include/cmsis_gcc.h ****   \return             value of type uint8_t at (*ptr)
 607:Drivers/CMSIS/Include/cmsis_gcc.h ****  */
 608:Drivers/CMSIS/Include/cmsis_gcc.h **** __STATIC_FORCEINLINE uint8_t __LDRBT(volatile uint8_t *ptr)
 609:Drivers/CMSIS/Include/cmsis_gcc.h **** {
 610:Drivers/CMSIS/Include/cmsis_gcc.h ****     uint32_t result;
 611:Drivers/CMSIS/Include/cmsis_gcc.h **** 
 612:Drivers/CMSIS/Include/cmsis_gcc.h **** #if (__GNUC__ > 4) || (__GNUC__ == 4 && __GNUC_MINOR__ >= 8)
 613:Drivers/CMSIS/Include/cmsis_gcc.h ****    __ASM volatile ("ldrbt %0, %1" : "=r" (result) : "Q" (*ptr) );
 614:Drivers/CMSIS/Include/cmsis_gcc.h **** #else
 615:Drivers/CMSIS/Include/cmsis_gcc.h ****     /* Prior to GCC 4.8, "Q" will be expanded to [rx, #0] which is not
 616:Drivers/CMSIS/Include/cmsis_gcc.h ****        accepted by assembler. So has to use following less efficient pattern.
 617:Drivers/CMSIS/Include/cmsis_gcc.h ****     */
 618:Drivers/CMSIS/Include/cmsis_gcc.h ****    __ASM volatile ("ldrbt %0, [%1]" : "=r" (result) : "r" (ptr) : "memory" );
 619:Drivers/CMSIS/Include/cmsis_gcc.h **** #endif
 620:Drivers/CMSIS/Include/cmsis_gcc.h ****    return ((uint8_t) result);    /* Add explicit type cast here */
 621:Drivers/CMSIS/Include/cmsis_gcc.h **** }
 622:Drivers/CMSIS/Include/cmsis_gcc.h **** 
 623:Drivers/CMSIS/Include/cmsis_gcc.h **** 
 624:Drivers/CMSIS/Include/cmsis_gcc.h **** /**
 625:Drivers/CMSIS/Include/cmsis_gcc.h ****   \brief   LDRT Unprivileged (16 bit)
 626:Drivers/CMSIS/Include/cmsis_gcc.h ****   \details Executes a Unprivileged LDRT instruction for 16 bit values.
 627:Drivers/CMSIS/Include/cmsis_gcc.h ****   \param [in]    ptr  Pointer to data
 628:Drivers/CMSIS/Include/cmsis_gcc.h ****   \return        value of type uint16_t at (*ptr)
 629:Drivers/CMSIS/Include/cmsis_gcc.h ****  */
 630:Drivers/CMSIS/Include/cmsis_gcc.h **** __STATIC_FORCEINLINE uint16_t __LDRHT(volatile uint16_t *ptr)
 631:Drivers/CMSIS/Include/cmsis_gcc.h **** {
 632:Drivers/CMSIS/Include/cmsis_gcc.h ****     uint32_t result;
 633:Drivers/CMSIS/Include/cmsis_gcc.h **** 
 634:Drivers/CMSIS/Include/cmsis_gcc.h **** #if (__GNUC__ > 4) || (__GNUC__ == 4 && __GNUC_MINOR__ >= 8)
 635:Drivers/CMSIS/Include/cmsis_gcc.h ****    __ASM volatile ("ldrht %0, %1" : "=r" (result) : "Q" (*ptr) );
 636:Drivers/CMSIS/Include/cmsis_gcc.h **** #else
 637:Drivers/CMSIS/Include/cmsis_gcc.h ****     /* Prior to GCC 4.8, "Q" will be expanded to [rx, #0] which is not
 638:Drivers/CMSIS/Include/cmsis_gcc.h ****        accepted by assembler. So has to use following less efficient pattern.
 639:Drivers/CMSIS/Include/cmsis_gcc.h ****     */
 640:Drivers/CMSIS/Include/cmsis_gcc.h ****    __ASM volatile ("ldrht %0, [%1]" : "=r" (result) : "r" (ptr) : "memory" );
 641:Drivers/CMSIS/Include/cmsis_gcc.h **** #endif
 642:Drivers/CMSIS/Include/cmsis_gcc.h ****    return ((uint16_t) result);    /* Add explicit type cast here */
 643:Drivers/CMSIS/Include/cmsis_gcc.h **** }
 644:Drivers/CMSIS/Include/cmsis_gcc.h **** 
 645:Drivers/CMSIS/Include/cmsis_gcc.h **** 
 646:Drivers/CMSIS/Include/cmsis_gcc.h **** /**
 647:Drivers/CMSIS/Include/cmsis_gcc.h ****   \brief   LDRT Unprivileged (32 bit)
 648:Drivers/CMSIS/Include/cmsis_gcc.h ****   \details Executes a Unprivileged LDRT instruction for 32 bit values.
 649:Drivers/CMSIS/Include/cmsis_gcc.h ****   \param [in]    ptr  Pointer to data
ARM GAS  C:\Users\DAELT-~1\AppData\Local\Temp\ccUXrYfb.s 			page 68


 650:Drivers/CMSIS/Include/cmsis_gcc.h ****   \return        value of type uint32_t at (*ptr)
 651:Drivers/CMSIS/Include/cmsis_gcc.h ****  */
 652:Drivers/CMSIS/Include/cmsis_gcc.h **** __STATIC_FORCEINLINE uint32_t __LDRT(volatile uint32_t *ptr)
 653:Drivers/CMSIS/Include/cmsis_gcc.h **** {
 654:Drivers/CMSIS/Include/cmsis_gcc.h ****     uint32_t result;
 655:Drivers/CMSIS/Include/cmsis_gcc.h **** 
 656:Drivers/CMSIS/Include/cmsis_gcc.h ****    __ASM volatile ("ldrt %0, %1" : "=r" (result) : "Q" (*ptr) );
 657:Drivers/CMSIS/Include/cmsis_gcc.h ****    return(result);
 658:Drivers/CMSIS/Include/cmsis_gcc.h **** }
 659:Drivers/CMSIS/Include/cmsis_gcc.h **** 
 660:Drivers/CMSIS/Include/cmsis_gcc.h **** 
 661:Drivers/CMSIS/Include/cmsis_gcc.h **** /**
 662:Drivers/CMSIS/Include/cmsis_gcc.h ****   \brief   STRT Unprivileged (8 bit)
 663:Drivers/CMSIS/Include/cmsis_gcc.h ****   \details Executes a Unprivileged STRT instruction for 8 bit values.
 664:Drivers/CMSIS/Include/cmsis_gcc.h ****   \param [in]  value  Value to store
 665:Drivers/CMSIS/Include/cmsis_gcc.h ****   \param [in]    ptr  Pointer to location
 666:Drivers/CMSIS/Include/cmsis_gcc.h ****  */
 667:Drivers/CMSIS/Include/cmsis_gcc.h **** __STATIC_FORCEINLINE void __STRBT(uint8_t value, volatile uint8_t *ptr)
 668:Drivers/CMSIS/Include/cmsis_gcc.h **** {
 669:Drivers/CMSIS/Include/cmsis_gcc.h ****    __ASM volatile ("strbt %1, %0" : "=Q" (*ptr) : "r" ((uint32_t)value) );
 670:Drivers/CMSIS/Include/cmsis_gcc.h **** }
 671:Drivers/CMSIS/Include/cmsis_gcc.h **** 
 672:Drivers/CMSIS/Include/cmsis_gcc.h **** 
 673:Drivers/CMSIS/Include/cmsis_gcc.h **** /**
 674:Drivers/CMSIS/Include/cmsis_gcc.h ****   \brief   STRT Unprivileged (16 bit)
 675:Drivers/CMSIS/Include/cmsis_gcc.h ****   \details Executes a Unprivileged STRT instruction for 16 bit values.
 676:Drivers/CMSIS/Include/cmsis_gcc.h ****   \param [in]  value  Value to store
 677:Drivers/CMSIS/Include/cmsis_gcc.h ****   \param [in]    ptr  Pointer to location
 678:Drivers/CMSIS/Include/cmsis_gcc.h ****  */
 679:Drivers/CMSIS/Include/cmsis_gcc.h **** __STATIC_FORCEINLINE void __STRHT(uint16_t value, volatile uint16_t *ptr)
 680:Drivers/CMSIS/Include/cmsis_gcc.h **** {
 681:Drivers/CMSIS/Include/cmsis_gcc.h ****    __ASM volatile ("strht %1, %0" : "=Q" (*ptr) : "r" ((uint32_t)value) );
 682:Drivers/CMSIS/Include/cmsis_gcc.h **** }
 683:Drivers/CMSIS/Include/cmsis_gcc.h **** 
 684:Drivers/CMSIS/Include/cmsis_gcc.h **** 
 685:Drivers/CMSIS/Include/cmsis_gcc.h **** /**
 686:Drivers/CMSIS/Include/cmsis_gcc.h ****   \brief   STRT Unprivileged (32 bit)
 687:Drivers/CMSIS/Include/cmsis_gcc.h ****   \details Executes a Unprivileged STRT instruction for 32 bit values.
 688:Drivers/CMSIS/Include/cmsis_gcc.h ****   \param [in]  value  Value to store
 689:Drivers/CMSIS/Include/cmsis_gcc.h ****   \param [in]    ptr  Pointer to location
 690:Drivers/CMSIS/Include/cmsis_gcc.h ****  */
 691:Drivers/CMSIS/Include/cmsis_gcc.h **** __STATIC_FORCEINLINE void __STRT(uint32_t value, volatile uint32_t *ptr)
 692:Drivers/CMSIS/Include/cmsis_gcc.h **** {
 693:Drivers/CMSIS/Include/cmsis_gcc.h ****    __ASM volatile ("strt %1, %0" : "=Q" (*ptr) : "r" (value) );
 694:Drivers/CMSIS/Include/cmsis_gcc.h **** }
 695:Drivers/CMSIS/Include/cmsis_gcc.h **** 
 696:Drivers/CMSIS/Include/cmsis_gcc.h **** #else  /* ((defined (__ARM_ARCH_7M__      ) && (__ARM_ARCH_7M__      == 1)) || \
 697:Drivers/CMSIS/Include/cmsis_gcc.h ****            (defined (__ARM_ARCH_7EM__     ) && (__ARM_ARCH_7EM__     == 1)) || \
 698:Drivers/CMSIS/Include/cmsis_gcc.h ****            (defined (__ARM_ARCH_8M_MAIN__ ) && (__ARM_ARCH_8M_MAIN__ == 1))    ) */
 699:Drivers/CMSIS/Include/cmsis_gcc.h **** 
 700:Drivers/CMSIS/Include/cmsis_gcc.h **** /**
 701:Drivers/CMSIS/Include/cmsis_gcc.h ****   \brief   Signed Saturate
 702:Drivers/CMSIS/Include/cmsis_gcc.h ****   \details Saturates a signed value.
 703:Drivers/CMSIS/Include/cmsis_gcc.h ****   \param [in]  value  Value to be saturated
 704:Drivers/CMSIS/Include/cmsis_gcc.h ****   \param [in]    sat  Bit position to saturate to (1..32)
 705:Drivers/CMSIS/Include/cmsis_gcc.h ****   \return             Saturated value
 706:Drivers/CMSIS/Include/cmsis_gcc.h ****  */
ARM GAS  C:\Users\DAELT-~1\AppData\Local\Temp\ccUXrYfb.s 			page 69


 707:Drivers/CMSIS/Include/cmsis_gcc.h **** __STATIC_FORCEINLINE int32_t __SSAT(int32_t val, uint32_t sat)
 708:Drivers/CMSIS/Include/cmsis_gcc.h **** {
 709:Drivers/CMSIS/Include/cmsis_gcc.h ****   if ((sat >= 1U) && (sat <= 32U))
 710:Drivers/CMSIS/Include/cmsis_gcc.h ****   {
 711:Drivers/CMSIS/Include/cmsis_gcc.h ****     const int32_t max = (int32_t)((1U << (sat - 1U)) - 1U);
 712:Drivers/CMSIS/Include/cmsis_gcc.h ****     const int32_t min = -1 - max ;
 713:Drivers/CMSIS/Include/cmsis_gcc.h ****     if (val > max)
 714:Drivers/CMSIS/Include/cmsis_gcc.h ****     {
 715:Drivers/CMSIS/Include/cmsis_gcc.h ****       return max;
 716:Drivers/CMSIS/Include/cmsis_gcc.h ****     }
 717:Drivers/CMSIS/Include/cmsis_gcc.h ****     else if (val < min)
 718:Drivers/CMSIS/Include/cmsis_gcc.h ****     {
 719:Drivers/CMSIS/Include/cmsis_gcc.h ****       return min;
 720:Drivers/CMSIS/Include/cmsis_gcc.h ****     }
 721:Drivers/CMSIS/Include/cmsis_gcc.h ****   }
 722:Drivers/CMSIS/Include/cmsis_gcc.h ****   return val;
 723:Drivers/CMSIS/Include/cmsis_gcc.h **** }
 724:Drivers/CMSIS/Include/cmsis_gcc.h **** 
 725:Drivers/CMSIS/Include/cmsis_gcc.h **** /**
 726:Drivers/CMSIS/Include/cmsis_gcc.h ****   \brief   Unsigned Saturate
 727:Drivers/CMSIS/Include/cmsis_gcc.h ****   \details Saturates an unsigned value.
 728:Drivers/CMSIS/Include/cmsis_gcc.h ****   \param [in]  value  Value to be saturated
 729:Drivers/CMSIS/Include/cmsis_gcc.h ****   \param [in]    sat  Bit position to saturate to (0..31)
 730:Drivers/CMSIS/Include/cmsis_gcc.h ****   \return             Saturated value
 731:Drivers/CMSIS/Include/cmsis_gcc.h ****  */
 732:Drivers/CMSIS/Include/cmsis_gcc.h **** __STATIC_FORCEINLINE uint32_t __USAT(int32_t val, uint32_t sat)
 733:Drivers/CMSIS/Include/cmsis_gcc.h **** {
 734:Drivers/CMSIS/Include/cmsis_gcc.h ****   if (sat <= 31U)
 735:Drivers/CMSIS/Include/cmsis_gcc.h ****   {
 736:Drivers/CMSIS/Include/cmsis_gcc.h ****     const uint32_t max = ((1U << sat) - 1U);
 737:Drivers/CMSIS/Include/cmsis_gcc.h ****     if (val > (int32_t)max)
 738:Drivers/CMSIS/Include/cmsis_gcc.h ****     {
 739:Drivers/CMSIS/Include/cmsis_gcc.h ****       return max;
 740:Drivers/CMSIS/Include/cmsis_gcc.h ****     }
 741:Drivers/CMSIS/Include/cmsis_gcc.h ****     else if (val < 0)
 742:Drivers/CMSIS/Include/cmsis_gcc.h ****     {
 743:Drivers/CMSIS/Include/cmsis_gcc.h ****       return 0U;
 744:Drivers/CMSIS/Include/cmsis_gcc.h ****     }
 745:Drivers/CMSIS/Include/cmsis_gcc.h ****   }
 746:Drivers/CMSIS/Include/cmsis_gcc.h ****   return (uint32_t)val;
 747:Drivers/CMSIS/Include/cmsis_gcc.h **** }
 748:Drivers/CMSIS/Include/cmsis_gcc.h **** 
 749:Drivers/CMSIS/Include/cmsis_gcc.h **** #endif /* ((defined (__ARM_ARCH_7M__      ) && (__ARM_ARCH_7M__      == 1)) || \
 750:Drivers/CMSIS/Include/cmsis_gcc.h ****            (defined (__ARM_ARCH_7EM__     ) && (__ARM_ARCH_7EM__     == 1)) || \
 751:Drivers/CMSIS/Include/cmsis_gcc.h ****            (defined (__ARM_ARCH_8M_MAIN__ ) && (__ARM_ARCH_8M_MAIN__ == 1))    ) */
 752:Drivers/CMSIS/Include/cmsis_gcc.h **** 
 753:Drivers/CMSIS/Include/cmsis_gcc.h **** 
 754:Drivers/CMSIS/Include/cmsis_gcc.h **** #if ((defined (__ARM_ARCH_8M_MAIN__ ) && (__ARM_ARCH_8M_MAIN__ == 1)) || \
 755:Drivers/CMSIS/Include/cmsis_gcc.h ****      (defined (__ARM_ARCH_8M_BASE__ ) && (__ARM_ARCH_8M_BASE__ == 1))    )
 756:Drivers/CMSIS/Include/cmsis_gcc.h **** /**
 757:Drivers/CMSIS/Include/cmsis_gcc.h ****   \brief   Load-Acquire (8 bit)
 758:Drivers/CMSIS/Include/cmsis_gcc.h ****   \details Executes a LDAB instruction for 8 bit value.
 759:Drivers/CMSIS/Include/cmsis_gcc.h ****   \param [in]    ptr  Pointer to data
 760:Drivers/CMSIS/Include/cmsis_gcc.h ****   \return             value of type uint8_t at (*ptr)
 761:Drivers/CMSIS/Include/cmsis_gcc.h ****  */
 762:Drivers/CMSIS/Include/cmsis_gcc.h **** __STATIC_FORCEINLINE uint8_t __LDAB(volatile uint8_t *ptr)
 763:Drivers/CMSIS/Include/cmsis_gcc.h **** {
ARM GAS  C:\Users\DAELT-~1\AppData\Local\Temp\ccUXrYfb.s 			page 70


 764:Drivers/CMSIS/Include/cmsis_gcc.h ****     uint32_t result;
 765:Drivers/CMSIS/Include/cmsis_gcc.h **** 
 766:Drivers/CMSIS/Include/cmsis_gcc.h ****    __ASM volatile ("ldab %0, %1" : "=r" (result) : "Q" (*ptr) : "memory" );
 767:Drivers/CMSIS/Include/cmsis_gcc.h ****    return ((uint8_t) result);
 768:Drivers/CMSIS/Include/cmsis_gcc.h **** }
 769:Drivers/CMSIS/Include/cmsis_gcc.h **** 
 770:Drivers/CMSIS/Include/cmsis_gcc.h **** 
 771:Drivers/CMSIS/Include/cmsis_gcc.h **** /**
 772:Drivers/CMSIS/Include/cmsis_gcc.h ****   \brief   Load-Acquire (16 bit)
 773:Drivers/CMSIS/Include/cmsis_gcc.h ****   \details Executes a LDAH instruction for 16 bit values.
 774:Drivers/CMSIS/Include/cmsis_gcc.h ****   \param [in]    ptr  Pointer to data
 775:Drivers/CMSIS/Include/cmsis_gcc.h ****   \return        value of type uint16_t at (*ptr)
 776:Drivers/CMSIS/Include/cmsis_gcc.h ****  */
 777:Drivers/CMSIS/Include/cmsis_gcc.h **** __STATIC_FORCEINLINE uint16_t __LDAH(volatile uint16_t *ptr)
 778:Drivers/CMSIS/Include/cmsis_gcc.h **** {
 779:Drivers/CMSIS/Include/cmsis_gcc.h ****     uint32_t result;
 780:Drivers/CMSIS/Include/cmsis_gcc.h **** 
 781:Drivers/CMSIS/Include/cmsis_gcc.h ****    __ASM volatile ("ldah %0, %1" : "=r" (result) : "Q" (*ptr) : "memory" );
 782:Drivers/CMSIS/Include/cmsis_gcc.h ****    return ((uint16_t) result);
 783:Drivers/CMSIS/Include/cmsis_gcc.h **** }
 784:Drivers/CMSIS/Include/cmsis_gcc.h **** 
 785:Drivers/CMSIS/Include/cmsis_gcc.h **** 
 786:Drivers/CMSIS/Include/cmsis_gcc.h **** /**
 787:Drivers/CMSIS/Include/cmsis_gcc.h ****   \brief   Load-Acquire (32 bit)
 788:Drivers/CMSIS/Include/cmsis_gcc.h ****   \details Executes a LDA instruction for 32 bit values.
 789:Drivers/CMSIS/Include/cmsis_gcc.h ****   \param [in]    ptr  Pointer to data
 790:Drivers/CMSIS/Include/cmsis_gcc.h ****   \return        value of type uint32_t at (*ptr)
 791:Drivers/CMSIS/Include/cmsis_gcc.h ****  */
 792:Drivers/CMSIS/Include/cmsis_gcc.h **** __STATIC_FORCEINLINE uint32_t __LDA(volatile uint32_t *ptr)
 793:Drivers/CMSIS/Include/cmsis_gcc.h **** {
 794:Drivers/CMSIS/Include/cmsis_gcc.h ****     uint32_t result;
 795:Drivers/CMSIS/Include/cmsis_gcc.h **** 
 796:Drivers/CMSIS/Include/cmsis_gcc.h ****    __ASM volatile ("lda %0, %1" : "=r" (result) : "Q" (*ptr) : "memory" );
 797:Drivers/CMSIS/Include/cmsis_gcc.h ****    return(result);
 798:Drivers/CMSIS/Include/cmsis_gcc.h **** }
 799:Drivers/CMSIS/Include/cmsis_gcc.h **** 
 800:Drivers/CMSIS/Include/cmsis_gcc.h **** 
 801:Drivers/CMSIS/Include/cmsis_gcc.h **** /**
 802:Drivers/CMSIS/Include/cmsis_gcc.h ****   \brief   Store-Release (8 bit)
 803:Drivers/CMSIS/Include/cmsis_gcc.h ****   \details Executes a STLB instruction for 8 bit values.
 804:Drivers/CMSIS/Include/cmsis_gcc.h ****   \param [in]  value  Value to store
 805:Drivers/CMSIS/Include/cmsis_gcc.h ****   \param [in]    ptr  Pointer to location
 806:Drivers/CMSIS/Include/cmsis_gcc.h ****  */
 807:Drivers/CMSIS/Include/cmsis_gcc.h **** __STATIC_FORCEINLINE void __STLB(uint8_t value, volatile uint8_t *ptr)
 808:Drivers/CMSIS/Include/cmsis_gcc.h **** {
 809:Drivers/CMSIS/Include/cmsis_gcc.h ****    __ASM volatile ("stlb %1, %0" : "=Q" (*ptr) : "r" ((uint32_t)value) : "memory" );
 810:Drivers/CMSIS/Include/cmsis_gcc.h **** }
 811:Drivers/CMSIS/Include/cmsis_gcc.h **** 
 812:Drivers/CMSIS/Include/cmsis_gcc.h **** 
 813:Drivers/CMSIS/Include/cmsis_gcc.h **** /**
 814:Drivers/CMSIS/Include/cmsis_gcc.h ****   \brief   Store-Release (16 bit)
 815:Drivers/CMSIS/Include/cmsis_gcc.h ****   \details Executes a STLH instruction for 16 bit values.
 816:Drivers/CMSIS/Include/cmsis_gcc.h ****   \param [in]  value  Value to store
 817:Drivers/CMSIS/Include/cmsis_gcc.h ****   \param [in]    ptr  Pointer to location
 818:Drivers/CMSIS/Include/cmsis_gcc.h ****  */
 819:Drivers/CMSIS/Include/cmsis_gcc.h **** __STATIC_FORCEINLINE void __STLH(uint16_t value, volatile uint16_t *ptr)
 820:Drivers/CMSIS/Include/cmsis_gcc.h **** {
ARM GAS  C:\Users\DAELT-~1\AppData\Local\Temp\ccUXrYfb.s 			page 71


 821:Drivers/CMSIS/Include/cmsis_gcc.h ****    __ASM volatile ("stlh %1, %0" : "=Q" (*ptr) : "r" ((uint32_t)value) : "memory" );
 822:Drivers/CMSIS/Include/cmsis_gcc.h **** }
 823:Drivers/CMSIS/Include/cmsis_gcc.h **** 
 824:Drivers/CMSIS/Include/cmsis_gcc.h **** 
 825:Drivers/CMSIS/Include/cmsis_gcc.h **** /**
 826:Drivers/CMSIS/Include/cmsis_gcc.h ****   \brief   Store-Release (32 bit)
 827:Drivers/CMSIS/Include/cmsis_gcc.h ****   \details Executes a STL instruction for 32 bit values.
 828:Drivers/CMSIS/Include/cmsis_gcc.h ****   \param [in]  value  Value to store
 829:Drivers/CMSIS/Include/cmsis_gcc.h ****   \param [in]    ptr  Pointer to location
 830:Drivers/CMSIS/Include/cmsis_gcc.h ****  */
 831:Drivers/CMSIS/Include/cmsis_gcc.h **** __STATIC_FORCEINLINE void __STL(uint32_t value, volatile uint32_t *ptr)
 832:Drivers/CMSIS/Include/cmsis_gcc.h **** {
 833:Drivers/CMSIS/Include/cmsis_gcc.h ****    __ASM volatile ("stl %1, %0" : "=Q" (*ptr) : "r" ((uint32_t)value) : "memory" );
 834:Drivers/CMSIS/Include/cmsis_gcc.h **** }
 835:Drivers/CMSIS/Include/cmsis_gcc.h **** 
 836:Drivers/CMSIS/Include/cmsis_gcc.h **** 
 837:Drivers/CMSIS/Include/cmsis_gcc.h **** /**
 838:Drivers/CMSIS/Include/cmsis_gcc.h ****   \brief   Load-Acquire Exclusive (8 bit)
 839:Drivers/CMSIS/Include/cmsis_gcc.h ****   \details Executes a LDAB exclusive instruction for 8 bit value.
 840:Drivers/CMSIS/Include/cmsis_gcc.h ****   \param [in]    ptr  Pointer to data
 841:Drivers/CMSIS/Include/cmsis_gcc.h ****   \return             value of type uint8_t at (*ptr)
 842:Drivers/CMSIS/Include/cmsis_gcc.h ****  */
 843:Drivers/CMSIS/Include/cmsis_gcc.h **** __STATIC_FORCEINLINE uint8_t __LDAEXB(volatile uint8_t *ptr)
 844:Drivers/CMSIS/Include/cmsis_gcc.h **** {
 845:Drivers/CMSIS/Include/cmsis_gcc.h ****     uint32_t result;
 846:Drivers/CMSIS/Include/cmsis_gcc.h **** 
 847:Drivers/CMSIS/Include/cmsis_gcc.h ****    __ASM volatile ("ldaexb %0, %1" : "=r" (result) : "Q" (*ptr) : "memory" );
 848:Drivers/CMSIS/Include/cmsis_gcc.h ****    return ((uint8_t) result);
 849:Drivers/CMSIS/Include/cmsis_gcc.h **** }
 850:Drivers/CMSIS/Include/cmsis_gcc.h **** 
 851:Drivers/CMSIS/Include/cmsis_gcc.h **** 
 852:Drivers/CMSIS/Include/cmsis_gcc.h **** /**
 853:Drivers/CMSIS/Include/cmsis_gcc.h ****   \brief   Load-Acquire Exclusive (16 bit)
 854:Drivers/CMSIS/Include/cmsis_gcc.h ****   \details Executes a LDAH exclusive instruction for 16 bit values.
 855:Drivers/CMSIS/Include/cmsis_gcc.h ****   \param [in]    ptr  Pointer to data
 856:Drivers/CMSIS/Include/cmsis_gcc.h ****   \return        value of type uint16_t at (*ptr)
 857:Drivers/CMSIS/Include/cmsis_gcc.h ****  */
 858:Drivers/CMSIS/Include/cmsis_gcc.h **** __STATIC_FORCEINLINE uint16_t __LDAEXH(volatile uint16_t *ptr)
 859:Drivers/CMSIS/Include/cmsis_gcc.h **** {
 860:Drivers/CMSIS/Include/cmsis_gcc.h ****     uint32_t result;
 861:Drivers/CMSIS/Include/cmsis_gcc.h **** 
 862:Drivers/CMSIS/Include/cmsis_gcc.h ****    __ASM volatile ("ldaexh %0, %1" : "=r" (result) : "Q" (*ptr) : "memory" );
 863:Drivers/CMSIS/Include/cmsis_gcc.h ****    return ((uint16_t) result);
 864:Drivers/CMSIS/Include/cmsis_gcc.h **** }
 865:Drivers/CMSIS/Include/cmsis_gcc.h **** 
 866:Drivers/CMSIS/Include/cmsis_gcc.h **** 
 867:Drivers/CMSIS/Include/cmsis_gcc.h **** /**
 868:Drivers/CMSIS/Include/cmsis_gcc.h ****   \brief   Load-Acquire Exclusive (32 bit)
 869:Drivers/CMSIS/Include/cmsis_gcc.h ****   \details Executes a LDA exclusive instruction for 32 bit values.
 870:Drivers/CMSIS/Include/cmsis_gcc.h ****   \param [in]    ptr  Pointer to data
 871:Drivers/CMSIS/Include/cmsis_gcc.h ****   \return        value of type uint32_t at (*ptr)
 872:Drivers/CMSIS/Include/cmsis_gcc.h ****  */
 873:Drivers/CMSIS/Include/cmsis_gcc.h **** __STATIC_FORCEINLINE uint32_t __LDAEX(volatile uint32_t *ptr)
 874:Drivers/CMSIS/Include/cmsis_gcc.h **** {
 875:Drivers/CMSIS/Include/cmsis_gcc.h ****     uint32_t result;
 876:Drivers/CMSIS/Include/cmsis_gcc.h **** 
 877:Drivers/CMSIS/Include/cmsis_gcc.h ****    __ASM volatile ("ldaex %0, %1" : "=r" (result) : "Q" (*ptr) : "memory" );
ARM GAS  C:\Users\DAELT-~1\AppData\Local\Temp\ccUXrYfb.s 			page 72


 878:Drivers/CMSIS/Include/cmsis_gcc.h ****    return(result);
 879:Drivers/CMSIS/Include/cmsis_gcc.h **** }
 880:Drivers/CMSIS/Include/cmsis_gcc.h **** 
 881:Drivers/CMSIS/Include/cmsis_gcc.h **** 
 882:Drivers/CMSIS/Include/cmsis_gcc.h **** /**
 883:Drivers/CMSIS/Include/cmsis_gcc.h ****   \brief   Store-Release Exclusive (8 bit)
 884:Drivers/CMSIS/Include/cmsis_gcc.h ****   \details Executes a STLB exclusive instruction for 8 bit values.
 885:Drivers/CMSIS/Include/cmsis_gcc.h ****   \param [in]  value  Value to store
 886:Drivers/CMSIS/Include/cmsis_gcc.h ****   \param [in]    ptr  Pointer to location
 887:Drivers/CMSIS/Include/cmsis_gcc.h ****   \return          0  Function succeeded
 888:Drivers/CMSIS/Include/cmsis_gcc.h ****   \return          1  Function failed
 889:Drivers/CMSIS/Include/cmsis_gcc.h ****  */
 890:Drivers/CMSIS/Include/cmsis_gcc.h **** __STATIC_FORCEINLINE uint32_t __STLEXB(uint8_t value, volatile uint8_t *ptr)
 891:Drivers/CMSIS/Include/cmsis_gcc.h **** {
 892:Drivers/CMSIS/Include/cmsis_gcc.h ****    uint32_t result;
 893:Drivers/CMSIS/Include/cmsis_gcc.h **** 
 894:Drivers/CMSIS/Include/cmsis_gcc.h ****    __ASM volatile ("stlexb %0, %2, %1" : "=&r" (result), "=Q" (*ptr) : "r" ((uint32_t)value) : "mem
 895:Drivers/CMSIS/Include/cmsis_gcc.h ****    return(result);
 896:Drivers/CMSIS/Include/cmsis_gcc.h **** }
 897:Drivers/CMSIS/Include/cmsis_gcc.h **** 
 898:Drivers/CMSIS/Include/cmsis_gcc.h **** 
 899:Drivers/CMSIS/Include/cmsis_gcc.h **** /**
 900:Drivers/CMSIS/Include/cmsis_gcc.h ****   \brief   Store-Release Exclusive (16 bit)
 901:Drivers/CMSIS/Include/cmsis_gcc.h ****   \details Executes a STLH exclusive instruction for 16 bit values.
 902:Drivers/CMSIS/Include/cmsis_gcc.h ****   \param [in]  value  Value to store
 903:Drivers/CMSIS/Include/cmsis_gcc.h ****   \param [in]    ptr  Pointer to location
 904:Drivers/CMSIS/Include/cmsis_gcc.h ****   \return          0  Function succeeded
 905:Drivers/CMSIS/Include/cmsis_gcc.h ****   \return          1  Function failed
 906:Drivers/CMSIS/Include/cmsis_gcc.h ****  */
 907:Drivers/CMSIS/Include/cmsis_gcc.h **** __STATIC_FORCEINLINE uint32_t __STLEXH(uint16_t value, volatile uint16_t *ptr)
 908:Drivers/CMSIS/Include/cmsis_gcc.h **** {
 909:Drivers/CMSIS/Include/cmsis_gcc.h ****    uint32_t result;
 910:Drivers/CMSIS/Include/cmsis_gcc.h **** 
 911:Drivers/CMSIS/Include/cmsis_gcc.h ****    __ASM volatile ("stlexh %0, %2, %1" : "=&r" (result), "=Q" (*ptr) : "r" ((uint32_t)value) : "mem
 912:Drivers/CMSIS/Include/cmsis_gcc.h ****    return(result);
 913:Drivers/CMSIS/Include/cmsis_gcc.h **** }
 914:Drivers/CMSIS/Include/cmsis_gcc.h **** 
 915:Drivers/CMSIS/Include/cmsis_gcc.h **** 
 916:Drivers/CMSIS/Include/cmsis_gcc.h **** /**
 917:Drivers/CMSIS/Include/cmsis_gcc.h ****   \brief   Store-Release Exclusive (32 bit)
 918:Drivers/CMSIS/Include/cmsis_gcc.h ****   \details Executes a STL exclusive instruction for 32 bit values.
 919:Drivers/CMSIS/Include/cmsis_gcc.h ****   \param [in]  value  Value to store
 920:Drivers/CMSIS/Include/cmsis_gcc.h ****   \param [in]    ptr  Pointer to location
 921:Drivers/CMSIS/Include/cmsis_gcc.h ****   \return          0  Function succeeded
 922:Drivers/CMSIS/Include/cmsis_gcc.h ****   \return          1  Function failed
 923:Drivers/CMSIS/Include/cmsis_gcc.h ****  */
 924:Drivers/CMSIS/Include/cmsis_gcc.h **** __STATIC_FORCEINLINE uint32_t __STLEX(uint32_t value, volatile uint32_t *ptr)
 925:Drivers/CMSIS/Include/cmsis_gcc.h **** {
 926:Drivers/CMSIS/Include/cmsis_gcc.h ****    uint32_t result;
 927:Drivers/CMSIS/Include/cmsis_gcc.h **** 
 928:Drivers/CMSIS/Include/cmsis_gcc.h ****    __ASM volatile ("stlex %0, %2, %1" : "=&r" (result), "=Q" (*ptr) : "r" ((uint32_t)value) : "memo
 929:Drivers/CMSIS/Include/cmsis_gcc.h ****    return(result);
 930:Drivers/CMSIS/Include/cmsis_gcc.h **** }
 931:Drivers/CMSIS/Include/cmsis_gcc.h **** 
 932:Drivers/CMSIS/Include/cmsis_gcc.h **** #endif /* ((defined (__ARM_ARCH_8M_MAIN__ ) && (__ARM_ARCH_8M_MAIN__ == 1)) || \
 933:Drivers/CMSIS/Include/cmsis_gcc.h ****            (defined (__ARM_ARCH_8M_BASE__ ) && (__ARM_ARCH_8M_BASE__ == 1))    ) */
 934:Drivers/CMSIS/Include/cmsis_gcc.h **** 
ARM GAS  C:\Users\DAELT-~1\AppData\Local\Temp\ccUXrYfb.s 			page 73


 935:Drivers/CMSIS/Include/cmsis_gcc.h **** /*@}*/ /* end of group CMSIS_Core_InstructionInterface */
 936:Drivers/CMSIS/Include/cmsis_gcc.h **** 
 937:Drivers/CMSIS/Include/cmsis_gcc.h **** 
 938:Drivers/CMSIS/Include/cmsis_gcc.h **** /* ###########################  Core Function Access  ########################### */
 939:Drivers/CMSIS/Include/cmsis_gcc.h **** /** \ingroup  CMSIS_Core_FunctionInterface
 940:Drivers/CMSIS/Include/cmsis_gcc.h ****     \defgroup CMSIS_Core_RegAccFunctions CMSIS Core Register Access Functions
 941:Drivers/CMSIS/Include/cmsis_gcc.h ****   @{
 942:Drivers/CMSIS/Include/cmsis_gcc.h ****  */
 943:Drivers/CMSIS/Include/cmsis_gcc.h **** 
 944:Drivers/CMSIS/Include/cmsis_gcc.h **** /**
 945:Drivers/CMSIS/Include/cmsis_gcc.h ****   \brief   Enable IRQ Interrupts
 946:Drivers/CMSIS/Include/cmsis_gcc.h ****   \details Enables IRQ interrupts by clearing special-purpose register PRIMASK.
 947:Drivers/CMSIS/Include/cmsis_gcc.h ****            Can only be executed in Privileged modes.
 948:Drivers/CMSIS/Include/cmsis_gcc.h ****  */
 949:Drivers/CMSIS/Include/cmsis_gcc.h **** __STATIC_FORCEINLINE void __enable_irq(void)
 950:Drivers/CMSIS/Include/cmsis_gcc.h **** {
 951:Drivers/CMSIS/Include/cmsis_gcc.h ****   __ASM volatile ("cpsie i" : : : "memory");
 952:Drivers/CMSIS/Include/cmsis_gcc.h **** }
 953:Drivers/CMSIS/Include/cmsis_gcc.h **** 
 954:Drivers/CMSIS/Include/cmsis_gcc.h **** 
 955:Drivers/CMSIS/Include/cmsis_gcc.h **** /**
 956:Drivers/CMSIS/Include/cmsis_gcc.h ****   \brief   Disable IRQ Interrupts
 957:Drivers/CMSIS/Include/cmsis_gcc.h ****   \details Disables IRQ interrupts by setting special-purpose register PRIMASK.
 958:Drivers/CMSIS/Include/cmsis_gcc.h ****            Can only be executed in Privileged modes.
 959:Drivers/CMSIS/Include/cmsis_gcc.h ****  */
 960:Drivers/CMSIS/Include/cmsis_gcc.h **** __STATIC_FORCEINLINE void __disable_irq(void)
 961:Drivers/CMSIS/Include/cmsis_gcc.h **** {
 962:Drivers/CMSIS/Include/cmsis_gcc.h ****   __ASM volatile ("cpsid i" : : : "memory");
 2274              		.loc 2 962 3
 2275              		.syntax unified
 2276              	@ 962 "Drivers/CMSIS/Include/cmsis_gcc.h" 1
 2277 0004 72B6     		cpsid i
 2278              	@ 0 "" 2
 963:Drivers/CMSIS/Include/cmsis_gcc.h **** }
 2279              		.loc 2 963 1
 2280              		.thumb
 2281              		.syntax unified
 2282 0006 00BF     		nop
 2283              	.L69:
 2284              	.LBE12:
 2285              	.LBE11:
 869:Core/Src/main.c ****   /* USER CODE BEGIN Error_Handler_Debug */
 870:Core/Src/main.c ****   /* User can add his own implementation to report the HAL error return state */
 871:Core/Src/main.c ****   __disable_irq();
 872:Core/Src/main.c ****   while (1)
 2286              		.loc 1 872 9
 2287 0008 00BF     		nop
 2288 000a FDE7     		b	.L69
 2289              		.cfi_endproc
 2290              	.LFE241:
 2292              		.text
 2293              	.Letext0:
 2294              		.file 3 "Drivers/CMSIS/Device/ST/STM32F4xx/Include/stm32f411xe.h"
 2295              		.file 4 "C:/tools/arm-gnu-toolchain-13.2.rel1-mingw-w64-i686-arm-none-eabi/arm-none-eabi/include/m
 2296              		.file 5 "C:/tools/arm-gnu-toolchain-13.2.rel1-mingw-w64-i686-arm-none-eabi/arm-none-eabi/include/s
 2297              		.file 6 "Drivers/CMSIS/Device/ST/STM32F4xx/Include/stm32f4xx.h"
 2298              		.file 7 "Drivers/STM32F4xx_HAL_Driver/Inc/stm32f4xx_hal_def.h"
ARM GAS  C:\Users\DAELT-~1\AppData\Local\Temp\ccUXrYfb.s 			page 74


 2299              		.file 8 "Drivers/STM32F4xx_HAL_Driver/Inc/stm32f4xx_hal_rcc_ex.h"
 2300              		.file 9 "Drivers/STM32F4xx_HAL_Driver/Inc/stm32f4xx_hal_rcc.h"
 2301              		.file 10 "Drivers/STM32F4xx_HAL_Driver/Inc/stm32f4xx_hal_gpio.h"
 2302              		.file 11 "Drivers/STM32F4xx_HAL_Driver/Inc/stm32f4xx_hal_dma.h"
 2303              		.file 12 "Drivers/STM32F4xx_HAL_Driver/Inc/stm32f4xx_hal_adc.h"
 2304              		.file 13 "Drivers/STM32F4xx_HAL_Driver/Inc/stm32f4xx_hal_tim.h"
 2305              		.file 14 "Drivers/STM32F4xx_HAL_Driver/Inc/stm32f4xx_hal_uart.h"
 2306              		.file 15 "Middlewares/Third_Party/FreeRTOS/Source/include/projdefs.h"
 2307              		.file 16 "Middlewares/Third_Party/FreeRTOS/Source/portable/GCC/ARM_CM4F/portmacro.h"
 2308              		.file 17 "Middlewares/Third_Party/FreeRTOS/Source/include/FreeRTOS.h"
 2309              		.file 18 "Middlewares/Third_Party/FreeRTOS/Source/CMSIS_RTOS_V2/cmsis_os2.h"
 2310              		.file 19 "Drivers/STM32F4xx_HAL_Driver/Inc/stm32f4xx_hal.h"
 2311              		.file 20 "USB_DEVICE/App/usb_device.h"
 2312              		.file 21 "Drivers/STM32F4xx_HAL_Driver/Inc/stm32f4xx_hal_cortex.h"
 2313              		.file 22 "Core/Inc/main.h"
 2314              		.file 23 "Drivers/STM32F4xx_HAL_Driver/Inc/stm32f4xx_hal_tim_ex.h"
ARM GAS  C:\Users\DAELT-~1\AppData\Local\Temp\ccUXrYfb.s 			page 75


DEFINED SYMBOLS
                            *ABS*:00000000 main.c
C:\Users\DAELT-~1\AppData\Local\Temp\ccUXrYfb.s:25     .bss.hadc1:00000000 hadc1
C:\Users\DAELT-~1\AppData\Local\Temp\ccUXrYfb.s:22     .bss.hadc1:00000000 $d
C:\Users\DAELT-~1\AppData\Local\Temp\ccUXrYfb.s:32     .bss.htim1:00000000 htim1
C:\Users\DAELT-~1\AppData\Local\Temp\ccUXrYfb.s:29     .bss.htim1:00000000 $d
C:\Users\DAELT-~1\AppData\Local\Temp\ccUXrYfb.s:39     .bss.htim2:00000000 htim2
C:\Users\DAELT-~1\AppData\Local\Temp\ccUXrYfb.s:36     .bss.htim2:00000000 $d
C:\Users\DAELT-~1\AppData\Local\Temp\ccUXrYfb.s:46     .bss.htim3:00000000 htim3
C:\Users\DAELT-~1\AppData\Local\Temp\ccUXrYfb.s:43     .bss.htim3:00000000 $d
C:\Users\DAELT-~1\AppData\Local\Temp\ccUXrYfb.s:53     .bss.huart1:00000000 huart1
C:\Users\DAELT-~1\AppData\Local\Temp\ccUXrYfb.s:50     .bss.huart1:00000000 $d
C:\Users\DAELT-~1\AppData\Local\Temp\ccUXrYfb.s:60     .bss.hdma_usart1_rx:00000000 hdma_usart1_rx
C:\Users\DAELT-~1\AppData\Local\Temp\ccUXrYfb.s:57     .bss.hdma_usart1_rx:00000000 $d
C:\Users\DAELT-~1\AppData\Local\Temp\ccUXrYfb.s:67     .bss.hdma_usart1_tx:00000000 hdma_usart1_tx
C:\Users\DAELT-~1\AppData\Local\Temp\ccUXrYfb.s:64     .bss.hdma_usart1_tx:00000000 $d
C:\Users\DAELT-~1\AppData\Local\Temp\ccUXrYfb.s:74     .bss.defaultTaskHandle:00000000 defaultTaskHandle
C:\Users\DAELT-~1\AppData\Local\Temp\ccUXrYfb.s:71     .bss.defaultTaskHandle:00000000 $d
C:\Users\DAELT-~1\AppData\Local\Temp\ccUXrYfb.s:81     .bss.defaultTaskBuffer:00000000 defaultTaskBuffer
C:\Users\DAELT-~1\AppData\Local\Temp\ccUXrYfb.s:78     .bss.defaultTaskBuffer:00000000 $d
C:\Users\DAELT-~1\AppData\Local\Temp\ccUXrYfb.s:88     .bss.defaultTaskControlBlock:00000000 defaultTaskControlBlock
C:\Users\DAELT-~1\AppData\Local\Temp\ccUXrYfb.s:85     .bss.defaultTaskControlBlock:00000000 $d
C:\Users\DAELT-~1\AppData\Local\Temp\ccUXrYfb.s:99     .rodata.defaultTask_attributes:00000000 defaultTask_attributes
C:\Users\DAELT-~1\AppData\Local\Temp\ccUXrYfb.s:92     .rodata:00000000 $d
C:\Users\DAELT-~1\AppData\Local\Temp\ccUXrYfb.s:96     .rodata.defaultTask_attributes:00000000 $d
C:\Users\DAELT-~1\AppData\Local\Temp\ccUXrYfb.s:113    .bss.ATParsingTaskHandle:00000000 ATParsingTaskHandle
C:\Users\DAELT-~1\AppData\Local\Temp\ccUXrYfb.s:110    .bss.ATParsingTaskHandle:00000000 $d
C:\Users\DAELT-~1\AppData\Local\Temp\ccUXrYfb.s:120    .bss.ATParsingTaskBuffer:00000000 ATParsingTaskBuffer
C:\Users\DAELT-~1\AppData\Local\Temp\ccUXrYfb.s:117    .bss.ATParsingTaskBuffer:00000000 $d
C:\Users\DAELT-~1\AppData\Local\Temp\ccUXrYfb.s:127    .bss.ATParsingTaskControlBlock:00000000 ATParsingTaskControlBlock
C:\Users\DAELT-~1\AppData\Local\Temp\ccUXrYfb.s:124    .bss.ATParsingTaskControlBlock:00000000 $d
C:\Users\DAELT-~1\AppData\Local\Temp\ccUXrYfb.s:138    .rodata.ATParsingTask_attributes:00000000 ATParsingTask_attributes
C:\Users\DAELT-~1\AppData\Local\Temp\ccUXrYfb.s:135    .rodata.ATParsingTask_attributes:00000000 $d
C:\Users\DAELT-~1\AppData\Local\Temp\ccUXrYfb.s:152    .bss.ATHandlingTaskHandle:00000000 ATHandlingTaskHandle
C:\Users\DAELT-~1\AppData\Local\Temp\ccUXrYfb.s:149    .bss.ATHandlingTaskHandle:00000000 $d
C:\Users\DAELT-~1\AppData\Local\Temp\ccUXrYfb.s:159    .bss.ATHandlingTaskBuffer:00000000 ATHandlingTaskBuffer
C:\Users\DAELT-~1\AppData\Local\Temp\ccUXrYfb.s:156    .bss.ATHandlingTaskBuffer:00000000 $d
C:\Users\DAELT-~1\AppData\Local\Temp\ccUXrYfb.s:166    .bss.ATHandlingTaskControlBlock:00000000 ATHandlingTaskControlBlock
C:\Users\DAELT-~1\AppData\Local\Temp\ccUXrYfb.s:163    .bss.ATHandlingTaskControlBlock:00000000 $d
C:\Users\DAELT-~1\AppData\Local\Temp\ccUXrYfb.s:177    .rodata.ATHandlingTask_attributes:00000000 ATHandlingTask_attributes
C:\Users\DAELT-~1\AppData\Local\Temp\ccUXrYfb.s:174    .rodata.ATHandlingTask_attributes:00000000 $d
C:\Users\DAELT-~1\AppData\Local\Temp\ccUXrYfb.s:191    .bss.UARTProcTaskHandle:00000000 UARTProcTaskHandle
C:\Users\DAELT-~1\AppData\Local\Temp\ccUXrYfb.s:188    .bss.UARTProcTaskHandle:00000000 $d
C:\Users\DAELT-~1\AppData\Local\Temp\ccUXrYfb.s:198    .bss.UARTProcTaskBuffer:00000000 UARTProcTaskBuffer
C:\Users\DAELT-~1\AppData\Local\Temp\ccUXrYfb.s:195    .bss.UARTProcTaskBuffer:00000000 $d
C:\Users\DAELT-~1\AppData\Local\Temp\ccUXrYfb.s:205    .bss.UARTProcTaskControlBlock:00000000 UARTProcTaskControlBlock
C:\Users\DAELT-~1\AppData\Local\Temp\ccUXrYfb.s:202    .bss.UARTProcTaskControlBlock:00000000 $d
C:\Users\DAELT-~1\AppData\Local\Temp\ccUXrYfb.s:216    .rodata.UARTProcTask_attributes:00000000 UARTProcTask_attributes
C:\Users\DAELT-~1\AppData\Local\Temp\ccUXrYfb.s:213    .rodata.UARTProcTask_attributes:00000000 $d
C:\Users\DAELT-~1\AppData\Local\Temp\ccUXrYfb.s:230    .bss.ModemMngrTaskHandle:00000000 ModemMngrTaskHandle
C:\Users\DAELT-~1\AppData\Local\Temp\ccUXrYfb.s:227    .bss.ModemMngrTaskHandle:00000000 $d
C:\Users\DAELT-~1\AppData\Local\Temp\ccUXrYfb.s:237    .bss.ModemMngrTaskBuffer:00000000 ModemMngrTaskBuffer
C:\Users\DAELT-~1\AppData\Local\Temp\ccUXrYfb.s:234    .bss.ModemMngrTaskBuffer:00000000 $d
C:\Users\DAELT-~1\AppData\Local\Temp\ccUXrYfb.s:244    .bss.ModemMngrTaskControlBlock:00000000 ModemMngrTaskControlBlock
C:\Users\DAELT-~1\AppData\Local\Temp\ccUXrYfb.s:241    .bss.ModemMngrTaskControlBlock:00000000 $d
C:\Users\DAELT-~1\AppData\Local\Temp\ccUXrYfb.s:255    .rodata.ModemMngrTask_attributes:00000000 ModemMngrTask_attributes
C:\Users\DAELT-~1\AppData\Local\Temp\ccUXrYfb.s:252    .rodata.ModemMngrTask_attributes:00000000 $d
ARM GAS  C:\Users\DAELT-~1\AppData\Local\Temp\ccUXrYfb.s 			page 76


C:\Users\DAELT-~1\AppData\Local\Temp\ccUXrYfb.s:269    .bss.AppSendTaskHandle:00000000 AppSendTaskHandle
C:\Users\DAELT-~1\AppData\Local\Temp\ccUXrYfb.s:266    .bss.AppSendTaskHandle:00000000 $d
C:\Users\DAELT-~1\AppData\Local\Temp\ccUXrYfb.s:276    .bss.SendTemperatureBuffer:00000000 SendTemperatureBuffer
C:\Users\DAELT-~1\AppData\Local\Temp\ccUXrYfb.s:273    .bss.SendTemperatureBuffer:00000000 $d
C:\Users\DAELT-~1\AppData\Local\Temp\ccUXrYfb.s:283    .bss.SendTemperatureControlBlock:00000000 SendTemperatureControlBlock
C:\Users\DAELT-~1\AppData\Local\Temp\ccUXrYfb.s:280    .bss.SendTemperatureControlBlock:00000000 $d
C:\Users\DAELT-~1\AppData\Local\Temp\ccUXrYfb.s:294    .rodata.AppSendTask_attributes:00000000 AppSendTask_attributes
C:\Users\DAELT-~1\AppData\Local\Temp\ccUXrYfb.s:291    .rodata.AppSendTask_attributes:00000000 $d
C:\Users\DAELT-~1\AppData\Local\Temp\ccUXrYfb.s:308    .bss.uartQueueHandle:00000000 uartQueueHandle
C:\Users\DAELT-~1\AppData\Local\Temp\ccUXrYfb.s:305    .bss.uartQueueHandle:00000000 $d
C:\Users\DAELT-~1\AppData\Local\Temp\ccUXrYfb.s:315    .bss.uartQueueBuffer:00000000 uartQueueBuffer
C:\Users\DAELT-~1\AppData\Local\Temp\ccUXrYfb.s:312    .bss.uartQueueBuffer:00000000 $d
C:\Users\DAELT-~1\AppData\Local\Temp\ccUXrYfb.s:322    .bss.uartQueueControlBlock:00000000 uartQueueControlBlock
C:\Users\DAELT-~1\AppData\Local\Temp\ccUXrYfb.s:319    .bss.uartQueueControlBlock:00000000 $d
C:\Users\DAELT-~1\AppData\Local\Temp\ccUXrYfb.s:333    .rodata.uartQueue_attributes:00000000 uartQueue_attributes
C:\Users\DAELT-~1\AppData\Local\Temp\ccUXrYfb.s:330    .rodata.uartQueue_attributes:00000000 $d
C:\Users\DAELT-~1\AppData\Local\Temp\ccUXrYfb.s:345    .bss.ATQueueHandle:00000000 ATQueueHandle
C:\Users\DAELT-~1\AppData\Local\Temp\ccUXrYfb.s:342    .bss.ATQueueHandle:00000000 $d
C:\Users\DAELT-~1\AppData\Local\Temp\ccUXrYfb.s:352    .bss.ATQueueBuffer:00000000 ATQueueBuffer
C:\Users\DAELT-~1\AppData\Local\Temp\ccUXrYfb.s:349    .bss.ATQueueBuffer:00000000 $d
C:\Users\DAELT-~1\AppData\Local\Temp\ccUXrYfb.s:359    .bss.ATQueueControlBlock:00000000 ATQueueControlBlock
C:\Users\DAELT-~1\AppData\Local\Temp\ccUXrYfb.s:356    .bss.ATQueueControlBlock:00000000 $d
C:\Users\DAELT-~1\AppData\Local\Temp\ccUXrYfb.s:370    .rodata.ATQueue_attributes:00000000 ATQueue_attributes
C:\Users\DAELT-~1\AppData\Local\Temp\ccUXrYfb.s:367    .rodata.ATQueue_attributes:00000000 $d
C:\Users\DAELT-~1\AppData\Local\Temp\ccUXrYfb.s:382    .bss.ModemSendQueueHandle:00000000 ModemSendQueueHandle
C:\Users\DAELT-~1\AppData\Local\Temp\ccUXrYfb.s:379    .bss.ModemSendQueueHandle:00000000 $d
C:\Users\DAELT-~1\AppData\Local\Temp\ccUXrYfb.s:389    .bss.ModemSendQueueBuffer:00000000 ModemSendQueueBuffer
C:\Users\DAELT-~1\AppData\Local\Temp\ccUXrYfb.s:386    .bss.ModemSendQueueBuffer:00000000 $d
C:\Users\DAELT-~1\AppData\Local\Temp\ccUXrYfb.s:396    .bss.ModemSendQueueControlBlock:00000000 ModemSendQueueControlBlock
C:\Users\DAELT-~1\AppData\Local\Temp\ccUXrYfb.s:393    .bss.ModemSendQueueControlBlock:00000000 $d
C:\Users\DAELT-~1\AppData\Local\Temp\ccUXrYfb.s:407    .rodata.ModemSendQueue_attributes:00000000 ModemSendQueue_attributes
C:\Users\DAELT-~1\AppData\Local\Temp\ccUXrYfb.s:404    .rodata.ModemSendQueue_attributes:00000000 $d
C:\Users\DAELT-~1\AppData\Local\Temp\ccUXrYfb.s:419    .bss.PeriodicSendTimerHandle:00000000 PeriodicSendTimerHandle
C:\Users\DAELT-~1\AppData\Local\Temp\ccUXrYfb.s:416    .bss.PeriodicSendTimerHandle:00000000 $d
C:\Users\DAELT-~1\AppData\Local\Temp\ccUXrYfb.s:426    .bss.PeriodicSendTimerControlBlock:00000000 PeriodicSendTimerControlBlock
C:\Users\DAELT-~1\AppData\Local\Temp\ccUXrYfb.s:423    .bss.PeriodicSendTimerControlBlock:00000000 $d
C:\Users\DAELT-~1\AppData\Local\Temp\ccUXrYfb.s:437    .rodata.PeriodicSendTimer_attributes:00000000 PeriodicSendTimer_attributes
C:\Users\DAELT-~1\AppData\Local\Temp\ccUXrYfb.s:434    .rodata.PeriodicSendTimer_attributes:00000000 $d
C:\Users\DAELT-~1\AppData\Local\Temp\ccUXrYfb.s:447    .bss.ModemLedTimerHandle:00000000 ModemLedTimerHandle
C:\Users\DAELT-~1\AppData\Local\Temp\ccUXrYfb.s:444    .bss.ModemLedTimerHandle:00000000 $d
C:\Users\DAELT-~1\AppData\Local\Temp\ccUXrYfb.s:454    .bss.ModemLedTimerControlBlock:00000000 ModemLedTimerControlBlock
C:\Users\DAELT-~1\AppData\Local\Temp\ccUXrYfb.s:451    .bss.ModemLedTimerControlBlock:00000000 $d
C:\Users\DAELT-~1\AppData\Local\Temp\ccUXrYfb.s:465    .rodata.ModemLedTimer_attributes:00000000 ModemLedTimer_attributes
C:\Users\DAELT-~1\AppData\Local\Temp\ccUXrYfb.s:462    .rodata.ModemLedTimer_attributes:00000000 $d
C:\Users\DAELT-~1\AppData\Local\Temp\ccUXrYfb.s:475    .bss.DutyCycleTimerHandle:00000000 DutyCycleTimerHandle
C:\Users\DAELT-~1\AppData\Local\Temp\ccUXrYfb.s:472    .bss.DutyCycleTimerHandle:00000000 $d
C:\Users\DAELT-~1\AppData\Local\Temp\ccUXrYfb.s:482    .bss.DutyCycleTimerControlBlock:00000000 DutyCycleTimerControlBlock
C:\Users\DAELT-~1\AppData\Local\Temp\ccUXrYfb.s:479    .bss.DutyCycleTimerControlBlock:00000000 $d
C:\Users\DAELT-~1\AppData\Local\Temp\ccUXrYfb.s:493    .rodata.DutyCycleTimer_attributes:00000000 DutyCycleTimer_attributes
C:\Users\DAELT-~1\AppData\Local\Temp\ccUXrYfb.s:490    .rodata.DutyCycleTimer_attributes:00000000 $d
C:\Users\DAELT-~1\AppData\Local\Temp\ccUXrYfb.s:503    .bss.ATCommandSemaphoreHandle:00000000 ATCommandSemaphoreHandle
C:\Users\DAELT-~1\AppData\Local\Temp\ccUXrYfb.s:500    .bss.ATCommandSemaphoreHandle:00000000 $d
C:\Users\DAELT-~1\AppData\Local\Temp\ccUXrYfb.s:514    .rodata.ATCommandSemaphore_attributes:00000000 ATCommandSemaphore_attributes
C:\Users\DAELT-~1\AppData\Local\Temp\ccUXrYfb.s:511    .rodata.ATCommandSemaphore_attributes:00000000 $d
C:\Users\DAELT-~1\AppData\Local\Temp\ccUXrYfb.s:522    .bss.ATResponseSemaphoreHandle:00000000 ATResponseSemaphoreHandle
C:\Users\DAELT-~1\AppData\Local\Temp\ccUXrYfb.s:519    .bss.ATResponseSemaphoreHandle:00000000 $d
C:\Users\DAELT-~1\AppData\Local\Temp\ccUXrYfb.s:533    .rodata.ATResponseSemaphore_attributes:00000000 ATResponseSemaphore_attributes
ARM GAS  C:\Users\DAELT-~1\AppData\Local\Temp\ccUXrYfb.s 			page 77


C:\Users\DAELT-~1\AppData\Local\Temp\ccUXrYfb.s:530    .rodata.ATResponseSemaphore_attributes:00000000 $d
C:\Users\DAELT-~1\AppData\Local\Temp\ccUXrYfb.s:541    .bss.UARTTXSemaphoreHandle:00000000 UARTTXSemaphoreHandle
C:\Users\DAELT-~1\AppData\Local\Temp\ccUXrYfb.s:538    .bss.UARTTXSemaphoreHandle:00000000 $d
C:\Users\DAELT-~1\AppData\Local\Temp\ccUXrYfb.s:552    .rodata.UARTTXSemaphore_attributes:00000000 UARTTXSemaphore_attributes
C:\Users\DAELT-~1\AppData\Local\Temp\ccUXrYfb.s:549    .rodata.UARTTXSemaphore_attributes:00000000 $d
C:\Users\DAELT-~1\AppData\Local\Temp\ccUXrYfb.s:560    .bss.RadioStateSemaphoreHandle:00000000 RadioStateSemaphoreHandle
C:\Users\DAELT-~1\AppData\Local\Temp\ccUXrYfb.s:557    .bss.RadioStateSemaphoreHandle:00000000 $d
C:\Users\DAELT-~1\AppData\Local\Temp\ccUXrYfb.s:571    .rodata.RadioStateSemaphore_attributes:00000000 RadioStateSemaphore_attributes
C:\Users\DAELT-~1\AppData\Local\Temp\ccUXrYfb.s:568    .rodata.RadioStateSemaphore_attributes:00000000 $d
C:\Users\DAELT-~1\AppData\Local\Temp\ccUXrYfb.s:579    .bss.LoRaTXSemaphoreHandle:00000000 LoRaTXSemaphoreHandle
C:\Users\DAELT-~1\AppData\Local\Temp\ccUXrYfb.s:576    .bss.LoRaTXSemaphoreHandle:00000000 $d
C:\Users\DAELT-~1\AppData\Local\Temp\ccUXrYfb.s:590    .rodata.LoRaTXSemaphore_attributes:00000000 LoRaTXSemaphore_attributes
C:\Users\DAELT-~1\AppData\Local\Temp\ccUXrYfb.s:587    .rodata.LoRaTXSemaphore_attributes:00000000 $d
C:\Users\DAELT-~1\AppData\Local\Temp\ccUXrYfb.s:598    .bss.ModemStatusFlagsHandle:00000000 ModemStatusFlagsHandle
C:\Users\DAELT-~1\AppData\Local\Temp\ccUXrYfb.s:595    .bss.ModemStatusFlagsHandle:00000000 $d
C:\Users\DAELT-~1\AppData\Local\Temp\ccUXrYfb.s:605    .bss.ModemStatusFlagsControlBlock:00000000 ModemStatusFlagsControlBlock
C:\Users\DAELT-~1\AppData\Local\Temp\ccUXrYfb.s:602    .bss.ModemStatusFlagsControlBlock:00000000 $d
C:\Users\DAELT-~1\AppData\Local\Temp\ccUXrYfb.s:616    .rodata.ModemStatusFlags_attributes:00000000 ModemStatusFlags_attributes
C:\Users\DAELT-~1\AppData\Local\Temp\ccUXrYfb.s:613    .rodata.ModemStatusFlags_attributes:00000000 $d
C:\Users\DAELT-~1\AppData\Local\Temp\ccUXrYfb.s:626    .bss.vector:00000000 vector
C:\Users\DAELT-~1\AppData\Local\Temp\ccUXrYfb.s:623    .bss.vector:00000000 $d
C:\Users\DAELT-~1\AppData\Local\Temp\ccUXrYfb.s:629    .text.CONFIGURE_TIMER_FOR_RUN_TIME_STATS:00000000 $t
C:\Users\DAELT-~1\AppData\Local\Temp\ccUXrYfb.s:635    .text.CONFIGURE_TIMER_FOR_RUN_TIME_STATS:00000000 CONFIGURE_TIMER_FOR_RUN_TIME_STATS
C:\Users\DAELT-~1\AppData\Local\Temp\ccUXrYfb.s:658    .text.CONFIGURE_TIMER_FOR_RUN_TIME_STATS:00000010 $d
C:\Users\DAELT-~1\AppData\Local\Temp\ccUXrYfb.s:663    .text.GET_RUN_TIME_COUNTER_VALUE:00000000 $t
C:\Users\DAELT-~1\AppData\Local\Temp\ccUXrYfb.s:669    .text.GET_RUN_TIME_COUNTER_VALUE:00000000 GET_RUN_TIME_COUNTER_VALUE
C:\Users\DAELT-~1\AppData\Local\Temp\ccUXrYfb.s:701    .text.GET_RUN_TIME_COUNTER_VALUE:00000014 $d
C:\Users\DAELT-~1\AppData\Local\Temp\ccUXrYfb.s:710    .rodata.uxTopUsedPriority:00000000 uxTopUsedPriority
C:\Users\DAELT-~1\AppData\Local\Temp\ccUXrYfb.s:707    .rodata.uxTopUsedPriority:00000000 $d
C:\Users\DAELT-~1\AppData\Local\Temp\ccUXrYfb.s:713    .text.main:00000000 $t
C:\Users\DAELT-~1\AppData\Local\Temp\ccUXrYfb.s:719    .text.main:00000000 main
C:\Users\DAELT-~1\AppData\Local\Temp\ccUXrYfb.s:1056   .text.SystemClock_Config:00000000 SystemClock_Config
C:\Users\DAELT-~1\AppData\Local\Temp\ccUXrYfb.s:1982   .text.MX_GPIO_Init:00000000 MX_GPIO_Init
C:\Users\DAELT-~1\AppData\Local\Temp\ccUXrYfb.s:1911   .text.MX_DMA_Init:00000000 MX_DMA_Init
C:\Users\DAELT-~1\AppData\Local\Temp\ccUXrYfb.s:1838   .text.MX_USART1_UART_Init:00000000 MX_USART1_UART_Init
C:\Users\DAELT-~1\AppData\Local\Temp\ccUXrYfb.s:1203   .text.MX_ADC1_Init:00000000 MX_ADC1_Init
C:\Users\DAELT-~1\AppData\Local\Temp\ccUXrYfb.s:1551   .text.MX_TIM2_Init:00000000 MX_TIM2_Init
C:\Users\DAELT-~1\AppData\Local\Temp\ccUXrYfb.s:1331   .text.MX_TIM1_Init:00000000 MX_TIM1_Init
C:\Users\DAELT-~1\AppData\Local\Temp\ccUXrYfb.s:1670   .text.MX_TIM3_Init:00000000 MX_TIM3_Init
C:\Users\DAELT-~1\AppData\Local\Temp\ccUXrYfb.s:997    .text.main:000001dc $d
C:\Users\DAELT-~1\AppData\Local\Temp\ccUXrYfb.s:2170   .text.StartDefaultTask:00000000 StartDefaultTask
C:\Users\DAELT-~1\AppData\Local\Temp\ccUXrYfb.s:1050   .text.SystemClock_Config:00000000 $t
C:\Users\DAELT-~1\AppData\Local\Temp\ccUXrYfb.s:2257   .text.Error_Handler:00000000 Error_Handler
C:\Users\DAELT-~1\AppData\Local\Temp\ccUXrYfb.s:1192   .text.SystemClock_Config:000000c8 $d
C:\Users\DAELT-~1\AppData\Local\Temp\ccUXrYfb.s:1198   .text.MX_ADC1_Init:00000000 $t
C:\Users\DAELT-~1\AppData\Local\Temp\ccUXrYfb.s:1319   .text.MX_ADC1_Init:00000098 $d
C:\Users\DAELT-~1\AppData\Local\Temp\ccUXrYfb.s:1326   .text.MX_TIM1_Init:00000000 $t
C:\Users\DAELT-~1\AppData\Local\Temp\ccUXrYfb.s:1540   .text.MX_TIM1_Init:0000013c $d
C:\Users\DAELT-~1\AppData\Local\Temp\ccUXrYfb.s:1546   .text.MX_TIM2_Init:00000000 $t
C:\Users\DAELT-~1\AppData\Local\Temp\ccUXrYfb.s:1660   .text.MX_TIM2_Init:00000098 $d
C:\Users\DAELT-~1\AppData\Local\Temp\ccUXrYfb.s:1665   .text.MX_TIM3_Init:00000000 $t
C:\Users\DAELT-~1\AppData\Local\Temp\ccUXrYfb.s:1827   .text.MX_TIM3_Init:000000e8 $d
C:\Users\DAELT-~1\AppData\Local\Temp\ccUXrYfb.s:1833   .text.MX_USART1_UART_Init:00000000 $t
C:\Users\DAELT-~1\AppData\Local\Temp\ccUXrYfb.s:1900   .text.MX_USART1_UART_Init:0000004c $d
C:\Users\DAELT-~1\AppData\Local\Temp\ccUXrYfb.s:1906   .text.MX_DMA_Init:00000000 $t
C:\Users\DAELT-~1\AppData\Local\Temp\ccUXrYfb.s:1972   .text.MX_DMA_Init:0000004c $d
C:\Users\DAELT-~1\AppData\Local\Temp\ccUXrYfb.s:1977   .text.MX_GPIO_Init:00000000 $t
ARM GAS  C:\Users\DAELT-~1\AppData\Local\Temp\ccUXrYfb.s 			page 78


C:\Users\DAELT-~1\AppData\Local\Temp\ccUXrYfb.s:2156   .text.MX_GPIO_Init:00000120 $d
C:\Users\DAELT-~1\AppData\Local\Temp\ccUXrYfb.s:2164   .text.StartDefaultTask:00000000 $t
C:\Users\DAELT-~1\AppData\Local\Temp\ccUXrYfb.s:2199   .text.HAL_TIM_PeriodElapsedCallback:00000000 $t
C:\Users\DAELT-~1\AppData\Local\Temp\ccUXrYfb.s:2205   .text.HAL_TIM_PeriodElapsedCallback:00000000 HAL_TIM_PeriodElapsedCallback
C:\Users\DAELT-~1\AppData\Local\Temp\ccUXrYfb.s:2246   .text.HAL_TIM_PeriodElapsedCallback:00000020 $d
C:\Users\DAELT-~1\AppData\Local\Temp\ccUXrYfb.s:2251   .text.Error_Handler:00000000 $t

UNDEFINED SYMBOLS
HAL_TIM_Base_Start
HAL_Init
HAL_TIM_PWM_Start
osKernelInitialize
osSemaphoreNew
osSemaphoreRelease
osTimerNew
osMessageQueueNew
osThreadNew
osEventFlagsNew
osKernelStart
HAL_GPIO_WritePin
HAL_Delay
PeriodicSendTimerCallback
ModemLedCallback
DutyCycleTimerCallback
ATParsingTaskCode
ATHandlingTaskCode
UARTProcTaskCode
ModemManagerTaskCode
AppSendTaskCode
memset
HAL_RCC_OscConfig
HAL_RCC_ClockConfig
HAL_ADC_Init
HAL_ADC_ConfigChannel
HAL_TIM_Base_Init
HAL_TIM_ConfigClockSource
HAL_TIM_PWM_Init
HAL_TIMEx_MasterConfigSynchronization
HAL_TIM_PWM_ConfigChannel
HAL_TIMEx_ConfigBreakDeadTime
HAL_TIM_MspPostInit
HAL_UART_Init
HAL_NVIC_SetPriority
HAL_NVIC_EnableIRQ
HAL_GPIO_Init
MX_USB_DEVICE_Init
osDelay
HAL_IncTick
