ARM GAS  C:\Users\DAELT-~1\AppData\Local\Temp\ccxbVPrG.s 			page 1


   1              		.cpu cortex-m4
   2              		.arch armv7e-m
   3              		.fpu fpv4-sp-d16
   4              		.eabi_attribute 27, 1
   5              		.eabi_attribute 28, 1
   6              		.eabi_attribute 20, 1
   7              		.eabi_attribute 21, 1
   8              		.eabi_attribute 23, 3
   9              		.eabi_attribute 24, 1
  10              		.eabi_attribute 25, 1
  11              		.eabi_attribute 26, 1
  12              		.eabi_attribute 30, 6
  13              		.eabi_attribute 34, 1
  14              		.eabi_attribute 18, 4
  15              		.file	"stm32f4xx_hal_adc_ex.c"
  16              		.text
  17              	.Ltext0:
  18              		.cfi_sections	.debug_frame
  19              		.file 1 "Drivers/STM32F4xx_HAL_Driver/Src/stm32f4xx_hal_adc_ex.c"
  20              		.section	.text.HAL_ADCEx_InjectedStart,"ax",%progbits
  21              		.align	1
  22              		.global	HAL_ADCEx_InjectedStart
  23              		.syntax unified
  24              		.thumb
  25              		.thumb_func
  27              	HAL_ADCEx_InjectedStart:
  28              	.LFB220:
   1:Drivers/STM32F4xx_HAL_Driver/Src/stm32f4xx_hal_adc_ex.c **** /**
   2:Drivers/STM32F4xx_HAL_Driver/Src/stm32f4xx_hal_adc_ex.c ****   ******************************************************************************
   3:Drivers/STM32F4xx_HAL_Driver/Src/stm32f4xx_hal_adc_ex.c ****   * @file    stm32f4xx_hal_adc_ex.c
   4:Drivers/STM32F4xx_HAL_Driver/Src/stm32f4xx_hal_adc_ex.c ****   * @author  MCD Application Team
   5:Drivers/STM32F4xx_HAL_Driver/Src/stm32f4xx_hal_adc_ex.c ****   * @brief   This file provides firmware functions to manage the following
   6:Drivers/STM32F4xx_HAL_Driver/Src/stm32f4xx_hal_adc_ex.c ****   *          functionalities of the ADC extension peripheral:
   7:Drivers/STM32F4xx_HAL_Driver/Src/stm32f4xx_hal_adc_ex.c ****   *           + Extended features functions
   8:Drivers/STM32F4xx_HAL_Driver/Src/stm32f4xx_hal_adc_ex.c ****   *
   9:Drivers/STM32F4xx_HAL_Driver/Src/stm32f4xx_hal_adc_ex.c ****   ******************************************************************************
  10:Drivers/STM32F4xx_HAL_Driver/Src/stm32f4xx_hal_adc_ex.c ****   * @attention
  11:Drivers/STM32F4xx_HAL_Driver/Src/stm32f4xx_hal_adc_ex.c ****   *
  12:Drivers/STM32F4xx_HAL_Driver/Src/stm32f4xx_hal_adc_ex.c ****   * Copyright (c) 2017 STMicroelectronics.
  13:Drivers/STM32F4xx_HAL_Driver/Src/stm32f4xx_hal_adc_ex.c ****   * All rights reserved.
  14:Drivers/STM32F4xx_HAL_Driver/Src/stm32f4xx_hal_adc_ex.c ****   *
  15:Drivers/STM32F4xx_HAL_Driver/Src/stm32f4xx_hal_adc_ex.c ****   * This software is licensed under terms that can be found in the LICENSE file
  16:Drivers/STM32F4xx_HAL_Driver/Src/stm32f4xx_hal_adc_ex.c ****   * in the root directory of this software component.
  17:Drivers/STM32F4xx_HAL_Driver/Src/stm32f4xx_hal_adc_ex.c ****   * If no LICENSE file comes with this software, it is provided AS-IS.
  18:Drivers/STM32F4xx_HAL_Driver/Src/stm32f4xx_hal_adc_ex.c ****   *
  19:Drivers/STM32F4xx_HAL_Driver/Src/stm32f4xx_hal_adc_ex.c ****   ******************************************************************************
  20:Drivers/STM32F4xx_HAL_Driver/Src/stm32f4xx_hal_adc_ex.c ****   @verbatim
  21:Drivers/STM32F4xx_HAL_Driver/Src/stm32f4xx_hal_adc_ex.c ****   ==============================================================================
  22:Drivers/STM32F4xx_HAL_Driver/Src/stm32f4xx_hal_adc_ex.c ****                     ##### How to use this driver #####
  23:Drivers/STM32F4xx_HAL_Driver/Src/stm32f4xx_hal_adc_ex.c ****   ==============================================================================
  24:Drivers/STM32F4xx_HAL_Driver/Src/stm32f4xx_hal_adc_ex.c ****     [..]
  25:Drivers/STM32F4xx_HAL_Driver/Src/stm32f4xx_hal_adc_ex.c ****     (#)Initialize the ADC low level resources by implementing the HAL_ADC_MspInit():
  26:Drivers/STM32F4xx_HAL_Driver/Src/stm32f4xx_hal_adc_ex.c ****        (##) Enable the ADC interface clock using __HAL_RCC_ADC_CLK_ENABLE()
  27:Drivers/STM32F4xx_HAL_Driver/Src/stm32f4xx_hal_adc_ex.c ****        (##) ADC pins configuration
  28:Drivers/STM32F4xx_HAL_Driver/Src/stm32f4xx_hal_adc_ex.c ****              (+++) Enable the clock for the ADC GPIOs using the following function:
  29:Drivers/STM32F4xx_HAL_Driver/Src/stm32f4xx_hal_adc_ex.c ****                    __HAL_RCC_GPIOx_CLK_ENABLE()
  30:Drivers/STM32F4xx_HAL_Driver/Src/stm32f4xx_hal_adc_ex.c ****              (+++) Configure these ADC pins in analog mode using HAL_GPIO_Init()
ARM GAS  C:\Users\DAELT-~1\AppData\Local\Temp\ccxbVPrG.s 			page 2


  31:Drivers/STM32F4xx_HAL_Driver/Src/stm32f4xx_hal_adc_ex.c ****        (##) In case of using interrupts (e.g. HAL_ADC_Start_IT())
  32:Drivers/STM32F4xx_HAL_Driver/Src/stm32f4xx_hal_adc_ex.c ****              (+++) Configure the ADC interrupt priority using HAL_NVIC_SetPriority()
  33:Drivers/STM32F4xx_HAL_Driver/Src/stm32f4xx_hal_adc_ex.c ****              (+++) Enable the ADC IRQ handler using HAL_NVIC_EnableIRQ()
  34:Drivers/STM32F4xx_HAL_Driver/Src/stm32f4xx_hal_adc_ex.c ****              (+++) In ADC IRQ handler, call HAL_ADC_IRQHandler()
  35:Drivers/STM32F4xx_HAL_Driver/Src/stm32f4xx_hal_adc_ex.c ****       (##) In case of using DMA to control data transfer (e.g. HAL_ADC_Start_DMA())
  36:Drivers/STM32F4xx_HAL_Driver/Src/stm32f4xx_hal_adc_ex.c ****              (+++) Enable the DMAx interface clock using __HAL_RCC_DMAx_CLK_ENABLE()
  37:Drivers/STM32F4xx_HAL_Driver/Src/stm32f4xx_hal_adc_ex.c ****              (+++) Configure and enable two DMA streams stream for managing data
  38:Drivers/STM32F4xx_HAL_Driver/Src/stm32f4xx_hal_adc_ex.c ****                  transfer from peripheral to memory (output stream)
  39:Drivers/STM32F4xx_HAL_Driver/Src/stm32f4xx_hal_adc_ex.c ****              (+++) Associate the initialized DMA handle to the ADC DMA handle
  40:Drivers/STM32F4xx_HAL_Driver/Src/stm32f4xx_hal_adc_ex.c ****                  using  __HAL_LINKDMA()
  41:Drivers/STM32F4xx_HAL_Driver/Src/stm32f4xx_hal_adc_ex.c ****              (+++) Configure the priority and enable the NVIC for the transfer complete
  42:Drivers/STM32F4xx_HAL_Driver/Src/stm32f4xx_hal_adc_ex.c ****                  interrupt on the two DMA Streams. The output stream should have higher
  43:Drivers/STM32F4xx_HAL_Driver/Src/stm32f4xx_hal_adc_ex.c ****                  priority than the input stream.
  44:Drivers/STM32F4xx_HAL_Driver/Src/stm32f4xx_hal_adc_ex.c ****      (#) Configure the ADC Prescaler, conversion resolution and data alignment
  45:Drivers/STM32F4xx_HAL_Driver/Src/stm32f4xx_hal_adc_ex.c ****          using the HAL_ADC_Init() function.
  46:Drivers/STM32F4xx_HAL_Driver/Src/stm32f4xx_hal_adc_ex.c **** 
  47:Drivers/STM32F4xx_HAL_Driver/Src/stm32f4xx_hal_adc_ex.c ****      (#) Configure the ADC Injected channels group features, use HAL_ADC_Init()
  48:Drivers/STM32F4xx_HAL_Driver/Src/stm32f4xx_hal_adc_ex.c ****          and HAL_ADC_ConfigChannel() functions.
  49:Drivers/STM32F4xx_HAL_Driver/Src/stm32f4xx_hal_adc_ex.c **** 
  50:Drivers/STM32F4xx_HAL_Driver/Src/stm32f4xx_hal_adc_ex.c ****      (#) Three operation modes are available within this driver:
  51:Drivers/STM32F4xx_HAL_Driver/Src/stm32f4xx_hal_adc_ex.c **** 
  52:Drivers/STM32F4xx_HAL_Driver/Src/stm32f4xx_hal_adc_ex.c ****      *** Polling mode IO operation ***
  53:Drivers/STM32F4xx_HAL_Driver/Src/stm32f4xx_hal_adc_ex.c ****      =================================
  54:Drivers/STM32F4xx_HAL_Driver/Src/stm32f4xx_hal_adc_ex.c ****      [..]
  55:Drivers/STM32F4xx_HAL_Driver/Src/stm32f4xx_hal_adc_ex.c ****        (+) Start the ADC peripheral using HAL_ADCEx_InjectedStart()
  56:Drivers/STM32F4xx_HAL_Driver/Src/stm32f4xx_hal_adc_ex.c ****        (+) Wait for end of conversion using HAL_ADC_PollForConversion(), at this stage
  57:Drivers/STM32F4xx_HAL_Driver/Src/stm32f4xx_hal_adc_ex.c ****            user can specify the value of timeout according to his end application
  58:Drivers/STM32F4xx_HAL_Driver/Src/stm32f4xx_hal_adc_ex.c ****        (+) To read the ADC converted values, use the HAL_ADCEx_InjectedGetValue() function.
  59:Drivers/STM32F4xx_HAL_Driver/Src/stm32f4xx_hal_adc_ex.c ****        (+) Stop the ADC peripheral using HAL_ADCEx_InjectedStop()
  60:Drivers/STM32F4xx_HAL_Driver/Src/stm32f4xx_hal_adc_ex.c **** 
  61:Drivers/STM32F4xx_HAL_Driver/Src/stm32f4xx_hal_adc_ex.c ****      *** Interrupt mode IO operation ***
  62:Drivers/STM32F4xx_HAL_Driver/Src/stm32f4xx_hal_adc_ex.c ****      ===================================
  63:Drivers/STM32F4xx_HAL_Driver/Src/stm32f4xx_hal_adc_ex.c ****      [..]
  64:Drivers/STM32F4xx_HAL_Driver/Src/stm32f4xx_hal_adc_ex.c ****        (+) Start the ADC peripheral using HAL_ADCEx_InjectedStart_IT()
  65:Drivers/STM32F4xx_HAL_Driver/Src/stm32f4xx_hal_adc_ex.c ****        (+) Use HAL_ADC_IRQHandler() called under ADC_IRQHandler() Interrupt subroutine
  66:Drivers/STM32F4xx_HAL_Driver/Src/stm32f4xx_hal_adc_ex.c ****        (+) At ADC end of conversion HAL_ADCEx_InjectedConvCpltCallback() function is executed and u
  67:Drivers/STM32F4xx_HAL_Driver/Src/stm32f4xx_hal_adc_ex.c ****             add his own code by customization of function pointer HAL_ADCEx_InjectedConvCpltCallbac
  68:Drivers/STM32F4xx_HAL_Driver/Src/stm32f4xx_hal_adc_ex.c ****        (+) In case of ADC Error, HAL_ADCEx_InjectedErrorCallback() function is executed and user ca
  69:Drivers/STM32F4xx_HAL_Driver/Src/stm32f4xx_hal_adc_ex.c ****             add his own code by customization of function pointer HAL_ADCEx_InjectedErrorCallback
  70:Drivers/STM32F4xx_HAL_Driver/Src/stm32f4xx_hal_adc_ex.c ****        (+) Stop the ADC peripheral using HAL_ADCEx_InjectedStop_IT()
  71:Drivers/STM32F4xx_HAL_Driver/Src/stm32f4xx_hal_adc_ex.c **** 
  72:Drivers/STM32F4xx_HAL_Driver/Src/stm32f4xx_hal_adc_ex.c ****      *** Multi mode ADCs Regular channels configuration ***
  73:Drivers/STM32F4xx_HAL_Driver/Src/stm32f4xx_hal_adc_ex.c ****      ======================================================
  74:Drivers/STM32F4xx_HAL_Driver/Src/stm32f4xx_hal_adc_ex.c ****      [..]
  75:Drivers/STM32F4xx_HAL_Driver/Src/stm32f4xx_hal_adc_ex.c ****        (+) Select the Multi mode ADC regular channels features (dual or triple mode)
  76:Drivers/STM32F4xx_HAL_Driver/Src/stm32f4xx_hal_adc_ex.c ****           and configure the DMA mode using HAL_ADCEx_MultiModeConfigChannel() functions.
  77:Drivers/STM32F4xx_HAL_Driver/Src/stm32f4xx_hal_adc_ex.c ****        (+) Start the ADC peripheral using HAL_ADCEx_MultiModeStart_DMA(), at this stage the user sp
  78:Drivers/STM32F4xx_HAL_Driver/Src/stm32f4xx_hal_adc_ex.c ****            of data to be transferred at each end of conversion
  79:Drivers/STM32F4xx_HAL_Driver/Src/stm32f4xx_hal_adc_ex.c ****        (+) Read the ADCs converted values using the HAL_ADCEx_MultiModeGetValue() function.
  80:Drivers/STM32F4xx_HAL_Driver/Src/stm32f4xx_hal_adc_ex.c **** 
  81:Drivers/STM32F4xx_HAL_Driver/Src/stm32f4xx_hal_adc_ex.c **** 
  82:Drivers/STM32F4xx_HAL_Driver/Src/stm32f4xx_hal_adc_ex.c ****     @endverbatim
  83:Drivers/STM32F4xx_HAL_Driver/Src/stm32f4xx_hal_adc_ex.c ****   */
  84:Drivers/STM32F4xx_HAL_Driver/Src/stm32f4xx_hal_adc_ex.c **** 
  85:Drivers/STM32F4xx_HAL_Driver/Src/stm32f4xx_hal_adc_ex.c **** /* Includes ------------------------------------------------------------------*/
  86:Drivers/STM32F4xx_HAL_Driver/Src/stm32f4xx_hal_adc_ex.c **** #include "stm32f4xx_hal.h"
  87:Drivers/STM32F4xx_HAL_Driver/Src/stm32f4xx_hal_adc_ex.c **** 
ARM GAS  C:\Users\DAELT-~1\AppData\Local\Temp\ccxbVPrG.s 			page 3


  88:Drivers/STM32F4xx_HAL_Driver/Src/stm32f4xx_hal_adc_ex.c **** /** @addtogroup STM32F4xx_HAL_Driver
  89:Drivers/STM32F4xx_HAL_Driver/Src/stm32f4xx_hal_adc_ex.c ****   * @{
  90:Drivers/STM32F4xx_HAL_Driver/Src/stm32f4xx_hal_adc_ex.c ****   */
  91:Drivers/STM32F4xx_HAL_Driver/Src/stm32f4xx_hal_adc_ex.c **** 
  92:Drivers/STM32F4xx_HAL_Driver/Src/stm32f4xx_hal_adc_ex.c **** /** @defgroup ADCEx ADCEx
  93:Drivers/STM32F4xx_HAL_Driver/Src/stm32f4xx_hal_adc_ex.c ****   * @brief ADC Extended driver modules
  94:Drivers/STM32F4xx_HAL_Driver/Src/stm32f4xx_hal_adc_ex.c ****   * @{
  95:Drivers/STM32F4xx_HAL_Driver/Src/stm32f4xx_hal_adc_ex.c ****   */
  96:Drivers/STM32F4xx_HAL_Driver/Src/stm32f4xx_hal_adc_ex.c **** 
  97:Drivers/STM32F4xx_HAL_Driver/Src/stm32f4xx_hal_adc_ex.c **** #ifdef HAL_ADC_MODULE_ENABLED
  98:Drivers/STM32F4xx_HAL_Driver/Src/stm32f4xx_hal_adc_ex.c **** 
  99:Drivers/STM32F4xx_HAL_Driver/Src/stm32f4xx_hal_adc_ex.c **** /* Private typedef -----------------------------------------------------------*/
 100:Drivers/STM32F4xx_HAL_Driver/Src/stm32f4xx_hal_adc_ex.c **** /* Private define ------------------------------------------------------------*/
 101:Drivers/STM32F4xx_HAL_Driver/Src/stm32f4xx_hal_adc_ex.c **** /* Private macro -------------------------------------------------------------*/
 102:Drivers/STM32F4xx_HAL_Driver/Src/stm32f4xx_hal_adc_ex.c **** /* Private variables ---------------------------------------------------------*/
 103:Drivers/STM32F4xx_HAL_Driver/Src/stm32f4xx_hal_adc_ex.c **** /** @addtogroup ADCEx_Private_Functions
 104:Drivers/STM32F4xx_HAL_Driver/Src/stm32f4xx_hal_adc_ex.c ****   * @{
 105:Drivers/STM32F4xx_HAL_Driver/Src/stm32f4xx_hal_adc_ex.c ****   */
 106:Drivers/STM32F4xx_HAL_Driver/Src/stm32f4xx_hal_adc_ex.c **** /* Private function prototypes -----------------------------------------------*/
 107:Drivers/STM32F4xx_HAL_Driver/Src/stm32f4xx_hal_adc_ex.c **** static void ADC_MultiModeDMAConvCplt(DMA_HandleTypeDef *hdma);
 108:Drivers/STM32F4xx_HAL_Driver/Src/stm32f4xx_hal_adc_ex.c **** static void ADC_MultiModeDMAError(DMA_HandleTypeDef *hdma);
 109:Drivers/STM32F4xx_HAL_Driver/Src/stm32f4xx_hal_adc_ex.c **** static void ADC_MultiModeDMAHalfConvCplt(DMA_HandleTypeDef *hdma);
 110:Drivers/STM32F4xx_HAL_Driver/Src/stm32f4xx_hal_adc_ex.c **** /**
 111:Drivers/STM32F4xx_HAL_Driver/Src/stm32f4xx_hal_adc_ex.c ****   * @}
 112:Drivers/STM32F4xx_HAL_Driver/Src/stm32f4xx_hal_adc_ex.c ****   */
 113:Drivers/STM32F4xx_HAL_Driver/Src/stm32f4xx_hal_adc_ex.c **** 
 114:Drivers/STM32F4xx_HAL_Driver/Src/stm32f4xx_hal_adc_ex.c **** /* Exported functions --------------------------------------------------------*/
 115:Drivers/STM32F4xx_HAL_Driver/Src/stm32f4xx_hal_adc_ex.c **** /** @defgroup ADCEx_Exported_Functions ADC Exported Functions
 116:Drivers/STM32F4xx_HAL_Driver/Src/stm32f4xx_hal_adc_ex.c ****   * @{
 117:Drivers/STM32F4xx_HAL_Driver/Src/stm32f4xx_hal_adc_ex.c ****   */
 118:Drivers/STM32F4xx_HAL_Driver/Src/stm32f4xx_hal_adc_ex.c **** 
 119:Drivers/STM32F4xx_HAL_Driver/Src/stm32f4xx_hal_adc_ex.c **** /** @defgroup ADCEx_Exported_Functions_Group1  Extended features functions
 120:Drivers/STM32F4xx_HAL_Driver/Src/stm32f4xx_hal_adc_ex.c ****   *  @brief    Extended features functions
 121:Drivers/STM32F4xx_HAL_Driver/Src/stm32f4xx_hal_adc_ex.c ****   *
 122:Drivers/STM32F4xx_HAL_Driver/Src/stm32f4xx_hal_adc_ex.c **** @verbatim
 123:Drivers/STM32F4xx_HAL_Driver/Src/stm32f4xx_hal_adc_ex.c ****  ===============================================================================
 124:Drivers/STM32F4xx_HAL_Driver/Src/stm32f4xx_hal_adc_ex.c ****                  ##### Extended features functions #####
 125:Drivers/STM32F4xx_HAL_Driver/Src/stm32f4xx_hal_adc_ex.c ****  ===============================================================================
 126:Drivers/STM32F4xx_HAL_Driver/Src/stm32f4xx_hal_adc_ex.c ****     [..]  This section provides functions allowing to:
 127:Drivers/STM32F4xx_HAL_Driver/Src/stm32f4xx_hal_adc_ex.c ****       (+) Start conversion of injected channel.
 128:Drivers/STM32F4xx_HAL_Driver/Src/stm32f4xx_hal_adc_ex.c ****       (+) Stop conversion of injected channel.
 129:Drivers/STM32F4xx_HAL_Driver/Src/stm32f4xx_hal_adc_ex.c ****       (+) Start multimode and enable DMA transfer.
 130:Drivers/STM32F4xx_HAL_Driver/Src/stm32f4xx_hal_adc_ex.c ****       (+) Stop multimode and disable DMA transfer.
 131:Drivers/STM32F4xx_HAL_Driver/Src/stm32f4xx_hal_adc_ex.c ****       (+) Get result of injected channel conversion.
 132:Drivers/STM32F4xx_HAL_Driver/Src/stm32f4xx_hal_adc_ex.c ****       (+) Get result of multimode conversion.
 133:Drivers/STM32F4xx_HAL_Driver/Src/stm32f4xx_hal_adc_ex.c ****       (+) Configure injected channels.
 134:Drivers/STM32F4xx_HAL_Driver/Src/stm32f4xx_hal_adc_ex.c ****       (+) Configure multimode.
 135:Drivers/STM32F4xx_HAL_Driver/Src/stm32f4xx_hal_adc_ex.c **** 
 136:Drivers/STM32F4xx_HAL_Driver/Src/stm32f4xx_hal_adc_ex.c **** @endverbatim
 137:Drivers/STM32F4xx_HAL_Driver/Src/stm32f4xx_hal_adc_ex.c ****   * @{
 138:Drivers/STM32F4xx_HAL_Driver/Src/stm32f4xx_hal_adc_ex.c ****   */
 139:Drivers/STM32F4xx_HAL_Driver/Src/stm32f4xx_hal_adc_ex.c **** 
 140:Drivers/STM32F4xx_HAL_Driver/Src/stm32f4xx_hal_adc_ex.c **** /**
 141:Drivers/STM32F4xx_HAL_Driver/Src/stm32f4xx_hal_adc_ex.c ****   * @brief  Enables the selected ADC software start conversion of the injected channels.
 142:Drivers/STM32F4xx_HAL_Driver/Src/stm32f4xx_hal_adc_ex.c ****   * @param  hadc pointer to a ADC_HandleTypeDef structure that contains
 143:Drivers/STM32F4xx_HAL_Driver/Src/stm32f4xx_hal_adc_ex.c ****   *         the configuration information for the specified ADC.
 144:Drivers/STM32F4xx_HAL_Driver/Src/stm32f4xx_hal_adc_ex.c ****   * @retval HAL status
ARM GAS  C:\Users\DAELT-~1\AppData\Local\Temp\ccxbVPrG.s 			page 4


 145:Drivers/STM32F4xx_HAL_Driver/Src/stm32f4xx_hal_adc_ex.c ****   */
 146:Drivers/STM32F4xx_HAL_Driver/Src/stm32f4xx_hal_adc_ex.c **** HAL_StatusTypeDef HAL_ADCEx_InjectedStart(ADC_HandleTypeDef *hadc)
 147:Drivers/STM32F4xx_HAL_Driver/Src/stm32f4xx_hal_adc_ex.c **** {
  29              		.loc 1 147 1
  30              		.cfi_startproc
  31              		@ args = 0, pretend = 0, frame = 24
  32              		@ frame_needed = 1, uses_anonymous_args = 0
  33              		@ link register save eliminated.
  34 0000 80B4     		push	{r7}
  35              	.LCFI0:
  36              		.cfi_def_cfa_offset 4
  37              		.cfi_offset 7, -4
  38 0002 87B0     		sub	sp, sp, #28
  39              	.LCFI1:
  40              		.cfi_def_cfa_offset 32
  41 0004 00AF     		add	r7, sp, #0
  42              	.LCFI2:
  43              		.cfi_def_cfa_register 7
  44 0006 7860     		str	r0, [r7, #4]
 148:Drivers/STM32F4xx_HAL_Driver/Src/stm32f4xx_hal_adc_ex.c ****   __IO uint32_t counter = 0U;
  45              		.loc 1 148 17
  46 0008 0023     		movs	r3, #0
  47 000a BB60     		str	r3, [r7, #8]
 149:Drivers/STM32F4xx_HAL_Driver/Src/stm32f4xx_hal_adc_ex.c ****   uint32_t tmp1 = 0U, tmp2 = 0U;
  48              		.loc 1 149 12
  49 000c 0023     		movs	r3, #0
  50 000e 7B61     		str	r3, [r7, #20]
  51              		.loc 1 149 23
  52 0010 0023     		movs	r3, #0
  53 0012 3B61     		str	r3, [r7, #16]
 150:Drivers/STM32F4xx_HAL_Driver/Src/stm32f4xx_hal_adc_ex.c ****   ADC_Common_TypeDef *tmpADC_Common;
 151:Drivers/STM32F4xx_HAL_Driver/Src/stm32f4xx_hal_adc_ex.c **** 
 152:Drivers/STM32F4xx_HAL_Driver/Src/stm32f4xx_hal_adc_ex.c ****   /* Process locked */
 153:Drivers/STM32F4xx_HAL_Driver/Src/stm32f4xx_hal_adc_ex.c ****   __HAL_LOCK(hadc);
  54              		.loc 1 153 3
  55 0014 7B68     		ldr	r3, [r7, #4]
  56 0016 93F83C30 		ldrb	r3, [r3, #60]	@ zero_extendqisi2
  57 001a 012B     		cmp	r3, #1
  58 001c 01D1     		bne	.L2
  59              		.loc 1 153 3 is_stmt 0 discriminator 1
  60 001e 0223     		movs	r3, #2
  61              		.loc 1 153 3
  62 0020 AAE0     		b	.L3
  63              	.L2:
  64              		.loc 1 153 3 discriminator 2
  65 0022 7B68     		ldr	r3, [r7, #4]
  66 0024 0122     		movs	r2, #1
  67 0026 83F83C20 		strb	r2, [r3, #60]
 154:Drivers/STM32F4xx_HAL_Driver/Src/stm32f4xx_hal_adc_ex.c **** 
 155:Drivers/STM32F4xx_HAL_Driver/Src/stm32f4xx_hal_adc_ex.c ****   /* Enable the ADC peripheral */
 156:Drivers/STM32F4xx_HAL_Driver/Src/stm32f4xx_hal_adc_ex.c **** 
 157:Drivers/STM32F4xx_HAL_Driver/Src/stm32f4xx_hal_adc_ex.c ****   /* Check if ADC peripheral is disabled in order to enable it and wait during
 158:Drivers/STM32F4xx_HAL_Driver/Src/stm32f4xx_hal_adc_ex.c ****      Tstab time the ADC's stabilization */
 159:Drivers/STM32F4xx_HAL_Driver/Src/stm32f4xx_hal_adc_ex.c ****   if ((hadc->Instance->CR2 & ADC_CR2_ADON) != ADC_CR2_ADON)
  68              		.loc 1 159 12 is_stmt 1
  69 002a 7B68     		ldr	r3, [r7, #4]
  70 002c 1B68     		ldr	r3, [r3]
ARM GAS  C:\Users\DAELT-~1\AppData\Local\Temp\ccxbVPrG.s 			page 5


  71              		.loc 1 159 22
  72 002e 9B68     		ldr	r3, [r3, #8]
  73              		.loc 1 159 28
  74 0030 03F00103 		and	r3, r3, #1
  75              		.loc 1 159 6
  76 0034 012B     		cmp	r3, #1
  77 0036 18D0     		beq	.L4
 160:Drivers/STM32F4xx_HAL_Driver/Src/stm32f4xx_hal_adc_ex.c ****   {
 161:Drivers/STM32F4xx_HAL_Driver/Src/stm32f4xx_hal_adc_ex.c ****     /* Enable the Peripheral */
 162:Drivers/STM32F4xx_HAL_Driver/Src/stm32f4xx_hal_adc_ex.c ****     __HAL_ADC_ENABLE(hadc);
  78              		.loc 1 162 5
  79 0038 7B68     		ldr	r3, [r7, #4]
  80 003a 1B68     		ldr	r3, [r3]
  81 003c 9A68     		ldr	r2, [r3, #8]
  82 003e 7B68     		ldr	r3, [r7, #4]
  83 0040 1B68     		ldr	r3, [r3]
  84 0042 42F00102 		orr	r2, r2, #1
  85 0046 9A60     		str	r2, [r3, #8]
 163:Drivers/STM32F4xx_HAL_Driver/Src/stm32f4xx_hal_adc_ex.c **** 
 164:Drivers/STM32F4xx_HAL_Driver/Src/stm32f4xx_hal_adc_ex.c ****     /* Delay for ADC stabilization time */
 165:Drivers/STM32F4xx_HAL_Driver/Src/stm32f4xx_hal_adc_ex.c ****     /* Compute number of CPU cycles to wait for */
 166:Drivers/STM32F4xx_HAL_Driver/Src/stm32f4xx_hal_adc_ex.c ****     counter = (ADC_STAB_DELAY_US * (SystemCoreClock / 1000000U));
  86              		.loc 1 166 53
  87 0048 4E4B     		ldr	r3, .L11
  88 004a 1B68     		ldr	r3, [r3]
  89 004c 4E4A     		ldr	r2, .L11+4
  90 004e A2FB0323 		umull	r2, r3, r2, r3
  91 0052 9A0C     		lsrs	r2, r3, #18
  92              		.loc 1 166 34
  93 0054 1346     		mov	r3, r2
  94 0056 5B00     		lsls	r3, r3, #1
  95 0058 1344     		add	r3, r3, r2
  96              		.loc 1 166 13
  97 005a BB60     		str	r3, [r7, #8]
 167:Drivers/STM32F4xx_HAL_Driver/Src/stm32f4xx_hal_adc_ex.c ****     while (counter != 0U)
  98              		.loc 1 167 11
  99 005c 02E0     		b	.L5
 100              	.L6:
 168:Drivers/STM32F4xx_HAL_Driver/Src/stm32f4xx_hal_adc_ex.c ****     {
 169:Drivers/STM32F4xx_HAL_Driver/Src/stm32f4xx_hal_adc_ex.c ****       counter--;
 101              		.loc 1 169 14
 102 005e BB68     		ldr	r3, [r7, #8]
 103 0060 013B     		subs	r3, r3, #1
 104 0062 BB60     		str	r3, [r7, #8]
 105              	.L5:
 167:Drivers/STM32F4xx_HAL_Driver/Src/stm32f4xx_hal_adc_ex.c ****     while (counter != 0U)
 106              		.loc 1 167 20
 107 0064 BB68     		ldr	r3, [r7, #8]
 108 0066 002B     		cmp	r3, #0
 109 0068 F9D1     		bne	.L6
 110              	.L4:
 170:Drivers/STM32F4xx_HAL_Driver/Src/stm32f4xx_hal_adc_ex.c ****     }
 171:Drivers/STM32F4xx_HAL_Driver/Src/stm32f4xx_hal_adc_ex.c ****   }
 172:Drivers/STM32F4xx_HAL_Driver/Src/stm32f4xx_hal_adc_ex.c **** 
 173:Drivers/STM32F4xx_HAL_Driver/Src/stm32f4xx_hal_adc_ex.c ****   /* Start conversion if ADC is effectively enabled */
 174:Drivers/STM32F4xx_HAL_Driver/Src/stm32f4xx_hal_adc_ex.c ****   if (HAL_IS_BIT_SET(hadc->Instance->CR2, ADC_CR2_ADON))
 111              		.loc 1 174 7
ARM GAS  C:\Users\DAELT-~1\AppData\Local\Temp\ccxbVPrG.s 			page 6


 112 006a 7B68     		ldr	r3, [r7, #4]
 113 006c 1B68     		ldr	r3, [r3]
 114 006e 9B68     		ldr	r3, [r3, #8]
 115 0070 03F00103 		and	r3, r3, #1
 116              		.loc 1 174 6
 117 0074 012B     		cmp	r3, #1
 118 0076 72D1     		bne	.L7
 175:Drivers/STM32F4xx_HAL_Driver/Src/stm32f4xx_hal_adc_ex.c ****   {
 176:Drivers/STM32F4xx_HAL_Driver/Src/stm32f4xx_hal_adc_ex.c ****     /* Set ADC state                                                          */
 177:Drivers/STM32F4xx_HAL_Driver/Src/stm32f4xx_hal_adc_ex.c ****     /* - Clear state bitfield related to injected group conversion results    */
 178:Drivers/STM32F4xx_HAL_Driver/Src/stm32f4xx_hal_adc_ex.c ****     /* - Set state bitfield related to injected operation                     */
 179:Drivers/STM32F4xx_HAL_Driver/Src/stm32f4xx_hal_adc_ex.c ****     ADC_STATE_CLR_SET(hadc->State,
 119              		.loc 1 179 5
 120 0078 7B68     		ldr	r3, [r7, #4]
 121 007a 1B6C     		ldr	r3, [r3, #64]
 122 007c 23F44053 		bic	r3, r3, #12288
 123 0080 23F00103 		bic	r3, r3, #1
 124 0084 43F48052 		orr	r2, r3, #4096
 125 0088 7B68     		ldr	r3, [r7, #4]
 126 008a 1A64     		str	r2, [r3, #64]
 180:Drivers/STM32F4xx_HAL_Driver/Src/stm32f4xx_hal_adc_ex.c ****                       HAL_ADC_STATE_READY | HAL_ADC_STATE_INJ_EOC,
 181:Drivers/STM32F4xx_HAL_Driver/Src/stm32f4xx_hal_adc_ex.c ****                       HAL_ADC_STATE_INJ_BUSY);
 182:Drivers/STM32F4xx_HAL_Driver/Src/stm32f4xx_hal_adc_ex.c **** 
 183:Drivers/STM32F4xx_HAL_Driver/Src/stm32f4xx_hal_adc_ex.c ****     /* Check if a regular conversion is ongoing */
 184:Drivers/STM32F4xx_HAL_Driver/Src/stm32f4xx_hal_adc_ex.c ****     /* Note: On this device, there is no ADC error code fields related to     */
 185:Drivers/STM32F4xx_HAL_Driver/Src/stm32f4xx_hal_adc_ex.c ****     /*       conversions on group injected only. In case of conversion on     */
 186:Drivers/STM32F4xx_HAL_Driver/Src/stm32f4xx_hal_adc_ex.c ****     /*       going on group regular, no error code is reset.                  */
 187:Drivers/STM32F4xx_HAL_Driver/Src/stm32f4xx_hal_adc_ex.c ****     if (HAL_IS_BIT_CLR(hadc->State, HAL_ADC_STATE_REG_BUSY))
 127              		.loc 1 187 9
 128 008c 7B68     		ldr	r3, [r7, #4]
 129 008e 1B6C     		ldr	r3, [r3, #64]
 130 0090 03F48073 		and	r3, r3, #256
 131              		.loc 1 187 8
 132 0094 002B     		cmp	r3, #0
 133 0096 02D1     		bne	.L8
 188:Drivers/STM32F4xx_HAL_Driver/Src/stm32f4xx_hal_adc_ex.c ****     {
 189:Drivers/STM32F4xx_HAL_Driver/Src/stm32f4xx_hal_adc_ex.c ****       /* Reset ADC all error code fields */
 190:Drivers/STM32F4xx_HAL_Driver/Src/stm32f4xx_hal_adc_ex.c ****       ADC_CLEAR_ERRORCODE(hadc);
 134              		.loc 1 190 7
 135 0098 7B68     		ldr	r3, [r7, #4]
 136 009a 0022     		movs	r2, #0
 137 009c 5A64     		str	r2, [r3, #68]
 138              	.L8:
 191:Drivers/STM32F4xx_HAL_Driver/Src/stm32f4xx_hal_adc_ex.c ****     }
 192:Drivers/STM32F4xx_HAL_Driver/Src/stm32f4xx_hal_adc_ex.c **** 
 193:Drivers/STM32F4xx_HAL_Driver/Src/stm32f4xx_hal_adc_ex.c ****     /* Process unlocked */
 194:Drivers/STM32F4xx_HAL_Driver/Src/stm32f4xx_hal_adc_ex.c ****     /* Unlock before starting ADC conversions: in case of potential           */
 195:Drivers/STM32F4xx_HAL_Driver/Src/stm32f4xx_hal_adc_ex.c ****     /* interruption, to let the process to ADC IRQ Handler.                   */
 196:Drivers/STM32F4xx_HAL_Driver/Src/stm32f4xx_hal_adc_ex.c ****     __HAL_UNLOCK(hadc);
 139              		.loc 1 196 5
 140 009e 7B68     		ldr	r3, [r7, #4]
 141 00a0 0022     		movs	r2, #0
 142 00a2 83F83C20 		strb	r2, [r3, #60]
 197:Drivers/STM32F4xx_HAL_Driver/Src/stm32f4xx_hal_adc_ex.c **** 
 198:Drivers/STM32F4xx_HAL_Driver/Src/stm32f4xx_hal_adc_ex.c ****     /* Clear injected group conversion flag */
 199:Drivers/STM32F4xx_HAL_Driver/Src/stm32f4xx_hal_adc_ex.c ****     /* (To ensure of no unknown state from potential previous ADC operations) */
 200:Drivers/STM32F4xx_HAL_Driver/Src/stm32f4xx_hal_adc_ex.c ****     __HAL_ADC_CLEAR_FLAG(hadc, ADC_FLAG_JEOC);
ARM GAS  C:\Users\DAELT-~1\AppData\Local\Temp\ccxbVPrG.s 			page 7


 143              		.loc 1 200 5
 144 00a6 7B68     		ldr	r3, [r7, #4]
 145 00a8 1B68     		ldr	r3, [r3]
 146 00aa 6FF00402 		mvn	r2, #4
 147 00ae 1A60     		str	r2, [r3]
 201:Drivers/STM32F4xx_HAL_Driver/Src/stm32f4xx_hal_adc_ex.c **** 
 202:Drivers/STM32F4xx_HAL_Driver/Src/stm32f4xx_hal_adc_ex.c ****     /* Pointer to the common control register to which is belonging hadc    */
 203:Drivers/STM32F4xx_HAL_Driver/Src/stm32f4xx_hal_adc_ex.c ****     /* (Depending on STM32F4 product, there may be up to 3 ADC and 1 common */
 204:Drivers/STM32F4xx_HAL_Driver/Src/stm32f4xx_hal_adc_ex.c ****     /* control register)                                                    */
 205:Drivers/STM32F4xx_HAL_Driver/Src/stm32f4xx_hal_adc_ex.c ****     tmpADC_Common = ADC_COMMON_REGISTER(hadc);
 148              		.loc 1 205 19
 149 00b0 364B     		ldr	r3, .L11+8
 150 00b2 FB60     		str	r3, [r7, #12]
 206:Drivers/STM32F4xx_HAL_Driver/Src/stm32f4xx_hal_adc_ex.c **** 
 207:Drivers/STM32F4xx_HAL_Driver/Src/stm32f4xx_hal_adc_ex.c ****     /* Check if Multimode enabled */
 208:Drivers/STM32F4xx_HAL_Driver/Src/stm32f4xx_hal_adc_ex.c ****     if (HAL_IS_BIT_CLR(tmpADC_Common->CCR, ADC_CCR_MULTI))
 151              		.loc 1 208 9
 152 00b4 FB68     		ldr	r3, [r7, #12]
 153 00b6 5B68     		ldr	r3, [r3, #4]
 154 00b8 03F01F03 		and	r3, r3, #31
 155              		.loc 1 208 8
 156 00bc 002B     		cmp	r3, #0
 157 00be 24D1     		bne	.L9
 209:Drivers/STM32F4xx_HAL_Driver/Src/stm32f4xx_hal_adc_ex.c ****     {
 210:Drivers/STM32F4xx_HAL_Driver/Src/stm32f4xx_hal_adc_ex.c ****       tmp1 = HAL_IS_BIT_CLR(hadc->Instance->CR2, ADC_CR2_JEXTEN);
 158              		.loc 1 210 14
 159 00c0 7B68     		ldr	r3, [r7, #4]
 160 00c2 1B68     		ldr	r3, [r3]
 161 00c4 9B68     		ldr	r3, [r3, #8]
 162 00c6 03F44013 		and	r3, r3, #3145728
 163 00ca 002B     		cmp	r3, #0
 164 00cc 0CBF     		ite	eq
 165 00ce 0123     		moveq	r3, #1
 166 00d0 0023     		movne	r3, #0
 167 00d2 DBB2     		uxtb	r3, r3
 168              		.loc 1 210 12
 169 00d4 7B61     		str	r3, [r7, #20]
 211:Drivers/STM32F4xx_HAL_Driver/Src/stm32f4xx_hal_adc_ex.c ****       tmp2 = HAL_IS_BIT_CLR(hadc->Instance->CR1, ADC_CR1_JAUTO);
 170              		.loc 1 211 14
 171 00d6 7B68     		ldr	r3, [r7, #4]
 172 00d8 1B68     		ldr	r3, [r3]
 173 00da 5B68     		ldr	r3, [r3, #4]
 174 00dc 03F48063 		and	r3, r3, #1024
 175 00e0 002B     		cmp	r3, #0
 176 00e2 0CBF     		ite	eq
 177 00e4 0123     		moveq	r3, #1
 178 00e6 0023     		movne	r3, #0
 179 00e8 DBB2     		uxtb	r3, r3
 180              		.loc 1 211 12
 181 00ea 3B61     		str	r3, [r7, #16]
 212:Drivers/STM32F4xx_HAL_Driver/Src/stm32f4xx_hal_adc_ex.c ****       if (tmp1 && tmp2)
 182              		.loc 1 212 10
 183 00ec 7B69     		ldr	r3, [r7, #20]
 184 00ee 002B     		cmp	r3, #0
 185 00f0 41D0     		beq	.L10
 186              		.loc 1 212 16 discriminator 1
 187 00f2 3B69     		ldr	r3, [r7, #16]
ARM GAS  C:\Users\DAELT-~1\AppData\Local\Temp\ccxbVPrG.s 			page 8


 188 00f4 002B     		cmp	r3, #0
 189 00f6 3ED0     		beq	.L10
 213:Drivers/STM32F4xx_HAL_Driver/Src/stm32f4xx_hal_adc_ex.c ****       {
 214:Drivers/STM32F4xx_HAL_Driver/Src/stm32f4xx_hal_adc_ex.c ****         /* Enable the selected ADC software conversion for injected group */
 215:Drivers/STM32F4xx_HAL_Driver/Src/stm32f4xx_hal_adc_ex.c ****         hadc->Instance->CR2 |= ADC_CR2_JSWSTART;
 190              		.loc 1 215 13
 191 00f8 7B68     		ldr	r3, [r7, #4]
 192 00fa 1B68     		ldr	r3, [r3]
 193              		.loc 1 215 23
 194 00fc 9A68     		ldr	r2, [r3, #8]
 195              		.loc 1 215 13
 196 00fe 7B68     		ldr	r3, [r7, #4]
 197 0100 1B68     		ldr	r3, [r3]
 198              		.loc 1 215 29
 199 0102 42F48002 		orr	r2, r2, #4194304
 200 0106 9A60     		str	r2, [r3, #8]
 201 0108 35E0     		b	.L10
 202              	.L9:
 216:Drivers/STM32F4xx_HAL_Driver/Src/stm32f4xx_hal_adc_ex.c ****       }
 217:Drivers/STM32F4xx_HAL_Driver/Src/stm32f4xx_hal_adc_ex.c ****     }
 218:Drivers/STM32F4xx_HAL_Driver/Src/stm32f4xx_hal_adc_ex.c ****     else
 219:Drivers/STM32F4xx_HAL_Driver/Src/stm32f4xx_hal_adc_ex.c ****     {
 220:Drivers/STM32F4xx_HAL_Driver/Src/stm32f4xx_hal_adc_ex.c ****       tmp1 = HAL_IS_BIT_CLR(hadc->Instance->CR2, ADC_CR2_JEXTEN);
 203              		.loc 1 220 14
 204 010a 7B68     		ldr	r3, [r7, #4]
 205 010c 1B68     		ldr	r3, [r3]
 206 010e 9B68     		ldr	r3, [r3, #8]
 207 0110 03F44013 		and	r3, r3, #3145728
 208 0114 002B     		cmp	r3, #0
 209 0116 0CBF     		ite	eq
 210 0118 0123     		moveq	r3, #1
 211 011a 0023     		movne	r3, #0
 212 011c DBB2     		uxtb	r3, r3
 213              		.loc 1 220 12
 214 011e 7B61     		str	r3, [r7, #20]
 221:Drivers/STM32F4xx_HAL_Driver/Src/stm32f4xx_hal_adc_ex.c ****       tmp2 = HAL_IS_BIT_CLR(hadc->Instance->CR1, ADC_CR1_JAUTO);
 215              		.loc 1 221 14
 216 0120 7B68     		ldr	r3, [r7, #4]
 217 0122 1B68     		ldr	r3, [r3]
 218 0124 5B68     		ldr	r3, [r3, #4]
 219 0126 03F48063 		and	r3, r3, #1024
 220 012a 002B     		cmp	r3, #0
 221 012c 0CBF     		ite	eq
 222 012e 0123     		moveq	r3, #1
 223 0130 0023     		movne	r3, #0
 224 0132 DBB2     		uxtb	r3, r3
 225              		.loc 1 221 12
 226 0134 3B61     		str	r3, [r7, #16]
 222:Drivers/STM32F4xx_HAL_Driver/Src/stm32f4xx_hal_adc_ex.c ****       if ((hadc->Instance == ADC1) && tmp1 && tmp2)
 227              		.loc 1 222 16
 228 0136 7B68     		ldr	r3, [r7, #4]
 229 0138 1B68     		ldr	r3, [r3]
 230              		.loc 1 222 10
 231 013a 154A     		ldr	r2, .L11+12
 232 013c 9342     		cmp	r3, r2
 233 013e 1AD1     		bne	.L10
 234              		.loc 1 222 36 discriminator 1
ARM GAS  C:\Users\DAELT-~1\AppData\Local\Temp\ccxbVPrG.s 			page 9


 235 0140 7B69     		ldr	r3, [r7, #20]
 236 0142 002B     		cmp	r3, #0
 237 0144 17D0     		beq	.L10
 238              		.loc 1 222 44 discriminator 2
 239 0146 3B69     		ldr	r3, [r7, #16]
 240 0148 002B     		cmp	r3, #0
 241 014a 14D0     		beq	.L10
 223:Drivers/STM32F4xx_HAL_Driver/Src/stm32f4xx_hal_adc_ex.c ****       {
 224:Drivers/STM32F4xx_HAL_Driver/Src/stm32f4xx_hal_adc_ex.c ****         /* Enable the selected ADC software conversion for injected group */
 225:Drivers/STM32F4xx_HAL_Driver/Src/stm32f4xx_hal_adc_ex.c ****         hadc->Instance->CR2 |= ADC_CR2_JSWSTART;
 242              		.loc 1 225 13
 243 014c 7B68     		ldr	r3, [r7, #4]
 244 014e 1B68     		ldr	r3, [r3]
 245              		.loc 1 225 23
 246 0150 9A68     		ldr	r2, [r3, #8]
 247              		.loc 1 225 13
 248 0152 7B68     		ldr	r3, [r7, #4]
 249 0154 1B68     		ldr	r3, [r3]
 250              		.loc 1 225 29
 251 0156 42F48002 		orr	r2, r2, #4194304
 252 015a 9A60     		str	r2, [r3, #8]
 253 015c 0BE0     		b	.L10
 254              	.L7:
 226:Drivers/STM32F4xx_HAL_Driver/Src/stm32f4xx_hal_adc_ex.c ****       }
 227:Drivers/STM32F4xx_HAL_Driver/Src/stm32f4xx_hal_adc_ex.c ****     }
 228:Drivers/STM32F4xx_HAL_Driver/Src/stm32f4xx_hal_adc_ex.c ****   }
 229:Drivers/STM32F4xx_HAL_Driver/Src/stm32f4xx_hal_adc_ex.c ****   else
 230:Drivers/STM32F4xx_HAL_Driver/Src/stm32f4xx_hal_adc_ex.c ****   {
 231:Drivers/STM32F4xx_HAL_Driver/Src/stm32f4xx_hal_adc_ex.c ****     /* Update ADC state machine to error */
 232:Drivers/STM32F4xx_HAL_Driver/Src/stm32f4xx_hal_adc_ex.c ****     SET_BIT(hadc->State, HAL_ADC_STATE_ERROR_INTERNAL);
 255              		.loc 1 232 5
 256 015e 7B68     		ldr	r3, [r7, #4]
 257 0160 1B6C     		ldr	r3, [r3, #64]
 258 0162 43F01002 		orr	r2, r3, #16
 259 0166 7B68     		ldr	r3, [r7, #4]
 260 0168 1A64     		str	r2, [r3, #64]
 233:Drivers/STM32F4xx_HAL_Driver/Src/stm32f4xx_hal_adc_ex.c **** 
 234:Drivers/STM32F4xx_HAL_Driver/Src/stm32f4xx_hal_adc_ex.c ****     /* Set ADC error code to ADC IP internal error */
 235:Drivers/STM32F4xx_HAL_Driver/Src/stm32f4xx_hal_adc_ex.c ****     SET_BIT(hadc->ErrorCode, HAL_ADC_ERROR_INTERNAL);
 261              		.loc 1 235 5
 262 016a 7B68     		ldr	r3, [r7, #4]
 263 016c 5B6C     		ldr	r3, [r3, #68]
 264 016e 43F00102 		orr	r2, r3, #1
 265 0172 7B68     		ldr	r3, [r7, #4]
 266 0174 5A64     		str	r2, [r3, #68]
 267              	.L10:
 236:Drivers/STM32F4xx_HAL_Driver/Src/stm32f4xx_hal_adc_ex.c ****   }
 237:Drivers/STM32F4xx_HAL_Driver/Src/stm32f4xx_hal_adc_ex.c **** 
 238:Drivers/STM32F4xx_HAL_Driver/Src/stm32f4xx_hal_adc_ex.c ****   /* Return function status */
 239:Drivers/STM32F4xx_HAL_Driver/Src/stm32f4xx_hal_adc_ex.c ****   return HAL_OK;
 268              		.loc 1 239 10
 269 0176 0023     		movs	r3, #0
 270              	.L3:
 240:Drivers/STM32F4xx_HAL_Driver/Src/stm32f4xx_hal_adc_ex.c **** }
 271              		.loc 1 240 1
 272 0178 1846     		mov	r0, r3
 273 017a 1C37     		adds	r7, r7, #28
ARM GAS  C:\Users\DAELT-~1\AppData\Local\Temp\ccxbVPrG.s 			page 10


 274              	.LCFI3:
 275              		.cfi_def_cfa_offset 4
 276 017c BD46     		mov	sp, r7
 277              	.LCFI4:
 278              		.cfi_def_cfa_register 13
 279              		@ sp needed
 280 017e 5DF8047B 		ldr	r7, [sp], #4
 281              	.LCFI5:
 282              		.cfi_restore 7
 283              		.cfi_def_cfa_offset 0
 284 0182 7047     		bx	lr
 285              	.L12:
 286              		.align	2
 287              	.L11:
 288 0184 00000000 		.word	SystemCoreClock
 289 0188 83DE1B43 		.word	1125899907
 290 018c 00230140 		.word	1073816320
 291 0190 00200140 		.word	1073815552
 292              		.cfi_endproc
 293              	.LFE220:
 295              		.section	.text.HAL_ADCEx_InjectedStart_IT,"ax",%progbits
 296              		.align	1
 297              		.global	HAL_ADCEx_InjectedStart_IT
 298              		.syntax unified
 299              		.thumb
 300              		.thumb_func
 302              	HAL_ADCEx_InjectedStart_IT:
 303              	.LFB221:
 241:Drivers/STM32F4xx_HAL_Driver/Src/stm32f4xx_hal_adc_ex.c **** 
 242:Drivers/STM32F4xx_HAL_Driver/Src/stm32f4xx_hal_adc_ex.c **** /**
 243:Drivers/STM32F4xx_HAL_Driver/Src/stm32f4xx_hal_adc_ex.c ****   * @brief  Enables the interrupt and starts ADC conversion of injected channels.
 244:Drivers/STM32F4xx_HAL_Driver/Src/stm32f4xx_hal_adc_ex.c ****   * @param  hadc pointer to a ADC_HandleTypeDef structure that contains
 245:Drivers/STM32F4xx_HAL_Driver/Src/stm32f4xx_hal_adc_ex.c ****   *         the configuration information for the specified ADC.
 246:Drivers/STM32F4xx_HAL_Driver/Src/stm32f4xx_hal_adc_ex.c ****   *
 247:Drivers/STM32F4xx_HAL_Driver/Src/stm32f4xx_hal_adc_ex.c ****   * @retval HAL status.
 248:Drivers/STM32F4xx_HAL_Driver/Src/stm32f4xx_hal_adc_ex.c ****   */
 249:Drivers/STM32F4xx_HAL_Driver/Src/stm32f4xx_hal_adc_ex.c **** HAL_StatusTypeDef HAL_ADCEx_InjectedStart_IT(ADC_HandleTypeDef *hadc)
 250:Drivers/STM32F4xx_HAL_Driver/Src/stm32f4xx_hal_adc_ex.c **** {
 304              		.loc 1 250 1
 305              		.cfi_startproc
 306              		@ args = 0, pretend = 0, frame = 24
 307              		@ frame_needed = 1, uses_anonymous_args = 0
 308              		@ link register save eliminated.
 309 0000 80B4     		push	{r7}
 310              	.LCFI6:
 311              		.cfi_def_cfa_offset 4
 312              		.cfi_offset 7, -4
 313 0002 87B0     		sub	sp, sp, #28
 314              	.LCFI7:
 315              		.cfi_def_cfa_offset 32
 316 0004 00AF     		add	r7, sp, #0
 317              	.LCFI8:
 318              		.cfi_def_cfa_register 7
 319 0006 7860     		str	r0, [r7, #4]
 251:Drivers/STM32F4xx_HAL_Driver/Src/stm32f4xx_hal_adc_ex.c ****   __IO uint32_t counter = 0U;
 320              		.loc 1 251 17
 321 0008 0023     		movs	r3, #0
ARM GAS  C:\Users\DAELT-~1\AppData\Local\Temp\ccxbVPrG.s 			page 11


 322 000a BB60     		str	r3, [r7, #8]
 252:Drivers/STM32F4xx_HAL_Driver/Src/stm32f4xx_hal_adc_ex.c ****   uint32_t tmp1 = 0U, tmp2 = 0U;
 323              		.loc 1 252 12
 324 000c 0023     		movs	r3, #0
 325 000e 7B61     		str	r3, [r7, #20]
 326              		.loc 1 252 23
 327 0010 0023     		movs	r3, #0
 328 0012 3B61     		str	r3, [r7, #16]
 253:Drivers/STM32F4xx_HAL_Driver/Src/stm32f4xx_hal_adc_ex.c ****   ADC_Common_TypeDef *tmpADC_Common;
 254:Drivers/STM32F4xx_HAL_Driver/Src/stm32f4xx_hal_adc_ex.c **** 
 255:Drivers/STM32F4xx_HAL_Driver/Src/stm32f4xx_hal_adc_ex.c ****   /* Process locked */
 256:Drivers/STM32F4xx_HAL_Driver/Src/stm32f4xx_hal_adc_ex.c ****   __HAL_LOCK(hadc);
 329              		.loc 1 256 3
 330 0014 7B68     		ldr	r3, [r7, #4]
 331 0016 93F83C30 		ldrb	r3, [r3, #60]	@ zero_extendqisi2
 332 001a 012B     		cmp	r3, #1
 333 001c 01D1     		bne	.L14
 334              		.loc 1 256 3 is_stmt 0 discriminator 1
 335 001e 0223     		movs	r3, #2
 336              		.loc 1 256 3
 337 0020 B2E0     		b	.L15
 338              	.L14:
 339              		.loc 1 256 3 discriminator 2
 340 0022 7B68     		ldr	r3, [r7, #4]
 341 0024 0122     		movs	r2, #1
 342 0026 83F83C20 		strb	r2, [r3, #60]
 257:Drivers/STM32F4xx_HAL_Driver/Src/stm32f4xx_hal_adc_ex.c **** 
 258:Drivers/STM32F4xx_HAL_Driver/Src/stm32f4xx_hal_adc_ex.c ****   /* Enable the ADC peripheral */
 259:Drivers/STM32F4xx_HAL_Driver/Src/stm32f4xx_hal_adc_ex.c **** 
 260:Drivers/STM32F4xx_HAL_Driver/Src/stm32f4xx_hal_adc_ex.c ****   /* Check if ADC peripheral is disabled in order to enable it and wait during
 261:Drivers/STM32F4xx_HAL_Driver/Src/stm32f4xx_hal_adc_ex.c ****      Tstab time the ADC's stabilization */
 262:Drivers/STM32F4xx_HAL_Driver/Src/stm32f4xx_hal_adc_ex.c ****   if ((hadc->Instance->CR2 & ADC_CR2_ADON) != ADC_CR2_ADON)
 343              		.loc 1 262 12 is_stmt 1
 344 002a 7B68     		ldr	r3, [r7, #4]
 345 002c 1B68     		ldr	r3, [r3]
 346              		.loc 1 262 22
 347 002e 9B68     		ldr	r3, [r3, #8]
 348              		.loc 1 262 28
 349 0030 03F00103 		and	r3, r3, #1
 350              		.loc 1 262 6
 351 0034 012B     		cmp	r3, #1
 352 0036 18D0     		beq	.L16
 263:Drivers/STM32F4xx_HAL_Driver/Src/stm32f4xx_hal_adc_ex.c ****   {
 264:Drivers/STM32F4xx_HAL_Driver/Src/stm32f4xx_hal_adc_ex.c ****     /* Enable the Peripheral */
 265:Drivers/STM32F4xx_HAL_Driver/Src/stm32f4xx_hal_adc_ex.c ****     __HAL_ADC_ENABLE(hadc);
 353              		.loc 1 265 5
 354 0038 7B68     		ldr	r3, [r7, #4]
 355 003a 1B68     		ldr	r3, [r3]
 356 003c 9A68     		ldr	r2, [r3, #8]
 357 003e 7B68     		ldr	r3, [r7, #4]
 358 0040 1B68     		ldr	r3, [r3]
 359 0042 42F00102 		orr	r2, r2, #1
 360 0046 9A60     		str	r2, [r3, #8]
 266:Drivers/STM32F4xx_HAL_Driver/Src/stm32f4xx_hal_adc_ex.c **** 
 267:Drivers/STM32F4xx_HAL_Driver/Src/stm32f4xx_hal_adc_ex.c ****     /* Delay for ADC stabilization time */
 268:Drivers/STM32F4xx_HAL_Driver/Src/stm32f4xx_hal_adc_ex.c ****     /* Compute number of CPU cycles to wait for */
 269:Drivers/STM32F4xx_HAL_Driver/Src/stm32f4xx_hal_adc_ex.c ****     counter = (ADC_STAB_DELAY_US * (SystemCoreClock / 1000000U));
ARM GAS  C:\Users\DAELT-~1\AppData\Local\Temp\ccxbVPrG.s 			page 12


 361              		.loc 1 269 53
 362 0048 524B     		ldr	r3, .L23
 363 004a 1B68     		ldr	r3, [r3]
 364 004c 524A     		ldr	r2, .L23+4
 365 004e A2FB0323 		umull	r2, r3, r2, r3
 366 0052 9A0C     		lsrs	r2, r3, #18
 367              		.loc 1 269 34
 368 0054 1346     		mov	r3, r2
 369 0056 5B00     		lsls	r3, r3, #1
 370 0058 1344     		add	r3, r3, r2
 371              		.loc 1 269 13
 372 005a BB60     		str	r3, [r7, #8]
 270:Drivers/STM32F4xx_HAL_Driver/Src/stm32f4xx_hal_adc_ex.c ****     while (counter != 0U)
 373              		.loc 1 270 11
 374 005c 02E0     		b	.L17
 375              	.L18:
 271:Drivers/STM32F4xx_HAL_Driver/Src/stm32f4xx_hal_adc_ex.c ****     {
 272:Drivers/STM32F4xx_HAL_Driver/Src/stm32f4xx_hal_adc_ex.c ****       counter--;
 376              		.loc 1 272 14
 377 005e BB68     		ldr	r3, [r7, #8]
 378 0060 013B     		subs	r3, r3, #1
 379 0062 BB60     		str	r3, [r7, #8]
 380              	.L17:
 270:Drivers/STM32F4xx_HAL_Driver/Src/stm32f4xx_hal_adc_ex.c ****     while (counter != 0U)
 381              		.loc 1 270 20
 382 0064 BB68     		ldr	r3, [r7, #8]
 383 0066 002B     		cmp	r3, #0
 384 0068 F9D1     		bne	.L18
 385              	.L16:
 273:Drivers/STM32F4xx_HAL_Driver/Src/stm32f4xx_hal_adc_ex.c ****     }
 274:Drivers/STM32F4xx_HAL_Driver/Src/stm32f4xx_hal_adc_ex.c ****   }
 275:Drivers/STM32F4xx_HAL_Driver/Src/stm32f4xx_hal_adc_ex.c **** 
 276:Drivers/STM32F4xx_HAL_Driver/Src/stm32f4xx_hal_adc_ex.c ****   /* Start conversion if ADC is effectively enabled */
 277:Drivers/STM32F4xx_HAL_Driver/Src/stm32f4xx_hal_adc_ex.c ****   if (HAL_IS_BIT_SET(hadc->Instance->CR2, ADC_CR2_ADON))
 386              		.loc 1 277 7
 387 006a 7B68     		ldr	r3, [r7, #4]
 388 006c 1B68     		ldr	r3, [r3]
 389 006e 9B68     		ldr	r3, [r3, #8]
 390 0070 03F00103 		and	r3, r3, #1
 391              		.loc 1 277 6
 392 0074 012B     		cmp	r3, #1
 393 0076 7AD1     		bne	.L19
 278:Drivers/STM32F4xx_HAL_Driver/Src/stm32f4xx_hal_adc_ex.c ****   {
 279:Drivers/STM32F4xx_HAL_Driver/Src/stm32f4xx_hal_adc_ex.c ****     /* Set ADC state                                                          */
 280:Drivers/STM32F4xx_HAL_Driver/Src/stm32f4xx_hal_adc_ex.c ****     /* - Clear state bitfield related to injected group conversion results    */
 281:Drivers/STM32F4xx_HAL_Driver/Src/stm32f4xx_hal_adc_ex.c ****     /* - Set state bitfield related to injected operation                     */
 282:Drivers/STM32F4xx_HAL_Driver/Src/stm32f4xx_hal_adc_ex.c ****     ADC_STATE_CLR_SET(hadc->State,
 394              		.loc 1 282 5
 395 0078 7B68     		ldr	r3, [r7, #4]
 396 007a 1B6C     		ldr	r3, [r3, #64]
 397 007c 23F44053 		bic	r3, r3, #12288
 398 0080 23F00103 		bic	r3, r3, #1
 399 0084 43F48052 		orr	r2, r3, #4096
 400 0088 7B68     		ldr	r3, [r7, #4]
 401 008a 1A64     		str	r2, [r3, #64]
 283:Drivers/STM32F4xx_HAL_Driver/Src/stm32f4xx_hal_adc_ex.c ****                       HAL_ADC_STATE_READY | HAL_ADC_STATE_INJ_EOC,
 284:Drivers/STM32F4xx_HAL_Driver/Src/stm32f4xx_hal_adc_ex.c ****                       HAL_ADC_STATE_INJ_BUSY);
ARM GAS  C:\Users\DAELT-~1\AppData\Local\Temp\ccxbVPrG.s 			page 13


 285:Drivers/STM32F4xx_HAL_Driver/Src/stm32f4xx_hal_adc_ex.c **** 
 286:Drivers/STM32F4xx_HAL_Driver/Src/stm32f4xx_hal_adc_ex.c ****     /* Check if a regular conversion is ongoing */
 287:Drivers/STM32F4xx_HAL_Driver/Src/stm32f4xx_hal_adc_ex.c ****     /* Note: On this device, there is no ADC error code fields related to     */
 288:Drivers/STM32F4xx_HAL_Driver/Src/stm32f4xx_hal_adc_ex.c ****     /*       conversions on group injected only. In case of conversion on     */
 289:Drivers/STM32F4xx_HAL_Driver/Src/stm32f4xx_hal_adc_ex.c ****     /*       going on group regular, no error code is reset.                  */
 290:Drivers/STM32F4xx_HAL_Driver/Src/stm32f4xx_hal_adc_ex.c ****     if (HAL_IS_BIT_CLR(hadc->State, HAL_ADC_STATE_REG_BUSY))
 402              		.loc 1 290 9
 403 008c 7B68     		ldr	r3, [r7, #4]
 404 008e 1B6C     		ldr	r3, [r3, #64]
 405 0090 03F48073 		and	r3, r3, #256
 406              		.loc 1 290 8
 407 0094 002B     		cmp	r3, #0
 408 0096 02D1     		bne	.L20
 291:Drivers/STM32F4xx_HAL_Driver/Src/stm32f4xx_hal_adc_ex.c ****     {
 292:Drivers/STM32F4xx_HAL_Driver/Src/stm32f4xx_hal_adc_ex.c ****       /* Reset ADC all error code fields */
 293:Drivers/STM32F4xx_HAL_Driver/Src/stm32f4xx_hal_adc_ex.c ****       ADC_CLEAR_ERRORCODE(hadc);
 409              		.loc 1 293 7
 410 0098 7B68     		ldr	r3, [r7, #4]
 411 009a 0022     		movs	r2, #0
 412 009c 5A64     		str	r2, [r3, #68]
 413              	.L20:
 294:Drivers/STM32F4xx_HAL_Driver/Src/stm32f4xx_hal_adc_ex.c ****     }
 295:Drivers/STM32F4xx_HAL_Driver/Src/stm32f4xx_hal_adc_ex.c **** 
 296:Drivers/STM32F4xx_HAL_Driver/Src/stm32f4xx_hal_adc_ex.c ****     /* Process unlocked */
 297:Drivers/STM32F4xx_HAL_Driver/Src/stm32f4xx_hal_adc_ex.c ****     /* Unlock before starting ADC conversions: in case of potential           */
 298:Drivers/STM32F4xx_HAL_Driver/Src/stm32f4xx_hal_adc_ex.c ****     /* interruption, to let the process to ADC IRQ Handler.                   */
 299:Drivers/STM32F4xx_HAL_Driver/Src/stm32f4xx_hal_adc_ex.c ****     __HAL_UNLOCK(hadc);
 414              		.loc 1 299 5
 415 009e 7B68     		ldr	r3, [r7, #4]
 416 00a0 0022     		movs	r2, #0
 417 00a2 83F83C20 		strb	r2, [r3, #60]
 300:Drivers/STM32F4xx_HAL_Driver/Src/stm32f4xx_hal_adc_ex.c **** 
 301:Drivers/STM32F4xx_HAL_Driver/Src/stm32f4xx_hal_adc_ex.c ****     /* Clear injected group conversion flag */
 302:Drivers/STM32F4xx_HAL_Driver/Src/stm32f4xx_hal_adc_ex.c ****     /* (To ensure of no unknown state from potential previous ADC operations) */
 303:Drivers/STM32F4xx_HAL_Driver/Src/stm32f4xx_hal_adc_ex.c ****     __HAL_ADC_CLEAR_FLAG(hadc, ADC_FLAG_JEOC);
 418              		.loc 1 303 5
 419 00a6 7B68     		ldr	r3, [r7, #4]
 420 00a8 1B68     		ldr	r3, [r3]
 421 00aa 6FF00402 		mvn	r2, #4
 422 00ae 1A60     		str	r2, [r3]
 304:Drivers/STM32F4xx_HAL_Driver/Src/stm32f4xx_hal_adc_ex.c **** 
 305:Drivers/STM32F4xx_HAL_Driver/Src/stm32f4xx_hal_adc_ex.c ****     /* Enable end of conversion interrupt for injected channels */
 306:Drivers/STM32F4xx_HAL_Driver/Src/stm32f4xx_hal_adc_ex.c ****     __HAL_ADC_ENABLE_IT(hadc, ADC_IT_JEOC);
 423              		.loc 1 306 5
 424 00b0 7B68     		ldr	r3, [r7, #4]
 425 00b2 1B68     		ldr	r3, [r3]
 426 00b4 5A68     		ldr	r2, [r3, #4]
 427 00b6 7B68     		ldr	r3, [r7, #4]
 428 00b8 1B68     		ldr	r3, [r3]
 429 00ba 42F08002 		orr	r2, r2, #128
 430 00be 5A60     		str	r2, [r3, #4]
 307:Drivers/STM32F4xx_HAL_Driver/Src/stm32f4xx_hal_adc_ex.c **** 
 308:Drivers/STM32F4xx_HAL_Driver/Src/stm32f4xx_hal_adc_ex.c ****     /* Pointer to the common control register to which is belonging hadc    */
 309:Drivers/STM32F4xx_HAL_Driver/Src/stm32f4xx_hal_adc_ex.c ****     /* (Depending on STM32F4 product, there may be up to 3 ADC and 1 common */
 310:Drivers/STM32F4xx_HAL_Driver/Src/stm32f4xx_hal_adc_ex.c ****     /* control register)                                                    */
 311:Drivers/STM32F4xx_HAL_Driver/Src/stm32f4xx_hal_adc_ex.c ****     tmpADC_Common = ADC_COMMON_REGISTER(hadc);
 431              		.loc 1 311 19
ARM GAS  C:\Users\DAELT-~1\AppData\Local\Temp\ccxbVPrG.s 			page 14


 432 00c0 364B     		ldr	r3, .L23+8
 433 00c2 FB60     		str	r3, [r7, #12]
 312:Drivers/STM32F4xx_HAL_Driver/Src/stm32f4xx_hal_adc_ex.c **** 
 313:Drivers/STM32F4xx_HAL_Driver/Src/stm32f4xx_hal_adc_ex.c ****     /* Check if Multimode enabled */
 314:Drivers/STM32F4xx_HAL_Driver/Src/stm32f4xx_hal_adc_ex.c ****     if (HAL_IS_BIT_CLR(tmpADC_Common->CCR, ADC_CCR_MULTI))
 434              		.loc 1 314 9
 435 00c4 FB68     		ldr	r3, [r7, #12]
 436 00c6 5B68     		ldr	r3, [r3, #4]
 437 00c8 03F01F03 		and	r3, r3, #31
 438              		.loc 1 314 8
 439 00cc 002B     		cmp	r3, #0
 440 00ce 24D1     		bne	.L21
 315:Drivers/STM32F4xx_HAL_Driver/Src/stm32f4xx_hal_adc_ex.c ****     {
 316:Drivers/STM32F4xx_HAL_Driver/Src/stm32f4xx_hal_adc_ex.c ****       tmp1 = HAL_IS_BIT_CLR(hadc->Instance->CR2, ADC_CR2_JEXTEN);
 441              		.loc 1 316 14
 442 00d0 7B68     		ldr	r3, [r7, #4]
 443 00d2 1B68     		ldr	r3, [r3]
 444 00d4 9B68     		ldr	r3, [r3, #8]
 445 00d6 03F44013 		and	r3, r3, #3145728
 446 00da 002B     		cmp	r3, #0
 447 00dc 0CBF     		ite	eq
 448 00de 0123     		moveq	r3, #1
 449 00e0 0023     		movne	r3, #0
 450 00e2 DBB2     		uxtb	r3, r3
 451              		.loc 1 316 12
 452 00e4 7B61     		str	r3, [r7, #20]
 317:Drivers/STM32F4xx_HAL_Driver/Src/stm32f4xx_hal_adc_ex.c ****       tmp2 = HAL_IS_BIT_CLR(hadc->Instance->CR1, ADC_CR1_JAUTO);
 453              		.loc 1 317 14
 454 00e6 7B68     		ldr	r3, [r7, #4]
 455 00e8 1B68     		ldr	r3, [r3]
 456 00ea 5B68     		ldr	r3, [r3, #4]
 457 00ec 03F48063 		and	r3, r3, #1024
 458 00f0 002B     		cmp	r3, #0
 459 00f2 0CBF     		ite	eq
 460 00f4 0123     		moveq	r3, #1
 461 00f6 0023     		movne	r3, #0
 462 00f8 DBB2     		uxtb	r3, r3
 463              		.loc 1 317 12
 464 00fa 3B61     		str	r3, [r7, #16]
 318:Drivers/STM32F4xx_HAL_Driver/Src/stm32f4xx_hal_adc_ex.c ****       if (tmp1 && tmp2)
 465              		.loc 1 318 10
 466 00fc 7B69     		ldr	r3, [r7, #20]
 467 00fe 002B     		cmp	r3, #0
 468 0100 41D0     		beq	.L22
 469              		.loc 1 318 16 discriminator 1
 470 0102 3B69     		ldr	r3, [r7, #16]
 471 0104 002B     		cmp	r3, #0
 472 0106 3ED0     		beq	.L22
 319:Drivers/STM32F4xx_HAL_Driver/Src/stm32f4xx_hal_adc_ex.c ****       {
 320:Drivers/STM32F4xx_HAL_Driver/Src/stm32f4xx_hal_adc_ex.c ****         /* Enable the selected ADC software conversion for injected group */
 321:Drivers/STM32F4xx_HAL_Driver/Src/stm32f4xx_hal_adc_ex.c ****         hadc->Instance->CR2 |= ADC_CR2_JSWSTART;
 473              		.loc 1 321 13
 474 0108 7B68     		ldr	r3, [r7, #4]
 475 010a 1B68     		ldr	r3, [r3]
 476              		.loc 1 321 23
 477 010c 9A68     		ldr	r2, [r3, #8]
 478              		.loc 1 321 13
ARM GAS  C:\Users\DAELT-~1\AppData\Local\Temp\ccxbVPrG.s 			page 15


 479 010e 7B68     		ldr	r3, [r7, #4]
 480 0110 1B68     		ldr	r3, [r3]
 481              		.loc 1 321 29
 482 0112 42F48002 		orr	r2, r2, #4194304
 483 0116 9A60     		str	r2, [r3, #8]
 484 0118 35E0     		b	.L22
 485              	.L21:
 322:Drivers/STM32F4xx_HAL_Driver/Src/stm32f4xx_hal_adc_ex.c ****       }
 323:Drivers/STM32F4xx_HAL_Driver/Src/stm32f4xx_hal_adc_ex.c ****     }
 324:Drivers/STM32F4xx_HAL_Driver/Src/stm32f4xx_hal_adc_ex.c ****     else
 325:Drivers/STM32F4xx_HAL_Driver/Src/stm32f4xx_hal_adc_ex.c ****     {
 326:Drivers/STM32F4xx_HAL_Driver/Src/stm32f4xx_hal_adc_ex.c ****       tmp1 = HAL_IS_BIT_CLR(hadc->Instance->CR2, ADC_CR2_JEXTEN);
 486              		.loc 1 326 14
 487 011a 7B68     		ldr	r3, [r7, #4]
 488 011c 1B68     		ldr	r3, [r3]
 489 011e 9B68     		ldr	r3, [r3, #8]
 490 0120 03F44013 		and	r3, r3, #3145728
 491 0124 002B     		cmp	r3, #0
 492 0126 0CBF     		ite	eq
 493 0128 0123     		moveq	r3, #1
 494 012a 0023     		movne	r3, #0
 495 012c DBB2     		uxtb	r3, r3
 496              		.loc 1 326 12
 497 012e 7B61     		str	r3, [r7, #20]
 327:Drivers/STM32F4xx_HAL_Driver/Src/stm32f4xx_hal_adc_ex.c ****       tmp2 = HAL_IS_BIT_CLR(hadc->Instance->CR1, ADC_CR1_JAUTO);
 498              		.loc 1 327 14
 499 0130 7B68     		ldr	r3, [r7, #4]
 500 0132 1B68     		ldr	r3, [r3]
 501 0134 5B68     		ldr	r3, [r3, #4]
 502 0136 03F48063 		and	r3, r3, #1024
 503 013a 002B     		cmp	r3, #0
 504 013c 0CBF     		ite	eq
 505 013e 0123     		moveq	r3, #1
 506 0140 0023     		movne	r3, #0
 507 0142 DBB2     		uxtb	r3, r3
 508              		.loc 1 327 12
 509 0144 3B61     		str	r3, [r7, #16]
 328:Drivers/STM32F4xx_HAL_Driver/Src/stm32f4xx_hal_adc_ex.c ****       if ((hadc->Instance == ADC1) && tmp1 && tmp2)
 510              		.loc 1 328 16
 511 0146 7B68     		ldr	r3, [r7, #4]
 512 0148 1B68     		ldr	r3, [r3]
 513              		.loc 1 328 10
 514 014a 154A     		ldr	r2, .L23+12
 515 014c 9342     		cmp	r3, r2
 516 014e 1AD1     		bne	.L22
 517              		.loc 1 328 36 discriminator 1
 518 0150 7B69     		ldr	r3, [r7, #20]
 519 0152 002B     		cmp	r3, #0
 520 0154 17D0     		beq	.L22
 521              		.loc 1 328 44 discriminator 2
 522 0156 3B69     		ldr	r3, [r7, #16]
 523 0158 002B     		cmp	r3, #0
 524 015a 14D0     		beq	.L22
 329:Drivers/STM32F4xx_HAL_Driver/Src/stm32f4xx_hal_adc_ex.c ****       {
 330:Drivers/STM32F4xx_HAL_Driver/Src/stm32f4xx_hal_adc_ex.c ****         /* Enable the selected ADC software conversion for injected group */
 331:Drivers/STM32F4xx_HAL_Driver/Src/stm32f4xx_hal_adc_ex.c ****         hadc->Instance->CR2 |= ADC_CR2_JSWSTART;
 525              		.loc 1 331 13
ARM GAS  C:\Users\DAELT-~1\AppData\Local\Temp\ccxbVPrG.s 			page 16


 526 015c 7B68     		ldr	r3, [r7, #4]
 527 015e 1B68     		ldr	r3, [r3]
 528              		.loc 1 331 23
 529 0160 9A68     		ldr	r2, [r3, #8]
 530              		.loc 1 331 13
 531 0162 7B68     		ldr	r3, [r7, #4]
 532 0164 1B68     		ldr	r3, [r3]
 533              		.loc 1 331 29
 534 0166 42F48002 		orr	r2, r2, #4194304
 535 016a 9A60     		str	r2, [r3, #8]
 536 016c 0BE0     		b	.L22
 537              	.L19:
 332:Drivers/STM32F4xx_HAL_Driver/Src/stm32f4xx_hal_adc_ex.c ****       }
 333:Drivers/STM32F4xx_HAL_Driver/Src/stm32f4xx_hal_adc_ex.c ****     }
 334:Drivers/STM32F4xx_HAL_Driver/Src/stm32f4xx_hal_adc_ex.c ****   }
 335:Drivers/STM32F4xx_HAL_Driver/Src/stm32f4xx_hal_adc_ex.c ****   else
 336:Drivers/STM32F4xx_HAL_Driver/Src/stm32f4xx_hal_adc_ex.c ****   {
 337:Drivers/STM32F4xx_HAL_Driver/Src/stm32f4xx_hal_adc_ex.c ****     /* Update ADC state machine to error */
 338:Drivers/STM32F4xx_HAL_Driver/Src/stm32f4xx_hal_adc_ex.c ****     SET_BIT(hadc->State, HAL_ADC_STATE_ERROR_INTERNAL);
 538              		.loc 1 338 5
 539 016e 7B68     		ldr	r3, [r7, #4]
 540 0170 1B6C     		ldr	r3, [r3, #64]
 541 0172 43F01002 		orr	r2, r3, #16
 542 0176 7B68     		ldr	r3, [r7, #4]
 543 0178 1A64     		str	r2, [r3, #64]
 339:Drivers/STM32F4xx_HAL_Driver/Src/stm32f4xx_hal_adc_ex.c **** 
 340:Drivers/STM32F4xx_HAL_Driver/Src/stm32f4xx_hal_adc_ex.c ****     /* Set ADC error code to ADC IP internal error */
 341:Drivers/STM32F4xx_HAL_Driver/Src/stm32f4xx_hal_adc_ex.c ****     SET_BIT(hadc->ErrorCode, HAL_ADC_ERROR_INTERNAL);
 544              		.loc 1 341 5
 545 017a 7B68     		ldr	r3, [r7, #4]
 546 017c 5B6C     		ldr	r3, [r3, #68]
 547 017e 43F00102 		orr	r2, r3, #1
 548 0182 7B68     		ldr	r3, [r7, #4]
 549 0184 5A64     		str	r2, [r3, #68]
 550              	.L22:
 342:Drivers/STM32F4xx_HAL_Driver/Src/stm32f4xx_hal_adc_ex.c ****   }
 343:Drivers/STM32F4xx_HAL_Driver/Src/stm32f4xx_hal_adc_ex.c **** 
 344:Drivers/STM32F4xx_HAL_Driver/Src/stm32f4xx_hal_adc_ex.c ****   /* Return function status */
 345:Drivers/STM32F4xx_HAL_Driver/Src/stm32f4xx_hal_adc_ex.c ****   return HAL_OK;
 551              		.loc 1 345 10
 552 0186 0023     		movs	r3, #0
 553              	.L15:
 346:Drivers/STM32F4xx_HAL_Driver/Src/stm32f4xx_hal_adc_ex.c **** }
 554              		.loc 1 346 1
 555 0188 1846     		mov	r0, r3
 556 018a 1C37     		adds	r7, r7, #28
 557              	.LCFI9:
 558              		.cfi_def_cfa_offset 4
 559 018c BD46     		mov	sp, r7
 560              	.LCFI10:
 561              		.cfi_def_cfa_register 13
 562              		@ sp needed
 563 018e 5DF8047B 		ldr	r7, [sp], #4
 564              	.LCFI11:
 565              		.cfi_restore 7
 566              		.cfi_def_cfa_offset 0
 567 0192 7047     		bx	lr
ARM GAS  C:\Users\DAELT-~1\AppData\Local\Temp\ccxbVPrG.s 			page 17


 568              	.L24:
 569              		.align	2
 570              	.L23:
 571 0194 00000000 		.word	SystemCoreClock
 572 0198 83DE1B43 		.word	1125899907
 573 019c 00230140 		.word	1073816320
 574 01a0 00200140 		.word	1073815552
 575              		.cfi_endproc
 576              	.LFE221:
 578              		.section	.text.HAL_ADCEx_InjectedStop,"ax",%progbits
 579              		.align	1
 580              		.global	HAL_ADCEx_InjectedStop
 581              		.syntax unified
 582              		.thumb
 583              		.thumb_func
 585              	HAL_ADCEx_InjectedStop:
 586              	.LFB222:
 347:Drivers/STM32F4xx_HAL_Driver/Src/stm32f4xx_hal_adc_ex.c **** 
 348:Drivers/STM32F4xx_HAL_Driver/Src/stm32f4xx_hal_adc_ex.c **** /**
 349:Drivers/STM32F4xx_HAL_Driver/Src/stm32f4xx_hal_adc_ex.c ****   * @brief  Stop conversion of injected channels. Disable ADC peripheral if
 350:Drivers/STM32F4xx_HAL_Driver/Src/stm32f4xx_hal_adc_ex.c ****   *         no regular conversion is on going.
 351:Drivers/STM32F4xx_HAL_Driver/Src/stm32f4xx_hal_adc_ex.c ****   * @note   If ADC must be disabled and if conversion is on going on
 352:Drivers/STM32F4xx_HAL_Driver/Src/stm32f4xx_hal_adc_ex.c ****   *         regular group, function HAL_ADC_Stop must be used to stop both
 353:Drivers/STM32F4xx_HAL_Driver/Src/stm32f4xx_hal_adc_ex.c ****   *         injected and regular groups, and disable the ADC.
 354:Drivers/STM32F4xx_HAL_Driver/Src/stm32f4xx_hal_adc_ex.c ****   * @note   If injected group mode auto-injection is enabled,
 355:Drivers/STM32F4xx_HAL_Driver/Src/stm32f4xx_hal_adc_ex.c ****   *         function HAL_ADC_Stop must be used.
 356:Drivers/STM32F4xx_HAL_Driver/Src/stm32f4xx_hal_adc_ex.c ****   * @note   In case of auto-injection mode, HAL_ADC_Stop must be used.
 357:Drivers/STM32F4xx_HAL_Driver/Src/stm32f4xx_hal_adc_ex.c ****   * @param  hadc ADC handle
 358:Drivers/STM32F4xx_HAL_Driver/Src/stm32f4xx_hal_adc_ex.c ****   * @retval None
 359:Drivers/STM32F4xx_HAL_Driver/Src/stm32f4xx_hal_adc_ex.c ****   */
 360:Drivers/STM32F4xx_HAL_Driver/Src/stm32f4xx_hal_adc_ex.c **** HAL_StatusTypeDef HAL_ADCEx_InjectedStop(ADC_HandleTypeDef *hadc)
 361:Drivers/STM32F4xx_HAL_Driver/Src/stm32f4xx_hal_adc_ex.c **** {
 587              		.loc 1 361 1
 588              		.cfi_startproc
 589              		@ args = 0, pretend = 0, frame = 16
 590              		@ frame_needed = 1, uses_anonymous_args = 0
 591              		@ link register save eliminated.
 592 0000 80B4     		push	{r7}
 593              	.LCFI12:
 594              		.cfi_def_cfa_offset 4
 595              		.cfi_offset 7, -4
 596 0002 85B0     		sub	sp, sp, #20
 597              	.LCFI13:
 598              		.cfi_def_cfa_offset 24
 599 0004 00AF     		add	r7, sp, #0
 600              	.LCFI14:
 601              		.cfi_def_cfa_register 7
 602 0006 7860     		str	r0, [r7, #4]
 362:Drivers/STM32F4xx_HAL_Driver/Src/stm32f4xx_hal_adc_ex.c ****   HAL_StatusTypeDef tmp_hal_status = HAL_OK;
 603              		.loc 1 362 21
 604 0008 0023     		movs	r3, #0
 605 000a FB73     		strb	r3, [r7, #15]
 363:Drivers/STM32F4xx_HAL_Driver/Src/stm32f4xx_hal_adc_ex.c **** 
 364:Drivers/STM32F4xx_HAL_Driver/Src/stm32f4xx_hal_adc_ex.c ****   /* Check the parameters */
 365:Drivers/STM32F4xx_HAL_Driver/Src/stm32f4xx_hal_adc_ex.c ****   assert_param(IS_ADC_ALL_INSTANCE(hadc->Instance));
 366:Drivers/STM32F4xx_HAL_Driver/Src/stm32f4xx_hal_adc_ex.c **** 
 367:Drivers/STM32F4xx_HAL_Driver/Src/stm32f4xx_hal_adc_ex.c ****   /* Process locked */
ARM GAS  C:\Users\DAELT-~1\AppData\Local\Temp\ccxbVPrG.s 			page 18


 368:Drivers/STM32F4xx_HAL_Driver/Src/stm32f4xx_hal_adc_ex.c ****   __HAL_LOCK(hadc);
 606              		.loc 1 368 3
 607 000c 7B68     		ldr	r3, [r7, #4]
 608 000e 93F83C30 		ldrb	r3, [r3, #60]	@ zero_extendqisi2
 609 0012 012B     		cmp	r3, #1
 610 0014 01D1     		bne	.L26
 611              		.loc 1 368 3 is_stmt 0 discriminator 1
 612 0016 0223     		movs	r3, #2
 613              		.loc 1 368 3
 614 0018 37E0     		b	.L27
 615              	.L26:
 616              		.loc 1 368 3 discriminator 2
 617 001a 7B68     		ldr	r3, [r7, #4]
 618 001c 0122     		movs	r2, #1
 619 001e 83F83C20 		strb	r2, [r3, #60]
 369:Drivers/STM32F4xx_HAL_Driver/Src/stm32f4xx_hal_adc_ex.c **** 
 370:Drivers/STM32F4xx_HAL_Driver/Src/stm32f4xx_hal_adc_ex.c ****   /* Stop potential conversion and disable ADC peripheral                     */
 371:Drivers/STM32F4xx_HAL_Driver/Src/stm32f4xx_hal_adc_ex.c ****   /* Conditioned to:                                                          */
 372:Drivers/STM32F4xx_HAL_Driver/Src/stm32f4xx_hal_adc_ex.c ****   /* - No conversion on the other group (regular group) is intended to        */
 373:Drivers/STM32F4xx_HAL_Driver/Src/stm32f4xx_hal_adc_ex.c ****   /*   continue (injected and regular groups stop conversion and ADC disable  */
 374:Drivers/STM32F4xx_HAL_Driver/Src/stm32f4xx_hal_adc_ex.c ****   /*   are common)                                                            */
 375:Drivers/STM32F4xx_HAL_Driver/Src/stm32f4xx_hal_adc_ex.c ****   /* - In case of auto-injection mode, HAL_ADC_Stop must be used.             */
 376:Drivers/STM32F4xx_HAL_Driver/Src/stm32f4xx_hal_adc_ex.c ****   if (((hadc->State & HAL_ADC_STATE_REG_BUSY) == RESET)  &&
 620              		.loc 1 376 13 is_stmt 1
 621 0022 7B68     		ldr	r3, [r7, #4]
 622 0024 1B6C     		ldr	r3, [r3, #64]
 623              		.loc 1 376 21
 624 0026 03F48073 		and	r3, r3, #256
 625              		.loc 1 376 6
 626 002a 002B     		cmp	r3, #0
 627 002c 20D1     		bne	.L28
 377:Drivers/STM32F4xx_HAL_Driver/Src/stm32f4xx_hal_adc_ex.c ****       HAL_IS_BIT_CLR(hadc->Instance->CR1, ADC_CR1_JAUTO))
 628              		.loc 1 377 7
 629 002e 7B68     		ldr	r3, [r7, #4]
 630 0030 1B68     		ldr	r3, [r3]
 631 0032 5B68     		ldr	r3, [r3, #4]
 632 0034 03F48063 		and	r3, r3, #1024
 376:Drivers/STM32F4xx_HAL_Driver/Src/stm32f4xx_hal_adc_ex.c ****       HAL_IS_BIT_CLR(hadc->Instance->CR1, ADC_CR1_JAUTO))
 633              		.loc 1 376 58 discriminator 1
 634 0038 002B     		cmp	r3, #0
 635 003a 19D1     		bne	.L28
 378:Drivers/STM32F4xx_HAL_Driver/Src/stm32f4xx_hal_adc_ex.c ****   {
 379:Drivers/STM32F4xx_HAL_Driver/Src/stm32f4xx_hal_adc_ex.c ****     /* Stop potential conversion on going, on regular and injected groups */
 380:Drivers/STM32F4xx_HAL_Driver/Src/stm32f4xx_hal_adc_ex.c ****     /* Disable ADC peripheral */
 381:Drivers/STM32F4xx_HAL_Driver/Src/stm32f4xx_hal_adc_ex.c ****     __HAL_ADC_DISABLE(hadc);
 636              		.loc 1 381 5
 637 003c 7B68     		ldr	r3, [r7, #4]
 638 003e 1B68     		ldr	r3, [r3]
 639 0040 9A68     		ldr	r2, [r3, #8]
 640 0042 7B68     		ldr	r3, [r7, #4]
 641 0044 1B68     		ldr	r3, [r3]
 642 0046 22F00102 		bic	r2, r2, #1
 643 004a 9A60     		str	r2, [r3, #8]
 382:Drivers/STM32F4xx_HAL_Driver/Src/stm32f4xx_hal_adc_ex.c **** 
 383:Drivers/STM32F4xx_HAL_Driver/Src/stm32f4xx_hal_adc_ex.c ****     /* Check if ADC is effectively disabled */
 384:Drivers/STM32F4xx_HAL_Driver/Src/stm32f4xx_hal_adc_ex.c ****     if (HAL_IS_BIT_CLR(hadc->Instance->CR2, ADC_CR2_ADON))
 644              		.loc 1 384 9
ARM GAS  C:\Users\DAELT-~1\AppData\Local\Temp\ccxbVPrG.s 			page 19


 645 004c 7B68     		ldr	r3, [r7, #4]
 646 004e 1B68     		ldr	r3, [r3]
 647 0050 9B68     		ldr	r3, [r3, #8]
 648 0052 03F00103 		and	r3, r3, #1
 649              		.loc 1 384 8
 650 0056 002B     		cmp	r3, #0
 651 0058 12D1     		bne	.L30
 385:Drivers/STM32F4xx_HAL_Driver/Src/stm32f4xx_hal_adc_ex.c ****     {
 386:Drivers/STM32F4xx_HAL_Driver/Src/stm32f4xx_hal_adc_ex.c ****       /* Set ADC state */
 387:Drivers/STM32F4xx_HAL_Driver/Src/stm32f4xx_hal_adc_ex.c ****       ADC_STATE_CLR_SET(hadc->State,
 652              		.loc 1 387 7
 653 005a 7B68     		ldr	r3, [r7, #4]
 654 005c 1B6C     		ldr	r3, [r3, #64]
 655 005e 23F48853 		bic	r3, r3, #4352
 656 0062 23F00103 		bic	r3, r3, #1
 657 0066 43F00102 		orr	r2, r3, #1
 658 006a 7B68     		ldr	r3, [r7, #4]
 659 006c 1A64     		str	r2, [r3, #64]
 384:Drivers/STM32F4xx_HAL_Driver/Src/stm32f4xx_hal_adc_ex.c ****     {
 660              		.loc 1 384 8
 661 006e 07E0     		b	.L30
 662              	.L28:
 388:Drivers/STM32F4xx_HAL_Driver/Src/stm32f4xx_hal_adc_ex.c ****                         HAL_ADC_STATE_REG_BUSY | HAL_ADC_STATE_INJ_BUSY,
 389:Drivers/STM32F4xx_HAL_Driver/Src/stm32f4xx_hal_adc_ex.c ****                         HAL_ADC_STATE_READY);
 390:Drivers/STM32F4xx_HAL_Driver/Src/stm32f4xx_hal_adc_ex.c ****     }
 391:Drivers/STM32F4xx_HAL_Driver/Src/stm32f4xx_hal_adc_ex.c ****   }
 392:Drivers/STM32F4xx_HAL_Driver/Src/stm32f4xx_hal_adc_ex.c ****   else
 393:Drivers/STM32F4xx_HAL_Driver/Src/stm32f4xx_hal_adc_ex.c ****   {
 394:Drivers/STM32F4xx_HAL_Driver/Src/stm32f4xx_hal_adc_ex.c ****     /* Update ADC state machine to error */
 395:Drivers/STM32F4xx_HAL_Driver/Src/stm32f4xx_hal_adc_ex.c ****     SET_BIT(hadc->State, HAL_ADC_STATE_ERROR_CONFIG);
 663              		.loc 1 395 5
 664 0070 7B68     		ldr	r3, [r7, #4]
 665 0072 1B6C     		ldr	r3, [r3, #64]
 666 0074 43F02002 		orr	r2, r3, #32
 667 0078 7B68     		ldr	r3, [r7, #4]
 668 007a 1A64     		str	r2, [r3, #64]
 396:Drivers/STM32F4xx_HAL_Driver/Src/stm32f4xx_hal_adc_ex.c **** 
 397:Drivers/STM32F4xx_HAL_Driver/Src/stm32f4xx_hal_adc_ex.c ****     tmp_hal_status = HAL_ERROR;
 669              		.loc 1 397 20
 670 007c 0123     		movs	r3, #1
 671 007e FB73     		strb	r3, [r7, #15]
 672              	.L30:
 398:Drivers/STM32F4xx_HAL_Driver/Src/stm32f4xx_hal_adc_ex.c ****   }
 399:Drivers/STM32F4xx_HAL_Driver/Src/stm32f4xx_hal_adc_ex.c **** 
 400:Drivers/STM32F4xx_HAL_Driver/Src/stm32f4xx_hal_adc_ex.c ****   /* Process unlocked */
 401:Drivers/STM32F4xx_HAL_Driver/Src/stm32f4xx_hal_adc_ex.c ****   __HAL_UNLOCK(hadc);
 673              		.loc 1 401 3
 674 0080 7B68     		ldr	r3, [r7, #4]
 675 0082 0022     		movs	r2, #0
 676 0084 83F83C20 		strb	r2, [r3, #60]
 402:Drivers/STM32F4xx_HAL_Driver/Src/stm32f4xx_hal_adc_ex.c **** 
 403:Drivers/STM32F4xx_HAL_Driver/Src/stm32f4xx_hal_adc_ex.c ****   /* Return function status */
 404:Drivers/STM32F4xx_HAL_Driver/Src/stm32f4xx_hal_adc_ex.c ****   return tmp_hal_status;
 677              		.loc 1 404 10
 678 0088 FB7B     		ldrb	r3, [r7, #15]	@ zero_extendqisi2
 679              	.L27:
 405:Drivers/STM32F4xx_HAL_Driver/Src/stm32f4xx_hal_adc_ex.c **** }
ARM GAS  C:\Users\DAELT-~1\AppData\Local\Temp\ccxbVPrG.s 			page 20


 680              		.loc 1 405 1
 681 008a 1846     		mov	r0, r3
 682 008c 1437     		adds	r7, r7, #20
 683              	.LCFI15:
 684              		.cfi_def_cfa_offset 4
 685 008e BD46     		mov	sp, r7
 686              	.LCFI16:
 687              		.cfi_def_cfa_register 13
 688              		@ sp needed
 689 0090 5DF8047B 		ldr	r7, [sp], #4
 690              	.LCFI17:
 691              		.cfi_restore 7
 692              		.cfi_def_cfa_offset 0
 693 0094 7047     		bx	lr
 694              		.cfi_endproc
 695              	.LFE222:
 697              		.section	.text.HAL_ADCEx_InjectedPollForConversion,"ax",%progbits
 698              		.align	1
 699              		.global	HAL_ADCEx_InjectedPollForConversion
 700              		.syntax unified
 701              		.thumb
 702              		.thumb_func
 704              	HAL_ADCEx_InjectedPollForConversion:
 705              	.LFB223:
 406:Drivers/STM32F4xx_HAL_Driver/Src/stm32f4xx_hal_adc_ex.c **** 
 407:Drivers/STM32F4xx_HAL_Driver/Src/stm32f4xx_hal_adc_ex.c **** /**
 408:Drivers/STM32F4xx_HAL_Driver/Src/stm32f4xx_hal_adc_ex.c ****   * @brief  Poll for injected conversion complete
 409:Drivers/STM32F4xx_HAL_Driver/Src/stm32f4xx_hal_adc_ex.c ****   * @param  hadc pointer to a ADC_HandleTypeDef structure that contains
 410:Drivers/STM32F4xx_HAL_Driver/Src/stm32f4xx_hal_adc_ex.c ****   *         the configuration information for the specified ADC.
 411:Drivers/STM32F4xx_HAL_Driver/Src/stm32f4xx_hal_adc_ex.c ****   * @param  Timeout Timeout value in millisecond.
 412:Drivers/STM32F4xx_HAL_Driver/Src/stm32f4xx_hal_adc_ex.c ****   * @retval HAL status
 413:Drivers/STM32F4xx_HAL_Driver/Src/stm32f4xx_hal_adc_ex.c ****   */
 414:Drivers/STM32F4xx_HAL_Driver/Src/stm32f4xx_hal_adc_ex.c **** HAL_StatusTypeDef HAL_ADCEx_InjectedPollForConversion(ADC_HandleTypeDef *hadc, uint32_t Timeout)
 415:Drivers/STM32F4xx_HAL_Driver/Src/stm32f4xx_hal_adc_ex.c **** {
 706              		.loc 1 415 1
 707              		.cfi_startproc
 708              		@ args = 0, pretend = 0, frame = 16
 709              		@ frame_needed = 1, uses_anonymous_args = 0
 710 0000 80B5     		push	{r7, lr}
 711              	.LCFI18:
 712              		.cfi_def_cfa_offset 8
 713              		.cfi_offset 7, -8
 714              		.cfi_offset 14, -4
 715 0002 84B0     		sub	sp, sp, #16
 716              	.LCFI19:
 717              		.cfi_def_cfa_offset 24
 718 0004 00AF     		add	r7, sp, #0
 719              	.LCFI20:
 720              		.cfi_def_cfa_register 7
 721 0006 7860     		str	r0, [r7, #4]
 722 0008 3960     		str	r1, [r7]
 416:Drivers/STM32F4xx_HAL_Driver/Src/stm32f4xx_hal_adc_ex.c ****   uint32_t tickstart = 0U;
 723              		.loc 1 416 12
 724 000a 0023     		movs	r3, #0
 725 000c FB60     		str	r3, [r7, #12]
 417:Drivers/STM32F4xx_HAL_Driver/Src/stm32f4xx_hal_adc_ex.c **** 
 418:Drivers/STM32F4xx_HAL_Driver/Src/stm32f4xx_hal_adc_ex.c ****   /* Get tick */
ARM GAS  C:\Users\DAELT-~1\AppData\Local\Temp\ccxbVPrG.s 			page 21


 419:Drivers/STM32F4xx_HAL_Driver/Src/stm32f4xx_hal_adc_ex.c ****   tickstart = HAL_GetTick();
 726              		.loc 1 419 15
 727 000e FFF7FEFF 		bl	HAL_GetTick
 728 0012 F860     		str	r0, [r7, #12]
 420:Drivers/STM32F4xx_HAL_Driver/Src/stm32f4xx_hal_adc_ex.c **** 
 421:Drivers/STM32F4xx_HAL_Driver/Src/stm32f4xx_hal_adc_ex.c ****   /* Check End of conversion flag */
 422:Drivers/STM32F4xx_HAL_Driver/Src/stm32f4xx_hal_adc_ex.c ****   while (!(__HAL_ADC_GET_FLAG(hadc, ADC_FLAG_JEOC)))
 729              		.loc 1 422 9
 730 0014 1EE0     		b	.L33
 731              	.L37:
 423:Drivers/STM32F4xx_HAL_Driver/Src/stm32f4xx_hal_adc_ex.c ****   {
 424:Drivers/STM32F4xx_HAL_Driver/Src/stm32f4xx_hal_adc_ex.c ****     /* Check for the Timeout */
 425:Drivers/STM32F4xx_HAL_Driver/Src/stm32f4xx_hal_adc_ex.c ****     if (Timeout != HAL_MAX_DELAY)
 732              		.loc 1 425 8
 733 0016 3B68     		ldr	r3, [r7]
 734 0018 B3F1FF3F 		cmp	r3, #-1
 735 001c 1AD0     		beq	.L33
 426:Drivers/STM32F4xx_HAL_Driver/Src/stm32f4xx_hal_adc_ex.c ****     {
 427:Drivers/STM32F4xx_HAL_Driver/Src/stm32f4xx_hal_adc_ex.c ****       if ((Timeout == 0U) || ((HAL_GetTick() - tickstart) > Timeout))
 736              		.loc 1 427 10
 737 001e 3B68     		ldr	r3, [r7]
 738 0020 002B     		cmp	r3, #0
 739 0022 07D0     		beq	.L34
 740              		.loc 1 427 32 discriminator 1
 741 0024 FFF7FEFF 		bl	HAL_GetTick
 742 0028 0246     		mov	r2, r0
 743              		.loc 1 427 46 discriminator 1
 744 002a FB68     		ldr	r3, [r7, #12]
 745 002c D31A     		subs	r3, r2, r3
 746              		.loc 1 427 27 discriminator 1
 747 002e 3A68     		ldr	r2, [r7]
 748 0030 9A42     		cmp	r2, r3
 749 0032 0FD2     		bcs	.L33
 750              	.L34:
 428:Drivers/STM32F4xx_HAL_Driver/Src/stm32f4xx_hal_adc_ex.c ****       {
 429:Drivers/STM32F4xx_HAL_Driver/Src/stm32f4xx_hal_adc_ex.c ****         /* New check to avoid false timeout detection in case of preemption */
 430:Drivers/STM32F4xx_HAL_Driver/Src/stm32f4xx_hal_adc_ex.c ****         if (!(__HAL_ADC_GET_FLAG(hadc, ADC_FLAG_JEOC)))
 751              		.loc 1 430 15
 752 0034 7B68     		ldr	r3, [r7, #4]
 753 0036 1B68     		ldr	r3, [r3]
 754 0038 1B68     		ldr	r3, [r3]
 755 003a 03F00403 		and	r3, r3, #4
 756              		.loc 1 430 12
 757 003e 042B     		cmp	r3, #4
 758 0040 08D0     		beq	.L33
 431:Drivers/STM32F4xx_HAL_Driver/Src/stm32f4xx_hal_adc_ex.c ****         {
 432:Drivers/STM32F4xx_HAL_Driver/Src/stm32f4xx_hal_adc_ex.c ****           hadc->State = HAL_ADC_STATE_TIMEOUT;
 759              		.loc 1 432 23
 760 0042 7B68     		ldr	r3, [r7, #4]
 761 0044 0422     		movs	r2, #4
 762 0046 1A64     		str	r2, [r3, #64]
 433:Drivers/STM32F4xx_HAL_Driver/Src/stm32f4xx_hal_adc_ex.c ****           /* Process unlocked */
 434:Drivers/STM32F4xx_HAL_Driver/Src/stm32f4xx_hal_adc_ex.c ****           __HAL_UNLOCK(hadc);
 763              		.loc 1 434 11
 764 0048 7B68     		ldr	r3, [r7, #4]
 765 004a 0022     		movs	r2, #0
 766 004c 83F83C20 		strb	r2, [r3, #60]
ARM GAS  C:\Users\DAELT-~1\AppData\Local\Temp\ccxbVPrG.s 			page 22


 435:Drivers/STM32F4xx_HAL_Driver/Src/stm32f4xx_hal_adc_ex.c ****           return HAL_TIMEOUT;
 767              		.loc 1 435 18
 768 0050 0323     		movs	r3, #3
 769 0052 4BE0     		b	.L36
 770              	.L33:
 422:Drivers/STM32F4xx_HAL_Driver/Src/stm32f4xx_hal_adc_ex.c ****   {
 771              		.loc 1 422 12
 772 0054 7B68     		ldr	r3, [r7, #4]
 773 0056 1B68     		ldr	r3, [r3]
 774 0058 1B68     		ldr	r3, [r3]
 775 005a 03F00403 		and	r3, r3, #4
 422:Drivers/STM32F4xx_HAL_Driver/Src/stm32f4xx_hal_adc_ex.c ****   {
 776              		.loc 1 422 10
 777 005e 042B     		cmp	r3, #4
 778 0060 D9D1     		bne	.L37
 436:Drivers/STM32F4xx_HAL_Driver/Src/stm32f4xx_hal_adc_ex.c ****         }
 437:Drivers/STM32F4xx_HAL_Driver/Src/stm32f4xx_hal_adc_ex.c ****       }
 438:Drivers/STM32F4xx_HAL_Driver/Src/stm32f4xx_hal_adc_ex.c ****     }
 439:Drivers/STM32F4xx_HAL_Driver/Src/stm32f4xx_hal_adc_ex.c ****   }
 440:Drivers/STM32F4xx_HAL_Driver/Src/stm32f4xx_hal_adc_ex.c **** 
 441:Drivers/STM32F4xx_HAL_Driver/Src/stm32f4xx_hal_adc_ex.c ****   /* Clear injected group conversion flag */
 442:Drivers/STM32F4xx_HAL_Driver/Src/stm32f4xx_hal_adc_ex.c ****   __HAL_ADC_CLEAR_FLAG(hadc, ADC_FLAG_JSTRT | ADC_FLAG_JEOC);
 779              		.loc 1 442 3
 780 0062 7B68     		ldr	r3, [r7, #4]
 781 0064 1B68     		ldr	r3, [r3]
 782 0066 6FF00C02 		mvn	r2, #12
 783 006a 1A60     		str	r2, [r3]
 443:Drivers/STM32F4xx_HAL_Driver/Src/stm32f4xx_hal_adc_ex.c **** 
 444:Drivers/STM32F4xx_HAL_Driver/Src/stm32f4xx_hal_adc_ex.c ****   /* Update ADC state machine */
 445:Drivers/STM32F4xx_HAL_Driver/Src/stm32f4xx_hal_adc_ex.c ****   SET_BIT(hadc->State, HAL_ADC_STATE_INJ_EOC);
 784              		.loc 1 445 3
 785 006c 7B68     		ldr	r3, [r7, #4]
 786 006e 1B6C     		ldr	r3, [r3, #64]
 787 0070 43F40052 		orr	r2, r3, #8192
 788 0074 7B68     		ldr	r3, [r7, #4]
 789 0076 1A64     		str	r2, [r3, #64]
 446:Drivers/STM32F4xx_HAL_Driver/Src/stm32f4xx_hal_adc_ex.c **** 
 447:Drivers/STM32F4xx_HAL_Driver/Src/stm32f4xx_hal_adc_ex.c ****   /* Determine whether any further conversion upcoming on group injected      */
 448:Drivers/STM32F4xx_HAL_Driver/Src/stm32f4xx_hal_adc_ex.c ****   /* by external trigger, continuous mode or scan sequence on going.          */
 449:Drivers/STM32F4xx_HAL_Driver/Src/stm32f4xx_hal_adc_ex.c ****   /* Note: On STM32F4, there is no independent flag of end of sequence.       */
 450:Drivers/STM32F4xx_HAL_Driver/Src/stm32f4xx_hal_adc_ex.c ****   /*       The test of scan sequence on going is done either with scan        */
 451:Drivers/STM32F4xx_HAL_Driver/Src/stm32f4xx_hal_adc_ex.c ****   /*       sequence disabled or with end of conversion flag set to            */
 452:Drivers/STM32F4xx_HAL_Driver/Src/stm32f4xx_hal_adc_ex.c ****   /*       of end of sequence.                                                */
 453:Drivers/STM32F4xx_HAL_Driver/Src/stm32f4xx_hal_adc_ex.c ****   if (ADC_IS_SOFTWARE_START_INJECTED(hadc)                    &&
 790              		.loc 1 453 7
 791 0078 7B68     		ldr	r3, [r7, #4]
 792 007a 1B68     		ldr	r3, [r3]
 793 007c 9B68     		ldr	r3, [r3, #8]
 794 007e 03F44013 		and	r3, r3, #3145728
 795              		.loc 1 453 6
 796 0082 002B     		cmp	r3, #0
 797 0084 31D1     		bne	.L38
 454:Drivers/STM32F4xx_HAL_Driver/Src/stm32f4xx_hal_adc_ex.c ****       (HAL_IS_BIT_CLR(hadc->Instance->JSQR, ADC_JSQR_JL)  ||
 798              		.loc 1 454 8
 799 0086 7B68     		ldr	r3, [r7, #4]
 800 0088 1B68     		ldr	r3, [r3]
 801 008a 9B6B     		ldr	r3, [r3, #56]
ARM GAS  C:\Users\DAELT-~1\AppData\Local\Temp\ccxbVPrG.s 			page 23


 802 008c 03F44013 		and	r3, r3, #3145728
 453:Drivers/STM32F4xx_HAL_Driver/Src/stm32f4xx_hal_adc_ex.c ****       (HAL_IS_BIT_CLR(hadc->Instance->JSQR, ADC_JSQR_JL)  ||
 803              		.loc 1 453 63 discriminator 1
 804 0090 002B     		cmp	r3, #0
 805 0092 06D0     		beq	.L39
 455:Drivers/STM32F4xx_HAL_Driver/Src/stm32f4xx_hal_adc_ex.c ****        HAL_IS_BIT_CLR(hadc->Instance->CR2, ADC_CR2_EOCS)) &&
 806              		.loc 1 455 8
 807 0094 7B68     		ldr	r3, [r7, #4]
 808 0096 1B68     		ldr	r3, [r3]
 809 0098 9B68     		ldr	r3, [r3, #8]
 810 009a 03F48063 		and	r3, r3, #1024
 454:Drivers/STM32F4xx_HAL_Driver/Src/stm32f4xx_hal_adc_ex.c ****       (HAL_IS_BIT_CLR(hadc->Instance->JSQR, ADC_JSQR_JL)  ||
 811              		.loc 1 454 59
 812 009e 002B     		cmp	r3, #0
 813 00a0 23D1     		bne	.L38
 814              	.L39:
 456:Drivers/STM32F4xx_HAL_Driver/Src/stm32f4xx_hal_adc_ex.c ****       (HAL_IS_BIT_CLR(hadc->Instance->CR1, ADC_CR1_JAUTO) &&
 815              		.loc 1 456 8
 816 00a2 7B68     		ldr	r3, [r7, #4]
 817 00a4 1B68     		ldr	r3, [r3]
 818 00a6 5B68     		ldr	r3, [r3, #4]
 819 00a8 03F48063 		and	r3, r3, #1024
 455:Drivers/STM32F4xx_HAL_Driver/Src/stm32f4xx_hal_adc_ex.c ****        HAL_IS_BIT_CLR(hadc->Instance->CR2, ADC_CR2_EOCS)) &&
 820              		.loc 1 455 59
 821 00ac 002B     		cmp	r3, #0
 822 00ae 1CD1     		bne	.L38
 457:Drivers/STM32F4xx_HAL_Driver/Src/stm32f4xx_hal_adc_ex.c ****        (ADC_IS_SOFTWARE_START_REGULAR(hadc)       &&
 823              		.loc 1 457 9
 824 00b0 7B68     		ldr	r3, [r7, #4]
 825 00b2 1B68     		ldr	r3, [r3]
 826 00b4 9B68     		ldr	r3, [r3, #8]
 827 00b6 03F04053 		and	r3, r3, #805306368
 456:Drivers/STM32F4xx_HAL_Driver/Src/stm32f4xx_hal_adc_ex.c ****       (HAL_IS_BIT_CLR(hadc->Instance->CR1, ADC_CR1_JAUTO) &&
 828              		.loc 1 456 59
 829 00ba 002B     		cmp	r3, #0
 830 00bc 15D1     		bne	.L38
 458:Drivers/STM32F4xx_HAL_Driver/Src/stm32f4xx_hal_adc_ex.c ****         (hadc->Init.ContinuousConvMode == DISABLE))))
 831              		.loc 1 458 20
 832 00be 7B68     		ldr	r3, [r7, #4]
 833 00c0 1B7E     		ldrb	r3, [r3, #24]	@ zero_extendqisi2
 457:Drivers/STM32F4xx_HAL_Driver/Src/stm32f4xx_hal_adc_ex.c ****        (ADC_IS_SOFTWARE_START_REGULAR(hadc)       &&
 834              		.loc 1 457 51
 835 00c2 002B     		cmp	r3, #0
 836 00c4 11D1     		bne	.L38
 459:Drivers/STM32F4xx_HAL_Driver/Src/stm32f4xx_hal_adc_ex.c ****   {
 460:Drivers/STM32F4xx_HAL_Driver/Src/stm32f4xx_hal_adc_ex.c ****     /* Set ADC state */
 461:Drivers/STM32F4xx_HAL_Driver/Src/stm32f4xx_hal_adc_ex.c ****     CLEAR_BIT(hadc->State, HAL_ADC_STATE_INJ_BUSY);
 837              		.loc 1 461 5
 838 00c6 7B68     		ldr	r3, [r7, #4]
 839 00c8 1B6C     		ldr	r3, [r3, #64]
 840 00ca 23F48052 		bic	r2, r3, #4096
 841 00ce 7B68     		ldr	r3, [r7, #4]
 842 00d0 1A64     		str	r2, [r3, #64]
 462:Drivers/STM32F4xx_HAL_Driver/Src/stm32f4xx_hal_adc_ex.c **** 
 463:Drivers/STM32F4xx_HAL_Driver/Src/stm32f4xx_hal_adc_ex.c ****     if (HAL_IS_BIT_CLR(hadc->State, HAL_ADC_STATE_REG_BUSY))
 843              		.loc 1 463 9
 844 00d2 7B68     		ldr	r3, [r7, #4]
ARM GAS  C:\Users\DAELT-~1\AppData\Local\Temp\ccxbVPrG.s 			page 24


 845 00d4 1B6C     		ldr	r3, [r3, #64]
 846 00d6 03F48073 		and	r3, r3, #256
 847              		.loc 1 463 8
 848 00da 002B     		cmp	r3, #0
 849 00dc 05D1     		bne	.L38
 464:Drivers/STM32F4xx_HAL_Driver/Src/stm32f4xx_hal_adc_ex.c ****     {
 465:Drivers/STM32F4xx_HAL_Driver/Src/stm32f4xx_hal_adc_ex.c ****       SET_BIT(hadc->State, HAL_ADC_STATE_READY);
 850              		.loc 1 465 7
 851 00de 7B68     		ldr	r3, [r7, #4]
 852 00e0 1B6C     		ldr	r3, [r3, #64]
 853 00e2 43F00102 		orr	r2, r3, #1
 854 00e6 7B68     		ldr	r3, [r7, #4]
 855 00e8 1A64     		str	r2, [r3, #64]
 856              	.L38:
 466:Drivers/STM32F4xx_HAL_Driver/Src/stm32f4xx_hal_adc_ex.c ****     }
 467:Drivers/STM32F4xx_HAL_Driver/Src/stm32f4xx_hal_adc_ex.c ****   }
 468:Drivers/STM32F4xx_HAL_Driver/Src/stm32f4xx_hal_adc_ex.c **** 
 469:Drivers/STM32F4xx_HAL_Driver/Src/stm32f4xx_hal_adc_ex.c ****   /* Return ADC state */
 470:Drivers/STM32F4xx_HAL_Driver/Src/stm32f4xx_hal_adc_ex.c ****   return HAL_OK;
 857              		.loc 1 470 10
 858 00ea 0023     		movs	r3, #0
 859              	.L36:
 471:Drivers/STM32F4xx_HAL_Driver/Src/stm32f4xx_hal_adc_ex.c **** }
 860              		.loc 1 471 1
 861 00ec 1846     		mov	r0, r3
 862 00ee 1037     		adds	r7, r7, #16
 863              	.LCFI21:
 864              		.cfi_def_cfa_offset 8
 865 00f0 BD46     		mov	sp, r7
 866              	.LCFI22:
 867              		.cfi_def_cfa_register 13
 868              		@ sp needed
 869 00f2 80BD     		pop	{r7, pc}
 870              		.cfi_endproc
 871              	.LFE223:
 873              		.section	.text.HAL_ADCEx_InjectedStop_IT,"ax",%progbits
 874              		.align	1
 875              		.global	HAL_ADCEx_InjectedStop_IT
 876              		.syntax unified
 877              		.thumb
 878              		.thumb_func
 880              	HAL_ADCEx_InjectedStop_IT:
 881              	.LFB224:
 472:Drivers/STM32F4xx_HAL_Driver/Src/stm32f4xx_hal_adc_ex.c **** 
 473:Drivers/STM32F4xx_HAL_Driver/Src/stm32f4xx_hal_adc_ex.c **** /**
 474:Drivers/STM32F4xx_HAL_Driver/Src/stm32f4xx_hal_adc_ex.c ****   * @brief  Stop conversion of injected channels, disable interruption of
 475:Drivers/STM32F4xx_HAL_Driver/Src/stm32f4xx_hal_adc_ex.c ****   *         end-of-conversion. Disable ADC peripheral if no regular conversion
 476:Drivers/STM32F4xx_HAL_Driver/Src/stm32f4xx_hal_adc_ex.c ****   *         is on going.
 477:Drivers/STM32F4xx_HAL_Driver/Src/stm32f4xx_hal_adc_ex.c ****   * @note   If ADC must be disabled and if conversion is on going on
 478:Drivers/STM32F4xx_HAL_Driver/Src/stm32f4xx_hal_adc_ex.c ****   *         regular group, function HAL_ADC_Stop must be used to stop both
 479:Drivers/STM32F4xx_HAL_Driver/Src/stm32f4xx_hal_adc_ex.c ****   *         injected and regular groups, and disable the ADC.
 480:Drivers/STM32F4xx_HAL_Driver/Src/stm32f4xx_hal_adc_ex.c ****   * @note   If injected group mode auto-injection is enabled,
 481:Drivers/STM32F4xx_HAL_Driver/Src/stm32f4xx_hal_adc_ex.c ****   *         function HAL_ADC_Stop must be used.
 482:Drivers/STM32F4xx_HAL_Driver/Src/stm32f4xx_hal_adc_ex.c ****   * @param  hadc ADC handle
 483:Drivers/STM32F4xx_HAL_Driver/Src/stm32f4xx_hal_adc_ex.c ****   * @retval None
 484:Drivers/STM32F4xx_HAL_Driver/Src/stm32f4xx_hal_adc_ex.c ****   */
 485:Drivers/STM32F4xx_HAL_Driver/Src/stm32f4xx_hal_adc_ex.c **** HAL_StatusTypeDef HAL_ADCEx_InjectedStop_IT(ADC_HandleTypeDef *hadc)
ARM GAS  C:\Users\DAELT-~1\AppData\Local\Temp\ccxbVPrG.s 			page 25


 486:Drivers/STM32F4xx_HAL_Driver/Src/stm32f4xx_hal_adc_ex.c **** {
 882              		.loc 1 486 1
 883              		.cfi_startproc
 884              		@ args = 0, pretend = 0, frame = 16
 885              		@ frame_needed = 1, uses_anonymous_args = 0
 886              		@ link register save eliminated.
 887 0000 80B4     		push	{r7}
 888              	.LCFI23:
 889              		.cfi_def_cfa_offset 4
 890              		.cfi_offset 7, -4
 891 0002 85B0     		sub	sp, sp, #20
 892              	.LCFI24:
 893              		.cfi_def_cfa_offset 24
 894 0004 00AF     		add	r7, sp, #0
 895              	.LCFI25:
 896              		.cfi_def_cfa_register 7
 897 0006 7860     		str	r0, [r7, #4]
 487:Drivers/STM32F4xx_HAL_Driver/Src/stm32f4xx_hal_adc_ex.c ****   HAL_StatusTypeDef tmp_hal_status = HAL_OK;
 898              		.loc 1 487 21
 899 0008 0023     		movs	r3, #0
 900 000a FB73     		strb	r3, [r7, #15]
 488:Drivers/STM32F4xx_HAL_Driver/Src/stm32f4xx_hal_adc_ex.c **** 
 489:Drivers/STM32F4xx_HAL_Driver/Src/stm32f4xx_hal_adc_ex.c ****   /* Check the parameters */
 490:Drivers/STM32F4xx_HAL_Driver/Src/stm32f4xx_hal_adc_ex.c ****   assert_param(IS_ADC_ALL_INSTANCE(hadc->Instance));
 491:Drivers/STM32F4xx_HAL_Driver/Src/stm32f4xx_hal_adc_ex.c **** 
 492:Drivers/STM32F4xx_HAL_Driver/Src/stm32f4xx_hal_adc_ex.c ****   /* Process locked */
 493:Drivers/STM32F4xx_HAL_Driver/Src/stm32f4xx_hal_adc_ex.c ****   __HAL_LOCK(hadc);
 901              		.loc 1 493 3
 902 000c 7B68     		ldr	r3, [r7, #4]
 903 000e 93F83C30 		ldrb	r3, [r3, #60]	@ zero_extendqisi2
 904 0012 012B     		cmp	r3, #1
 905 0014 01D1     		bne	.L41
 906              		.loc 1 493 3 is_stmt 0 discriminator 1
 907 0016 0223     		movs	r3, #2
 908              		.loc 1 493 3
 909 0018 3FE0     		b	.L42
 910              	.L41:
 911              		.loc 1 493 3 discriminator 2
 912 001a 7B68     		ldr	r3, [r7, #4]
 913 001c 0122     		movs	r2, #1
 914 001e 83F83C20 		strb	r2, [r3, #60]
 494:Drivers/STM32F4xx_HAL_Driver/Src/stm32f4xx_hal_adc_ex.c **** 
 495:Drivers/STM32F4xx_HAL_Driver/Src/stm32f4xx_hal_adc_ex.c ****   /* Stop potential conversion and disable ADC peripheral                     */
 496:Drivers/STM32F4xx_HAL_Driver/Src/stm32f4xx_hal_adc_ex.c ****   /* Conditioned to:                                                          */
 497:Drivers/STM32F4xx_HAL_Driver/Src/stm32f4xx_hal_adc_ex.c ****   /* - No conversion on the other group (regular group) is intended to        */
 498:Drivers/STM32F4xx_HAL_Driver/Src/stm32f4xx_hal_adc_ex.c ****   /*   continue (injected and regular groups stop conversion and ADC disable  */
 499:Drivers/STM32F4xx_HAL_Driver/Src/stm32f4xx_hal_adc_ex.c ****   /*   are common)                                                            */
 500:Drivers/STM32F4xx_HAL_Driver/Src/stm32f4xx_hal_adc_ex.c ****   /* - In case of auto-injection mode, HAL_ADC_Stop must be used.             */
 501:Drivers/STM32F4xx_HAL_Driver/Src/stm32f4xx_hal_adc_ex.c ****   if (((hadc->State & HAL_ADC_STATE_REG_BUSY) == RESET)  &&
 915              		.loc 1 501 13 is_stmt 1
 916 0022 7B68     		ldr	r3, [r7, #4]
 917 0024 1B6C     		ldr	r3, [r3, #64]
 918              		.loc 1 501 21
 919 0026 03F48073 		and	r3, r3, #256
 920              		.loc 1 501 6
 921 002a 002B     		cmp	r3, #0
 922 002c 28D1     		bne	.L43
ARM GAS  C:\Users\DAELT-~1\AppData\Local\Temp\ccxbVPrG.s 			page 26


 502:Drivers/STM32F4xx_HAL_Driver/Src/stm32f4xx_hal_adc_ex.c ****       HAL_IS_BIT_CLR(hadc->Instance->CR1, ADC_CR1_JAUTO))
 923              		.loc 1 502 7
 924 002e 7B68     		ldr	r3, [r7, #4]
 925 0030 1B68     		ldr	r3, [r3]
 926 0032 5B68     		ldr	r3, [r3, #4]
 927 0034 03F48063 		and	r3, r3, #1024
 501:Drivers/STM32F4xx_HAL_Driver/Src/stm32f4xx_hal_adc_ex.c ****       HAL_IS_BIT_CLR(hadc->Instance->CR1, ADC_CR1_JAUTO))
 928              		.loc 1 501 58 discriminator 1
 929 0038 002B     		cmp	r3, #0
 930 003a 21D1     		bne	.L43
 503:Drivers/STM32F4xx_HAL_Driver/Src/stm32f4xx_hal_adc_ex.c ****   {
 504:Drivers/STM32F4xx_HAL_Driver/Src/stm32f4xx_hal_adc_ex.c ****     /* Stop potential conversion on going, on regular and injected groups */
 505:Drivers/STM32F4xx_HAL_Driver/Src/stm32f4xx_hal_adc_ex.c ****     /* Disable ADC peripheral */
 506:Drivers/STM32F4xx_HAL_Driver/Src/stm32f4xx_hal_adc_ex.c ****     __HAL_ADC_DISABLE(hadc);
 931              		.loc 1 506 5
 932 003c 7B68     		ldr	r3, [r7, #4]
 933 003e 1B68     		ldr	r3, [r3]
 934 0040 9A68     		ldr	r2, [r3, #8]
 935 0042 7B68     		ldr	r3, [r7, #4]
 936 0044 1B68     		ldr	r3, [r3]
 937 0046 22F00102 		bic	r2, r2, #1
 938 004a 9A60     		str	r2, [r3, #8]
 507:Drivers/STM32F4xx_HAL_Driver/Src/stm32f4xx_hal_adc_ex.c **** 
 508:Drivers/STM32F4xx_HAL_Driver/Src/stm32f4xx_hal_adc_ex.c ****     /* Check if ADC is effectively disabled */
 509:Drivers/STM32F4xx_HAL_Driver/Src/stm32f4xx_hal_adc_ex.c ****     if (HAL_IS_BIT_CLR(hadc->Instance->CR2, ADC_CR2_ADON))
 939              		.loc 1 509 9
 940 004c 7B68     		ldr	r3, [r7, #4]
 941 004e 1B68     		ldr	r3, [r3]
 942 0050 9B68     		ldr	r3, [r3, #8]
 943 0052 03F00103 		and	r3, r3, #1
 944              		.loc 1 509 8
 945 0056 002B     		cmp	r3, #0
 946 0058 1AD1     		bne	.L45
 510:Drivers/STM32F4xx_HAL_Driver/Src/stm32f4xx_hal_adc_ex.c ****     {
 511:Drivers/STM32F4xx_HAL_Driver/Src/stm32f4xx_hal_adc_ex.c ****       /* Disable ADC end of conversion interrupt for injected channels */
 512:Drivers/STM32F4xx_HAL_Driver/Src/stm32f4xx_hal_adc_ex.c ****       __HAL_ADC_DISABLE_IT(hadc, ADC_IT_JEOC);
 947              		.loc 1 512 7
 948 005a 7B68     		ldr	r3, [r7, #4]
 949 005c 1B68     		ldr	r3, [r3]
 950 005e 5A68     		ldr	r2, [r3, #4]
 951 0060 7B68     		ldr	r3, [r7, #4]
 952 0062 1B68     		ldr	r3, [r3]
 953 0064 22F08002 		bic	r2, r2, #128
 954 0068 5A60     		str	r2, [r3, #4]
 513:Drivers/STM32F4xx_HAL_Driver/Src/stm32f4xx_hal_adc_ex.c **** 
 514:Drivers/STM32F4xx_HAL_Driver/Src/stm32f4xx_hal_adc_ex.c ****       /* Set ADC state */
 515:Drivers/STM32F4xx_HAL_Driver/Src/stm32f4xx_hal_adc_ex.c ****       ADC_STATE_CLR_SET(hadc->State,
 955              		.loc 1 515 7
 956 006a 7B68     		ldr	r3, [r7, #4]
 957 006c 1B6C     		ldr	r3, [r3, #64]
 958 006e 23F48853 		bic	r3, r3, #4352
 959 0072 23F00103 		bic	r3, r3, #1
 960 0076 43F00102 		orr	r2, r3, #1
 961 007a 7B68     		ldr	r3, [r7, #4]
 962 007c 1A64     		str	r2, [r3, #64]
 509:Drivers/STM32F4xx_HAL_Driver/Src/stm32f4xx_hal_adc_ex.c ****     {
 963              		.loc 1 509 8
ARM GAS  C:\Users\DAELT-~1\AppData\Local\Temp\ccxbVPrG.s 			page 27


 964 007e 07E0     		b	.L45
 965              	.L43:
 516:Drivers/STM32F4xx_HAL_Driver/Src/stm32f4xx_hal_adc_ex.c ****                         HAL_ADC_STATE_REG_BUSY | HAL_ADC_STATE_INJ_BUSY,
 517:Drivers/STM32F4xx_HAL_Driver/Src/stm32f4xx_hal_adc_ex.c ****                         HAL_ADC_STATE_READY);
 518:Drivers/STM32F4xx_HAL_Driver/Src/stm32f4xx_hal_adc_ex.c ****     }
 519:Drivers/STM32F4xx_HAL_Driver/Src/stm32f4xx_hal_adc_ex.c ****   }
 520:Drivers/STM32F4xx_HAL_Driver/Src/stm32f4xx_hal_adc_ex.c ****   else
 521:Drivers/STM32F4xx_HAL_Driver/Src/stm32f4xx_hal_adc_ex.c ****   {
 522:Drivers/STM32F4xx_HAL_Driver/Src/stm32f4xx_hal_adc_ex.c ****     /* Update ADC state machine to error */
 523:Drivers/STM32F4xx_HAL_Driver/Src/stm32f4xx_hal_adc_ex.c ****     SET_BIT(hadc->State, HAL_ADC_STATE_ERROR_CONFIG);
 966              		.loc 1 523 5
 967 0080 7B68     		ldr	r3, [r7, #4]
 968 0082 1B6C     		ldr	r3, [r3, #64]
 969 0084 43F02002 		orr	r2, r3, #32
 970 0088 7B68     		ldr	r3, [r7, #4]
 971 008a 1A64     		str	r2, [r3, #64]
 524:Drivers/STM32F4xx_HAL_Driver/Src/stm32f4xx_hal_adc_ex.c **** 
 525:Drivers/STM32F4xx_HAL_Driver/Src/stm32f4xx_hal_adc_ex.c ****     tmp_hal_status = HAL_ERROR;
 972              		.loc 1 525 20
 973 008c 0123     		movs	r3, #1
 974 008e FB73     		strb	r3, [r7, #15]
 975              	.L45:
 526:Drivers/STM32F4xx_HAL_Driver/Src/stm32f4xx_hal_adc_ex.c ****   }
 527:Drivers/STM32F4xx_HAL_Driver/Src/stm32f4xx_hal_adc_ex.c **** 
 528:Drivers/STM32F4xx_HAL_Driver/Src/stm32f4xx_hal_adc_ex.c ****   /* Process unlocked */
 529:Drivers/STM32F4xx_HAL_Driver/Src/stm32f4xx_hal_adc_ex.c ****   __HAL_UNLOCK(hadc);
 976              		.loc 1 529 3
 977 0090 7B68     		ldr	r3, [r7, #4]
 978 0092 0022     		movs	r2, #0
 979 0094 83F83C20 		strb	r2, [r3, #60]
 530:Drivers/STM32F4xx_HAL_Driver/Src/stm32f4xx_hal_adc_ex.c **** 
 531:Drivers/STM32F4xx_HAL_Driver/Src/stm32f4xx_hal_adc_ex.c ****   /* Return function status */
 532:Drivers/STM32F4xx_HAL_Driver/Src/stm32f4xx_hal_adc_ex.c ****   return tmp_hal_status;
 980              		.loc 1 532 10
 981 0098 FB7B     		ldrb	r3, [r7, #15]	@ zero_extendqisi2
 982              	.L42:
 533:Drivers/STM32F4xx_HAL_Driver/Src/stm32f4xx_hal_adc_ex.c **** }
 983              		.loc 1 533 1
 984 009a 1846     		mov	r0, r3
 985 009c 1437     		adds	r7, r7, #20
 986              	.LCFI26:
 987              		.cfi_def_cfa_offset 4
 988 009e BD46     		mov	sp, r7
 989              	.LCFI27:
 990              		.cfi_def_cfa_register 13
 991              		@ sp needed
 992 00a0 5DF8047B 		ldr	r7, [sp], #4
 993              	.LCFI28:
 994              		.cfi_restore 7
 995              		.cfi_def_cfa_offset 0
 996 00a4 7047     		bx	lr
 997              		.cfi_endproc
 998              	.LFE224:
 1000              		.section	.text.HAL_ADCEx_InjectedGetValue,"ax",%progbits
 1001              		.align	1
 1002              		.global	HAL_ADCEx_InjectedGetValue
 1003              		.syntax unified
ARM GAS  C:\Users\DAELT-~1\AppData\Local\Temp\ccxbVPrG.s 			page 28


 1004              		.thumb
 1005              		.thumb_func
 1007              	HAL_ADCEx_InjectedGetValue:
 1008              	.LFB225:
 534:Drivers/STM32F4xx_HAL_Driver/Src/stm32f4xx_hal_adc_ex.c **** 
 535:Drivers/STM32F4xx_HAL_Driver/Src/stm32f4xx_hal_adc_ex.c **** /**
 536:Drivers/STM32F4xx_HAL_Driver/Src/stm32f4xx_hal_adc_ex.c ****   * @brief  Gets the converted value from data register of injected channel.
 537:Drivers/STM32F4xx_HAL_Driver/Src/stm32f4xx_hal_adc_ex.c ****   * @param  hadc pointer to a ADC_HandleTypeDef structure that contains
 538:Drivers/STM32F4xx_HAL_Driver/Src/stm32f4xx_hal_adc_ex.c ****   *         the configuration information for the specified ADC.
 539:Drivers/STM32F4xx_HAL_Driver/Src/stm32f4xx_hal_adc_ex.c ****   * @param  InjectedRank the ADC injected rank.
 540:Drivers/STM32F4xx_HAL_Driver/Src/stm32f4xx_hal_adc_ex.c ****   *          This parameter can be one of the following values:
 541:Drivers/STM32F4xx_HAL_Driver/Src/stm32f4xx_hal_adc_ex.c ****   *            @arg ADC_INJECTED_RANK_1: Injected Channel1 selected
 542:Drivers/STM32F4xx_HAL_Driver/Src/stm32f4xx_hal_adc_ex.c ****   *            @arg ADC_INJECTED_RANK_2: Injected Channel2 selected
 543:Drivers/STM32F4xx_HAL_Driver/Src/stm32f4xx_hal_adc_ex.c ****   *            @arg ADC_INJECTED_RANK_3: Injected Channel3 selected
 544:Drivers/STM32F4xx_HAL_Driver/Src/stm32f4xx_hal_adc_ex.c ****   *            @arg ADC_INJECTED_RANK_4: Injected Channel4 selected
 545:Drivers/STM32F4xx_HAL_Driver/Src/stm32f4xx_hal_adc_ex.c ****   * @retval None
 546:Drivers/STM32F4xx_HAL_Driver/Src/stm32f4xx_hal_adc_ex.c ****   */
 547:Drivers/STM32F4xx_HAL_Driver/Src/stm32f4xx_hal_adc_ex.c **** uint32_t HAL_ADCEx_InjectedGetValue(ADC_HandleTypeDef *hadc, uint32_t InjectedRank)
 548:Drivers/STM32F4xx_HAL_Driver/Src/stm32f4xx_hal_adc_ex.c **** {
 1009              		.loc 1 548 1
 1010              		.cfi_startproc
 1011              		@ args = 0, pretend = 0, frame = 16
 1012              		@ frame_needed = 1, uses_anonymous_args = 0
 1013              		@ link register save eliminated.
 1014 0000 80B4     		push	{r7}
 1015              	.LCFI29:
 1016              		.cfi_def_cfa_offset 4
 1017              		.cfi_offset 7, -4
 1018 0002 85B0     		sub	sp, sp, #20
 1019              	.LCFI30:
 1020              		.cfi_def_cfa_offset 24
 1021 0004 00AF     		add	r7, sp, #0
 1022              	.LCFI31:
 1023              		.cfi_def_cfa_register 7
 1024 0006 7860     		str	r0, [r7, #4]
 1025 0008 3960     		str	r1, [r7]
 549:Drivers/STM32F4xx_HAL_Driver/Src/stm32f4xx_hal_adc_ex.c ****   __IO uint32_t tmp = 0U;
 1026              		.loc 1 549 17
 1027 000a 0023     		movs	r3, #0
 1028 000c FB60     		str	r3, [r7, #12]
 550:Drivers/STM32F4xx_HAL_Driver/Src/stm32f4xx_hal_adc_ex.c **** 
 551:Drivers/STM32F4xx_HAL_Driver/Src/stm32f4xx_hal_adc_ex.c ****   /* Check the parameters */
 552:Drivers/STM32F4xx_HAL_Driver/Src/stm32f4xx_hal_adc_ex.c ****   assert_param(IS_ADC_INJECTED_RANK(InjectedRank));
 553:Drivers/STM32F4xx_HAL_Driver/Src/stm32f4xx_hal_adc_ex.c **** 
 554:Drivers/STM32F4xx_HAL_Driver/Src/stm32f4xx_hal_adc_ex.c ****   /* Clear injected group conversion flag to have similar behaviour as        */
 555:Drivers/STM32F4xx_HAL_Driver/Src/stm32f4xx_hal_adc_ex.c ****   /* regular group: reading data register also clears end of conversion flag. */
 556:Drivers/STM32F4xx_HAL_Driver/Src/stm32f4xx_hal_adc_ex.c ****   __HAL_ADC_CLEAR_FLAG(hadc, ADC_FLAG_JEOC);
 1029              		.loc 1 556 3
 1030 000e 7B68     		ldr	r3, [r7, #4]
 1031 0010 1B68     		ldr	r3, [r3]
 1032 0012 6FF00402 		mvn	r2, #4
 1033 0016 1A60     		str	r2, [r3]
 557:Drivers/STM32F4xx_HAL_Driver/Src/stm32f4xx_hal_adc_ex.c **** 
 558:Drivers/STM32F4xx_HAL_Driver/Src/stm32f4xx_hal_adc_ex.c ****   /* Return the selected ADC converted value */
 559:Drivers/STM32F4xx_HAL_Driver/Src/stm32f4xx_hal_adc_ex.c ****   switch (InjectedRank)
 1034              		.loc 1 559 3
 1035 0018 3B68     		ldr	r3, [r7]
ARM GAS  C:\Users\DAELT-~1\AppData\Local\Temp\ccxbVPrG.s 			page 29


 1036 001a 013B     		subs	r3, r3, #1
 1037 001c 032B     		cmp	r3, #3
 1038 001e 1FD8     		bhi	.L55
 1039 0020 01A2     		adr	r2, .L49
 1040 0022 52F823F0 		ldr	pc, [r2, r3, lsl #2]
 1041 0026 00BF     		.p2align 2
 1042              	.L49:
 1043 0028 57000000 		.word	.L52+1
 1044 002c 4D000000 		.word	.L51+1
 1045 0030 43000000 		.word	.L50+1
 1046 0034 39000000 		.word	.L48+1
 1047              		.p2align 1
 1048              	.L48:
 560:Drivers/STM32F4xx_HAL_Driver/Src/stm32f4xx_hal_adc_ex.c ****   {
 561:Drivers/STM32F4xx_HAL_Driver/Src/stm32f4xx_hal_adc_ex.c ****     case ADC_INJECTED_RANK_4:
 562:Drivers/STM32F4xx_HAL_Driver/Src/stm32f4xx_hal_adc_ex.c ****     {
 563:Drivers/STM32F4xx_HAL_Driver/Src/stm32f4xx_hal_adc_ex.c ****       tmp =  hadc->Instance->JDR4;
 1049              		.loc 1 563 18
 1050 0038 7B68     		ldr	r3, [r7, #4]
 1051 003a 1B68     		ldr	r3, [r3]
 1052              		.loc 1 563 28
 1053 003c 9B6C     		ldr	r3, [r3, #72]
 1054              		.loc 1 563 11
 1055 003e FB60     		str	r3, [r7, #12]
 564:Drivers/STM32F4xx_HAL_Driver/Src/stm32f4xx_hal_adc_ex.c ****     }
 565:Drivers/STM32F4xx_HAL_Driver/Src/stm32f4xx_hal_adc_ex.c ****     break;
 1056              		.loc 1 565 5
 1057 0040 0FE0     		b	.L53
 1058              	.L50:
 566:Drivers/STM32F4xx_HAL_Driver/Src/stm32f4xx_hal_adc_ex.c ****     case ADC_INJECTED_RANK_3:
 567:Drivers/STM32F4xx_HAL_Driver/Src/stm32f4xx_hal_adc_ex.c ****     {
 568:Drivers/STM32F4xx_HAL_Driver/Src/stm32f4xx_hal_adc_ex.c ****       tmp =  hadc->Instance->JDR3;
 1059              		.loc 1 568 18
 1060 0042 7B68     		ldr	r3, [r7, #4]
 1061 0044 1B68     		ldr	r3, [r3]
 1062              		.loc 1 568 28
 1063 0046 5B6C     		ldr	r3, [r3, #68]
 1064              		.loc 1 568 11
 1065 0048 FB60     		str	r3, [r7, #12]
 569:Drivers/STM32F4xx_HAL_Driver/Src/stm32f4xx_hal_adc_ex.c ****     }
 570:Drivers/STM32F4xx_HAL_Driver/Src/stm32f4xx_hal_adc_ex.c ****     break;
 1066              		.loc 1 570 5
 1067 004a 0AE0     		b	.L53
 1068              	.L51:
 571:Drivers/STM32F4xx_HAL_Driver/Src/stm32f4xx_hal_adc_ex.c ****     case ADC_INJECTED_RANK_2:
 572:Drivers/STM32F4xx_HAL_Driver/Src/stm32f4xx_hal_adc_ex.c ****     {
 573:Drivers/STM32F4xx_HAL_Driver/Src/stm32f4xx_hal_adc_ex.c ****       tmp =  hadc->Instance->JDR2;
 1069              		.loc 1 573 18
 1070 004c 7B68     		ldr	r3, [r7, #4]
 1071 004e 1B68     		ldr	r3, [r3]
 1072              		.loc 1 573 28
 1073 0050 1B6C     		ldr	r3, [r3, #64]
 1074              		.loc 1 573 11
 1075 0052 FB60     		str	r3, [r7, #12]
 574:Drivers/STM32F4xx_HAL_Driver/Src/stm32f4xx_hal_adc_ex.c ****     }
 575:Drivers/STM32F4xx_HAL_Driver/Src/stm32f4xx_hal_adc_ex.c ****     break;
 1076              		.loc 1 575 5
ARM GAS  C:\Users\DAELT-~1\AppData\Local\Temp\ccxbVPrG.s 			page 30


 1077 0054 05E0     		b	.L53
 1078              	.L52:
 576:Drivers/STM32F4xx_HAL_Driver/Src/stm32f4xx_hal_adc_ex.c ****     case ADC_INJECTED_RANK_1:
 577:Drivers/STM32F4xx_HAL_Driver/Src/stm32f4xx_hal_adc_ex.c ****     {
 578:Drivers/STM32F4xx_HAL_Driver/Src/stm32f4xx_hal_adc_ex.c ****       tmp =  hadc->Instance->JDR1;
 1079              		.loc 1 578 18
 1080 0056 7B68     		ldr	r3, [r7, #4]
 1081 0058 1B68     		ldr	r3, [r3]
 1082              		.loc 1 578 28
 1083 005a DB6B     		ldr	r3, [r3, #60]
 1084              		.loc 1 578 11
 1085 005c FB60     		str	r3, [r7, #12]
 579:Drivers/STM32F4xx_HAL_Driver/Src/stm32f4xx_hal_adc_ex.c ****     }
 580:Drivers/STM32F4xx_HAL_Driver/Src/stm32f4xx_hal_adc_ex.c ****     break;
 1086              		.loc 1 580 5
 1087 005e 00E0     		b	.L53
 1088              	.L55:
 581:Drivers/STM32F4xx_HAL_Driver/Src/stm32f4xx_hal_adc_ex.c ****     default:
 582:Drivers/STM32F4xx_HAL_Driver/Src/stm32f4xx_hal_adc_ex.c ****       break;
 1089              		.loc 1 582 7
 1090 0060 00BF     		nop
 1091              	.L53:
 583:Drivers/STM32F4xx_HAL_Driver/Src/stm32f4xx_hal_adc_ex.c ****   }
 584:Drivers/STM32F4xx_HAL_Driver/Src/stm32f4xx_hal_adc_ex.c ****   return tmp;
 1092              		.loc 1 584 10
 1093 0062 FB68     		ldr	r3, [r7, #12]
 585:Drivers/STM32F4xx_HAL_Driver/Src/stm32f4xx_hal_adc_ex.c **** }
 1094              		.loc 1 585 1
 1095 0064 1846     		mov	r0, r3
 1096 0066 1437     		adds	r7, r7, #20
 1097              	.LCFI32:
 1098              		.cfi_def_cfa_offset 4
 1099 0068 BD46     		mov	sp, r7
 1100              	.LCFI33:
 1101              		.cfi_def_cfa_register 13
 1102              		@ sp needed
 1103 006a 5DF8047B 		ldr	r7, [sp], #4
 1104              	.LCFI34:
 1105              		.cfi_restore 7
 1106              		.cfi_def_cfa_offset 0
 1107 006e 7047     		bx	lr
 1108              		.cfi_endproc
 1109              	.LFE225:
 1111              		.section	.text.HAL_ADCEx_MultiModeStart_DMA,"ax",%progbits
 1112              		.align	1
 1113              		.global	HAL_ADCEx_MultiModeStart_DMA
 1114              		.syntax unified
 1115              		.thumb
 1116              		.thumb_func
 1118              	HAL_ADCEx_MultiModeStart_DMA:
 1119              	.LFB226:
 586:Drivers/STM32F4xx_HAL_Driver/Src/stm32f4xx_hal_adc_ex.c **** 
 587:Drivers/STM32F4xx_HAL_Driver/Src/stm32f4xx_hal_adc_ex.c **** /**
 588:Drivers/STM32F4xx_HAL_Driver/Src/stm32f4xx_hal_adc_ex.c ****   * @brief  Enables ADC DMA request after last transfer (Multi-ADC mode) and enables ADC peripheral
 589:Drivers/STM32F4xx_HAL_Driver/Src/stm32f4xx_hal_adc_ex.c ****   *
 590:Drivers/STM32F4xx_HAL_Driver/Src/stm32f4xx_hal_adc_ex.c ****   * @note   Caution: This function must be used only with the ADC master.
 591:Drivers/STM32F4xx_HAL_Driver/Src/stm32f4xx_hal_adc_ex.c ****   *
ARM GAS  C:\Users\DAELT-~1\AppData\Local\Temp\ccxbVPrG.s 			page 31


 592:Drivers/STM32F4xx_HAL_Driver/Src/stm32f4xx_hal_adc_ex.c ****   * @param  hadc pointer to a ADC_HandleTypeDef structure that contains
 593:Drivers/STM32F4xx_HAL_Driver/Src/stm32f4xx_hal_adc_ex.c ****   *         the configuration information for the specified ADC.
 594:Drivers/STM32F4xx_HAL_Driver/Src/stm32f4xx_hal_adc_ex.c ****   * @param  pData   Pointer to buffer in which transferred from ADC peripheral to memory will be st
 595:Drivers/STM32F4xx_HAL_Driver/Src/stm32f4xx_hal_adc_ex.c ****   * @param  Length  The length of data to be transferred from ADC peripheral to memory.
 596:Drivers/STM32F4xx_HAL_Driver/Src/stm32f4xx_hal_adc_ex.c ****   * @retval HAL status
 597:Drivers/STM32F4xx_HAL_Driver/Src/stm32f4xx_hal_adc_ex.c ****   */
 598:Drivers/STM32F4xx_HAL_Driver/Src/stm32f4xx_hal_adc_ex.c **** HAL_StatusTypeDef HAL_ADCEx_MultiModeStart_DMA(ADC_HandleTypeDef *hadc, uint32_t *pData, uint32_t L
 599:Drivers/STM32F4xx_HAL_Driver/Src/stm32f4xx_hal_adc_ex.c **** {
 1120              		.loc 1 599 1
 1121              		.cfi_startproc
 1122              		@ args = 0, pretend = 0, frame = 32
 1123              		@ frame_needed = 1, uses_anonymous_args = 0
 1124 0000 80B5     		push	{r7, lr}
 1125              	.LCFI35:
 1126              		.cfi_def_cfa_offset 8
 1127              		.cfi_offset 7, -8
 1128              		.cfi_offset 14, -4
 1129 0002 88B0     		sub	sp, sp, #32
 1130              	.LCFI36:
 1131              		.cfi_def_cfa_offset 40
 1132 0004 00AF     		add	r7, sp, #0
 1133              	.LCFI37:
 1134              		.cfi_def_cfa_register 7
 1135 0006 F860     		str	r0, [r7, #12]
 1136 0008 B960     		str	r1, [r7, #8]
 1137 000a 7A60     		str	r2, [r7, #4]
 600:Drivers/STM32F4xx_HAL_Driver/Src/stm32f4xx_hal_adc_ex.c ****   __IO uint32_t counter = 0U;
 1138              		.loc 1 600 17
 1139 000c 0023     		movs	r3, #0
 1140 000e 7B61     		str	r3, [r7, #20]
 601:Drivers/STM32F4xx_HAL_Driver/Src/stm32f4xx_hal_adc_ex.c ****   ADC_Common_TypeDef *tmpADC_Common;
 602:Drivers/STM32F4xx_HAL_Driver/Src/stm32f4xx_hal_adc_ex.c ****   HAL_StatusTypeDef tmp_hal_status = HAL_OK;
 1141              		.loc 1 602 21
 1142 0010 0023     		movs	r3, #0
 1143 0012 FB77     		strb	r3, [r7, #31]
 603:Drivers/STM32F4xx_HAL_Driver/Src/stm32f4xx_hal_adc_ex.c ****   /* Check the parameters */
 604:Drivers/STM32F4xx_HAL_Driver/Src/stm32f4xx_hal_adc_ex.c ****   assert_param(IS_FUNCTIONAL_STATE(hadc->Init.ContinuousConvMode));
 605:Drivers/STM32F4xx_HAL_Driver/Src/stm32f4xx_hal_adc_ex.c ****   assert_param(IS_ADC_EXT_TRIG_EDGE(hadc->Init.ExternalTrigConvEdge));
 606:Drivers/STM32F4xx_HAL_Driver/Src/stm32f4xx_hal_adc_ex.c ****   assert_param(IS_FUNCTIONAL_STATE(hadc->Init.DMAContinuousRequests));
 607:Drivers/STM32F4xx_HAL_Driver/Src/stm32f4xx_hal_adc_ex.c **** 
 608:Drivers/STM32F4xx_HAL_Driver/Src/stm32f4xx_hal_adc_ex.c ****   /* Process locked */
 609:Drivers/STM32F4xx_HAL_Driver/Src/stm32f4xx_hal_adc_ex.c ****   __HAL_LOCK(hadc);
 1144              		.loc 1 609 3
 1145 0014 FB68     		ldr	r3, [r7, #12]
 1146 0016 93F83C30 		ldrb	r3, [r3, #60]	@ zero_extendqisi2
 1147 001a 012B     		cmp	r3, #1
 1148 001c 01D1     		bne	.L57
 1149              		.loc 1 609 3 is_stmt 0 discriminator 1
 1150 001e 0223     		movs	r3, #2
 1151              		.loc 1 609 3
 1152 0020 ADE0     		b	.L58
 1153              	.L57:
 1154              		.loc 1 609 3 discriminator 2
 1155 0022 FB68     		ldr	r3, [r7, #12]
 1156 0024 0122     		movs	r2, #1
 1157 0026 83F83C20 		strb	r2, [r3, #60]
 610:Drivers/STM32F4xx_HAL_Driver/Src/stm32f4xx_hal_adc_ex.c **** 
ARM GAS  C:\Users\DAELT-~1\AppData\Local\Temp\ccxbVPrG.s 			page 32


 611:Drivers/STM32F4xx_HAL_Driver/Src/stm32f4xx_hal_adc_ex.c ****   /* Check if ADC peripheral is disabled in order to enable it and wait during
 612:Drivers/STM32F4xx_HAL_Driver/Src/stm32f4xx_hal_adc_ex.c ****      Tstab time the ADC's stabilization */
 613:Drivers/STM32F4xx_HAL_Driver/Src/stm32f4xx_hal_adc_ex.c ****   if ((hadc->Instance->CR2 & ADC_CR2_ADON) != ADC_CR2_ADON)
 1158              		.loc 1 613 12 is_stmt 1
 1159 002a FB68     		ldr	r3, [r7, #12]
 1160 002c 1B68     		ldr	r3, [r3]
 1161              		.loc 1 613 22
 1162 002e 9B68     		ldr	r3, [r3, #8]
 1163              		.loc 1 613 28
 1164 0030 03F00103 		and	r3, r3, #1
 1165              		.loc 1 613 6
 1166 0034 012B     		cmp	r3, #1
 1167 0036 18D0     		beq	.L59
 614:Drivers/STM32F4xx_HAL_Driver/Src/stm32f4xx_hal_adc_ex.c ****   {
 615:Drivers/STM32F4xx_HAL_Driver/Src/stm32f4xx_hal_adc_ex.c ****     /* Enable the Peripheral */
 616:Drivers/STM32F4xx_HAL_Driver/Src/stm32f4xx_hal_adc_ex.c ****     __HAL_ADC_ENABLE(hadc);
 1168              		.loc 1 616 5
 1169 0038 FB68     		ldr	r3, [r7, #12]
 1170 003a 1B68     		ldr	r3, [r3]
 1171 003c 9A68     		ldr	r2, [r3, #8]
 1172 003e FB68     		ldr	r3, [r7, #12]
 1173 0040 1B68     		ldr	r3, [r3]
 1174 0042 42F00102 		orr	r2, r2, #1
 1175 0046 9A60     		str	r2, [r3, #8]
 617:Drivers/STM32F4xx_HAL_Driver/Src/stm32f4xx_hal_adc_ex.c **** 
 618:Drivers/STM32F4xx_HAL_Driver/Src/stm32f4xx_hal_adc_ex.c ****     /* Delay for temperature sensor stabilization time */
 619:Drivers/STM32F4xx_HAL_Driver/Src/stm32f4xx_hal_adc_ex.c ****     /* Compute number of CPU cycles to wait for */
 620:Drivers/STM32F4xx_HAL_Driver/Src/stm32f4xx_hal_adc_ex.c ****     counter = (ADC_STAB_DELAY_US * (SystemCoreClock / 1000000U));
 1176              		.loc 1 620 53
 1177 0048 4F4B     		ldr	r3, .L69
 1178 004a 1B68     		ldr	r3, [r3]
 1179 004c 4F4A     		ldr	r2, .L69+4
 1180 004e A2FB0323 		umull	r2, r3, r2, r3
 1181 0052 9A0C     		lsrs	r2, r3, #18
 1182              		.loc 1 620 34
 1183 0054 1346     		mov	r3, r2
 1184 0056 5B00     		lsls	r3, r3, #1
 1185 0058 1344     		add	r3, r3, r2
 1186              		.loc 1 620 13
 1187 005a 7B61     		str	r3, [r7, #20]
 621:Drivers/STM32F4xx_HAL_Driver/Src/stm32f4xx_hal_adc_ex.c ****     while (counter != 0U)
 1188              		.loc 1 621 11
 1189 005c 02E0     		b	.L60
 1190              	.L61:
 622:Drivers/STM32F4xx_HAL_Driver/Src/stm32f4xx_hal_adc_ex.c ****     {
 623:Drivers/STM32F4xx_HAL_Driver/Src/stm32f4xx_hal_adc_ex.c ****       counter--;
 1191              		.loc 1 623 14
 1192 005e 7B69     		ldr	r3, [r7, #20]
 1193 0060 013B     		subs	r3, r3, #1
 1194 0062 7B61     		str	r3, [r7, #20]
 1195              	.L60:
 621:Drivers/STM32F4xx_HAL_Driver/Src/stm32f4xx_hal_adc_ex.c ****     while (counter != 0U)
 1196              		.loc 1 621 20
 1197 0064 7B69     		ldr	r3, [r7, #20]
 1198 0066 002B     		cmp	r3, #0
 1199 0068 F9D1     		bne	.L61
 1200              	.L59:
ARM GAS  C:\Users\DAELT-~1\AppData\Local\Temp\ccxbVPrG.s 			page 33


 624:Drivers/STM32F4xx_HAL_Driver/Src/stm32f4xx_hal_adc_ex.c ****     }
 625:Drivers/STM32F4xx_HAL_Driver/Src/stm32f4xx_hal_adc_ex.c ****   }
 626:Drivers/STM32F4xx_HAL_Driver/Src/stm32f4xx_hal_adc_ex.c **** 
 627:Drivers/STM32F4xx_HAL_Driver/Src/stm32f4xx_hal_adc_ex.c ****   /* Start conversion if ADC is effectively enabled */
 628:Drivers/STM32F4xx_HAL_Driver/Src/stm32f4xx_hal_adc_ex.c ****   if (HAL_IS_BIT_SET(hadc->Instance->CR2, ADC_CR2_ADON))
 1201              		.loc 1 628 7
 1202 006a FB68     		ldr	r3, [r7, #12]
 1203 006c 1B68     		ldr	r3, [r3]
 1204 006e 9B68     		ldr	r3, [r3, #8]
 1205 0070 03F00103 		and	r3, r3, #1
 1206              		.loc 1 628 6
 1207 0074 012B     		cmp	r3, #1
 1208 0076 75D1     		bne	.L62
 629:Drivers/STM32F4xx_HAL_Driver/Src/stm32f4xx_hal_adc_ex.c ****   {
 630:Drivers/STM32F4xx_HAL_Driver/Src/stm32f4xx_hal_adc_ex.c ****     /* Set ADC state                                                          */
 631:Drivers/STM32F4xx_HAL_Driver/Src/stm32f4xx_hal_adc_ex.c ****     /* - Clear state bitfield related to regular group conversion results     */
 632:Drivers/STM32F4xx_HAL_Driver/Src/stm32f4xx_hal_adc_ex.c ****     /* - Set state bitfield related to regular group operation                */
 633:Drivers/STM32F4xx_HAL_Driver/Src/stm32f4xx_hal_adc_ex.c ****     ADC_STATE_CLR_SET(hadc->State,
 1209              		.loc 1 633 5
 1210 0078 FB68     		ldr	r3, [r7, #12]
 1211 007a 1B6C     		ldr	r3, [r3, #64]
 1212 007c 23F4E063 		bic	r3, r3, #1792
 1213 0080 23F00103 		bic	r3, r3, #1
 1214 0084 43F48072 		orr	r2, r3, #256
 1215 0088 FB68     		ldr	r3, [r7, #12]
 1216 008a 1A64     		str	r2, [r3, #64]
 634:Drivers/STM32F4xx_HAL_Driver/Src/stm32f4xx_hal_adc_ex.c ****                       HAL_ADC_STATE_READY | HAL_ADC_STATE_REG_EOC | HAL_ADC_STATE_REG_OVR,
 635:Drivers/STM32F4xx_HAL_Driver/Src/stm32f4xx_hal_adc_ex.c ****                       HAL_ADC_STATE_REG_BUSY);
 636:Drivers/STM32F4xx_HAL_Driver/Src/stm32f4xx_hal_adc_ex.c **** 
 637:Drivers/STM32F4xx_HAL_Driver/Src/stm32f4xx_hal_adc_ex.c ****     /* If conversions on group regular are also triggering group injected,    */
 638:Drivers/STM32F4xx_HAL_Driver/Src/stm32f4xx_hal_adc_ex.c ****     /* update ADC state.                                                      */
 639:Drivers/STM32F4xx_HAL_Driver/Src/stm32f4xx_hal_adc_ex.c ****     if (READ_BIT(hadc->Instance->CR1, ADC_CR1_JAUTO) != RESET)
 1217              		.loc 1 639 9
 1218 008c FB68     		ldr	r3, [r7, #12]
 1219 008e 1B68     		ldr	r3, [r3]
 1220 0090 5B68     		ldr	r3, [r3, #4]
 1221 0092 03F48063 		and	r3, r3, #1024
 1222              		.loc 1 639 8
 1223 0096 002B     		cmp	r3, #0
 1224 0098 07D0     		beq	.L63
 640:Drivers/STM32F4xx_HAL_Driver/Src/stm32f4xx_hal_adc_ex.c ****     {
 641:Drivers/STM32F4xx_HAL_Driver/Src/stm32f4xx_hal_adc_ex.c ****       ADC_STATE_CLR_SET(hadc->State, HAL_ADC_STATE_INJ_EOC, HAL_ADC_STATE_INJ_BUSY);
 1225              		.loc 1 641 7
 1226 009a FB68     		ldr	r3, [r7, #12]
 1227 009c 1B6C     		ldr	r3, [r3, #64]
 1228 009e 23F44053 		bic	r3, r3, #12288
 1229 00a2 43F48052 		orr	r2, r3, #4096
 1230 00a6 FB68     		ldr	r3, [r7, #12]
 1231 00a8 1A64     		str	r2, [r3, #64]
 1232              	.L63:
 642:Drivers/STM32F4xx_HAL_Driver/Src/stm32f4xx_hal_adc_ex.c ****     }
 643:Drivers/STM32F4xx_HAL_Driver/Src/stm32f4xx_hal_adc_ex.c **** 
 644:Drivers/STM32F4xx_HAL_Driver/Src/stm32f4xx_hal_adc_ex.c ****     /* State machine update: Check if an injected conversion is ongoing */
 645:Drivers/STM32F4xx_HAL_Driver/Src/stm32f4xx_hal_adc_ex.c ****     if (HAL_IS_BIT_SET(hadc->State, HAL_ADC_STATE_INJ_BUSY))
 1233              		.loc 1 645 9
 1234 00aa FB68     		ldr	r3, [r7, #12]
 1235 00ac 1B6C     		ldr	r3, [r3, #64]
ARM GAS  C:\Users\DAELT-~1\AppData\Local\Temp\ccxbVPrG.s 			page 34


 1236 00ae 03F48053 		and	r3, r3, #4096
 1237              		.loc 1 645 8
 1238 00b2 B3F5805F 		cmp	r3, #4096
 1239 00b6 06D1     		bne	.L64
 646:Drivers/STM32F4xx_HAL_Driver/Src/stm32f4xx_hal_adc_ex.c ****     {
 647:Drivers/STM32F4xx_HAL_Driver/Src/stm32f4xx_hal_adc_ex.c ****       /* Reset ADC error code fields related to conversions on group regular */
 648:Drivers/STM32F4xx_HAL_Driver/Src/stm32f4xx_hal_adc_ex.c ****       CLEAR_BIT(hadc->ErrorCode, (HAL_ADC_ERROR_OVR | HAL_ADC_ERROR_DMA));
 1240              		.loc 1 648 7
 1241 00b8 FB68     		ldr	r3, [r7, #12]
 1242 00ba 5B6C     		ldr	r3, [r3, #68]
 1243 00bc 23F00602 		bic	r2, r3, #6
 1244 00c0 FB68     		ldr	r3, [r7, #12]
 1245 00c2 5A64     		str	r2, [r3, #68]
 1246 00c4 02E0     		b	.L65
 1247              	.L64:
 649:Drivers/STM32F4xx_HAL_Driver/Src/stm32f4xx_hal_adc_ex.c ****     }
 650:Drivers/STM32F4xx_HAL_Driver/Src/stm32f4xx_hal_adc_ex.c ****     else
 651:Drivers/STM32F4xx_HAL_Driver/Src/stm32f4xx_hal_adc_ex.c ****     {
 652:Drivers/STM32F4xx_HAL_Driver/Src/stm32f4xx_hal_adc_ex.c ****       /* Reset ADC all error code fields */
 653:Drivers/STM32F4xx_HAL_Driver/Src/stm32f4xx_hal_adc_ex.c ****       ADC_CLEAR_ERRORCODE(hadc);
 1248              		.loc 1 653 7
 1249 00c6 FB68     		ldr	r3, [r7, #12]
 1250 00c8 0022     		movs	r2, #0
 1251 00ca 5A64     		str	r2, [r3, #68]
 1252              	.L65:
 654:Drivers/STM32F4xx_HAL_Driver/Src/stm32f4xx_hal_adc_ex.c ****     }
 655:Drivers/STM32F4xx_HAL_Driver/Src/stm32f4xx_hal_adc_ex.c **** 
 656:Drivers/STM32F4xx_HAL_Driver/Src/stm32f4xx_hal_adc_ex.c ****     /* Process unlocked */
 657:Drivers/STM32F4xx_HAL_Driver/Src/stm32f4xx_hal_adc_ex.c ****     /* Unlock before starting ADC conversions: in case of potential           */
 658:Drivers/STM32F4xx_HAL_Driver/Src/stm32f4xx_hal_adc_ex.c ****     /* interruption, to let the process to ADC IRQ Handler.                   */
 659:Drivers/STM32F4xx_HAL_Driver/Src/stm32f4xx_hal_adc_ex.c ****     __HAL_UNLOCK(hadc);
 1253              		.loc 1 659 5
 1254 00cc FB68     		ldr	r3, [r7, #12]
 1255 00ce 0022     		movs	r2, #0
 1256 00d0 83F83C20 		strb	r2, [r3, #60]
 660:Drivers/STM32F4xx_HAL_Driver/Src/stm32f4xx_hal_adc_ex.c **** 
 661:Drivers/STM32F4xx_HAL_Driver/Src/stm32f4xx_hal_adc_ex.c ****     /* Set the DMA transfer complete callback */
 662:Drivers/STM32F4xx_HAL_Driver/Src/stm32f4xx_hal_adc_ex.c ****     hadc->DMA_Handle->XferCpltCallback = ADC_MultiModeDMAConvCplt;
 1257              		.loc 1 662 9
 1258 00d4 FB68     		ldr	r3, [r7, #12]
 1259 00d6 9B6B     		ldr	r3, [r3, #56]
 1260              		.loc 1 662 40
 1261 00d8 2D4A     		ldr	r2, .L69+8
 1262 00da DA63     		str	r2, [r3, #60]
 663:Drivers/STM32F4xx_HAL_Driver/Src/stm32f4xx_hal_adc_ex.c **** 
 664:Drivers/STM32F4xx_HAL_Driver/Src/stm32f4xx_hal_adc_ex.c ****     /* Set the DMA half transfer complete callback */
 665:Drivers/STM32F4xx_HAL_Driver/Src/stm32f4xx_hal_adc_ex.c ****     hadc->DMA_Handle->XferHalfCpltCallback = ADC_MultiModeDMAHalfConvCplt;
 1263              		.loc 1 665 9
 1264 00dc FB68     		ldr	r3, [r7, #12]
 1265 00de 9B6B     		ldr	r3, [r3, #56]
 1266              		.loc 1 665 44
 1267 00e0 2C4A     		ldr	r2, .L69+12
 1268 00e2 1A64     		str	r2, [r3, #64]
 666:Drivers/STM32F4xx_HAL_Driver/Src/stm32f4xx_hal_adc_ex.c **** 
 667:Drivers/STM32F4xx_HAL_Driver/Src/stm32f4xx_hal_adc_ex.c ****     /* Set the DMA error callback */
 668:Drivers/STM32F4xx_HAL_Driver/Src/stm32f4xx_hal_adc_ex.c ****     hadc->DMA_Handle->XferErrorCallback = ADC_MultiModeDMAError ;
 1269              		.loc 1 668 9
ARM GAS  C:\Users\DAELT-~1\AppData\Local\Temp\ccxbVPrG.s 			page 35


 1270 00e4 FB68     		ldr	r3, [r7, #12]
 1271 00e6 9B6B     		ldr	r3, [r3, #56]
 1272              		.loc 1 668 41
 1273 00e8 2B4A     		ldr	r2, .L69+16
 1274 00ea DA64     		str	r2, [r3, #76]
 669:Drivers/STM32F4xx_HAL_Driver/Src/stm32f4xx_hal_adc_ex.c **** 
 670:Drivers/STM32F4xx_HAL_Driver/Src/stm32f4xx_hal_adc_ex.c ****     /* Manage ADC and DMA start: ADC overrun interruption, DMA start, ADC     */
 671:Drivers/STM32F4xx_HAL_Driver/Src/stm32f4xx_hal_adc_ex.c ****     /* start (in case of SW start):                                           */
 672:Drivers/STM32F4xx_HAL_Driver/Src/stm32f4xx_hal_adc_ex.c **** 
 673:Drivers/STM32F4xx_HAL_Driver/Src/stm32f4xx_hal_adc_ex.c ****     /* Clear regular group conversion flag and overrun flag */
 674:Drivers/STM32F4xx_HAL_Driver/Src/stm32f4xx_hal_adc_ex.c ****     /* (To ensure of no unknown state from potential previous ADC operations) */
 675:Drivers/STM32F4xx_HAL_Driver/Src/stm32f4xx_hal_adc_ex.c ****     __HAL_ADC_CLEAR_FLAG(hadc, ADC_FLAG_EOC);
 1275              		.loc 1 675 5
 1276 00ec FB68     		ldr	r3, [r7, #12]
 1277 00ee 1B68     		ldr	r3, [r3]
 1278 00f0 6FF00202 		mvn	r2, #2
 1279 00f4 1A60     		str	r2, [r3]
 676:Drivers/STM32F4xx_HAL_Driver/Src/stm32f4xx_hal_adc_ex.c **** 
 677:Drivers/STM32F4xx_HAL_Driver/Src/stm32f4xx_hal_adc_ex.c ****     /* Enable ADC overrun interrupt */
 678:Drivers/STM32F4xx_HAL_Driver/Src/stm32f4xx_hal_adc_ex.c ****     __HAL_ADC_ENABLE_IT(hadc, ADC_IT_OVR);
 1280              		.loc 1 678 5
 1281 00f6 FB68     		ldr	r3, [r7, #12]
 1282 00f8 1B68     		ldr	r3, [r3]
 1283 00fa 5A68     		ldr	r2, [r3, #4]
 1284 00fc FB68     		ldr	r3, [r7, #12]
 1285 00fe 1B68     		ldr	r3, [r3]
 1286 0100 42F08062 		orr	r2, r2, #67108864
 1287 0104 5A60     		str	r2, [r3, #4]
 679:Drivers/STM32F4xx_HAL_Driver/Src/stm32f4xx_hal_adc_ex.c **** 
 680:Drivers/STM32F4xx_HAL_Driver/Src/stm32f4xx_hal_adc_ex.c ****     /* Pointer to the common control register to which is belonging hadc    */
 681:Drivers/STM32F4xx_HAL_Driver/Src/stm32f4xx_hal_adc_ex.c ****     /* (Depending on STM32F4 product, there may be up to 3 ADC and 1 common */
 682:Drivers/STM32F4xx_HAL_Driver/Src/stm32f4xx_hal_adc_ex.c ****     /* control register)                                                    */
 683:Drivers/STM32F4xx_HAL_Driver/Src/stm32f4xx_hal_adc_ex.c ****     tmpADC_Common = ADC_COMMON_REGISTER(hadc);
 1288              		.loc 1 683 19
 1289 0106 254B     		ldr	r3, .L69+20
 1290 0108 BB61     		str	r3, [r7, #24]
 684:Drivers/STM32F4xx_HAL_Driver/Src/stm32f4xx_hal_adc_ex.c **** 
 685:Drivers/STM32F4xx_HAL_Driver/Src/stm32f4xx_hal_adc_ex.c ****     if (hadc->Init.DMAContinuousRequests != DISABLE)
 1291              		.loc 1 685 19
 1292 010a FB68     		ldr	r3, [r7, #12]
 1293 010c 93F83030 		ldrb	r3, [r3, #48]	@ zero_extendqisi2
 1294              		.loc 1 685 8
 1295 0110 002B     		cmp	r3, #0
 1296 0112 06D0     		beq	.L66
 686:Drivers/STM32F4xx_HAL_Driver/Src/stm32f4xx_hal_adc_ex.c ****     {
 687:Drivers/STM32F4xx_HAL_Driver/Src/stm32f4xx_hal_adc_ex.c ****       /* Enable the selected ADC DMA request after last transfer */
 688:Drivers/STM32F4xx_HAL_Driver/Src/stm32f4xx_hal_adc_ex.c ****       tmpADC_Common->CCR |= ADC_CCR_DDS;
 1297              		.loc 1 688 20
 1298 0114 BB69     		ldr	r3, [r7, #24]
 1299 0116 5B68     		ldr	r3, [r3, #4]
 1300              		.loc 1 688 26
 1301 0118 43F40052 		orr	r2, r3, #8192
 1302 011c BB69     		ldr	r3, [r7, #24]
 1303 011e 5A60     		str	r2, [r3, #4]
 1304 0120 05E0     		b	.L67
 1305              	.L66:
 689:Drivers/STM32F4xx_HAL_Driver/Src/stm32f4xx_hal_adc_ex.c ****     }
ARM GAS  C:\Users\DAELT-~1\AppData\Local\Temp\ccxbVPrG.s 			page 36


 690:Drivers/STM32F4xx_HAL_Driver/Src/stm32f4xx_hal_adc_ex.c ****     else
 691:Drivers/STM32F4xx_HAL_Driver/Src/stm32f4xx_hal_adc_ex.c ****     {
 692:Drivers/STM32F4xx_HAL_Driver/Src/stm32f4xx_hal_adc_ex.c ****       /* Disable the selected ADC EOC rising on each regular channel conversion */
 693:Drivers/STM32F4xx_HAL_Driver/Src/stm32f4xx_hal_adc_ex.c ****       tmpADC_Common->CCR &= ~ADC_CCR_DDS;
 1306              		.loc 1 693 20
 1307 0122 BB69     		ldr	r3, [r7, #24]
 1308 0124 5B68     		ldr	r3, [r3, #4]
 1309              		.loc 1 693 26
 1310 0126 23F40052 		bic	r2, r3, #8192
 1311 012a BB69     		ldr	r3, [r7, #24]
 1312 012c 5A60     		str	r2, [r3, #4]
 1313              	.L67:
 694:Drivers/STM32F4xx_HAL_Driver/Src/stm32f4xx_hal_adc_ex.c ****     }
 695:Drivers/STM32F4xx_HAL_Driver/Src/stm32f4xx_hal_adc_ex.c **** 
 696:Drivers/STM32F4xx_HAL_Driver/Src/stm32f4xx_hal_adc_ex.c ****     /* Enable the DMA Stream */
 697:Drivers/STM32F4xx_HAL_Driver/Src/stm32f4xx_hal_adc_ex.c ****     tmp_hal_status = HAL_DMA_Start_IT(hadc->DMA_Handle, (uint32_t)&tmpADC_Common->CDR, (uint32_t)pD
 1314              		.loc 1 697 22
 1315 012e FB68     		ldr	r3, [r7, #12]
 1316 0130 986B     		ldr	r0, [r3, #56]
 1317              		.loc 1 697 67
 1318 0132 BB69     		ldr	r3, [r7, #24]
 1319 0134 0833     		adds	r3, r3, #8
 1320              		.loc 1 697 22
 1321 0136 1946     		mov	r1, r3
 1322 0138 BA68     		ldr	r2, [r7, #8]
 1323 013a 7B68     		ldr	r3, [r7, #4]
 1324 013c FFF7FEFF 		bl	HAL_DMA_Start_IT
 1325 0140 0346     		mov	r3, r0
 1326 0142 FB77     		strb	r3, [r7, #31]
 698:Drivers/STM32F4xx_HAL_Driver/Src/stm32f4xx_hal_adc_ex.c **** 
 699:Drivers/STM32F4xx_HAL_Driver/Src/stm32f4xx_hal_adc_ex.c ****     /* if no external trigger present enable software conversion of regular channels */
 700:Drivers/STM32F4xx_HAL_Driver/Src/stm32f4xx_hal_adc_ex.c ****     if ((hadc->Instance->CR2 & ADC_CR2_EXTEN) == RESET)
 1327              		.loc 1 700 14
 1328 0144 FB68     		ldr	r3, [r7, #12]
 1329 0146 1B68     		ldr	r3, [r3]
 1330              		.loc 1 700 24
 1331 0148 9B68     		ldr	r3, [r3, #8]
 1332              		.loc 1 700 30
 1333 014a 03F04053 		and	r3, r3, #805306368
 1334              		.loc 1 700 8
 1335 014e 002B     		cmp	r3, #0
 1336 0150 14D1     		bne	.L68
 701:Drivers/STM32F4xx_HAL_Driver/Src/stm32f4xx_hal_adc_ex.c ****     {
 702:Drivers/STM32F4xx_HAL_Driver/Src/stm32f4xx_hal_adc_ex.c ****       /* Enable the selected ADC software conversion for regular group */
 703:Drivers/STM32F4xx_HAL_Driver/Src/stm32f4xx_hal_adc_ex.c ****       hadc->Instance->CR2 |= (uint32_t)ADC_CR2_SWSTART;
 1337              		.loc 1 703 11
 1338 0152 FB68     		ldr	r3, [r7, #12]
 1339 0154 1B68     		ldr	r3, [r3]
 1340              		.loc 1 703 21
 1341 0156 9A68     		ldr	r2, [r3, #8]
 1342              		.loc 1 703 11
 1343 0158 FB68     		ldr	r3, [r7, #12]
 1344 015a 1B68     		ldr	r3, [r3]
 1345              		.loc 1 703 27
 1346 015c 42F08042 		orr	r2, r2, #1073741824
 1347 0160 9A60     		str	r2, [r3, #8]
 1348 0162 0BE0     		b	.L68
ARM GAS  C:\Users\DAELT-~1\AppData\Local\Temp\ccxbVPrG.s 			page 37


 1349              	.L62:
 704:Drivers/STM32F4xx_HAL_Driver/Src/stm32f4xx_hal_adc_ex.c ****     }
 705:Drivers/STM32F4xx_HAL_Driver/Src/stm32f4xx_hal_adc_ex.c ****   }
 706:Drivers/STM32F4xx_HAL_Driver/Src/stm32f4xx_hal_adc_ex.c ****   else
 707:Drivers/STM32F4xx_HAL_Driver/Src/stm32f4xx_hal_adc_ex.c ****   {
 708:Drivers/STM32F4xx_HAL_Driver/Src/stm32f4xx_hal_adc_ex.c ****     /* Update ADC state machine to error */
 709:Drivers/STM32F4xx_HAL_Driver/Src/stm32f4xx_hal_adc_ex.c ****     SET_BIT(hadc->State, HAL_ADC_STATE_ERROR_INTERNAL);
 1350              		.loc 1 709 5
 1351 0164 FB68     		ldr	r3, [r7, #12]
 1352 0166 1B6C     		ldr	r3, [r3, #64]
 1353 0168 43F01002 		orr	r2, r3, #16
 1354 016c FB68     		ldr	r3, [r7, #12]
 1355 016e 1A64     		str	r2, [r3, #64]
 710:Drivers/STM32F4xx_HAL_Driver/Src/stm32f4xx_hal_adc_ex.c **** 
 711:Drivers/STM32F4xx_HAL_Driver/Src/stm32f4xx_hal_adc_ex.c ****     /* Set ADC error code to ADC IP internal error */
 712:Drivers/STM32F4xx_HAL_Driver/Src/stm32f4xx_hal_adc_ex.c ****     SET_BIT(hadc->ErrorCode, HAL_ADC_ERROR_INTERNAL);
 1356              		.loc 1 712 5
 1357 0170 FB68     		ldr	r3, [r7, #12]
 1358 0172 5B6C     		ldr	r3, [r3, #68]
 1359 0174 43F00102 		orr	r2, r3, #1
 1360 0178 FB68     		ldr	r3, [r7, #12]
 1361 017a 5A64     		str	r2, [r3, #68]
 1362              	.L68:
 713:Drivers/STM32F4xx_HAL_Driver/Src/stm32f4xx_hal_adc_ex.c ****   }
 714:Drivers/STM32F4xx_HAL_Driver/Src/stm32f4xx_hal_adc_ex.c **** 
 715:Drivers/STM32F4xx_HAL_Driver/Src/stm32f4xx_hal_adc_ex.c ****   /* Return function status */
 716:Drivers/STM32F4xx_HAL_Driver/Src/stm32f4xx_hal_adc_ex.c ****   return tmp_hal_status;
 1363              		.loc 1 716 10
 1364 017c FB7F     		ldrb	r3, [r7, #31]	@ zero_extendqisi2
 1365              	.L58:
 717:Drivers/STM32F4xx_HAL_Driver/Src/stm32f4xx_hal_adc_ex.c **** }
 1366              		.loc 1 717 1
 1367 017e 1846     		mov	r0, r3
 1368 0180 2037     		adds	r7, r7, #32
 1369              	.LCFI38:
 1370              		.cfi_def_cfa_offset 8
 1371 0182 BD46     		mov	sp, r7
 1372              	.LCFI39:
 1373              		.cfi_def_cfa_register 13
 1374              		@ sp needed
 1375 0184 80BD     		pop	{r7, pc}
 1376              	.L70:
 1377 0186 00BF     		.align	2
 1378              	.L69:
 1379 0188 00000000 		.word	SystemCoreClock
 1380 018c 83DE1B43 		.word	1125899907
 1381 0190 00000000 		.word	ADC_MultiModeDMAConvCplt
 1382 0194 00000000 		.word	ADC_MultiModeDMAHalfConvCplt
 1383 0198 00000000 		.word	ADC_MultiModeDMAError
 1384 019c 00230140 		.word	1073816320
 1385              		.cfi_endproc
 1386              	.LFE226:
 1388              		.section	.text.HAL_ADCEx_MultiModeStop_DMA,"ax",%progbits
 1389              		.align	1
 1390              		.global	HAL_ADCEx_MultiModeStop_DMA
 1391              		.syntax unified
 1392              		.thumb
ARM GAS  C:\Users\DAELT-~1\AppData\Local\Temp\ccxbVPrG.s 			page 38


 1393              		.thumb_func
 1395              	HAL_ADCEx_MultiModeStop_DMA:
 1396              	.LFB227:
 718:Drivers/STM32F4xx_HAL_Driver/Src/stm32f4xx_hal_adc_ex.c **** 
 719:Drivers/STM32F4xx_HAL_Driver/Src/stm32f4xx_hal_adc_ex.c **** /**
 720:Drivers/STM32F4xx_HAL_Driver/Src/stm32f4xx_hal_adc_ex.c ****   * @brief  Disables ADC DMA (multi-ADC mode) and disables ADC peripheral
 721:Drivers/STM32F4xx_HAL_Driver/Src/stm32f4xx_hal_adc_ex.c ****   * @param  hadc pointer to a ADC_HandleTypeDef structure that contains
 722:Drivers/STM32F4xx_HAL_Driver/Src/stm32f4xx_hal_adc_ex.c ****   *         the configuration information for the specified ADC.
 723:Drivers/STM32F4xx_HAL_Driver/Src/stm32f4xx_hal_adc_ex.c ****   * @retval HAL status
 724:Drivers/STM32F4xx_HAL_Driver/Src/stm32f4xx_hal_adc_ex.c ****   */
 725:Drivers/STM32F4xx_HAL_Driver/Src/stm32f4xx_hal_adc_ex.c **** HAL_StatusTypeDef HAL_ADCEx_MultiModeStop_DMA(ADC_HandleTypeDef *hadc)
 726:Drivers/STM32F4xx_HAL_Driver/Src/stm32f4xx_hal_adc_ex.c **** {
 1397              		.loc 1 726 1
 1398              		.cfi_startproc
 1399              		@ args = 0, pretend = 0, frame = 16
 1400              		@ frame_needed = 1, uses_anonymous_args = 0
 1401 0000 80B5     		push	{r7, lr}
 1402              	.LCFI40:
 1403              		.cfi_def_cfa_offset 8
 1404              		.cfi_offset 7, -8
 1405              		.cfi_offset 14, -4
 1406 0002 84B0     		sub	sp, sp, #16
 1407              	.LCFI41:
 1408              		.cfi_def_cfa_offset 24
 1409 0004 00AF     		add	r7, sp, #0
 1410              	.LCFI42:
 1411              		.cfi_def_cfa_register 7
 1412 0006 7860     		str	r0, [r7, #4]
 727:Drivers/STM32F4xx_HAL_Driver/Src/stm32f4xx_hal_adc_ex.c ****   HAL_StatusTypeDef tmp_hal_status = HAL_OK;
 1413              		.loc 1 727 21
 1414 0008 0023     		movs	r3, #0
 1415 000a FB73     		strb	r3, [r7, #15]
 728:Drivers/STM32F4xx_HAL_Driver/Src/stm32f4xx_hal_adc_ex.c ****   ADC_Common_TypeDef *tmpADC_Common;
 729:Drivers/STM32F4xx_HAL_Driver/Src/stm32f4xx_hal_adc_ex.c **** 
 730:Drivers/STM32F4xx_HAL_Driver/Src/stm32f4xx_hal_adc_ex.c ****   /* Check the parameters */
 731:Drivers/STM32F4xx_HAL_Driver/Src/stm32f4xx_hal_adc_ex.c ****   assert_param(IS_ADC_ALL_INSTANCE(hadc->Instance));
 732:Drivers/STM32F4xx_HAL_Driver/Src/stm32f4xx_hal_adc_ex.c **** 
 733:Drivers/STM32F4xx_HAL_Driver/Src/stm32f4xx_hal_adc_ex.c ****   /* Process locked */
 734:Drivers/STM32F4xx_HAL_Driver/Src/stm32f4xx_hal_adc_ex.c ****   __HAL_LOCK(hadc);
 1416              		.loc 1 734 3
 1417 000c 7B68     		ldr	r3, [r7, #4]
 1418 000e 93F83C30 		ldrb	r3, [r3, #60]	@ zero_extendqisi2
 1419 0012 012B     		cmp	r3, #1
 1420 0014 01D1     		bne	.L72
 1421              		.loc 1 734 3 is_stmt 0 discriminator 1
 1422 0016 0223     		movs	r3, #2
 1423              		.loc 1 734 3
 1424 0018 38E0     		b	.L73
 1425              	.L72:
 1426              		.loc 1 734 3 discriminator 2
 1427 001a 7B68     		ldr	r3, [r7, #4]
 1428 001c 0122     		movs	r2, #1
 1429 001e 83F83C20 		strb	r2, [r3, #60]
 735:Drivers/STM32F4xx_HAL_Driver/Src/stm32f4xx_hal_adc_ex.c **** 
 736:Drivers/STM32F4xx_HAL_Driver/Src/stm32f4xx_hal_adc_ex.c ****   /* Stop potential conversion on going, on regular and injected groups */
 737:Drivers/STM32F4xx_HAL_Driver/Src/stm32f4xx_hal_adc_ex.c ****   /* Disable ADC peripheral */
 738:Drivers/STM32F4xx_HAL_Driver/Src/stm32f4xx_hal_adc_ex.c ****   __HAL_ADC_DISABLE(hadc);
ARM GAS  C:\Users\DAELT-~1\AppData\Local\Temp\ccxbVPrG.s 			page 39


 1430              		.loc 1 738 3 is_stmt 1
 1431 0022 7B68     		ldr	r3, [r7, #4]
 1432 0024 1B68     		ldr	r3, [r3]
 1433 0026 9A68     		ldr	r2, [r3, #8]
 1434 0028 7B68     		ldr	r3, [r7, #4]
 1435 002a 1B68     		ldr	r3, [r3]
 1436 002c 22F00102 		bic	r2, r2, #1
 1437 0030 9A60     		str	r2, [r3, #8]
 739:Drivers/STM32F4xx_HAL_Driver/Src/stm32f4xx_hal_adc_ex.c **** 
 740:Drivers/STM32F4xx_HAL_Driver/Src/stm32f4xx_hal_adc_ex.c ****   /* Pointer to the common control register to which is belonging hadc    */
 741:Drivers/STM32F4xx_HAL_Driver/Src/stm32f4xx_hal_adc_ex.c ****   /* (Depending on STM32F4 product, there may be up to 3 ADC and 1 common */
 742:Drivers/STM32F4xx_HAL_Driver/Src/stm32f4xx_hal_adc_ex.c ****   /* control register)                                                    */
 743:Drivers/STM32F4xx_HAL_Driver/Src/stm32f4xx_hal_adc_ex.c ****   tmpADC_Common = ADC_COMMON_REGISTER(hadc);
 1438              		.loc 1 743 17
 1439 0032 184B     		ldr	r3, .L75
 1440 0034 BB60     		str	r3, [r7, #8]
 744:Drivers/STM32F4xx_HAL_Driver/Src/stm32f4xx_hal_adc_ex.c **** 
 745:Drivers/STM32F4xx_HAL_Driver/Src/stm32f4xx_hal_adc_ex.c ****   /* Check if ADC is effectively disabled */
 746:Drivers/STM32F4xx_HAL_Driver/Src/stm32f4xx_hal_adc_ex.c ****   if (HAL_IS_BIT_CLR(hadc->Instance->CR2, ADC_CR2_ADON))
 1441              		.loc 1 746 7
 1442 0036 7B68     		ldr	r3, [r7, #4]
 1443 0038 1B68     		ldr	r3, [r3]
 1444 003a 9B68     		ldr	r3, [r3, #8]
 1445 003c 03F00103 		and	r3, r3, #1
 1446              		.loc 1 746 6
 1447 0040 002B     		cmp	r3, #0
 1448 0042 1ED1     		bne	.L74
 747:Drivers/STM32F4xx_HAL_Driver/Src/stm32f4xx_hal_adc_ex.c ****   {
 748:Drivers/STM32F4xx_HAL_Driver/Src/stm32f4xx_hal_adc_ex.c ****     /* Disable the selected ADC DMA mode for multimode */
 749:Drivers/STM32F4xx_HAL_Driver/Src/stm32f4xx_hal_adc_ex.c ****     tmpADC_Common->CCR &= ~ADC_CCR_DDS;
 1449              		.loc 1 749 18
 1450 0044 BB68     		ldr	r3, [r7, #8]
 1451 0046 5B68     		ldr	r3, [r3, #4]
 1452              		.loc 1 749 24
 1453 0048 23F40052 		bic	r2, r3, #8192
 1454 004c BB68     		ldr	r3, [r7, #8]
 1455 004e 5A60     		str	r2, [r3, #4]
 750:Drivers/STM32F4xx_HAL_Driver/Src/stm32f4xx_hal_adc_ex.c **** 
 751:Drivers/STM32F4xx_HAL_Driver/Src/stm32f4xx_hal_adc_ex.c ****     /* Disable the DMA channel (in case of DMA in circular mode or stop while */
 752:Drivers/STM32F4xx_HAL_Driver/Src/stm32f4xx_hal_adc_ex.c ****     /* DMA transfer is on going)                                              */
 753:Drivers/STM32F4xx_HAL_Driver/Src/stm32f4xx_hal_adc_ex.c ****     tmp_hal_status = HAL_DMA_Abort(hadc->DMA_Handle);
 1456              		.loc 1 753 22
 1457 0050 7B68     		ldr	r3, [r7, #4]
 1458 0052 9B6B     		ldr	r3, [r3, #56]
 1459 0054 1846     		mov	r0, r3
 1460 0056 FFF7FEFF 		bl	HAL_DMA_Abort
 1461 005a 0346     		mov	r3, r0
 1462 005c FB73     		strb	r3, [r7, #15]
 754:Drivers/STM32F4xx_HAL_Driver/Src/stm32f4xx_hal_adc_ex.c **** 
 755:Drivers/STM32F4xx_HAL_Driver/Src/stm32f4xx_hal_adc_ex.c ****     /* Disable ADC overrun interrupt */
 756:Drivers/STM32F4xx_HAL_Driver/Src/stm32f4xx_hal_adc_ex.c ****     __HAL_ADC_DISABLE_IT(hadc, ADC_IT_OVR);
 1463              		.loc 1 756 5
 1464 005e 7B68     		ldr	r3, [r7, #4]
 1465 0060 1B68     		ldr	r3, [r3]
 1466 0062 5A68     		ldr	r2, [r3, #4]
 1467 0064 7B68     		ldr	r3, [r7, #4]
 1468 0066 1B68     		ldr	r3, [r3]
ARM GAS  C:\Users\DAELT-~1\AppData\Local\Temp\ccxbVPrG.s 			page 40


 1469 0068 22F08062 		bic	r2, r2, #67108864
 1470 006c 5A60     		str	r2, [r3, #4]
 757:Drivers/STM32F4xx_HAL_Driver/Src/stm32f4xx_hal_adc_ex.c **** 
 758:Drivers/STM32F4xx_HAL_Driver/Src/stm32f4xx_hal_adc_ex.c ****     /* Set ADC state */
 759:Drivers/STM32F4xx_HAL_Driver/Src/stm32f4xx_hal_adc_ex.c ****     ADC_STATE_CLR_SET(hadc->State,
 1471              		.loc 1 759 5
 1472 006e 7B68     		ldr	r3, [r7, #4]
 1473 0070 1B6C     		ldr	r3, [r3, #64]
 1474 0072 23F48853 		bic	r3, r3, #4352
 1475 0076 23F00103 		bic	r3, r3, #1
 1476 007a 43F00102 		orr	r2, r3, #1
 1477 007e 7B68     		ldr	r3, [r7, #4]
 1478 0080 1A64     		str	r2, [r3, #64]
 1479              	.L74:
 760:Drivers/STM32F4xx_HAL_Driver/Src/stm32f4xx_hal_adc_ex.c ****                       HAL_ADC_STATE_REG_BUSY | HAL_ADC_STATE_INJ_BUSY,
 761:Drivers/STM32F4xx_HAL_Driver/Src/stm32f4xx_hal_adc_ex.c ****                       HAL_ADC_STATE_READY);
 762:Drivers/STM32F4xx_HAL_Driver/Src/stm32f4xx_hal_adc_ex.c ****   }
 763:Drivers/STM32F4xx_HAL_Driver/Src/stm32f4xx_hal_adc_ex.c **** 
 764:Drivers/STM32F4xx_HAL_Driver/Src/stm32f4xx_hal_adc_ex.c ****   /* Process unlocked */
 765:Drivers/STM32F4xx_HAL_Driver/Src/stm32f4xx_hal_adc_ex.c ****   __HAL_UNLOCK(hadc);
 1480              		.loc 1 765 3
 1481 0082 7B68     		ldr	r3, [r7, #4]
 1482 0084 0022     		movs	r2, #0
 1483 0086 83F83C20 		strb	r2, [r3, #60]
 766:Drivers/STM32F4xx_HAL_Driver/Src/stm32f4xx_hal_adc_ex.c **** 
 767:Drivers/STM32F4xx_HAL_Driver/Src/stm32f4xx_hal_adc_ex.c ****   /* Return function status */
 768:Drivers/STM32F4xx_HAL_Driver/Src/stm32f4xx_hal_adc_ex.c ****   return tmp_hal_status;
 1484              		.loc 1 768 10
 1485 008a FB7B     		ldrb	r3, [r7, #15]	@ zero_extendqisi2
 1486              	.L73:
 769:Drivers/STM32F4xx_HAL_Driver/Src/stm32f4xx_hal_adc_ex.c **** }
 1487              		.loc 1 769 1
 1488 008c 1846     		mov	r0, r3
 1489 008e 1037     		adds	r7, r7, #16
 1490              	.LCFI43:
 1491              		.cfi_def_cfa_offset 8
 1492 0090 BD46     		mov	sp, r7
 1493              	.LCFI44:
 1494              		.cfi_def_cfa_register 13
 1495              		@ sp needed
 1496 0092 80BD     		pop	{r7, pc}
 1497              	.L76:
 1498              		.align	2
 1499              	.L75:
 1500 0094 00230140 		.word	1073816320
 1501              		.cfi_endproc
 1502              	.LFE227:
 1504              		.section	.text.HAL_ADCEx_MultiModeGetValue,"ax",%progbits
 1505              		.align	1
 1506              		.global	HAL_ADCEx_MultiModeGetValue
 1507              		.syntax unified
 1508              		.thumb
 1509              		.thumb_func
 1511              	HAL_ADCEx_MultiModeGetValue:
 1512              	.LFB228:
 770:Drivers/STM32F4xx_HAL_Driver/Src/stm32f4xx_hal_adc_ex.c **** 
 771:Drivers/STM32F4xx_HAL_Driver/Src/stm32f4xx_hal_adc_ex.c **** /**
ARM GAS  C:\Users\DAELT-~1\AppData\Local\Temp\ccxbVPrG.s 			page 41


 772:Drivers/STM32F4xx_HAL_Driver/Src/stm32f4xx_hal_adc_ex.c ****   * @brief  Returns the last ADC1, ADC2 and ADC3 regular conversions results
 773:Drivers/STM32F4xx_HAL_Driver/Src/stm32f4xx_hal_adc_ex.c ****   *         data in the selected multi mode.
 774:Drivers/STM32F4xx_HAL_Driver/Src/stm32f4xx_hal_adc_ex.c ****   * @param  hadc pointer to a ADC_HandleTypeDef structure that contains
 775:Drivers/STM32F4xx_HAL_Driver/Src/stm32f4xx_hal_adc_ex.c ****   *         the configuration information for the specified ADC.
 776:Drivers/STM32F4xx_HAL_Driver/Src/stm32f4xx_hal_adc_ex.c ****   * @retval The converted data value.
 777:Drivers/STM32F4xx_HAL_Driver/Src/stm32f4xx_hal_adc_ex.c ****   */
 778:Drivers/STM32F4xx_HAL_Driver/Src/stm32f4xx_hal_adc_ex.c **** uint32_t HAL_ADCEx_MultiModeGetValue(ADC_HandleTypeDef *hadc)
 779:Drivers/STM32F4xx_HAL_Driver/Src/stm32f4xx_hal_adc_ex.c **** {
 1513              		.loc 1 779 1
 1514              		.cfi_startproc
 1515              		@ args = 0, pretend = 0, frame = 16
 1516              		@ frame_needed = 1, uses_anonymous_args = 0
 1517              		@ link register save eliminated.
 1518 0000 80B4     		push	{r7}
 1519              	.LCFI45:
 1520              		.cfi_def_cfa_offset 4
 1521              		.cfi_offset 7, -4
 1522 0002 85B0     		sub	sp, sp, #20
 1523              	.LCFI46:
 1524              		.cfi_def_cfa_offset 24
 1525 0004 00AF     		add	r7, sp, #0
 1526              	.LCFI47:
 1527              		.cfi_def_cfa_register 7
 1528 0006 7860     		str	r0, [r7, #4]
 780:Drivers/STM32F4xx_HAL_Driver/Src/stm32f4xx_hal_adc_ex.c ****   ADC_Common_TypeDef *tmpADC_Common;
 781:Drivers/STM32F4xx_HAL_Driver/Src/stm32f4xx_hal_adc_ex.c **** 
 782:Drivers/STM32F4xx_HAL_Driver/Src/stm32f4xx_hal_adc_ex.c ****   /* Prevent unused argument(s) compilation warning */
 783:Drivers/STM32F4xx_HAL_Driver/Src/stm32f4xx_hal_adc_ex.c ****   UNUSED(hadc);
 784:Drivers/STM32F4xx_HAL_Driver/Src/stm32f4xx_hal_adc_ex.c **** 
 785:Drivers/STM32F4xx_HAL_Driver/Src/stm32f4xx_hal_adc_ex.c ****   /* Pointer to the common control register to which is belonging hadc    */
 786:Drivers/STM32F4xx_HAL_Driver/Src/stm32f4xx_hal_adc_ex.c ****   /* (Depending on STM32F4 product, there may be up to 3 ADC and 1 common */
 787:Drivers/STM32F4xx_HAL_Driver/Src/stm32f4xx_hal_adc_ex.c ****   /* control register)                                                    */
 788:Drivers/STM32F4xx_HAL_Driver/Src/stm32f4xx_hal_adc_ex.c ****   tmpADC_Common = ADC_COMMON_REGISTER(hadc);
 1529              		.loc 1 788 17
 1530 0008 044B     		ldr	r3, .L79
 1531 000a FB60     		str	r3, [r7, #12]
 789:Drivers/STM32F4xx_HAL_Driver/Src/stm32f4xx_hal_adc_ex.c **** 
 790:Drivers/STM32F4xx_HAL_Driver/Src/stm32f4xx_hal_adc_ex.c ****   /* Return the multi mode conversion value */
 791:Drivers/STM32F4xx_HAL_Driver/Src/stm32f4xx_hal_adc_ex.c ****   return tmpADC_Common->CDR;
 1532              		.loc 1 791 23
 1533 000c FB68     		ldr	r3, [r7, #12]
 1534 000e 9B68     		ldr	r3, [r3, #8]
 792:Drivers/STM32F4xx_HAL_Driver/Src/stm32f4xx_hal_adc_ex.c **** }
 1535              		.loc 1 792 1
 1536 0010 1846     		mov	r0, r3
 1537 0012 1437     		adds	r7, r7, #20
 1538              	.LCFI48:
 1539              		.cfi_def_cfa_offset 4
 1540 0014 BD46     		mov	sp, r7
 1541              	.LCFI49:
 1542              		.cfi_def_cfa_register 13
 1543              		@ sp needed
 1544 0016 5DF8047B 		ldr	r7, [sp], #4
 1545              	.LCFI50:
 1546              		.cfi_restore 7
 1547              		.cfi_def_cfa_offset 0
 1548 001a 7047     		bx	lr
ARM GAS  C:\Users\DAELT-~1\AppData\Local\Temp\ccxbVPrG.s 			page 42


 1549              	.L80:
 1550              		.align	2
 1551              	.L79:
 1552 001c 00230140 		.word	1073816320
 1553              		.cfi_endproc
 1554              	.LFE228:
 1556              		.section	.text.HAL_ADCEx_InjectedConvCpltCallback,"ax",%progbits
 1557              		.align	1
 1558              		.weak	HAL_ADCEx_InjectedConvCpltCallback
 1559              		.syntax unified
 1560              		.thumb
 1561              		.thumb_func
 1563              	HAL_ADCEx_InjectedConvCpltCallback:
 1564              	.LFB229:
 793:Drivers/STM32F4xx_HAL_Driver/Src/stm32f4xx_hal_adc_ex.c **** 
 794:Drivers/STM32F4xx_HAL_Driver/Src/stm32f4xx_hal_adc_ex.c **** /**
 795:Drivers/STM32F4xx_HAL_Driver/Src/stm32f4xx_hal_adc_ex.c ****   * @brief  Injected conversion complete callback in non blocking mode
 796:Drivers/STM32F4xx_HAL_Driver/Src/stm32f4xx_hal_adc_ex.c ****   * @param  hadc pointer to a ADC_HandleTypeDef structure that contains
 797:Drivers/STM32F4xx_HAL_Driver/Src/stm32f4xx_hal_adc_ex.c ****   *         the configuration information for the specified ADC.
 798:Drivers/STM32F4xx_HAL_Driver/Src/stm32f4xx_hal_adc_ex.c ****   * @retval None
 799:Drivers/STM32F4xx_HAL_Driver/Src/stm32f4xx_hal_adc_ex.c ****   */
 800:Drivers/STM32F4xx_HAL_Driver/Src/stm32f4xx_hal_adc_ex.c **** __weak void HAL_ADCEx_InjectedConvCpltCallback(ADC_HandleTypeDef *hadc)
 801:Drivers/STM32F4xx_HAL_Driver/Src/stm32f4xx_hal_adc_ex.c **** {
 1565              		.loc 1 801 1
 1566              		.cfi_startproc
 1567              		@ args = 0, pretend = 0, frame = 8
 1568              		@ frame_needed = 1, uses_anonymous_args = 0
 1569              		@ link register save eliminated.
 1570 0000 80B4     		push	{r7}
 1571              	.LCFI51:
 1572              		.cfi_def_cfa_offset 4
 1573              		.cfi_offset 7, -4
 1574 0002 83B0     		sub	sp, sp, #12
 1575              	.LCFI52:
 1576              		.cfi_def_cfa_offset 16
 1577 0004 00AF     		add	r7, sp, #0
 1578              	.LCFI53:
 1579              		.cfi_def_cfa_register 7
 1580 0006 7860     		str	r0, [r7, #4]
 802:Drivers/STM32F4xx_HAL_Driver/Src/stm32f4xx_hal_adc_ex.c ****   /* Prevent unused argument(s) compilation warning */
 803:Drivers/STM32F4xx_HAL_Driver/Src/stm32f4xx_hal_adc_ex.c ****   UNUSED(hadc);
 804:Drivers/STM32F4xx_HAL_Driver/Src/stm32f4xx_hal_adc_ex.c ****   /* NOTE : This function Should not be modified, when the callback is needed,
 805:Drivers/STM32F4xx_HAL_Driver/Src/stm32f4xx_hal_adc_ex.c ****             the HAL_ADC_InjectedConvCpltCallback could be implemented in the user file
 806:Drivers/STM32F4xx_HAL_Driver/Src/stm32f4xx_hal_adc_ex.c ****    */
 807:Drivers/STM32F4xx_HAL_Driver/Src/stm32f4xx_hal_adc_ex.c **** }
 1581              		.loc 1 807 1
 1582 0008 00BF     		nop
 1583 000a 0C37     		adds	r7, r7, #12
 1584              	.LCFI54:
 1585              		.cfi_def_cfa_offset 4
 1586 000c BD46     		mov	sp, r7
 1587              	.LCFI55:
 1588              		.cfi_def_cfa_register 13
 1589              		@ sp needed
 1590 000e 5DF8047B 		ldr	r7, [sp], #4
 1591              	.LCFI56:
 1592              		.cfi_restore 7
ARM GAS  C:\Users\DAELT-~1\AppData\Local\Temp\ccxbVPrG.s 			page 43


 1593              		.cfi_def_cfa_offset 0
 1594 0012 7047     		bx	lr
 1595              		.cfi_endproc
 1596              	.LFE229:
 1598              		.section	.text.HAL_ADCEx_InjectedConfigChannel,"ax",%progbits
 1599              		.align	1
 1600              		.global	HAL_ADCEx_InjectedConfigChannel
 1601              		.syntax unified
 1602              		.thumb
 1603              		.thumb_func
 1605              	HAL_ADCEx_InjectedConfigChannel:
 1606              	.LFB230:
 808:Drivers/STM32F4xx_HAL_Driver/Src/stm32f4xx_hal_adc_ex.c **** 
 809:Drivers/STM32F4xx_HAL_Driver/Src/stm32f4xx_hal_adc_ex.c **** /**
 810:Drivers/STM32F4xx_HAL_Driver/Src/stm32f4xx_hal_adc_ex.c ****   * @brief  Configures for the selected ADC injected channel its corresponding
 811:Drivers/STM32F4xx_HAL_Driver/Src/stm32f4xx_hal_adc_ex.c ****   *         rank in the sequencer and its sample time.
 812:Drivers/STM32F4xx_HAL_Driver/Src/stm32f4xx_hal_adc_ex.c ****   * @param  hadc pointer to a ADC_HandleTypeDef structure that contains
 813:Drivers/STM32F4xx_HAL_Driver/Src/stm32f4xx_hal_adc_ex.c ****   *         the configuration information for the specified ADC.
 814:Drivers/STM32F4xx_HAL_Driver/Src/stm32f4xx_hal_adc_ex.c ****   * @param  sConfigInjected ADC configuration structure for injected channel.
 815:Drivers/STM32F4xx_HAL_Driver/Src/stm32f4xx_hal_adc_ex.c ****   * @retval None
 816:Drivers/STM32F4xx_HAL_Driver/Src/stm32f4xx_hal_adc_ex.c ****   */
 817:Drivers/STM32F4xx_HAL_Driver/Src/stm32f4xx_hal_adc_ex.c **** HAL_StatusTypeDef HAL_ADCEx_InjectedConfigChannel(ADC_HandleTypeDef *hadc, ADC_InjectionConfTypeDef
 818:Drivers/STM32F4xx_HAL_Driver/Src/stm32f4xx_hal_adc_ex.c **** {
 1607              		.loc 1 818 1
 1608              		.cfi_startproc
 1609              		@ args = 0, pretend = 0, frame = 16
 1610              		@ frame_needed = 1, uses_anonymous_args = 0
 1611              		@ link register save eliminated.
 1612 0000 80B4     		push	{r7}
 1613              	.LCFI57:
 1614              		.cfi_def_cfa_offset 4
 1615              		.cfi_offset 7, -4
 1616 0002 85B0     		sub	sp, sp, #20
 1617              	.LCFI58:
 1618              		.cfi_def_cfa_offset 24
 1619 0004 00AF     		add	r7, sp, #0
 1620              	.LCFI59:
 1621              		.cfi_def_cfa_register 7
 1622 0006 7860     		str	r0, [r7, #4]
 1623 0008 3960     		str	r1, [r7]
 819:Drivers/STM32F4xx_HAL_Driver/Src/stm32f4xx_hal_adc_ex.c **** 
 820:Drivers/STM32F4xx_HAL_Driver/Src/stm32f4xx_hal_adc_ex.c **** #ifdef USE_FULL_ASSERT
 821:Drivers/STM32F4xx_HAL_Driver/Src/stm32f4xx_hal_adc_ex.c ****   uint32_t tmp = 0U;
 822:Drivers/STM32F4xx_HAL_Driver/Src/stm32f4xx_hal_adc_ex.c **** 
 823:Drivers/STM32F4xx_HAL_Driver/Src/stm32f4xx_hal_adc_ex.c **** #endif /* USE_FULL_ASSERT  */
 824:Drivers/STM32F4xx_HAL_Driver/Src/stm32f4xx_hal_adc_ex.c **** 
 825:Drivers/STM32F4xx_HAL_Driver/Src/stm32f4xx_hal_adc_ex.c ****   ADC_Common_TypeDef *tmpADC_Common;
 826:Drivers/STM32F4xx_HAL_Driver/Src/stm32f4xx_hal_adc_ex.c **** 
 827:Drivers/STM32F4xx_HAL_Driver/Src/stm32f4xx_hal_adc_ex.c ****   /* Check the parameters */
 828:Drivers/STM32F4xx_HAL_Driver/Src/stm32f4xx_hal_adc_ex.c ****   assert_param(IS_ADC_CHANNEL(sConfigInjected->InjectedChannel));
 829:Drivers/STM32F4xx_HAL_Driver/Src/stm32f4xx_hal_adc_ex.c ****   assert_param(IS_ADC_INJECTED_RANK(sConfigInjected->InjectedRank));
 830:Drivers/STM32F4xx_HAL_Driver/Src/stm32f4xx_hal_adc_ex.c ****   assert_param(IS_ADC_SAMPLE_TIME(sConfigInjected->InjectedSamplingTime));
 831:Drivers/STM32F4xx_HAL_Driver/Src/stm32f4xx_hal_adc_ex.c ****   assert_param(IS_ADC_EXT_INJEC_TRIG(sConfigInjected->ExternalTrigInjecConv));
 832:Drivers/STM32F4xx_HAL_Driver/Src/stm32f4xx_hal_adc_ex.c ****   assert_param(IS_ADC_INJECTED_LENGTH(sConfigInjected->InjectedNbrOfConversion));
 833:Drivers/STM32F4xx_HAL_Driver/Src/stm32f4xx_hal_adc_ex.c ****   assert_param(IS_FUNCTIONAL_STATE(sConfigInjected->AutoInjectedConv));
 834:Drivers/STM32F4xx_HAL_Driver/Src/stm32f4xx_hal_adc_ex.c ****   assert_param(IS_FUNCTIONAL_STATE(sConfigInjected->InjectedDiscontinuousConvMode));
 835:Drivers/STM32F4xx_HAL_Driver/Src/stm32f4xx_hal_adc_ex.c **** 
ARM GAS  C:\Users\DAELT-~1\AppData\Local\Temp\ccxbVPrG.s 			page 44


 836:Drivers/STM32F4xx_HAL_Driver/Src/stm32f4xx_hal_adc_ex.c **** #ifdef USE_FULL_ASSERT
 837:Drivers/STM32F4xx_HAL_Driver/Src/stm32f4xx_hal_adc_ex.c ****   tmp = ADC_GET_RESOLUTION(hadc);
 838:Drivers/STM32F4xx_HAL_Driver/Src/stm32f4xx_hal_adc_ex.c ****   assert_param(IS_ADC_RANGE(tmp, sConfigInjected->InjectedOffset));
 839:Drivers/STM32F4xx_HAL_Driver/Src/stm32f4xx_hal_adc_ex.c **** #endif /* USE_FULL_ASSERT  */
 840:Drivers/STM32F4xx_HAL_Driver/Src/stm32f4xx_hal_adc_ex.c **** 
 841:Drivers/STM32F4xx_HAL_Driver/Src/stm32f4xx_hal_adc_ex.c ****   if (sConfigInjected->ExternalTrigInjecConv != ADC_INJECTED_SOFTWARE_START)
 842:Drivers/STM32F4xx_HAL_Driver/Src/stm32f4xx_hal_adc_ex.c ****   {
 843:Drivers/STM32F4xx_HAL_Driver/Src/stm32f4xx_hal_adc_ex.c ****     assert_param(IS_ADC_EXT_INJEC_TRIG_EDGE(sConfigInjected->ExternalTrigInjecConvEdge));
 844:Drivers/STM32F4xx_HAL_Driver/Src/stm32f4xx_hal_adc_ex.c ****   }
 845:Drivers/STM32F4xx_HAL_Driver/Src/stm32f4xx_hal_adc_ex.c **** 
 846:Drivers/STM32F4xx_HAL_Driver/Src/stm32f4xx_hal_adc_ex.c ****   /* Process locked */
 847:Drivers/STM32F4xx_HAL_Driver/Src/stm32f4xx_hal_adc_ex.c ****   __HAL_LOCK(hadc);
 1624              		.loc 1 847 3
 1625 000a 7B68     		ldr	r3, [r7, #4]
 1626 000c 93F83C30 		ldrb	r3, [r3, #60]	@ zero_extendqisi2
 1627 0010 012B     		cmp	r3, #1
 1628 0012 01D1     		bne	.L83
 1629              		.loc 1 847 3 is_stmt 0 discriminator 1
 1630 0014 0223     		movs	r3, #2
 1631              		.loc 1 847 3
 1632 0016 7EE1     		b	.L84
 1633              	.L83:
 1634              		.loc 1 847 3 discriminator 2
 1635 0018 7B68     		ldr	r3, [r7, #4]
 1636 001a 0122     		movs	r2, #1
 1637 001c 83F83C20 		strb	r2, [r3, #60]
 848:Drivers/STM32F4xx_HAL_Driver/Src/stm32f4xx_hal_adc_ex.c **** 
 849:Drivers/STM32F4xx_HAL_Driver/Src/stm32f4xx_hal_adc_ex.c ****   /* if ADC_Channel_10 ... ADC_Channel_18 is selected */
 850:Drivers/STM32F4xx_HAL_Driver/Src/stm32f4xx_hal_adc_ex.c ****   if (sConfigInjected->InjectedChannel > ADC_CHANNEL_9)
 1638              		.loc 1 850 22 is_stmt 1
 1639 0020 3B68     		ldr	r3, [r7]
 1640 0022 1B68     		ldr	r3, [r3]
 1641              		.loc 1 850 6
 1642 0024 092B     		cmp	r3, #9
 1643 0026 25D9     		bls	.L85
 851:Drivers/STM32F4xx_HAL_Driver/Src/stm32f4xx_hal_adc_ex.c ****   {
 852:Drivers/STM32F4xx_HAL_Driver/Src/stm32f4xx_hal_adc_ex.c ****     /* Clear the old sample time */
 853:Drivers/STM32F4xx_HAL_Driver/Src/stm32f4xx_hal_adc_ex.c ****     hadc->Instance->SMPR1 &= ~ADC_SMPR1(ADC_SMPR1_SMP10, sConfigInjected->InjectedChannel);
 1644              		.loc 1 853 9
 1645 0028 7B68     		ldr	r3, [r7, #4]
 1646 002a 1B68     		ldr	r3, [r3]
 1647              		.loc 1 853 19
 1648 002c D968     		ldr	r1, [r3, #12]
 1649              		.loc 1 853 31
 1650 002e 3B68     		ldr	r3, [r7]
 1651 0030 1B68     		ldr	r3, [r3]
 1652 0032 9BB2     		uxth	r3, r3
 1653 0034 1A46     		mov	r2, r3
 1654 0036 1346     		mov	r3, r2
 1655 0038 5B00     		lsls	r3, r3, #1
 1656 003a 1344     		add	r3, r3, r2
 1657 003c 1E3B     		subs	r3, r3, #30
 1658 003e 0722     		movs	r2, #7
 1659 0040 02FA03F3 		lsl	r3, r2, r3
 1660              		.loc 1 853 30
 1661 0044 DA43     		mvns	r2, r3
 1662              		.loc 1 853 9
ARM GAS  C:\Users\DAELT-~1\AppData\Local\Temp\ccxbVPrG.s 			page 45


 1663 0046 7B68     		ldr	r3, [r7, #4]
 1664 0048 1B68     		ldr	r3, [r3]
 1665              		.loc 1 853 27
 1666 004a 0A40     		ands	r2, r2, r1
 1667 004c DA60     		str	r2, [r3, #12]
 854:Drivers/STM32F4xx_HAL_Driver/Src/stm32f4xx_hal_adc_ex.c **** 
 855:Drivers/STM32F4xx_HAL_Driver/Src/stm32f4xx_hal_adc_ex.c ****     /* Set the new sample time */
 856:Drivers/STM32F4xx_HAL_Driver/Src/stm32f4xx_hal_adc_ex.c ****     hadc->Instance->SMPR1 |= ADC_SMPR1(sConfigInjected->InjectedSamplingTime, sConfigInjected->Inje
 1668              		.loc 1 856 9
 1669 004e 7B68     		ldr	r3, [r7, #4]
 1670 0050 1B68     		ldr	r3, [r3]
 1671              		.loc 1 856 19
 1672 0052 D968     		ldr	r1, [r3, #12]
 1673              		.loc 1 856 30
 1674 0054 3B68     		ldr	r3, [r7]
 1675 0056 9A68     		ldr	r2, [r3, #8]
 1676 0058 3B68     		ldr	r3, [r7]
 1677 005a 1B68     		ldr	r3, [r3]
 1678 005c 9BB2     		uxth	r3, r3
 1679 005e 1846     		mov	r0, r3
 1680 0060 0346     		mov	r3, r0
 1681 0062 5B00     		lsls	r3, r3, #1
 1682 0064 0344     		add	r3, r3, r0
 1683 0066 1E3B     		subs	r3, r3, #30
 1684 0068 9A40     		lsls	r2, r2, r3
 1685              		.loc 1 856 9
 1686 006a 7B68     		ldr	r3, [r7, #4]
 1687 006c 1B68     		ldr	r3, [r3]
 1688              		.loc 1 856 27
 1689 006e 0A43     		orrs	r2, r2, r1
 1690 0070 DA60     		str	r2, [r3, #12]
 1691 0072 22E0     		b	.L86
 1692              	.L85:
 857:Drivers/STM32F4xx_HAL_Driver/Src/stm32f4xx_hal_adc_ex.c ****   }
 858:Drivers/STM32F4xx_HAL_Driver/Src/stm32f4xx_hal_adc_ex.c ****   else /* ADC_Channel include in ADC_Channel_[0..9] */
 859:Drivers/STM32F4xx_HAL_Driver/Src/stm32f4xx_hal_adc_ex.c ****   {
 860:Drivers/STM32F4xx_HAL_Driver/Src/stm32f4xx_hal_adc_ex.c ****     /* Clear the old sample time */
 861:Drivers/STM32F4xx_HAL_Driver/Src/stm32f4xx_hal_adc_ex.c ****     hadc->Instance->SMPR2 &= ~ADC_SMPR2(ADC_SMPR2_SMP0, sConfigInjected->InjectedChannel);
 1693              		.loc 1 861 9
 1694 0074 7B68     		ldr	r3, [r7, #4]
 1695 0076 1B68     		ldr	r3, [r3]
 1696              		.loc 1 861 19
 1697 0078 1969     		ldr	r1, [r3, #16]
 1698              		.loc 1 861 31
 1699 007a 3B68     		ldr	r3, [r7]
 1700 007c 1B68     		ldr	r3, [r3]
 1701 007e 9BB2     		uxth	r3, r3
 1702 0080 1A46     		mov	r2, r3
 1703 0082 1346     		mov	r3, r2
 1704 0084 5B00     		lsls	r3, r3, #1
 1705 0086 1344     		add	r3, r3, r2
 1706 0088 0722     		movs	r2, #7
 1707 008a 02FA03F3 		lsl	r3, r2, r3
 1708              		.loc 1 861 30
 1709 008e DA43     		mvns	r2, r3
 1710              		.loc 1 861 9
 1711 0090 7B68     		ldr	r3, [r7, #4]
ARM GAS  C:\Users\DAELT-~1\AppData\Local\Temp\ccxbVPrG.s 			page 46


 1712 0092 1B68     		ldr	r3, [r3]
 1713              		.loc 1 861 27
 1714 0094 0A40     		ands	r2, r2, r1
 1715 0096 1A61     		str	r2, [r3, #16]
 862:Drivers/STM32F4xx_HAL_Driver/Src/stm32f4xx_hal_adc_ex.c **** 
 863:Drivers/STM32F4xx_HAL_Driver/Src/stm32f4xx_hal_adc_ex.c ****     /* Set the new sample time */
 864:Drivers/STM32F4xx_HAL_Driver/Src/stm32f4xx_hal_adc_ex.c ****     hadc->Instance->SMPR2 |= ADC_SMPR2(sConfigInjected->InjectedSamplingTime, sConfigInjected->Inje
 1716              		.loc 1 864 9
 1717 0098 7B68     		ldr	r3, [r7, #4]
 1718 009a 1B68     		ldr	r3, [r3]
 1719              		.loc 1 864 19
 1720 009c 1969     		ldr	r1, [r3, #16]
 1721              		.loc 1 864 30
 1722 009e 3B68     		ldr	r3, [r7]
 1723 00a0 9A68     		ldr	r2, [r3, #8]
 1724 00a2 3B68     		ldr	r3, [r7]
 1725 00a4 1B68     		ldr	r3, [r3]
 1726 00a6 9BB2     		uxth	r3, r3
 1727 00a8 1846     		mov	r0, r3
 1728 00aa 0346     		mov	r3, r0
 1729 00ac 5B00     		lsls	r3, r3, #1
 1730 00ae 0344     		add	r3, r3, r0
 1731 00b0 9A40     		lsls	r2, r2, r3
 1732              		.loc 1 864 9
 1733 00b2 7B68     		ldr	r3, [r7, #4]
 1734 00b4 1B68     		ldr	r3, [r3]
 1735              		.loc 1 864 27
 1736 00b6 0A43     		orrs	r2, r2, r1
 1737 00b8 1A61     		str	r2, [r3, #16]
 1738              	.L86:
 865:Drivers/STM32F4xx_HAL_Driver/Src/stm32f4xx_hal_adc_ex.c ****   }
 866:Drivers/STM32F4xx_HAL_Driver/Src/stm32f4xx_hal_adc_ex.c **** 
 867:Drivers/STM32F4xx_HAL_Driver/Src/stm32f4xx_hal_adc_ex.c ****   /*---------------------------- ADCx JSQR Configuration -----------------*/
 868:Drivers/STM32F4xx_HAL_Driver/Src/stm32f4xx_hal_adc_ex.c ****   hadc->Instance->JSQR &= ~(ADC_JSQR_JL);
 1739              		.loc 1 868 7
 1740 00ba 7B68     		ldr	r3, [r7, #4]
 1741 00bc 1B68     		ldr	r3, [r3]
 1742              		.loc 1 868 17
 1743 00be 9A6B     		ldr	r2, [r3, #56]
 1744              		.loc 1 868 7
 1745 00c0 7B68     		ldr	r3, [r7, #4]
 1746 00c2 1B68     		ldr	r3, [r3]
 1747              		.loc 1 868 24
 1748 00c4 22F44012 		bic	r2, r2, #3145728
 1749 00c8 9A63     		str	r2, [r3, #56]
 869:Drivers/STM32F4xx_HAL_Driver/Src/stm32f4xx_hal_adc_ex.c ****   hadc->Instance->JSQR |=  ADC_SQR1(sConfigInjected->InjectedNbrOfConversion);
 1750              		.loc 1 869 7
 1751 00ca 7B68     		ldr	r3, [r7, #4]
 1752 00cc 1B68     		ldr	r3, [r3]
 1753              		.loc 1 869 17
 1754 00ce 996B     		ldr	r1, [r3, #56]
 1755              		.loc 1 869 28
 1756 00d0 3B68     		ldr	r3, [r7]
 1757 00d2 1B69     		ldr	r3, [r3, #16]
 1758 00d4 013B     		subs	r3, r3, #1
 1759 00d6 1A05     		lsls	r2, r3, #20
 1760              		.loc 1 869 7
ARM GAS  C:\Users\DAELT-~1\AppData\Local\Temp\ccxbVPrG.s 			page 47


 1761 00d8 7B68     		ldr	r3, [r7, #4]
 1762 00da 1B68     		ldr	r3, [r3]
 1763              		.loc 1 869 24
 1764 00dc 0A43     		orrs	r2, r2, r1
 1765 00de 9A63     		str	r2, [r3, #56]
 870:Drivers/STM32F4xx_HAL_Driver/Src/stm32f4xx_hal_adc_ex.c **** 
 871:Drivers/STM32F4xx_HAL_Driver/Src/stm32f4xx_hal_adc_ex.c ****   /* Rank configuration */
 872:Drivers/STM32F4xx_HAL_Driver/Src/stm32f4xx_hal_adc_ex.c **** 
 873:Drivers/STM32F4xx_HAL_Driver/Src/stm32f4xx_hal_adc_ex.c ****   /* Clear the old SQx bits for the selected rank */
 874:Drivers/STM32F4xx_HAL_Driver/Src/stm32f4xx_hal_adc_ex.c ****   hadc->Instance->JSQR &= ~ADC_JSQR(ADC_JSQR_JSQ1, sConfigInjected->InjectedRank, sConfigInjected->
 1766              		.loc 1 874 7
 1767 00e0 7B68     		ldr	r3, [r7, #4]
 1768 00e2 1B68     		ldr	r3, [r3]
 1769              		.loc 1 874 17
 1770 00e4 996B     		ldr	r1, [r3, #56]
 1771              		.loc 1 874 28
 1772 00e6 3B68     		ldr	r3, [r7]
 1773 00e8 5B68     		ldr	r3, [r3, #4]
 1774 00ea DAB2     		uxtb	r2, r3
 1775 00ec 3B68     		ldr	r3, [r7]
 1776 00ee 1B69     		ldr	r3, [r3, #16]
 1777 00f0 DBB2     		uxtb	r3, r3
 1778 00f2 D31A     		subs	r3, r2, r3
 1779 00f4 DBB2     		uxtb	r3, r3
 1780 00f6 0333     		adds	r3, r3, #3
 1781 00f8 DBB2     		uxtb	r3, r3
 1782 00fa 1A46     		mov	r2, r3
 1783 00fc 1346     		mov	r3, r2
 1784 00fe 9B00     		lsls	r3, r3, #2
 1785 0100 1344     		add	r3, r3, r2
 1786 0102 1F22     		movs	r2, #31
 1787 0104 02FA03F3 		lsl	r3, r2, r3
 1788              		.loc 1 874 27
 1789 0108 DA43     		mvns	r2, r3
 1790              		.loc 1 874 7
 1791 010a 7B68     		ldr	r3, [r7, #4]
 1792 010c 1B68     		ldr	r3, [r3]
 1793              		.loc 1 874 24
 1794 010e 0A40     		ands	r2, r2, r1
 1795 0110 9A63     		str	r2, [r3, #56]
 875:Drivers/STM32F4xx_HAL_Driver/Src/stm32f4xx_hal_adc_ex.c **** 
 876:Drivers/STM32F4xx_HAL_Driver/Src/stm32f4xx_hal_adc_ex.c ****   /* Set the SQx bits for the selected rank */
 877:Drivers/STM32F4xx_HAL_Driver/Src/stm32f4xx_hal_adc_ex.c ****   hadc->Instance->JSQR |= ADC_JSQR(sConfigInjected->InjectedChannel, sConfigInjected->InjectedRank,
 1796              		.loc 1 877 7
 1797 0112 7B68     		ldr	r3, [r7, #4]
 1798 0114 1B68     		ldr	r3, [r3]
 1799              		.loc 1 877 17
 1800 0116 996B     		ldr	r1, [r3, #56]
 1801              		.loc 1 877 27
 1802 0118 3B68     		ldr	r3, [r7]
 1803 011a 1B68     		ldr	r3, [r3]
 1804 011c 9BB2     		uxth	r3, r3
 1805 011e 1846     		mov	r0, r3
 1806 0120 3B68     		ldr	r3, [r7]
 1807 0122 5B68     		ldr	r3, [r3, #4]
 1808 0124 DAB2     		uxtb	r2, r3
 1809 0126 3B68     		ldr	r3, [r7]
ARM GAS  C:\Users\DAELT-~1\AppData\Local\Temp\ccxbVPrG.s 			page 48


 1810 0128 1B69     		ldr	r3, [r3, #16]
 1811 012a DBB2     		uxtb	r3, r3
 1812 012c D31A     		subs	r3, r2, r3
 1813 012e DBB2     		uxtb	r3, r3
 1814 0130 0333     		adds	r3, r3, #3
 1815 0132 DBB2     		uxtb	r3, r3
 1816 0134 1A46     		mov	r2, r3
 1817 0136 1346     		mov	r3, r2
 1818 0138 9B00     		lsls	r3, r3, #2
 1819 013a 1344     		add	r3, r3, r2
 1820 013c 00FA03F2 		lsl	r2, r0, r3
 1821              		.loc 1 877 7
 1822 0140 7B68     		ldr	r3, [r7, #4]
 1823 0142 1B68     		ldr	r3, [r3]
 1824              		.loc 1 877 24
 1825 0144 0A43     		orrs	r2, r2, r1
 1826 0146 9A63     		str	r2, [r3, #56]
 878:Drivers/STM32F4xx_HAL_Driver/Src/stm32f4xx_hal_adc_ex.c **** 
 879:Drivers/STM32F4xx_HAL_Driver/Src/stm32f4xx_hal_adc_ex.c ****   /* Enable external trigger if trigger selection is different of software  */
 880:Drivers/STM32F4xx_HAL_Driver/Src/stm32f4xx_hal_adc_ex.c ****   /* start.                                                                 */
 881:Drivers/STM32F4xx_HAL_Driver/Src/stm32f4xx_hal_adc_ex.c ****   /* Note: This configuration keeps the hardware feature of parameter       */
 882:Drivers/STM32F4xx_HAL_Driver/Src/stm32f4xx_hal_adc_ex.c ****   /*       ExternalTrigConvEdge "trigger edge none" equivalent to           */
 883:Drivers/STM32F4xx_HAL_Driver/Src/stm32f4xx_hal_adc_ex.c ****   /*       software start.                                                  */
 884:Drivers/STM32F4xx_HAL_Driver/Src/stm32f4xx_hal_adc_ex.c ****   if (sConfigInjected->ExternalTrigInjecConv != ADC_INJECTED_SOFTWARE_START)
 1827              		.loc 1 884 22
 1828 0148 3B68     		ldr	r3, [r7]
 1829 014a 9B69     		ldr	r3, [r3, #24]
 1830              		.loc 1 884 6
 1831 014c 754A     		ldr	r2, .L101
 1832 014e 9342     		cmp	r3, r2
 1833 0150 22D0     		beq	.L87
 885:Drivers/STM32F4xx_HAL_Driver/Src/stm32f4xx_hal_adc_ex.c ****   {
 886:Drivers/STM32F4xx_HAL_Driver/Src/stm32f4xx_hal_adc_ex.c ****     /* Select external trigger to start conversion */
 887:Drivers/STM32F4xx_HAL_Driver/Src/stm32f4xx_hal_adc_ex.c ****     hadc->Instance->CR2 &= ~(ADC_CR2_JEXTSEL);
 1834              		.loc 1 887 9
 1835 0152 7B68     		ldr	r3, [r7, #4]
 1836 0154 1B68     		ldr	r3, [r3]
 1837              		.loc 1 887 19
 1838 0156 9A68     		ldr	r2, [r3, #8]
 1839              		.loc 1 887 9
 1840 0158 7B68     		ldr	r3, [r7, #4]
 1841 015a 1B68     		ldr	r3, [r3]
 1842              		.loc 1 887 25
 1843 015c 22F47022 		bic	r2, r2, #983040
 1844 0160 9A60     		str	r2, [r3, #8]
 888:Drivers/STM32F4xx_HAL_Driver/Src/stm32f4xx_hal_adc_ex.c ****     hadc->Instance->CR2 |=  sConfigInjected->ExternalTrigInjecConv;
 1845              		.loc 1 888 9
 1846 0162 7B68     		ldr	r3, [r7, #4]
 1847 0164 1B68     		ldr	r3, [r3]
 1848              		.loc 1 888 19
 1849 0166 9968     		ldr	r1, [r3, #8]
 1850              		.loc 1 888 44
 1851 0168 3B68     		ldr	r3, [r7]
 1852 016a 9A69     		ldr	r2, [r3, #24]
 1853              		.loc 1 888 9
 1854 016c 7B68     		ldr	r3, [r7, #4]
 1855 016e 1B68     		ldr	r3, [r3]
ARM GAS  C:\Users\DAELT-~1\AppData\Local\Temp\ccxbVPrG.s 			page 49


 1856              		.loc 1 888 25
 1857 0170 0A43     		orrs	r2, r2, r1
 1858 0172 9A60     		str	r2, [r3, #8]
 889:Drivers/STM32F4xx_HAL_Driver/Src/stm32f4xx_hal_adc_ex.c **** 
 890:Drivers/STM32F4xx_HAL_Driver/Src/stm32f4xx_hal_adc_ex.c ****     /* Select external trigger polarity */
 891:Drivers/STM32F4xx_HAL_Driver/Src/stm32f4xx_hal_adc_ex.c ****     hadc->Instance->CR2 &= ~(ADC_CR2_JEXTEN);
 1859              		.loc 1 891 9
 1860 0174 7B68     		ldr	r3, [r7, #4]
 1861 0176 1B68     		ldr	r3, [r3]
 1862              		.loc 1 891 19
 1863 0178 9A68     		ldr	r2, [r3, #8]
 1864              		.loc 1 891 9
 1865 017a 7B68     		ldr	r3, [r7, #4]
 1866 017c 1B68     		ldr	r3, [r3]
 1867              		.loc 1 891 25
 1868 017e 22F44012 		bic	r2, r2, #3145728
 1869 0182 9A60     		str	r2, [r3, #8]
 892:Drivers/STM32F4xx_HAL_Driver/Src/stm32f4xx_hal_adc_ex.c ****     hadc->Instance->CR2 |= sConfigInjected->ExternalTrigInjecConvEdge;
 1870              		.loc 1 892 9
 1871 0184 7B68     		ldr	r3, [r7, #4]
 1872 0186 1B68     		ldr	r3, [r3]
 1873              		.loc 1 892 19
 1874 0188 9968     		ldr	r1, [r3, #8]
 1875              		.loc 1 892 43
 1876 018a 3B68     		ldr	r3, [r7]
 1877 018c DA69     		ldr	r2, [r3, #28]
 1878              		.loc 1 892 9
 1879 018e 7B68     		ldr	r3, [r7, #4]
 1880 0190 1B68     		ldr	r3, [r3]
 1881              		.loc 1 892 25
 1882 0192 0A43     		orrs	r2, r2, r1
 1883 0194 9A60     		str	r2, [r3, #8]
 1884 0196 0FE0     		b	.L88
 1885              	.L87:
 893:Drivers/STM32F4xx_HAL_Driver/Src/stm32f4xx_hal_adc_ex.c ****   }
 894:Drivers/STM32F4xx_HAL_Driver/Src/stm32f4xx_hal_adc_ex.c ****   else
 895:Drivers/STM32F4xx_HAL_Driver/Src/stm32f4xx_hal_adc_ex.c ****   {
 896:Drivers/STM32F4xx_HAL_Driver/Src/stm32f4xx_hal_adc_ex.c ****     /* Reset the external trigger */
 897:Drivers/STM32F4xx_HAL_Driver/Src/stm32f4xx_hal_adc_ex.c ****     hadc->Instance->CR2 &= ~(ADC_CR2_JEXTSEL);
 1886              		.loc 1 897 9
 1887 0198 7B68     		ldr	r3, [r7, #4]
 1888 019a 1B68     		ldr	r3, [r3]
 1889              		.loc 1 897 19
 1890 019c 9A68     		ldr	r2, [r3, #8]
 1891              		.loc 1 897 9
 1892 019e 7B68     		ldr	r3, [r7, #4]
 1893 01a0 1B68     		ldr	r3, [r3]
 1894              		.loc 1 897 25
 1895 01a2 22F47022 		bic	r2, r2, #983040
 1896 01a6 9A60     		str	r2, [r3, #8]
 898:Drivers/STM32F4xx_HAL_Driver/Src/stm32f4xx_hal_adc_ex.c ****     hadc->Instance->CR2 &= ~(ADC_CR2_JEXTEN);
 1897              		.loc 1 898 9
 1898 01a8 7B68     		ldr	r3, [r7, #4]
 1899 01aa 1B68     		ldr	r3, [r3]
 1900              		.loc 1 898 19
 1901 01ac 9A68     		ldr	r2, [r3, #8]
 1902              		.loc 1 898 9
ARM GAS  C:\Users\DAELT-~1\AppData\Local\Temp\ccxbVPrG.s 			page 50


 1903 01ae 7B68     		ldr	r3, [r7, #4]
 1904 01b0 1B68     		ldr	r3, [r3]
 1905              		.loc 1 898 25
 1906 01b2 22F44012 		bic	r2, r2, #3145728
 1907 01b6 9A60     		str	r2, [r3, #8]
 1908              	.L88:
 899:Drivers/STM32F4xx_HAL_Driver/Src/stm32f4xx_hal_adc_ex.c ****   }
 900:Drivers/STM32F4xx_HAL_Driver/Src/stm32f4xx_hal_adc_ex.c **** 
 901:Drivers/STM32F4xx_HAL_Driver/Src/stm32f4xx_hal_adc_ex.c ****   if (sConfigInjected->AutoInjectedConv != DISABLE)
 1909              		.loc 1 901 22
 1910 01b8 3B68     		ldr	r3, [r7]
 1911 01ba 5B7D     		ldrb	r3, [r3, #21]	@ zero_extendqisi2
 1912              		.loc 1 901 6
 1913 01bc 002B     		cmp	r3, #0
 1914 01be 08D0     		beq	.L89
 902:Drivers/STM32F4xx_HAL_Driver/Src/stm32f4xx_hal_adc_ex.c ****   {
 903:Drivers/STM32F4xx_HAL_Driver/Src/stm32f4xx_hal_adc_ex.c ****     /* Enable the selected ADC automatic injected group conversion */
 904:Drivers/STM32F4xx_HAL_Driver/Src/stm32f4xx_hal_adc_ex.c ****     hadc->Instance->CR1 |= ADC_CR1_JAUTO;
 1915              		.loc 1 904 9
 1916 01c0 7B68     		ldr	r3, [r7, #4]
 1917 01c2 1B68     		ldr	r3, [r3]
 1918              		.loc 1 904 19
 1919 01c4 5A68     		ldr	r2, [r3, #4]
 1920              		.loc 1 904 9
 1921 01c6 7B68     		ldr	r3, [r7, #4]
 1922 01c8 1B68     		ldr	r3, [r3]
 1923              		.loc 1 904 25
 1924 01ca 42F48062 		orr	r2, r2, #1024
 1925 01ce 5A60     		str	r2, [r3, #4]
 1926 01d0 07E0     		b	.L90
 1927              	.L89:
 905:Drivers/STM32F4xx_HAL_Driver/Src/stm32f4xx_hal_adc_ex.c ****   }
 906:Drivers/STM32F4xx_HAL_Driver/Src/stm32f4xx_hal_adc_ex.c ****   else
 907:Drivers/STM32F4xx_HAL_Driver/Src/stm32f4xx_hal_adc_ex.c ****   {
 908:Drivers/STM32F4xx_HAL_Driver/Src/stm32f4xx_hal_adc_ex.c ****     /* Disable the selected ADC automatic injected group conversion */
 909:Drivers/STM32F4xx_HAL_Driver/Src/stm32f4xx_hal_adc_ex.c ****     hadc->Instance->CR1 &= ~(ADC_CR1_JAUTO);
 1928              		.loc 1 909 9
 1929 01d2 7B68     		ldr	r3, [r7, #4]
 1930 01d4 1B68     		ldr	r3, [r3]
 1931              		.loc 1 909 19
 1932 01d6 5A68     		ldr	r2, [r3, #4]
 1933              		.loc 1 909 9
 1934 01d8 7B68     		ldr	r3, [r7, #4]
 1935 01da 1B68     		ldr	r3, [r3]
 1936              		.loc 1 909 25
 1937 01dc 22F48062 		bic	r2, r2, #1024
 1938 01e0 5A60     		str	r2, [r3, #4]
 1939              	.L90:
 910:Drivers/STM32F4xx_HAL_Driver/Src/stm32f4xx_hal_adc_ex.c ****   }
 911:Drivers/STM32F4xx_HAL_Driver/Src/stm32f4xx_hal_adc_ex.c **** 
 912:Drivers/STM32F4xx_HAL_Driver/Src/stm32f4xx_hal_adc_ex.c ****   if (sConfigInjected->InjectedDiscontinuousConvMode != DISABLE)
 1940              		.loc 1 912 22
 1941 01e2 3B68     		ldr	r3, [r7]
 1942 01e4 1B7D     		ldrb	r3, [r3, #20]	@ zero_extendqisi2
 1943              		.loc 1 912 6
 1944 01e6 002B     		cmp	r3, #0
 1945 01e8 08D0     		beq	.L91
ARM GAS  C:\Users\DAELT-~1\AppData\Local\Temp\ccxbVPrG.s 			page 51


 913:Drivers/STM32F4xx_HAL_Driver/Src/stm32f4xx_hal_adc_ex.c ****   {
 914:Drivers/STM32F4xx_HAL_Driver/Src/stm32f4xx_hal_adc_ex.c ****     /* Enable the selected ADC injected discontinuous mode */
 915:Drivers/STM32F4xx_HAL_Driver/Src/stm32f4xx_hal_adc_ex.c ****     hadc->Instance->CR1 |= ADC_CR1_JDISCEN;
 1946              		.loc 1 915 9
 1947 01ea 7B68     		ldr	r3, [r7, #4]
 1948 01ec 1B68     		ldr	r3, [r3]
 1949              		.loc 1 915 19
 1950 01ee 5A68     		ldr	r2, [r3, #4]
 1951              		.loc 1 915 9
 1952 01f0 7B68     		ldr	r3, [r7, #4]
 1953 01f2 1B68     		ldr	r3, [r3]
 1954              		.loc 1 915 25
 1955 01f4 42F48052 		orr	r2, r2, #4096
 1956 01f8 5A60     		str	r2, [r3, #4]
 1957 01fa 07E0     		b	.L92
 1958              	.L91:
 916:Drivers/STM32F4xx_HAL_Driver/Src/stm32f4xx_hal_adc_ex.c ****   }
 917:Drivers/STM32F4xx_HAL_Driver/Src/stm32f4xx_hal_adc_ex.c ****   else
 918:Drivers/STM32F4xx_HAL_Driver/Src/stm32f4xx_hal_adc_ex.c ****   {
 919:Drivers/STM32F4xx_HAL_Driver/Src/stm32f4xx_hal_adc_ex.c ****     /* Disable the selected ADC injected discontinuous mode */
 920:Drivers/STM32F4xx_HAL_Driver/Src/stm32f4xx_hal_adc_ex.c ****     hadc->Instance->CR1 &= ~(ADC_CR1_JDISCEN);
 1959              		.loc 1 920 9
 1960 01fc 7B68     		ldr	r3, [r7, #4]
 1961 01fe 1B68     		ldr	r3, [r3]
 1962              		.loc 1 920 19
 1963 0200 5A68     		ldr	r2, [r3, #4]
 1964              		.loc 1 920 9
 1965 0202 7B68     		ldr	r3, [r7, #4]
 1966 0204 1B68     		ldr	r3, [r3]
 1967              		.loc 1 920 25
 1968 0206 22F48052 		bic	r2, r2, #4096
 1969 020a 5A60     		str	r2, [r3, #4]
 1970              	.L92:
 921:Drivers/STM32F4xx_HAL_Driver/Src/stm32f4xx_hal_adc_ex.c ****   }
 922:Drivers/STM32F4xx_HAL_Driver/Src/stm32f4xx_hal_adc_ex.c **** 
 923:Drivers/STM32F4xx_HAL_Driver/Src/stm32f4xx_hal_adc_ex.c ****   switch (sConfigInjected->InjectedRank)
 1971              		.loc 1 923 26
 1972 020c 3B68     		ldr	r3, [r7]
 1973 020e 5B68     		ldr	r3, [r3, #4]
 1974              		.loc 1 923 3
 1975 0210 032B     		cmp	r3, #3
 1976 0212 2ED0     		beq	.L93
 1977 0214 032B     		cmp	r3, #3
 1978 0216 40D8     		bhi	.L94
 1979 0218 012B     		cmp	r3, #1
 1980 021a 02D0     		beq	.L95
 1981 021c 022B     		cmp	r3, #2
 1982 021e 14D0     		beq	.L96
 1983 0220 3BE0     		b	.L94
 1984              	.L95:
 924:Drivers/STM32F4xx_HAL_Driver/Src/stm32f4xx_hal_adc_ex.c ****   {
 925:Drivers/STM32F4xx_HAL_Driver/Src/stm32f4xx_hal_adc_ex.c ****     case 1U:
 926:Drivers/STM32F4xx_HAL_Driver/Src/stm32f4xx_hal_adc_ex.c ****       /* Set injected channel 1 offset */
 927:Drivers/STM32F4xx_HAL_Driver/Src/stm32f4xx_hal_adc_ex.c ****       hadc->Instance->JOFR1 &= ~(ADC_JOFR1_JOFFSET1);
 1985              		.loc 1 927 11
 1986 0222 7B68     		ldr	r3, [r7, #4]
 1987 0224 1B68     		ldr	r3, [r3]
ARM GAS  C:\Users\DAELT-~1\AppData\Local\Temp\ccxbVPrG.s 			page 52


 1988              		.loc 1 927 21
 1989 0226 5B69     		ldr	r3, [r3, #20]
 1990              		.loc 1 927 11
 1991 0228 7A68     		ldr	r2, [r7, #4]
 1992 022a 1268     		ldr	r2, [r2]
 1993              		.loc 1 927 29
 1994 022c 23F47F63 		bic	r3, r3, #4080
 1995 0230 23F00F03 		bic	r3, r3, #15
 1996 0234 5361     		str	r3, [r2, #20]
 928:Drivers/STM32F4xx_HAL_Driver/Src/stm32f4xx_hal_adc_ex.c ****       hadc->Instance->JOFR1 |= sConfigInjected->InjectedOffset;
 1997              		.loc 1 928 11
 1998 0236 7B68     		ldr	r3, [r7, #4]
 1999 0238 1B68     		ldr	r3, [r3]
 2000              		.loc 1 928 21
 2001 023a 5969     		ldr	r1, [r3, #20]
 2002              		.loc 1 928 47
 2003 023c 3B68     		ldr	r3, [r7]
 2004 023e DA68     		ldr	r2, [r3, #12]
 2005              		.loc 1 928 11
 2006 0240 7B68     		ldr	r3, [r7, #4]
 2007 0242 1B68     		ldr	r3, [r3]
 2008              		.loc 1 928 29
 2009 0244 0A43     		orrs	r2, r2, r1
 2010 0246 5A61     		str	r2, [r3, #20]
 929:Drivers/STM32F4xx_HAL_Driver/Src/stm32f4xx_hal_adc_ex.c ****       break;
 2011              		.loc 1 929 7
 2012 0248 3BE0     		b	.L97
 2013              	.L96:
 930:Drivers/STM32F4xx_HAL_Driver/Src/stm32f4xx_hal_adc_ex.c ****     case 2U:
 931:Drivers/STM32F4xx_HAL_Driver/Src/stm32f4xx_hal_adc_ex.c ****       /* Set injected channel 2 offset */
 932:Drivers/STM32F4xx_HAL_Driver/Src/stm32f4xx_hal_adc_ex.c ****       hadc->Instance->JOFR2 &= ~(ADC_JOFR2_JOFFSET2);
 2014              		.loc 1 932 11
 2015 024a 7B68     		ldr	r3, [r7, #4]
 2016 024c 1B68     		ldr	r3, [r3]
 2017              		.loc 1 932 21
 2018 024e 9B69     		ldr	r3, [r3, #24]
 2019              		.loc 1 932 11
 2020 0250 7A68     		ldr	r2, [r7, #4]
 2021 0252 1268     		ldr	r2, [r2]
 2022              		.loc 1 932 29
 2023 0254 23F47F63 		bic	r3, r3, #4080
 2024 0258 23F00F03 		bic	r3, r3, #15
 2025 025c 9361     		str	r3, [r2, #24]
 933:Drivers/STM32F4xx_HAL_Driver/Src/stm32f4xx_hal_adc_ex.c ****       hadc->Instance->JOFR2 |= sConfigInjected->InjectedOffset;
 2026              		.loc 1 933 11
 2027 025e 7B68     		ldr	r3, [r7, #4]
 2028 0260 1B68     		ldr	r3, [r3]
 2029              		.loc 1 933 21
 2030 0262 9969     		ldr	r1, [r3, #24]
 2031              		.loc 1 933 47
 2032 0264 3B68     		ldr	r3, [r7]
 2033 0266 DA68     		ldr	r2, [r3, #12]
 2034              		.loc 1 933 11
 2035 0268 7B68     		ldr	r3, [r7, #4]
 2036 026a 1B68     		ldr	r3, [r3]
 2037              		.loc 1 933 29
 2038 026c 0A43     		orrs	r2, r2, r1
ARM GAS  C:\Users\DAELT-~1\AppData\Local\Temp\ccxbVPrG.s 			page 53


 2039 026e 9A61     		str	r2, [r3, #24]
 934:Drivers/STM32F4xx_HAL_Driver/Src/stm32f4xx_hal_adc_ex.c ****       break;
 2040              		.loc 1 934 7
 2041 0270 27E0     		b	.L97
 2042              	.L93:
 935:Drivers/STM32F4xx_HAL_Driver/Src/stm32f4xx_hal_adc_ex.c ****     case 3U:
 936:Drivers/STM32F4xx_HAL_Driver/Src/stm32f4xx_hal_adc_ex.c ****       /* Set injected channel 3 offset */
 937:Drivers/STM32F4xx_HAL_Driver/Src/stm32f4xx_hal_adc_ex.c ****       hadc->Instance->JOFR3 &= ~(ADC_JOFR3_JOFFSET3);
 2043              		.loc 1 937 11
 2044 0272 7B68     		ldr	r3, [r7, #4]
 2045 0274 1B68     		ldr	r3, [r3]
 2046              		.loc 1 937 21
 2047 0276 DB69     		ldr	r3, [r3, #28]
 2048              		.loc 1 937 11
 2049 0278 7A68     		ldr	r2, [r7, #4]
 2050 027a 1268     		ldr	r2, [r2]
 2051              		.loc 1 937 29
 2052 027c 23F47F63 		bic	r3, r3, #4080
 2053 0280 23F00F03 		bic	r3, r3, #15
 2054 0284 D361     		str	r3, [r2, #28]
 938:Drivers/STM32F4xx_HAL_Driver/Src/stm32f4xx_hal_adc_ex.c ****       hadc->Instance->JOFR3 |= sConfigInjected->InjectedOffset;
 2055              		.loc 1 938 11
 2056 0286 7B68     		ldr	r3, [r7, #4]
 2057 0288 1B68     		ldr	r3, [r3]
 2058              		.loc 1 938 21
 2059 028a D969     		ldr	r1, [r3, #28]
 2060              		.loc 1 938 47
 2061 028c 3B68     		ldr	r3, [r7]
 2062 028e DA68     		ldr	r2, [r3, #12]
 2063              		.loc 1 938 11
 2064 0290 7B68     		ldr	r3, [r7, #4]
 2065 0292 1B68     		ldr	r3, [r3]
 2066              		.loc 1 938 29
 2067 0294 0A43     		orrs	r2, r2, r1
 2068 0296 DA61     		str	r2, [r3, #28]
 939:Drivers/STM32F4xx_HAL_Driver/Src/stm32f4xx_hal_adc_ex.c ****       break;
 2069              		.loc 1 939 7
 2070 0298 13E0     		b	.L97
 2071              	.L94:
 940:Drivers/STM32F4xx_HAL_Driver/Src/stm32f4xx_hal_adc_ex.c ****     default:
 941:Drivers/STM32F4xx_HAL_Driver/Src/stm32f4xx_hal_adc_ex.c ****       /* Set injected channel 4 offset */
 942:Drivers/STM32F4xx_HAL_Driver/Src/stm32f4xx_hal_adc_ex.c ****       hadc->Instance->JOFR4 &= ~(ADC_JOFR4_JOFFSET4);
 2072              		.loc 1 942 11
 2073 029a 7B68     		ldr	r3, [r7, #4]
 2074 029c 1B68     		ldr	r3, [r3]
 2075              		.loc 1 942 21
 2076 029e 1B6A     		ldr	r3, [r3, #32]
 2077              		.loc 1 942 11
 2078 02a0 7A68     		ldr	r2, [r7, #4]
 2079 02a2 1268     		ldr	r2, [r2]
 2080              		.loc 1 942 29
 2081 02a4 23F47F63 		bic	r3, r3, #4080
 2082 02a8 23F00F03 		bic	r3, r3, #15
 2083 02ac 1362     		str	r3, [r2, #32]
 943:Drivers/STM32F4xx_HAL_Driver/Src/stm32f4xx_hal_adc_ex.c ****       hadc->Instance->JOFR4 |= sConfigInjected->InjectedOffset;
 2084              		.loc 1 943 11
 2085 02ae 7B68     		ldr	r3, [r7, #4]
ARM GAS  C:\Users\DAELT-~1\AppData\Local\Temp\ccxbVPrG.s 			page 54


 2086 02b0 1B68     		ldr	r3, [r3]
 2087              		.loc 1 943 21
 2088 02b2 196A     		ldr	r1, [r3, #32]
 2089              		.loc 1 943 47
 2090 02b4 3B68     		ldr	r3, [r7]
 2091 02b6 DA68     		ldr	r2, [r3, #12]
 2092              		.loc 1 943 11
 2093 02b8 7B68     		ldr	r3, [r7, #4]
 2094 02ba 1B68     		ldr	r3, [r3]
 2095              		.loc 1 943 29
 2096 02bc 0A43     		orrs	r2, r2, r1
 2097 02be 1A62     		str	r2, [r3, #32]
 944:Drivers/STM32F4xx_HAL_Driver/Src/stm32f4xx_hal_adc_ex.c ****       break;
 2098              		.loc 1 944 7
 2099 02c0 00BF     		nop
 2100              	.L97:
 945:Drivers/STM32F4xx_HAL_Driver/Src/stm32f4xx_hal_adc_ex.c ****   }
 946:Drivers/STM32F4xx_HAL_Driver/Src/stm32f4xx_hal_adc_ex.c **** 
 947:Drivers/STM32F4xx_HAL_Driver/Src/stm32f4xx_hal_adc_ex.c ****   /* Pointer to the common control register to which is belonging hadc    */
 948:Drivers/STM32F4xx_HAL_Driver/Src/stm32f4xx_hal_adc_ex.c ****   /* (Depending on STM32F4 product, there may be up to 3 ADC and 1 common */
 949:Drivers/STM32F4xx_HAL_Driver/Src/stm32f4xx_hal_adc_ex.c ****   /* control register)                                                    */
 950:Drivers/STM32F4xx_HAL_Driver/Src/stm32f4xx_hal_adc_ex.c ****   tmpADC_Common = ADC_COMMON_REGISTER(hadc);
 2101              		.loc 1 950 17
 2102 02c2 194B     		ldr	r3, .L101+4
 2103 02c4 FB60     		str	r3, [r7, #12]
 951:Drivers/STM32F4xx_HAL_Driver/Src/stm32f4xx_hal_adc_ex.c **** 
 952:Drivers/STM32F4xx_HAL_Driver/Src/stm32f4xx_hal_adc_ex.c ****   /* if ADC1 Channel_18 is selected enable VBAT Channel */
 953:Drivers/STM32F4xx_HAL_Driver/Src/stm32f4xx_hal_adc_ex.c ****   if ((hadc->Instance == ADC1) && (sConfigInjected->InjectedChannel == ADC_CHANNEL_VBAT))
 2104              		.loc 1 953 12
 2105 02c6 7B68     		ldr	r3, [r7, #4]
 2106 02c8 1B68     		ldr	r3, [r3]
 2107              		.loc 1 953 6
 2108 02ca 184A     		ldr	r2, .L101+8
 2109 02cc 9342     		cmp	r3, r2
 2110 02ce 09D1     		bne	.L98
 2111              		.loc 1 953 51 discriminator 1
 2112 02d0 3B68     		ldr	r3, [r7]
 2113 02d2 1B68     		ldr	r3, [r3]
 2114              		.loc 1 953 32 discriminator 1
 2115 02d4 122B     		cmp	r3, #18
 2116 02d6 05D1     		bne	.L98
 954:Drivers/STM32F4xx_HAL_Driver/Src/stm32f4xx_hal_adc_ex.c ****   {
 955:Drivers/STM32F4xx_HAL_Driver/Src/stm32f4xx_hal_adc_ex.c ****     /* Enable the VBAT channel*/
 956:Drivers/STM32F4xx_HAL_Driver/Src/stm32f4xx_hal_adc_ex.c ****     tmpADC_Common->CCR |= ADC_CCR_VBATE;
 2117              		.loc 1 956 18
 2118 02d8 FB68     		ldr	r3, [r7, #12]
 2119 02da 5B68     		ldr	r3, [r3, #4]
 2120              		.loc 1 956 24
 2121 02dc 43F48002 		orr	r2, r3, #4194304
 2122 02e0 FB68     		ldr	r3, [r7, #12]
 2123 02e2 5A60     		str	r2, [r3, #4]
 2124              	.L98:
 957:Drivers/STM32F4xx_HAL_Driver/Src/stm32f4xx_hal_adc_ex.c ****   }
 958:Drivers/STM32F4xx_HAL_Driver/Src/stm32f4xx_hal_adc_ex.c **** 
 959:Drivers/STM32F4xx_HAL_Driver/Src/stm32f4xx_hal_adc_ex.c ****   /* if ADC1 Channel_16 or Channel_17 is selected enable TSVREFE Channel(Temperature sensor and VRE
 960:Drivers/STM32F4xx_HAL_Driver/Src/stm32f4xx_hal_adc_ex.c ****   if ((hadc->Instance == ADC1) && ((sConfigInjected->InjectedChannel == ADC_CHANNEL_TEMPSENSOR) || 
 2125              		.loc 1 960 12
ARM GAS  C:\Users\DAELT-~1\AppData\Local\Temp\ccxbVPrG.s 			page 55


 2126 02e4 7B68     		ldr	r3, [r7, #4]
 2127 02e6 1B68     		ldr	r3, [r3]
 2128              		.loc 1 960 6
 2129 02e8 104A     		ldr	r2, .L101+8
 2130 02ea 9342     		cmp	r3, r2
 2131 02ec 0ED1     		bne	.L99
 2132              		.loc 1 960 52 discriminator 1
 2133 02ee 3B68     		ldr	r3, [r7]
 2134 02f0 1B68     		ldr	r3, [r3]
 2135              		.loc 1 960 32 discriminator 1
 2136 02f2 0F4A     		ldr	r2, .L101+12
 2137 02f4 9342     		cmp	r3, r2
 2138 02f6 03D0     		beq	.L100
 2139              		.loc 1 960 116 discriminator 2
 2140 02f8 3B68     		ldr	r3, [r7]
 2141 02fa 1B68     		ldr	r3, [r3]
 2142              		.loc 1 960 97 discriminator 2
 2143 02fc 112B     		cmp	r3, #17
 2144 02fe 05D1     		bne	.L99
 2145              	.L100:
 961:Drivers/STM32F4xx_HAL_Driver/Src/stm32f4xx_hal_adc_ex.c ****   {
 962:Drivers/STM32F4xx_HAL_Driver/Src/stm32f4xx_hal_adc_ex.c ****     /* Enable the TSVREFE channel*/
 963:Drivers/STM32F4xx_HAL_Driver/Src/stm32f4xx_hal_adc_ex.c ****     tmpADC_Common->CCR |= ADC_CCR_TSVREFE;
 2146              		.loc 1 963 18
 2147 0300 FB68     		ldr	r3, [r7, #12]
 2148 0302 5B68     		ldr	r3, [r3, #4]
 2149              		.loc 1 963 24
 2150 0304 43F40002 		orr	r2, r3, #8388608
 2151 0308 FB68     		ldr	r3, [r7, #12]
 2152 030a 5A60     		str	r2, [r3, #4]
 2153              	.L99:
 964:Drivers/STM32F4xx_HAL_Driver/Src/stm32f4xx_hal_adc_ex.c ****   }
 965:Drivers/STM32F4xx_HAL_Driver/Src/stm32f4xx_hal_adc_ex.c **** 
 966:Drivers/STM32F4xx_HAL_Driver/Src/stm32f4xx_hal_adc_ex.c ****   /* Process unlocked */
 967:Drivers/STM32F4xx_HAL_Driver/Src/stm32f4xx_hal_adc_ex.c ****   __HAL_UNLOCK(hadc);
 2154              		.loc 1 967 3
 2155 030c 7B68     		ldr	r3, [r7, #4]
 2156 030e 0022     		movs	r2, #0
 2157 0310 83F83C20 		strb	r2, [r3, #60]
 968:Drivers/STM32F4xx_HAL_Driver/Src/stm32f4xx_hal_adc_ex.c **** 
 969:Drivers/STM32F4xx_HAL_Driver/Src/stm32f4xx_hal_adc_ex.c ****   /* Return function status */
 970:Drivers/STM32F4xx_HAL_Driver/Src/stm32f4xx_hal_adc_ex.c ****   return HAL_OK;
 2158              		.loc 1 970 10
 2159 0314 0023     		movs	r3, #0
 2160              	.L84:
 971:Drivers/STM32F4xx_HAL_Driver/Src/stm32f4xx_hal_adc_ex.c **** }
 2161              		.loc 1 971 1
 2162 0316 1846     		mov	r0, r3
 2163 0318 1437     		adds	r7, r7, #20
 2164              	.LCFI60:
 2165              		.cfi_def_cfa_offset 4
 2166 031a BD46     		mov	sp, r7
 2167              	.LCFI61:
 2168              		.cfi_def_cfa_register 13
 2169              		@ sp needed
 2170 031c 5DF8047B 		ldr	r7, [sp], #4
 2171              	.LCFI62:
ARM GAS  C:\Users\DAELT-~1\AppData\Local\Temp\ccxbVPrG.s 			page 56


 2172              		.cfi_restore 7
 2173              		.cfi_def_cfa_offset 0
 2174 0320 7047     		bx	lr
 2175              	.L102:
 2176 0322 00BF     		.align	2
 2177              	.L101:
 2178 0324 01000F00 		.word	983041
 2179 0328 00230140 		.word	1073816320
 2180 032c 00200140 		.word	1073815552
 2181 0330 12000010 		.word	268435474
 2182              		.cfi_endproc
 2183              	.LFE230:
 2185              		.section	.text.HAL_ADCEx_MultiModeConfigChannel,"ax",%progbits
 2186              		.align	1
 2187              		.global	HAL_ADCEx_MultiModeConfigChannel
 2188              		.syntax unified
 2189              		.thumb
 2190              		.thumb_func
 2192              	HAL_ADCEx_MultiModeConfigChannel:
 2193              	.LFB231:
 972:Drivers/STM32F4xx_HAL_Driver/Src/stm32f4xx_hal_adc_ex.c **** 
 973:Drivers/STM32F4xx_HAL_Driver/Src/stm32f4xx_hal_adc_ex.c **** /**
 974:Drivers/STM32F4xx_HAL_Driver/Src/stm32f4xx_hal_adc_ex.c ****   * @brief  Configures the ADC multi-mode
 975:Drivers/STM32F4xx_HAL_Driver/Src/stm32f4xx_hal_adc_ex.c ****   * @param  hadc       pointer to a ADC_HandleTypeDef structure that contains
 976:Drivers/STM32F4xx_HAL_Driver/Src/stm32f4xx_hal_adc_ex.c ****   *                     the configuration information for the specified ADC.
 977:Drivers/STM32F4xx_HAL_Driver/Src/stm32f4xx_hal_adc_ex.c ****   * @param  multimode  pointer to an ADC_MultiModeTypeDef structure that contains
 978:Drivers/STM32F4xx_HAL_Driver/Src/stm32f4xx_hal_adc_ex.c ****   *                     the configuration information for  multimode.
 979:Drivers/STM32F4xx_HAL_Driver/Src/stm32f4xx_hal_adc_ex.c ****   * @retval HAL status
 980:Drivers/STM32F4xx_HAL_Driver/Src/stm32f4xx_hal_adc_ex.c ****   */
 981:Drivers/STM32F4xx_HAL_Driver/Src/stm32f4xx_hal_adc_ex.c **** HAL_StatusTypeDef HAL_ADCEx_MultiModeConfigChannel(ADC_HandleTypeDef *hadc, ADC_MultiModeTypeDef *m
 982:Drivers/STM32F4xx_HAL_Driver/Src/stm32f4xx_hal_adc_ex.c **** {
 2194              		.loc 1 982 1
 2195              		.cfi_startproc
 2196              		@ args = 0, pretend = 0, frame = 16
 2197              		@ frame_needed = 1, uses_anonymous_args = 0
 2198              		@ link register save eliminated.
 2199 0000 80B4     		push	{r7}
 2200              	.LCFI63:
 2201              		.cfi_def_cfa_offset 4
 2202              		.cfi_offset 7, -4
 2203 0002 85B0     		sub	sp, sp, #20
 2204              	.LCFI64:
 2205              		.cfi_def_cfa_offset 24
 2206 0004 00AF     		add	r7, sp, #0
 2207              	.LCFI65:
 2208              		.cfi_def_cfa_register 7
 2209 0006 7860     		str	r0, [r7, #4]
 2210 0008 3960     		str	r1, [r7]
 983:Drivers/STM32F4xx_HAL_Driver/Src/stm32f4xx_hal_adc_ex.c **** 
 984:Drivers/STM32F4xx_HAL_Driver/Src/stm32f4xx_hal_adc_ex.c ****   ADC_Common_TypeDef *tmpADC_Common;
 985:Drivers/STM32F4xx_HAL_Driver/Src/stm32f4xx_hal_adc_ex.c **** 
 986:Drivers/STM32F4xx_HAL_Driver/Src/stm32f4xx_hal_adc_ex.c ****   /* Check the parameters */
 987:Drivers/STM32F4xx_HAL_Driver/Src/stm32f4xx_hal_adc_ex.c ****   assert_param(IS_ADC_MODE(multimode->Mode));
 988:Drivers/STM32F4xx_HAL_Driver/Src/stm32f4xx_hal_adc_ex.c ****   assert_param(IS_ADC_DMA_ACCESS_MODE(multimode->DMAAccessMode));
 989:Drivers/STM32F4xx_HAL_Driver/Src/stm32f4xx_hal_adc_ex.c ****   assert_param(IS_ADC_SAMPLING_DELAY(multimode->TwoSamplingDelay));
 990:Drivers/STM32F4xx_HAL_Driver/Src/stm32f4xx_hal_adc_ex.c **** 
 991:Drivers/STM32F4xx_HAL_Driver/Src/stm32f4xx_hal_adc_ex.c ****   /* Process locked */
ARM GAS  C:\Users\DAELT-~1\AppData\Local\Temp\ccxbVPrG.s 			page 57


 992:Drivers/STM32F4xx_HAL_Driver/Src/stm32f4xx_hal_adc_ex.c ****   __HAL_LOCK(hadc);
 2211              		.loc 1 992 3
 2212 000a 7B68     		ldr	r3, [r7, #4]
 2213 000c 93F83C30 		ldrb	r3, [r3, #60]	@ zero_extendqisi2
 2214 0010 012B     		cmp	r3, #1
 2215 0012 01D1     		bne	.L104
 2216              		.loc 1 992 3 is_stmt 0 discriminator 1
 2217 0014 0223     		movs	r3, #2
 2218              		.loc 1 992 3
 2219 0016 31E0     		b	.L105
 2220              	.L104:
 2221              		.loc 1 992 3 discriminator 2
 2222 0018 7B68     		ldr	r3, [r7, #4]
 2223 001a 0122     		movs	r2, #1
 2224 001c 83F83C20 		strb	r2, [r3, #60]
 993:Drivers/STM32F4xx_HAL_Driver/Src/stm32f4xx_hal_adc_ex.c **** 
 994:Drivers/STM32F4xx_HAL_Driver/Src/stm32f4xx_hal_adc_ex.c ****   /* Pointer to the common control register to which is belonging hadc    */
 995:Drivers/STM32F4xx_HAL_Driver/Src/stm32f4xx_hal_adc_ex.c ****   /* (Depending on STM32F4 product, there may be up to 3 ADC and 1 common */
 996:Drivers/STM32F4xx_HAL_Driver/Src/stm32f4xx_hal_adc_ex.c ****   /* control register)                                                    */
 997:Drivers/STM32F4xx_HAL_Driver/Src/stm32f4xx_hal_adc_ex.c ****   tmpADC_Common = ADC_COMMON_REGISTER(hadc);
 2225              		.loc 1 997 17 is_stmt 1
 2226 0020 194B     		ldr	r3, .L106
 2227 0022 FB60     		str	r3, [r7, #12]
 998:Drivers/STM32F4xx_HAL_Driver/Src/stm32f4xx_hal_adc_ex.c **** 
 999:Drivers/STM32F4xx_HAL_Driver/Src/stm32f4xx_hal_adc_ex.c ****   /* Set ADC mode */
1000:Drivers/STM32F4xx_HAL_Driver/Src/stm32f4xx_hal_adc_ex.c ****   tmpADC_Common->CCR &= ~(ADC_CCR_MULTI);
 2228              		.loc 1 1000 16
 2229 0024 FB68     		ldr	r3, [r7, #12]
 2230 0026 5B68     		ldr	r3, [r3, #4]
 2231              		.loc 1 1000 22
 2232 0028 23F01F02 		bic	r2, r3, #31
 2233 002c FB68     		ldr	r3, [r7, #12]
 2234 002e 5A60     		str	r2, [r3, #4]
1001:Drivers/STM32F4xx_HAL_Driver/Src/stm32f4xx_hal_adc_ex.c ****   tmpADC_Common->CCR |= multimode->Mode;
 2235              		.loc 1 1001 16
 2236 0030 FB68     		ldr	r3, [r7, #12]
 2237 0032 5A68     		ldr	r2, [r3, #4]
 2238              		.loc 1 1001 34
 2239 0034 3B68     		ldr	r3, [r7]
 2240 0036 1B68     		ldr	r3, [r3]
 2241              		.loc 1 1001 22
 2242 0038 1A43     		orrs	r2, r2, r3
 2243 003a FB68     		ldr	r3, [r7, #12]
 2244 003c 5A60     		str	r2, [r3, #4]
1002:Drivers/STM32F4xx_HAL_Driver/Src/stm32f4xx_hal_adc_ex.c **** 
1003:Drivers/STM32F4xx_HAL_Driver/Src/stm32f4xx_hal_adc_ex.c ****   /* Set the ADC DMA access mode */
1004:Drivers/STM32F4xx_HAL_Driver/Src/stm32f4xx_hal_adc_ex.c ****   tmpADC_Common->CCR &= ~(ADC_CCR_DMA);
 2245              		.loc 1 1004 16
 2246 003e FB68     		ldr	r3, [r7, #12]
 2247 0040 5B68     		ldr	r3, [r3, #4]
 2248              		.loc 1 1004 22
 2249 0042 23F44042 		bic	r2, r3, #49152
 2250 0046 FB68     		ldr	r3, [r7, #12]
 2251 0048 5A60     		str	r2, [r3, #4]
1005:Drivers/STM32F4xx_HAL_Driver/Src/stm32f4xx_hal_adc_ex.c ****   tmpADC_Common->CCR |= multimode->DMAAccessMode;
 2252              		.loc 1 1005 16
 2253 004a FB68     		ldr	r3, [r7, #12]
ARM GAS  C:\Users\DAELT-~1\AppData\Local\Temp\ccxbVPrG.s 			page 58


 2254 004c 5A68     		ldr	r2, [r3, #4]
 2255              		.loc 1 1005 34
 2256 004e 3B68     		ldr	r3, [r7]
 2257 0050 5B68     		ldr	r3, [r3, #4]
 2258              		.loc 1 1005 22
 2259 0052 1A43     		orrs	r2, r2, r3
 2260 0054 FB68     		ldr	r3, [r7, #12]
 2261 0056 5A60     		str	r2, [r3, #4]
1006:Drivers/STM32F4xx_HAL_Driver/Src/stm32f4xx_hal_adc_ex.c **** 
1007:Drivers/STM32F4xx_HAL_Driver/Src/stm32f4xx_hal_adc_ex.c ****   /* Set delay between two sampling phases */
1008:Drivers/STM32F4xx_HAL_Driver/Src/stm32f4xx_hal_adc_ex.c ****   tmpADC_Common->CCR &= ~(ADC_CCR_DELAY);
 2262              		.loc 1 1008 16
 2263 0058 FB68     		ldr	r3, [r7, #12]
 2264 005a 5B68     		ldr	r3, [r3, #4]
 2265              		.loc 1 1008 22
 2266 005c 23F47062 		bic	r2, r3, #3840
 2267 0060 FB68     		ldr	r3, [r7, #12]
 2268 0062 5A60     		str	r2, [r3, #4]
1009:Drivers/STM32F4xx_HAL_Driver/Src/stm32f4xx_hal_adc_ex.c ****   tmpADC_Common->CCR |= multimode->TwoSamplingDelay;
 2269              		.loc 1 1009 16
 2270 0064 FB68     		ldr	r3, [r7, #12]
 2271 0066 5A68     		ldr	r2, [r3, #4]
 2272              		.loc 1 1009 34
 2273 0068 3B68     		ldr	r3, [r7]
 2274 006a 9B68     		ldr	r3, [r3, #8]
 2275              		.loc 1 1009 22
 2276 006c 1A43     		orrs	r2, r2, r3
 2277 006e FB68     		ldr	r3, [r7, #12]
 2278 0070 5A60     		str	r2, [r3, #4]
1010:Drivers/STM32F4xx_HAL_Driver/Src/stm32f4xx_hal_adc_ex.c **** 
1011:Drivers/STM32F4xx_HAL_Driver/Src/stm32f4xx_hal_adc_ex.c ****   /* Process unlocked */
1012:Drivers/STM32F4xx_HAL_Driver/Src/stm32f4xx_hal_adc_ex.c ****   __HAL_UNLOCK(hadc);
 2279              		.loc 1 1012 3
 2280 0072 7B68     		ldr	r3, [r7, #4]
 2281 0074 0022     		movs	r2, #0
 2282 0076 83F83C20 		strb	r2, [r3, #60]
1013:Drivers/STM32F4xx_HAL_Driver/Src/stm32f4xx_hal_adc_ex.c **** 
1014:Drivers/STM32F4xx_HAL_Driver/Src/stm32f4xx_hal_adc_ex.c ****   /* Return function status */
1015:Drivers/STM32F4xx_HAL_Driver/Src/stm32f4xx_hal_adc_ex.c ****   return HAL_OK;
 2283              		.loc 1 1015 10
 2284 007a 0023     		movs	r3, #0
 2285              	.L105:
1016:Drivers/STM32F4xx_HAL_Driver/Src/stm32f4xx_hal_adc_ex.c **** }
 2286              		.loc 1 1016 1
 2287 007c 1846     		mov	r0, r3
 2288 007e 1437     		adds	r7, r7, #20
 2289              	.LCFI66:
 2290              		.cfi_def_cfa_offset 4
 2291 0080 BD46     		mov	sp, r7
 2292              	.LCFI67:
 2293              		.cfi_def_cfa_register 13
 2294              		@ sp needed
 2295 0082 5DF8047B 		ldr	r7, [sp], #4
 2296              	.LCFI68:
 2297              		.cfi_restore 7
 2298              		.cfi_def_cfa_offset 0
 2299 0086 7047     		bx	lr
ARM GAS  C:\Users\DAELT-~1\AppData\Local\Temp\ccxbVPrG.s 			page 59


 2300              	.L107:
 2301              		.align	2
 2302              	.L106:
 2303 0088 00230140 		.word	1073816320
 2304              		.cfi_endproc
 2305              	.LFE231:
 2307              		.section	.text.ADC_MultiModeDMAConvCplt,"ax",%progbits
 2308              		.align	1
 2309              		.syntax unified
 2310              		.thumb
 2311              		.thumb_func
 2313              	ADC_MultiModeDMAConvCplt:
 2314              	.LFB232:
1017:Drivers/STM32F4xx_HAL_Driver/Src/stm32f4xx_hal_adc_ex.c **** 
1018:Drivers/STM32F4xx_HAL_Driver/Src/stm32f4xx_hal_adc_ex.c **** /**
1019:Drivers/STM32F4xx_HAL_Driver/Src/stm32f4xx_hal_adc_ex.c ****   * @}
1020:Drivers/STM32F4xx_HAL_Driver/Src/stm32f4xx_hal_adc_ex.c ****   */
1021:Drivers/STM32F4xx_HAL_Driver/Src/stm32f4xx_hal_adc_ex.c **** 
1022:Drivers/STM32F4xx_HAL_Driver/Src/stm32f4xx_hal_adc_ex.c **** /**
1023:Drivers/STM32F4xx_HAL_Driver/Src/stm32f4xx_hal_adc_ex.c ****   * @brief  DMA transfer complete callback.
1024:Drivers/STM32F4xx_HAL_Driver/Src/stm32f4xx_hal_adc_ex.c ****   * @param  hdma pointer to a DMA_HandleTypeDef structure that contains
1025:Drivers/STM32F4xx_HAL_Driver/Src/stm32f4xx_hal_adc_ex.c ****   *                the configuration information for the specified DMA module.
1026:Drivers/STM32F4xx_HAL_Driver/Src/stm32f4xx_hal_adc_ex.c ****   * @retval None
1027:Drivers/STM32F4xx_HAL_Driver/Src/stm32f4xx_hal_adc_ex.c ****   */
1028:Drivers/STM32F4xx_HAL_Driver/Src/stm32f4xx_hal_adc_ex.c **** static void ADC_MultiModeDMAConvCplt(DMA_HandleTypeDef *hdma)
1029:Drivers/STM32F4xx_HAL_Driver/Src/stm32f4xx_hal_adc_ex.c **** {
 2315              		.loc 1 1029 1
 2316              		.cfi_startproc
 2317              		@ args = 0, pretend = 0, frame = 16
 2318              		@ frame_needed = 1, uses_anonymous_args = 0
 2319 0000 80B5     		push	{r7, lr}
 2320              	.LCFI69:
 2321              		.cfi_def_cfa_offset 8
 2322              		.cfi_offset 7, -8
 2323              		.cfi_offset 14, -4
 2324 0002 84B0     		sub	sp, sp, #16
 2325              	.LCFI70:
 2326              		.cfi_def_cfa_offset 24
 2327 0004 00AF     		add	r7, sp, #0
 2328              	.LCFI71:
 2329              		.cfi_def_cfa_register 7
 2330 0006 7860     		str	r0, [r7, #4]
1030:Drivers/STM32F4xx_HAL_Driver/Src/stm32f4xx_hal_adc_ex.c ****   /* Retrieve ADC handle corresponding to current DMA handle */
1031:Drivers/STM32F4xx_HAL_Driver/Src/stm32f4xx_hal_adc_ex.c ****   ADC_HandleTypeDef *hadc = (ADC_HandleTypeDef *)((DMA_HandleTypeDef *)hdma)->Parent;
 2331              		.loc 1 1031 22
 2332 0008 7B68     		ldr	r3, [r7, #4]
 2333 000a 9B6B     		ldr	r3, [r3, #56]
 2334 000c FB60     		str	r3, [r7, #12]
1032:Drivers/STM32F4xx_HAL_Driver/Src/stm32f4xx_hal_adc_ex.c **** 
1033:Drivers/STM32F4xx_HAL_Driver/Src/stm32f4xx_hal_adc_ex.c ****   /* Update state machine on conversion status if not in error state */
1034:Drivers/STM32F4xx_HAL_Driver/Src/stm32f4xx_hal_adc_ex.c ****   if (HAL_IS_BIT_CLR(hadc->State, HAL_ADC_STATE_ERROR_INTERNAL | HAL_ADC_STATE_ERROR_DMA))
 2335              		.loc 1 1034 7
 2336 000e FB68     		ldr	r3, [r7, #12]
 2337 0010 1B6C     		ldr	r3, [r3, #64]
 2338 0012 03F05003 		and	r3, r3, #80
 2339              		.loc 1 1034 6
 2340 0016 002B     		cmp	r3, #0
ARM GAS  C:\Users\DAELT-~1\AppData\Local\Temp\ccxbVPrG.s 			page 60


 2341 0018 3CD1     		bne	.L109
1035:Drivers/STM32F4xx_HAL_Driver/Src/stm32f4xx_hal_adc_ex.c ****   {
1036:Drivers/STM32F4xx_HAL_Driver/Src/stm32f4xx_hal_adc_ex.c ****     /* Update ADC state machine */
1037:Drivers/STM32F4xx_HAL_Driver/Src/stm32f4xx_hal_adc_ex.c ****     SET_BIT(hadc->State, HAL_ADC_STATE_REG_EOC);
 2342              		.loc 1 1037 5
 2343 001a FB68     		ldr	r3, [r7, #12]
 2344 001c 1B6C     		ldr	r3, [r3, #64]
 2345 001e 43F40072 		orr	r2, r3, #512
 2346 0022 FB68     		ldr	r3, [r7, #12]
 2347 0024 1A64     		str	r2, [r3, #64]
1038:Drivers/STM32F4xx_HAL_Driver/Src/stm32f4xx_hal_adc_ex.c **** 
1039:Drivers/STM32F4xx_HAL_Driver/Src/stm32f4xx_hal_adc_ex.c ****     /* Determine whether any further conversion upcoming on group regular   */
1040:Drivers/STM32F4xx_HAL_Driver/Src/stm32f4xx_hal_adc_ex.c ****     /* by external trigger, continuous mode or scan sequence on going.      */
1041:Drivers/STM32F4xx_HAL_Driver/Src/stm32f4xx_hal_adc_ex.c ****     /* Note: On STM32F4, there is no independent flag of end of sequence.   */
1042:Drivers/STM32F4xx_HAL_Driver/Src/stm32f4xx_hal_adc_ex.c ****     /*       The test of scan sequence on going is done either with scan    */
1043:Drivers/STM32F4xx_HAL_Driver/Src/stm32f4xx_hal_adc_ex.c ****     /*       sequence disabled or with end of conversion flag set to        */
1044:Drivers/STM32F4xx_HAL_Driver/Src/stm32f4xx_hal_adc_ex.c ****     /*       of end of sequence.                                            */
1045:Drivers/STM32F4xx_HAL_Driver/Src/stm32f4xx_hal_adc_ex.c ****     if (ADC_IS_SOFTWARE_START_REGULAR(hadc)                   &&
 2348              		.loc 1 1045 9
 2349 0026 FB68     		ldr	r3, [r7, #12]
 2350 0028 1B68     		ldr	r3, [r3]
 2351 002a 9B68     		ldr	r3, [r3, #8]
 2352 002c 03F04053 		and	r3, r3, #805306368
 2353              		.loc 1 1045 8
 2354 0030 002B     		cmp	r3, #0
 2355 0032 2BD1     		bne	.L110
1046:Drivers/STM32F4xx_HAL_Driver/Src/stm32f4xx_hal_adc_ex.c ****         (hadc->Init.ContinuousConvMode == DISABLE)            &&
 2356              		.loc 1 1046 20
 2357 0034 FB68     		ldr	r3, [r7, #12]
 2358 0036 1B7E     		ldrb	r3, [r3, #24]	@ zero_extendqisi2
1045:Drivers/STM32F4xx_HAL_Driver/Src/stm32f4xx_hal_adc_ex.c ****         (hadc->Init.ContinuousConvMode == DISABLE)            &&
 2359              		.loc 1 1045 63 discriminator 1
 2360 0038 002B     		cmp	r3, #0
 2361 003a 27D1     		bne	.L110
1047:Drivers/STM32F4xx_HAL_Driver/Src/stm32f4xx_hal_adc_ex.c ****         (HAL_IS_BIT_CLR(hadc->Instance->SQR1, ADC_SQR1_L) ||
 2362              		.loc 1 1047 10
 2363 003c FB68     		ldr	r3, [r7, #12]
 2364 003e 1B68     		ldr	r3, [r3]
 2365 0040 DB6A     		ldr	r3, [r3, #44]
 2366 0042 03F47003 		and	r3, r3, #15728640
1046:Drivers/STM32F4xx_HAL_Driver/Src/stm32f4xx_hal_adc_ex.c ****         (hadc->Init.ContinuousConvMode == DISABLE)            &&
 2367              		.loc 1 1046 63
 2368 0046 002B     		cmp	r3, #0
 2369 0048 06D0     		beq	.L111
1048:Drivers/STM32F4xx_HAL_Driver/Src/stm32f4xx_hal_adc_ex.c ****          HAL_IS_BIT_CLR(hadc->Instance->CR2, ADC_CR2_EOCS)))
 2370              		.loc 1 1048 10
 2371 004a FB68     		ldr	r3, [r7, #12]
 2372 004c 1B68     		ldr	r3, [r3]
 2373 004e 9B68     		ldr	r3, [r3, #8]
 2374 0050 03F48063 		and	r3, r3, #1024
1047:Drivers/STM32F4xx_HAL_Driver/Src/stm32f4xx_hal_adc_ex.c ****         (HAL_IS_BIT_CLR(hadc->Instance->SQR1, ADC_SQR1_L) ||
 2375              		.loc 1 1047 59
 2376 0054 002B     		cmp	r3, #0
 2377 0056 19D1     		bne	.L110
 2378              	.L111:
1049:Drivers/STM32F4xx_HAL_Driver/Src/stm32f4xx_hal_adc_ex.c ****     {
1050:Drivers/STM32F4xx_HAL_Driver/Src/stm32f4xx_hal_adc_ex.c ****       /* Disable ADC end of single conversion interrupt on group regular */
ARM GAS  C:\Users\DAELT-~1\AppData\Local\Temp\ccxbVPrG.s 			page 61


1051:Drivers/STM32F4xx_HAL_Driver/Src/stm32f4xx_hal_adc_ex.c ****       /* Note: Overrun interrupt was enabled with EOC interrupt in          */
1052:Drivers/STM32F4xx_HAL_Driver/Src/stm32f4xx_hal_adc_ex.c ****       /* HAL_ADC_Start_IT(), but is not disabled here because can be used   */
1053:Drivers/STM32F4xx_HAL_Driver/Src/stm32f4xx_hal_adc_ex.c ****       /* by overrun IRQ process below.                                      */
1054:Drivers/STM32F4xx_HAL_Driver/Src/stm32f4xx_hal_adc_ex.c ****       __HAL_ADC_DISABLE_IT(hadc, ADC_IT_EOC);
 2379              		.loc 1 1054 7
 2380 0058 FB68     		ldr	r3, [r7, #12]
 2381 005a 1B68     		ldr	r3, [r3]
 2382 005c 5A68     		ldr	r2, [r3, #4]
 2383 005e FB68     		ldr	r3, [r7, #12]
 2384 0060 1B68     		ldr	r3, [r3]
 2385 0062 22F02002 		bic	r2, r2, #32
 2386 0066 5A60     		str	r2, [r3, #4]
1055:Drivers/STM32F4xx_HAL_Driver/Src/stm32f4xx_hal_adc_ex.c **** 
1056:Drivers/STM32F4xx_HAL_Driver/Src/stm32f4xx_hal_adc_ex.c ****       /* Set ADC state */
1057:Drivers/STM32F4xx_HAL_Driver/Src/stm32f4xx_hal_adc_ex.c ****       CLEAR_BIT(hadc->State, HAL_ADC_STATE_REG_BUSY);
 2387              		.loc 1 1057 7
 2388 0068 FB68     		ldr	r3, [r7, #12]
 2389 006a 1B6C     		ldr	r3, [r3, #64]
 2390 006c 23F48072 		bic	r2, r3, #256
 2391 0070 FB68     		ldr	r3, [r7, #12]
 2392 0072 1A64     		str	r2, [r3, #64]
1058:Drivers/STM32F4xx_HAL_Driver/Src/stm32f4xx_hal_adc_ex.c **** 
1059:Drivers/STM32F4xx_HAL_Driver/Src/stm32f4xx_hal_adc_ex.c ****       if (HAL_IS_BIT_CLR(hadc->State, HAL_ADC_STATE_INJ_BUSY))
 2393              		.loc 1 1059 11
 2394 0074 FB68     		ldr	r3, [r7, #12]
 2395 0076 1B6C     		ldr	r3, [r3, #64]
 2396 0078 03F48053 		and	r3, r3, #4096
 2397              		.loc 1 1059 10
 2398 007c 002B     		cmp	r3, #0
 2399 007e 05D1     		bne	.L110
1060:Drivers/STM32F4xx_HAL_Driver/Src/stm32f4xx_hal_adc_ex.c ****       {
1061:Drivers/STM32F4xx_HAL_Driver/Src/stm32f4xx_hal_adc_ex.c ****         SET_BIT(hadc->State, HAL_ADC_STATE_READY);
 2400              		.loc 1 1061 9
 2401 0080 FB68     		ldr	r3, [r7, #12]
 2402 0082 1B6C     		ldr	r3, [r3, #64]
 2403 0084 43F00102 		orr	r2, r3, #1
 2404 0088 FB68     		ldr	r3, [r7, #12]
 2405 008a 1A64     		str	r2, [r3, #64]
 2406              	.L110:
1062:Drivers/STM32F4xx_HAL_Driver/Src/stm32f4xx_hal_adc_ex.c ****       }
1063:Drivers/STM32F4xx_HAL_Driver/Src/stm32f4xx_hal_adc_ex.c ****     }
1064:Drivers/STM32F4xx_HAL_Driver/Src/stm32f4xx_hal_adc_ex.c **** 
1065:Drivers/STM32F4xx_HAL_Driver/Src/stm32f4xx_hal_adc_ex.c ****     /* Conversion complete callback */
1066:Drivers/STM32F4xx_HAL_Driver/Src/stm32f4xx_hal_adc_ex.c ****     HAL_ADC_ConvCpltCallback(hadc);
 2407              		.loc 1 1066 5
 2408 008c F868     		ldr	r0, [r7, #12]
 2409 008e FFF7FEFF 		bl	HAL_ADC_ConvCpltCallback
1067:Drivers/STM32F4xx_HAL_Driver/Src/stm32f4xx_hal_adc_ex.c ****   }
1068:Drivers/STM32F4xx_HAL_Driver/Src/stm32f4xx_hal_adc_ex.c ****   else
1069:Drivers/STM32F4xx_HAL_Driver/Src/stm32f4xx_hal_adc_ex.c ****   {
1070:Drivers/STM32F4xx_HAL_Driver/Src/stm32f4xx_hal_adc_ex.c ****     /* Call DMA error callback */
1071:Drivers/STM32F4xx_HAL_Driver/Src/stm32f4xx_hal_adc_ex.c ****     hadc->DMA_Handle->XferErrorCallback(hdma);
1072:Drivers/STM32F4xx_HAL_Driver/Src/stm32f4xx_hal_adc_ex.c ****   }
1073:Drivers/STM32F4xx_HAL_Driver/Src/stm32f4xx_hal_adc_ex.c **** }
 2410              		.loc 1 1073 1
 2411 0092 04E0     		b	.L113
 2412              	.L109:
ARM GAS  C:\Users\DAELT-~1\AppData\Local\Temp\ccxbVPrG.s 			page 62


1071:Drivers/STM32F4xx_HAL_Driver/Src/stm32f4xx_hal_adc_ex.c ****   }
 2413              		.loc 1 1071 9
 2414 0094 FB68     		ldr	r3, [r7, #12]
 2415 0096 9B6B     		ldr	r3, [r3, #56]
1071:Drivers/STM32F4xx_HAL_Driver/Src/stm32f4xx_hal_adc_ex.c ****   }
 2416              		.loc 1 1071 21
 2417 0098 DB6C     		ldr	r3, [r3, #76]
1071:Drivers/STM32F4xx_HAL_Driver/Src/stm32f4xx_hal_adc_ex.c ****   }
 2418              		.loc 1 1071 5
 2419 009a 7868     		ldr	r0, [r7, #4]
 2420 009c 9847     		blx	r3
 2421              	.LVL0:
 2422              	.L113:
 2423              		.loc 1 1073 1
 2424 009e 00BF     		nop
 2425 00a0 1037     		adds	r7, r7, #16
 2426              	.LCFI72:
 2427              		.cfi_def_cfa_offset 8
 2428 00a2 BD46     		mov	sp, r7
 2429              	.LCFI73:
 2430              		.cfi_def_cfa_register 13
 2431              		@ sp needed
 2432 00a4 80BD     		pop	{r7, pc}
 2433              		.cfi_endproc
 2434              	.LFE232:
 2436              		.section	.text.ADC_MultiModeDMAHalfConvCplt,"ax",%progbits
 2437              		.align	1
 2438              		.syntax unified
 2439              		.thumb
 2440              		.thumb_func
 2442              	ADC_MultiModeDMAHalfConvCplt:
 2443              	.LFB233:
1074:Drivers/STM32F4xx_HAL_Driver/Src/stm32f4xx_hal_adc_ex.c **** 
1075:Drivers/STM32F4xx_HAL_Driver/Src/stm32f4xx_hal_adc_ex.c **** /**
1076:Drivers/STM32F4xx_HAL_Driver/Src/stm32f4xx_hal_adc_ex.c ****   * @brief  DMA half transfer complete callback.
1077:Drivers/STM32F4xx_HAL_Driver/Src/stm32f4xx_hal_adc_ex.c ****   * @param  hdma pointer to a DMA_HandleTypeDef structure that contains
1078:Drivers/STM32F4xx_HAL_Driver/Src/stm32f4xx_hal_adc_ex.c ****   *                the configuration information for the specified DMA module.
1079:Drivers/STM32F4xx_HAL_Driver/Src/stm32f4xx_hal_adc_ex.c ****   * @retval None
1080:Drivers/STM32F4xx_HAL_Driver/Src/stm32f4xx_hal_adc_ex.c ****   */
1081:Drivers/STM32F4xx_HAL_Driver/Src/stm32f4xx_hal_adc_ex.c **** static void ADC_MultiModeDMAHalfConvCplt(DMA_HandleTypeDef *hdma)
1082:Drivers/STM32F4xx_HAL_Driver/Src/stm32f4xx_hal_adc_ex.c **** {
 2444              		.loc 1 1082 1
 2445              		.cfi_startproc
 2446              		@ args = 0, pretend = 0, frame = 16
 2447              		@ frame_needed = 1, uses_anonymous_args = 0
 2448 0000 80B5     		push	{r7, lr}
 2449              	.LCFI74:
 2450              		.cfi_def_cfa_offset 8
 2451              		.cfi_offset 7, -8
 2452              		.cfi_offset 14, -4
 2453 0002 84B0     		sub	sp, sp, #16
 2454              	.LCFI75:
 2455              		.cfi_def_cfa_offset 24
 2456 0004 00AF     		add	r7, sp, #0
 2457              	.LCFI76:
 2458              		.cfi_def_cfa_register 7
 2459 0006 7860     		str	r0, [r7, #4]
ARM GAS  C:\Users\DAELT-~1\AppData\Local\Temp\ccxbVPrG.s 			page 63


1083:Drivers/STM32F4xx_HAL_Driver/Src/stm32f4xx_hal_adc_ex.c ****   ADC_HandleTypeDef *hadc = (ADC_HandleTypeDef *)((DMA_HandleTypeDef *)hdma)->Parent;
 2460              		.loc 1 1083 22
 2461 0008 7B68     		ldr	r3, [r7, #4]
 2462 000a 9B6B     		ldr	r3, [r3, #56]
 2463 000c FB60     		str	r3, [r7, #12]
1084:Drivers/STM32F4xx_HAL_Driver/Src/stm32f4xx_hal_adc_ex.c ****   /* Conversion complete callback */
1085:Drivers/STM32F4xx_HAL_Driver/Src/stm32f4xx_hal_adc_ex.c ****   HAL_ADC_ConvHalfCpltCallback(hadc);
 2464              		.loc 1 1085 3
 2465 000e F868     		ldr	r0, [r7, #12]
 2466 0010 FFF7FEFF 		bl	HAL_ADC_ConvHalfCpltCallback
1086:Drivers/STM32F4xx_HAL_Driver/Src/stm32f4xx_hal_adc_ex.c **** }
 2467              		.loc 1 1086 1
 2468 0014 00BF     		nop
 2469 0016 1037     		adds	r7, r7, #16
 2470              	.LCFI77:
 2471              		.cfi_def_cfa_offset 8
 2472 0018 BD46     		mov	sp, r7
 2473              	.LCFI78:
 2474              		.cfi_def_cfa_register 13
 2475              		@ sp needed
 2476 001a 80BD     		pop	{r7, pc}
 2477              		.cfi_endproc
 2478              	.LFE233:
 2480              		.section	.text.ADC_MultiModeDMAError,"ax",%progbits
 2481              		.align	1
 2482              		.syntax unified
 2483              		.thumb
 2484              		.thumb_func
 2486              	ADC_MultiModeDMAError:
 2487              	.LFB234:
1087:Drivers/STM32F4xx_HAL_Driver/Src/stm32f4xx_hal_adc_ex.c **** 
1088:Drivers/STM32F4xx_HAL_Driver/Src/stm32f4xx_hal_adc_ex.c **** /**
1089:Drivers/STM32F4xx_HAL_Driver/Src/stm32f4xx_hal_adc_ex.c ****   * @brief  DMA error callback
1090:Drivers/STM32F4xx_HAL_Driver/Src/stm32f4xx_hal_adc_ex.c ****   * @param  hdma pointer to a DMA_HandleTypeDef structure that contains
1091:Drivers/STM32F4xx_HAL_Driver/Src/stm32f4xx_hal_adc_ex.c ****   *                the configuration information for the specified DMA module.
1092:Drivers/STM32F4xx_HAL_Driver/Src/stm32f4xx_hal_adc_ex.c ****   * @retval None
1093:Drivers/STM32F4xx_HAL_Driver/Src/stm32f4xx_hal_adc_ex.c ****   */
1094:Drivers/STM32F4xx_HAL_Driver/Src/stm32f4xx_hal_adc_ex.c **** static void ADC_MultiModeDMAError(DMA_HandleTypeDef *hdma)
1095:Drivers/STM32F4xx_HAL_Driver/Src/stm32f4xx_hal_adc_ex.c **** {
 2488              		.loc 1 1095 1
 2489              		.cfi_startproc
 2490              		@ args = 0, pretend = 0, frame = 16
 2491              		@ frame_needed = 1, uses_anonymous_args = 0
 2492 0000 80B5     		push	{r7, lr}
 2493              	.LCFI79:
 2494              		.cfi_def_cfa_offset 8
 2495              		.cfi_offset 7, -8
 2496              		.cfi_offset 14, -4
 2497 0002 84B0     		sub	sp, sp, #16
 2498              	.LCFI80:
 2499              		.cfi_def_cfa_offset 24
 2500 0004 00AF     		add	r7, sp, #0
 2501              	.LCFI81:
 2502              		.cfi_def_cfa_register 7
 2503 0006 7860     		str	r0, [r7, #4]
1096:Drivers/STM32F4xx_HAL_Driver/Src/stm32f4xx_hal_adc_ex.c ****   ADC_HandleTypeDef *hadc = (ADC_HandleTypeDef *)((DMA_HandleTypeDef *)hdma)->Parent;
 2504              		.loc 1 1096 22
ARM GAS  C:\Users\DAELT-~1\AppData\Local\Temp\ccxbVPrG.s 			page 64


 2505 0008 7B68     		ldr	r3, [r7, #4]
 2506 000a 9B6B     		ldr	r3, [r3, #56]
 2507 000c FB60     		str	r3, [r7, #12]
1097:Drivers/STM32F4xx_HAL_Driver/Src/stm32f4xx_hal_adc_ex.c ****   hadc->State = HAL_ADC_STATE_ERROR_DMA;
 2508              		.loc 1 1097 15
 2509 000e FB68     		ldr	r3, [r7, #12]
 2510 0010 4022     		movs	r2, #64
 2511 0012 1A64     		str	r2, [r3, #64]
1098:Drivers/STM32F4xx_HAL_Driver/Src/stm32f4xx_hal_adc_ex.c ****   /* Set ADC error code to DMA error */
1099:Drivers/STM32F4xx_HAL_Driver/Src/stm32f4xx_hal_adc_ex.c ****   hadc->ErrorCode |= HAL_ADC_ERROR_DMA;
 2512              		.loc 1 1099 7
 2513 0014 FB68     		ldr	r3, [r7, #12]
 2514 0016 5B6C     		ldr	r3, [r3, #68]
 2515              		.loc 1 1099 19
 2516 0018 43F00402 		orr	r2, r3, #4
 2517 001c FB68     		ldr	r3, [r7, #12]
 2518 001e 5A64     		str	r2, [r3, #68]
1100:Drivers/STM32F4xx_HAL_Driver/Src/stm32f4xx_hal_adc_ex.c ****   HAL_ADC_ErrorCallback(hadc);
 2519              		.loc 1 1100 3
 2520 0020 F868     		ldr	r0, [r7, #12]
 2521 0022 FFF7FEFF 		bl	HAL_ADC_ErrorCallback
1101:Drivers/STM32F4xx_HAL_Driver/Src/stm32f4xx_hal_adc_ex.c **** }
 2522              		.loc 1 1101 1
 2523 0026 00BF     		nop
 2524 0028 1037     		adds	r7, r7, #16
 2525              	.LCFI82:
 2526              		.cfi_def_cfa_offset 8
 2527 002a BD46     		mov	sp, r7
 2528              	.LCFI83:
 2529              		.cfi_def_cfa_register 13
 2530              		@ sp needed
 2531 002c 80BD     		pop	{r7, pc}
 2532              		.cfi_endproc
 2533              	.LFE234:
 2535              		.text
 2536              	.Letext0:
 2537              		.file 2 "C:/tools/arm-gnu-toolchain-13.2.rel1-mingw-w64-i686-arm-none-eabi/arm-none-eabi/include/m
 2538              		.file 3 "C:/tools/arm-gnu-toolchain-13.2.rel1-mingw-w64-i686-arm-none-eabi/arm-none-eabi/include/s
 2539              		.file 4 "Drivers/CMSIS/Device/ST/STM32F4xx/Include/stm32f411xe.h"
 2540              		.file 5 "Drivers/CMSIS/Device/ST/STM32F4xx/Include/stm32f4xx.h"
 2541              		.file 6 "Drivers/STM32F4xx_HAL_Driver/Inc/stm32f4xx_hal_def.h"
 2542              		.file 7 "Drivers/STM32F4xx_HAL_Driver/Inc/stm32f4xx_hal_dma.h"
 2543              		.file 8 "Drivers/STM32F4xx_HAL_Driver/Inc/stm32f4xx_hal_adc.h"
 2544              		.file 9 "Drivers/STM32F4xx_HAL_Driver/Inc/stm32f4xx_hal_adc_ex.h"
 2545              		.file 10 "Drivers/CMSIS/Device/ST/STM32F4xx/Include/system_stm32f4xx.h"
 2546              		.file 11 "Drivers/STM32F4xx_HAL_Driver/Inc/stm32f4xx_hal.h"
ARM GAS  C:\Users\DAELT-~1\AppData\Local\Temp\ccxbVPrG.s 			page 65


DEFINED SYMBOLS
                            *ABS*:00000000 stm32f4xx_hal_adc_ex.c
C:\Users\DAELT-~1\AppData\Local\Temp\ccxbVPrG.s:21     .text.HAL_ADCEx_InjectedStart:00000000 $t
C:\Users\DAELT-~1\AppData\Local\Temp\ccxbVPrG.s:27     .text.HAL_ADCEx_InjectedStart:00000000 HAL_ADCEx_InjectedStart
C:\Users\DAELT-~1\AppData\Local\Temp\ccxbVPrG.s:288    .text.HAL_ADCEx_InjectedStart:00000184 $d
C:\Users\DAELT-~1\AppData\Local\Temp\ccxbVPrG.s:296    .text.HAL_ADCEx_InjectedStart_IT:00000000 $t
C:\Users\DAELT-~1\AppData\Local\Temp\ccxbVPrG.s:302    .text.HAL_ADCEx_InjectedStart_IT:00000000 HAL_ADCEx_InjectedStart_IT
C:\Users\DAELT-~1\AppData\Local\Temp\ccxbVPrG.s:571    .text.HAL_ADCEx_InjectedStart_IT:00000194 $d
C:\Users\DAELT-~1\AppData\Local\Temp\ccxbVPrG.s:579    .text.HAL_ADCEx_InjectedStop:00000000 $t
C:\Users\DAELT-~1\AppData\Local\Temp\ccxbVPrG.s:585    .text.HAL_ADCEx_InjectedStop:00000000 HAL_ADCEx_InjectedStop
C:\Users\DAELT-~1\AppData\Local\Temp\ccxbVPrG.s:698    .text.HAL_ADCEx_InjectedPollForConversion:00000000 $t
C:\Users\DAELT-~1\AppData\Local\Temp\ccxbVPrG.s:704    .text.HAL_ADCEx_InjectedPollForConversion:00000000 HAL_ADCEx_InjectedPollForConversion
C:\Users\DAELT-~1\AppData\Local\Temp\ccxbVPrG.s:874    .text.HAL_ADCEx_InjectedStop_IT:00000000 $t
C:\Users\DAELT-~1\AppData\Local\Temp\ccxbVPrG.s:880    .text.HAL_ADCEx_InjectedStop_IT:00000000 HAL_ADCEx_InjectedStop_IT
C:\Users\DAELT-~1\AppData\Local\Temp\ccxbVPrG.s:1001   .text.HAL_ADCEx_InjectedGetValue:00000000 $t
C:\Users\DAELT-~1\AppData\Local\Temp\ccxbVPrG.s:1007   .text.HAL_ADCEx_InjectedGetValue:00000000 HAL_ADCEx_InjectedGetValue
C:\Users\DAELT-~1\AppData\Local\Temp\ccxbVPrG.s:1043   .text.HAL_ADCEx_InjectedGetValue:00000028 $d
C:\Users\DAELT-~1\AppData\Local\Temp\ccxbVPrG.s:1047   .text.HAL_ADCEx_InjectedGetValue:00000038 $t
C:\Users\DAELT-~1\AppData\Local\Temp\ccxbVPrG.s:1112   .text.HAL_ADCEx_MultiModeStart_DMA:00000000 $t
C:\Users\DAELT-~1\AppData\Local\Temp\ccxbVPrG.s:1118   .text.HAL_ADCEx_MultiModeStart_DMA:00000000 HAL_ADCEx_MultiModeStart_DMA
C:\Users\DAELT-~1\AppData\Local\Temp\ccxbVPrG.s:1379   .text.HAL_ADCEx_MultiModeStart_DMA:00000188 $d
C:\Users\DAELT-~1\AppData\Local\Temp\ccxbVPrG.s:2313   .text.ADC_MultiModeDMAConvCplt:00000000 ADC_MultiModeDMAConvCplt
C:\Users\DAELT-~1\AppData\Local\Temp\ccxbVPrG.s:2442   .text.ADC_MultiModeDMAHalfConvCplt:00000000 ADC_MultiModeDMAHalfConvCplt
C:\Users\DAELT-~1\AppData\Local\Temp\ccxbVPrG.s:2486   .text.ADC_MultiModeDMAError:00000000 ADC_MultiModeDMAError
C:\Users\DAELT-~1\AppData\Local\Temp\ccxbVPrG.s:1389   .text.HAL_ADCEx_MultiModeStop_DMA:00000000 $t
C:\Users\DAELT-~1\AppData\Local\Temp\ccxbVPrG.s:1395   .text.HAL_ADCEx_MultiModeStop_DMA:00000000 HAL_ADCEx_MultiModeStop_DMA
C:\Users\DAELT-~1\AppData\Local\Temp\ccxbVPrG.s:1500   .text.HAL_ADCEx_MultiModeStop_DMA:00000094 $d
C:\Users\DAELT-~1\AppData\Local\Temp\ccxbVPrG.s:1505   .text.HAL_ADCEx_MultiModeGetValue:00000000 $t
C:\Users\DAELT-~1\AppData\Local\Temp\ccxbVPrG.s:1511   .text.HAL_ADCEx_MultiModeGetValue:00000000 HAL_ADCEx_MultiModeGetValue
C:\Users\DAELT-~1\AppData\Local\Temp\ccxbVPrG.s:1552   .text.HAL_ADCEx_MultiModeGetValue:0000001c $d
C:\Users\DAELT-~1\AppData\Local\Temp\ccxbVPrG.s:1557   .text.HAL_ADCEx_InjectedConvCpltCallback:00000000 $t
C:\Users\DAELT-~1\AppData\Local\Temp\ccxbVPrG.s:1563   .text.HAL_ADCEx_InjectedConvCpltCallback:00000000 HAL_ADCEx_InjectedConvCpltCallback
C:\Users\DAELT-~1\AppData\Local\Temp\ccxbVPrG.s:1599   .text.HAL_ADCEx_InjectedConfigChannel:00000000 $t
C:\Users\DAELT-~1\AppData\Local\Temp\ccxbVPrG.s:1605   .text.HAL_ADCEx_InjectedConfigChannel:00000000 HAL_ADCEx_InjectedConfigChannel
C:\Users\DAELT-~1\AppData\Local\Temp\ccxbVPrG.s:2178   .text.HAL_ADCEx_InjectedConfigChannel:00000324 $d
C:\Users\DAELT-~1\AppData\Local\Temp\ccxbVPrG.s:2186   .text.HAL_ADCEx_MultiModeConfigChannel:00000000 $t
C:\Users\DAELT-~1\AppData\Local\Temp\ccxbVPrG.s:2192   .text.HAL_ADCEx_MultiModeConfigChannel:00000000 HAL_ADCEx_MultiModeConfigChannel
C:\Users\DAELT-~1\AppData\Local\Temp\ccxbVPrG.s:2303   .text.HAL_ADCEx_MultiModeConfigChannel:00000088 $d
C:\Users\DAELT-~1\AppData\Local\Temp\ccxbVPrG.s:2308   .text.ADC_MultiModeDMAConvCplt:00000000 $t
C:\Users\DAELT-~1\AppData\Local\Temp\ccxbVPrG.s:2437   .text.ADC_MultiModeDMAHalfConvCplt:00000000 $t
C:\Users\DAELT-~1\AppData\Local\Temp\ccxbVPrG.s:2481   .text.ADC_MultiModeDMAError:00000000 $t

UNDEFINED SYMBOLS
SystemCoreClock
HAL_GetTick
HAL_DMA_Start_IT
HAL_DMA_Abort
HAL_ADC_ConvCpltCallback
HAL_ADC_ConvHalfCpltCallback
HAL_ADC_ErrorCallback
