ARM GAS  C:\Users\DAELT-~1\AppData\Local\Temp\cc4hmfxW.s 			page 1


   1              		.cpu cortex-m4
   2              		.arch armv7e-m
   3              		.fpu fpv4-sp-d16
   4              		.eabi_attribute 27, 1
   5              		.eabi_attribute 28, 1
   6              		.eabi_attribute 20, 1
   7              		.eabi_attribute 21, 1
   8              		.eabi_attribute 23, 3
   9              		.eabi_attribute 24, 1
  10              		.eabi_attribute 25, 1
  11              		.eabi_attribute 26, 1
  12              		.eabi_attribute 30, 6
  13              		.eabi_attribute 34, 1
  14              		.eabi_attribute 18, 4
  15              		.file	"stm32f4xx_hal_flash.c"
  16              		.text
  17              	.Ltext0:
  18              		.cfi_sections	.debug_frame
  19              		.file 1 "Drivers/STM32F4xx_HAL_Driver/Src/stm32f4xx_hal_flash.c"
  20              		.global	pFlash
  21              		.section	.bss.pFlash,"aw",%nobits
  22              		.align	2
  25              	pFlash:
  26 0000 00000000 		.space	32
  26      00000000 
  26      00000000 
  26      00000000 
  26      00000000 
  27              		.section	.text.HAL_FLASH_Program,"ax",%progbits
  28              		.align	1
  29              		.global	HAL_FLASH_Program
  30              		.syntax unified
  31              		.thumb
  32              		.thumb_func
  34              	HAL_FLASH_Program:
  35              	.LFB220:
   1:Drivers/STM32F4xx_HAL_Driver/Src/stm32f4xx_hal_flash.c **** /**
   2:Drivers/STM32F4xx_HAL_Driver/Src/stm32f4xx_hal_flash.c ****   ******************************************************************************
   3:Drivers/STM32F4xx_HAL_Driver/Src/stm32f4xx_hal_flash.c ****   * @file    stm32f4xx_hal_flash.c
   4:Drivers/STM32F4xx_HAL_Driver/Src/stm32f4xx_hal_flash.c ****   * @author  MCD Application Team
   5:Drivers/STM32F4xx_HAL_Driver/Src/stm32f4xx_hal_flash.c ****   * @brief   FLASH HAL module driver.
   6:Drivers/STM32F4xx_HAL_Driver/Src/stm32f4xx_hal_flash.c ****   *          This file provides firmware functions to manage the following
   7:Drivers/STM32F4xx_HAL_Driver/Src/stm32f4xx_hal_flash.c ****   *          functionalities of the internal FLASH memory:
   8:Drivers/STM32F4xx_HAL_Driver/Src/stm32f4xx_hal_flash.c ****   *           + Program operations functions
   9:Drivers/STM32F4xx_HAL_Driver/Src/stm32f4xx_hal_flash.c ****   *           + Memory Control functions
  10:Drivers/STM32F4xx_HAL_Driver/Src/stm32f4xx_hal_flash.c ****   *           + Peripheral Errors functions
  11:Drivers/STM32F4xx_HAL_Driver/Src/stm32f4xx_hal_flash.c ****   *
  12:Drivers/STM32F4xx_HAL_Driver/Src/stm32f4xx_hal_flash.c ****   @verbatim
  13:Drivers/STM32F4xx_HAL_Driver/Src/stm32f4xx_hal_flash.c ****   ==============================================================================
  14:Drivers/STM32F4xx_HAL_Driver/Src/stm32f4xx_hal_flash.c ****                         ##### FLASH peripheral features #####
  15:Drivers/STM32F4xx_HAL_Driver/Src/stm32f4xx_hal_flash.c ****   ==============================================================================
  16:Drivers/STM32F4xx_HAL_Driver/Src/stm32f4xx_hal_flash.c **** 
  17:Drivers/STM32F4xx_HAL_Driver/Src/stm32f4xx_hal_flash.c ****   [..] The Flash memory interface manages CPU AHB I-Code and D-Code accesses
  18:Drivers/STM32F4xx_HAL_Driver/Src/stm32f4xx_hal_flash.c ****        to the Flash memory. It implements the erase and program Flash memory operations
  19:Drivers/STM32F4xx_HAL_Driver/Src/stm32f4xx_hal_flash.c ****        and the read and write protection mechanisms.
  20:Drivers/STM32F4xx_HAL_Driver/Src/stm32f4xx_hal_flash.c **** 
  21:Drivers/STM32F4xx_HAL_Driver/Src/stm32f4xx_hal_flash.c ****   [..] The Flash memory interface accelerates code execution with a system of instruction
ARM GAS  C:\Users\DAELT-~1\AppData\Local\Temp\cc4hmfxW.s 			page 2


  22:Drivers/STM32F4xx_HAL_Driver/Src/stm32f4xx_hal_flash.c ****        prefetch and cache lines.
  23:Drivers/STM32F4xx_HAL_Driver/Src/stm32f4xx_hal_flash.c **** 
  24:Drivers/STM32F4xx_HAL_Driver/Src/stm32f4xx_hal_flash.c ****   [..] The FLASH main features are:
  25:Drivers/STM32F4xx_HAL_Driver/Src/stm32f4xx_hal_flash.c ****       (+) Flash memory read operations
  26:Drivers/STM32F4xx_HAL_Driver/Src/stm32f4xx_hal_flash.c ****       (+) Flash memory program/erase operations
  27:Drivers/STM32F4xx_HAL_Driver/Src/stm32f4xx_hal_flash.c ****       (+) Read / write protections
  28:Drivers/STM32F4xx_HAL_Driver/Src/stm32f4xx_hal_flash.c ****       (+) Prefetch on I-Code
  29:Drivers/STM32F4xx_HAL_Driver/Src/stm32f4xx_hal_flash.c ****       (+) 64 cache lines of 128 bits on I-Code
  30:Drivers/STM32F4xx_HAL_Driver/Src/stm32f4xx_hal_flash.c ****       (+) 8 cache lines of 128 bits on D-Code
  31:Drivers/STM32F4xx_HAL_Driver/Src/stm32f4xx_hal_flash.c **** 
  32:Drivers/STM32F4xx_HAL_Driver/Src/stm32f4xx_hal_flash.c **** 
  33:Drivers/STM32F4xx_HAL_Driver/Src/stm32f4xx_hal_flash.c ****                      ##### How to use this driver #####
  34:Drivers/STM32F4xx_HAL_Driver/Src/stm32f4xx_hal_flash.c ****   ==============================================================================
  35:Drivers/STM32F4xx_HAL_Driver/Src/stm32f4xx_hal_flash.c ****     [..]
  36:Drivers/STM32F4xx_HAL_Driver/Src/stm32f4xx_hal_flash.c ****       This driver provides functions and macros to configure and program the FLASH
  37:Drivers/STM32F4xx_HAL_Driver/Src/stm32f4xx_hal_flash.c ****       memory of all STM32F4xx devices.
  38:Drivers/STM32F4xx_HAL_Driver/Src/stm32f4xx_hal_flash.c **** 
  39:Drivers/STM32F4xx_HAL_Driver/Src/stm32f4xx_hal_flash.c ****       (#) FLASH Memory IO Programming functions:
  40:Drivers/STM32F4xx_HAL_Driver/Src/stm32f4xx_hal_flash.c ****            (++) Lock and Unlock the FLASH interface using HAL_FLASH_Unlock() and
  41:Drivers/STM32F4xx_HAL_Driver/Src/stm32f4xx_hal_flash.c ****                 HAL_FLASH_Lock() functions
  42:Drivers/STM32F4xx_HAL_Driver/Src/stm32f4xx_hal_flash.c ****            (++) Program functions: byte, half word, word and double word
  43:Drivers/STM32F4xx_HAL_Driver/Src/stm32f4xx_hal_flash.c ****            (++) There Two modes of programming :
  44:Drivers/STM32F4xx_HAL_Driver/Src/stm32f4xx_hal_flash.c ****             (+++) Polling mode using HAL_FLASH_Program() function
  45:Drivers/STM32F4xx_HAL_Driver/Src/stm32f4xx_hal_flash.c ****             (+++) Interrupt mode using HAL_FLASH_Program_IT() function
  46:Drivers/STM32F4xx_HAL_Driver/Src/stm32f4xx_hal_flash.c **** 
  47:Drivers/STM32F4xx_HAL_Driver/Src/stm32f4xx_hal_flash.c ****       (#) Interrupts and flags management functions :
  48:Drivers/STM32F4xx_HAL_Driver/Src/stm32f4xx_hal_flash.c ****            (++) Handle FLASH interrupts by calling HAL_FLASH_IRQHandler()
  49:Drivers/STM32F4xx_HAL_Driver/Src/stm32f4xx_hal_flash.c ****            (++) Wait for last FLASH operation according to its status
  50:Drivers/STM32F4xx_HAL_Driver/Src/stm32f4xx_hal_flash.c ****            (++) Get error flag status by calling HAL_SetErrorCode()
  51:Drivers/STM32F4xx_HAL_Driver/Src/stm32f4xx_hal_flash.c **** 
  52:Drivers/STM32F4xx_HAL_Driver/Src/stm32f4xx_hal_flash.c ****     [..]
  53:Drivers/STM32F4xx_HAL_Driver/Src/stm32f4xx_hal_flash.c ****       In addition to these functions, this driver includes a set of macros allowing
  54:Drivers/STM32F4xx_HAL_Driver/Src/stm32f4xx_hal_flash.c ****       to handle the following operations:
  55:Drivers/STM32F4xx_HAL_Driver/Src/stm32f4xx_hal_flash.c ****        (+) Set the latency
  56:Drivers/STM32F4xx_HAL_Driver/Src/stm32f4xx_hal_flash.c ****        (+) Enable/Disable the prefetch buffer
  57:Drivers/STM32F4xx_HAL_Driver/Src/stm32f4xx_hal_flash.c ****        (+) Enable/Disable the Instruction cache and the Data cache
  58:Drivers/STM32F4xx_HAL_Driver/Src/stm32f4xx_hal_flash.c ****        (+) Reset the Instruction cache and the Data cache
  59:Drivers/STM32F4xx_HAL_Driver/Src/stm32f4xx_hal_flash.c ****        (+) Enable/Disable the FLASH interrupts
  60:Drivers/STM32F4xx_HAL_Driver/Src/stm32f4xx_hal_flash.c ****        (+) Monitor the FLASH flags status
  61:Drivers/STM32F4xx_HAL_Driver/Src/stm32f4xx_hal_flash.c **** 
  62:Drivers/STM32F4xx_HAL_Driver/Src/stm32f4xx_hal_flash.c ****   @endverbatim
  63:Drivers/STM32F4xx_HAL_Driver/Src/stm32f4xx_hal_flash.c ****   ******************************************************************************
  64:Drivers/STM32F4xx_HAL_Driver/Src/stm32f4xx_hal_flash.c ****   * @attention
  65:Drivers/STM32F4xx_HAL_Driver/Src/stm32f4xx_hal_flash.c ****   *
  66:Drivers/STM32F4xx_HAL_Driver/Src/stm32f4xx_hal_flash.c ****   * Copyright (c) 2017 STMicroelectronics.
  67:Drivers/STM32F4xx_HAL_Driver/Src/stm32f4xx_hal_flash.c ****   * All rights reserved.
  68:Drivers/STM32F4xx_HAL_Driver/Src/stm32f4xx_hal_flash.c ****   *
  69:Drivers/STM32F4xx_HAL_Driver/Src/stm32f4xx_hal_flash.c ****   * This software is licensed under terms that can be found in the LICENSE file in
  70:Drivers/STM32F4xx_HAL_Driver/Src/stm32f4xx_hal_flash.c ****   * the root directory of this software component.
  71:Drivers/STM32F4xx_HAL_Driver/Src/stm32f4xx_hal_flash.c ****   * If no LICENSE file comes with this software, it is provided AS-IS.
  72:Drivers/STM32F4xx_HAL_Driver/Src/stm32f4xx_hal_flash.c ****   ******************************************************************************
  73:Drivers/STM32F4xx_HAL_Driver/Src/stm32f4xx_hal_flash.c ****   */
  74:Drivers/STM32F4xx_HAL_Driver/Src/stm32f4xx_hal_flash.c **** 
  75:Drivers/STM32F4xx_HAL_Driver/Src/stm32f4xx_hal_flash.c **** /* Includes ------------------------------------------------------------------*/
  76:Drivers/STM32F4xx_HAL_Driver/Src/stm32f4xx_hal_flash.c **** #include "stm32f4xx_hal.h"
  77:Drivers/STM32F4xx_HAL_Driver/Src/stm32f4xx_hal_flash.c **** 
  78:Drivers/STM32F4xx_HAL_Driver/Src/stm32f4xx_hal_flash.c **** /** @addtogroup STM32F4xx_HAL_Driver
ARM GAS  C:\Users\DAELT-~1\AppData\Local\Temp\cc4hmfxW.s 			page 3


  79:Drivers/STM32F4xx_HAL_Driver/Src/stm32f4xx_hal_flash.c ****   * @{
  80:Drivers/STM32F4xx_HAL_Driver/Src/stm32f4xx_hal_flash.c ****   */
  81:Drivers/STM32F4xx_HAL_Driver/Src/stm32f4xx_hal_flash.c **** 
  82:Drivers/STM32F4xx_HAL_Driver/Src/stm32f4xx_hal_flash.c **** /** @defgroup FLASH FLASH
  83:Drivers/STM32F4xx_HAL_Driver/Src/stm32f4xx_hal_flash.c ****   * @brief FLASH HAL module driver
  84:Drivers/STM32F4xx_HAL_Driver/Src/stm32f4xx_hal_flash.c ****   * @{
  85:Drivers/STM32F4xx_HAL_Driver/Src/stm32f4xx_hal_flash.c ****   */
  86:Drivers/STM32F4xx_HAL_Driver/Src/stm32f4xx_hal_flash.c **** 
  87:Drivers/STM32F4xx_HAL_Driver/Src/stm32f4xx_hal_flash.c **** #ifdef HAL_FLASH_MODULE_ENABLED
  88:Drivers/STM32F4xx_HAL_Driver/Src/stm32f4xx_hal_flash.c **** 
  89:Drivers/STM32F4xx_HAL_Driver/Src/stm32f4xx_hal_flash.c **** /* Private typedef -----------------------------------------------------------*/
  90:Drivers/STM32F4xx_HAL_Driver/Src/stm32f4xx_hal_flash.c **** /* Private define ------------------------------------------------------------*/
  91:Drivers/STM32F4xx_HAL_Driver/Src/stm32f4xx_hal_flash.c **** /** @addtogroup FLASH_Private_Constants
  92:Drivers/STM32F4xx_HAL_Driver/Src/stm32f4xx_hal_flash.c ****   * @{
  93:Drivers/STM32F4xx_HAL_Driver/Src/stm32f4xx_hal_flash.c ****   */
  94:Drivers/STM32F4xx_HAL_Driver/Src/stm32f4xx_hal_flash.c **** #define FLASH_TIMEOUT_VALUE       50000U /* 50 s */
  95:Drivers/STM32F4xx_HAL_Driver/Src/stm32f4xx_hal_flash.c **** /**
  96:Drivers/STM32F4xx_HAL_Driver/Src/stm32f4xx_hal_flash.c ****   * @}
  97:Drivers/STM32F4xx_HAL_Driver/Src/stm32f4xx_hal_flash.c ****   */
  98:Drivers/STM32F4xx_HAL_Driver/Src/stm32f4xx_hal_flash.c **** /* Private macro -------------------------------------------------------------*/
  99:Drivers/STM32F4xx_HAL_Driver/Src/stm32f4xx_hal_flash.c **** /* Private variables ---------------------------------------------------------*/
 100:Drivers/STM32F4xx_HAL_Driver/Src/stm32f4xx_hal_flash.c **** /** @addtogroup FLASH_Private_Variables
 101:Drivers/STM32F4xx_HAL_Driver/Src/stm32f4xx_hal_flash.c ****   * @{
 102:Drivers/STM32F4xx_HAL_Driver/Src/stm32f4xx_hal_flash.c ****   */
 103:Drivers/STM32F4xx_HAL_Driver/Src/stm32f4xx_hal_flash.c **** /* Variable used for Erase sectors under interruption */
 104:Drivers/STM32F4xx_HAL_Driver/Src/stm32f4xx_hal_flash.c **** FLASH_ProcessTypeDef pFlash;
 105:Drivers/STM32F4xx_HAL_Driver/Src/stm32f4xx_hal_flash.c **** /**
 106:Drivers/STM32F4xx_HAL_Driver/Src/stm32f4xx_hal_flash.c ****   * @}
 107:Drivers/STM32F4xx_HAL_Driver/Src/stm32f4xx_hal_flash.c ****   */
 108:Drivers/STM32F4xx_HAL_Driver/Src/stm32f4xx_hal_flash.c **** 
 109:Drivers/STM32F4xx_HAL_Driver/Src/stm32f4xx_hal_flash.c **** /* Private function prototypes -----------------------------------------------*/
 110:Drivers/STM32F4xx_HAL_Driver/Src/stm32f4xx_hal_flash.c **** /** @addtogroup FLASH_Private_Functions
 111:Drivers/STM32F4xx_HAL_Driver/Src/stm32f4xx_hal_flash.c ****   * @{
 112:Drivers/STM32F4xx_HAL_Driver/Src/stm32f4xx_hal_flash.c ****   */
 113:Drivers/STM32F4xx_HAL_Driver/Src/stm32f4xx_hal_flash.c **** /* Program operations */
 114:Drivers/STM32F4xx_HAL_Driver/Src/stm32f4xx_hal_flash.c **** static void   FLASH_Program_DoubleWord(uint32_t Address, uint64_t Data);
 115:Drivers/STM32F4xx_HAL_Driver/Src/stm32f4xx_hal_flash.c **** static void   FLASH_Program_Word(uint32_t Address, uint32_t Data);
 116:Drivers/STM32F4xx_HAL_Driver/Src/stm32f4xx_hal_flash.c **** static void   FLASH_Program_HalfWord(uint32_t Address, uint16_t Data);
 117:Drivers/STM32F4xx_HAL_Driver/Src/stm32f4xx_hal_flash.c **** static void   FLASH_Program_Byte(uint32_t Address, uint8_t Data);
 118:Drivers/STM32F4xx_HAL_Driver/Src/stm32f4xx_hal_flash.c **** static void   FLASH_SetErrorCode(void);
 119:Drivers/STM32F4xx_HAL_Driver/Src/stm32f4xx_hal_flash.c **** 
 120:Drivers/STM32F4xx_HAL_Driver/Src/stm32f4xx_hal_flash.c **** HAL_StatusTypeDef FLASH_WaitForLastOperation(uint32_t Timeout);
 121:Drivers/STM32F4xx_HAL_Driver/Src/stm32f4xx_hal_flash.c **** /**
 122:Drivers/STM32F4xx_HAL_Driver/Src/stm32f4xx_hal_flash.c ****   * @}
 123:Drivers/STM32F4xx_HAL_Driver/Src/stm32f4xx_hal_flash.c ****   */
 124:Drivers/STM32F4xx_HAL_Driver/Src/stm32f4xx_hal_flash.c **** 
 125:Drivers/STM32F4xx_HAL_Driver/Src/stm32f4xx_hal_flash.c **** /* Exported functions --------------------------------------------------------*/
 126:Drivers/STM32F4xx_HAL_Driver/Src/stm32f4xx_hal_flash.c **** /** @defgroup FLASH_Exported_Functions FLASH Exported Functions
 127:Drivers/STM32F4xx_HAL_Driver/Src/stm32f4xx_hal_flash.c ****   * @{
 128:Drivers/STM32F4xx_HAL_Driver/Src/stm32f4xx_hal_flash.c ****   */
 129:Drivers/STM32F4xx_HAL_Driver/Src/stm32f4xx_hal_flash.c **** 
 130:Drivers/STM32F4xx_HAL_Driver/Src/stm32f4xx_hal_flash.c **** /** @defgroup FLASH_Exported_Functions_Group1 Programming operation functions
 131:Drivers/STM32F4xx_HAL_Driver/Src/stm32f4xx_hal_flash.c ****   *  @brief   Programming operation functions
 132:Drivers/STM32F4xx_HAL_Driver/Src/stm32f4xx_hal_flash.c ****   *
 133:Drivers/STM32F4xx_HAL_Driver/Src/stm32f4xx_hal_flash.c **** @verbatim
 134:Drivers/STM32F4xx_HAL_Driver/Src/stm32f4xx_hal_flash.c ****  ===============================================================================
 135:Drivers/STM32F4xx_HAL_Driver/Src/stm32f4xx_hal_flash.c ****                   ##### Programming operation functions #####
ARM GAS  C:\Users\DAELT-~1\AppData\Local\Temp\cc4hmfxW.s 			page 4


 136:Drivers/STM32F4xx_HAL_Driver/Src/stm32f4xx_hal_flash.c ****  ===============================================================================
 137:Drivers/STM32F4xx_HAL_Driver/Src/stm32f4xx_hal_flash.c ****     [..]
 138:Drivers/STM32F4xx_HAL_Driver/Src/stm32f4xx_hal_flash.c ****     This subsection provides a set of functions allowing to manage the FLASH
 139:Drivers/STM32F4xx_HAL_Driver/Src/stm32f4xx_hal_flash.c ****     program operations.
 140:Drivers/STM32F4xx_HAL_Driver/Src/stm32f4xx_hal_flash.c **** 
 141:Drivers/STM32F4xx_HAL_Driver/Src/stm32f4xx_hal_flash.c **** @endverbatim
 142:Drivers/STM32F4xx_HAL_Driver/Src/stm32f4xx_hal_flash.c ****   * @{
 143:Drivers/STM32F4xx_HAL_Driver/Src/stm32f4xx_hal_flash.c ****   */
 144:Drivers/STM32F4xx_HAL_Driver/Src/stm32f4xx_hal_flash.c **** 
 145:Drivers/STM32F4xx_HAL_Driver/Src/stm32f4xx_hal_flash.c **** /**
 146:Drivers/STM32F4xx_HAL_Driver/Src/stm32f4xx_hal_flash.c ****   * @brief  Program byte, halfword, word or double word at a specified address
 147:Drivers/STM32F4xx_HAL_Driver/Src/stm32f4xx_hal_flash.c ****   * @param  TypeProgram  Indicate the way to program at a specified address.
 148:Drivers/STM32F4xx_HAL_Driver/Src/stm32f4xx_hal_flash.c ****   *                           This parameter can be a value of @ref FLASH_Type_Program
 149:Drivers/STM32F4xx_HAL_Driver/Src/stm32f4xx_hal_flash.c ****   * @param  Address  specifies the address to be programmed.
 150:Drivers/STM32F4xx_HAL_Driver/Src/stm32f4xx_hal_flash.c ****   * @param  Data specifies the data to be programmed
 151:Drivers/STM32F4xx_HAL_Driver/Src/stm32f4xx_hal_flash.c ****   *
 152:Drivers/STM32F4xx_HAL_Driver/Src/stm32f4xx_hal_flash.c ****   * @retval HAL_StatusTypeDef HAL Status
 153:Drivers/STM32F4xx_HAL_Driver/Src/stm32f4xx_hal_flash.c ****   */
 154:Drivers/STM32F4xx_HAL_Driver/Src/stm32f4xx_hal_flash.c **** HAL_StatusTypeDef HAL_FLASH_Program(uint32_t TypeProgram, uint32_t Address, uint64_t Data)
 155:Drivers/STM32F4xx_HAL_Driver/Src/stm32f4xx_hal_flash.c **** {
  36              		.loc 1 155 1
  37              		.cfi_startproc
  38              		@ args = 0, pretend = 0, frame = 24
  39              		@ frame_needed = 1, uses_anonymous_args = 0
  40 0000 80B5     		push	{r7, lr}
  41              	.LCFI0:
  42              		.cfi_def_cfa_offset 8
  43              		.cfi_offset 7, -8
  44              		.cfi_offset 14, -4
  45 0002 86B0     		sub	sp, sp, #24
  46              	.LCFI1:
  47              		.cfi_def_cfa_offset 32
  48 0004 00AF     		add	r7, sp, #0
  49              	.LCFI2:
  50              		.cfi_def_cfa_register 7
  51 0006 F860     		str	r0, [r7, #12]
  52 0008 B960     		str	r1, [r7, #8]
  53 000a C7E90023 		strd	r2, [r7]
 156:Drivers/STM32F4xx_HAL_Driver/Src/stm32f4xx_hal_flash.c ****   HAL_StatusTypeDef status;
 157:Drivers/STM32F4xx_HAL_Driver/Src/stm32f4xx_hal_flash.c **** 
 158:Drivers/STM32F4xx_HAL_Driver/Src/stm32f4xx_hal_flash.c ****   /* Process Locked */
 159:Drivers/STM32F4xx_HAL_Driver/Src/stm32f4xx_hal_flash.c ****   __HAL_LOCK(&pFlash);
  54              		.loc 1 159 3
  55 000e 234B     		ldr	r3, .L9
  56 0010 1B7E     		ldrb	r3, [r3, #24]	@ zero_extendqisi2
  57 0012 012B     		cmp	r3, #1
  58 0014 01D1     		bne	.L2
  59              		.loc 1 159 3 is_stmt 0 discriminator 1
  60 0016 0223     		movs	r3, #2
  61              		.loc 1 159 3
  62 0018 3BE0     		b	.L3
  63              	.L2:
  64              		.loc 1 159 3 discriminator 2
  65 001a 204B     		ldr	r3, .L9
  66 001c 0122     		movs	r2, #1
  67 001e 1A76     		strb	r2, [r3, #24]
 160:Drivers/STM32F4xx_HAL_Driver/Src/stm32f4xx_hal_flash.c **** 
ARM GAS  C:\Users\DAELT-~1\AppData\Local\Temp\cc4hmfxW.s 			page 5


 161:Drivers/STM32F4xx_HAL_Driver/Src/stm32f4xx_hal_flash.c ****   /* Check the parameters */
 162:Drivers/STM32F4xx_HAL_Driver/Src/stm32f4xx_hal_flash.c ****   assert_param(IS_FLASH_TYPEPROGRAM(TypeProgram));
 163:Drivers/STM32F4xx_HAL_Driver/Src/stm32f4xx_hal_flash.c **** 
 164:Drivers/STM32F4xx_HAL_Driver/Src/stm32f4xx_hal_flash.c ****   /* Wait for last operation to be completed */
 165:Drivers/STM32F4xx_HAL_Driver/Src/stm32f4xx_hal_flash.c ****   status = FLASH_WaitForLastOperation((uint32_t)FLASH_TIMEOUT_VALUE);
  68              		.loc 1 165 12 is_stmt 1
  69 0020 4CF25030 		movw	r0, #50000
  70 0024 FFF7FEFF 		bl	FLASH_WaitForLastOperation
  71 0028 0346     		mov	r3, r0
  72 002a FB75     		strb	r3, [r7, #23]
 166:Drivers/STM32F4xx_HAL_Driver/Src/stm32f4xx_hal_flash.c **** 
 167:Drivers/STM32F4xx_HAL_Driver/Src/stm32f4xx_hal_flash.c ****   if (status == HAL_OK)
  73              		.loc 1 167 6
  74 002c FB7D     		ldrb	r3, [r7, #23]	@ zero_extendqisi2
  75 002e 002B     		cmp	r3, #0
  76 0030 2BD1     		bne	.L4
 168:Drivers/STM32F4xx_HAL_Driver/Src/stm32f4xx_hal_flash.c ****   {
 169:Drivers/STM32F4xx_HAL_Driver/Src/stm32f4xx_hal_flash.c ****     if (TypeProgram == FLASH_TYPEPROGRAM_BYTE)
  77              		.loc 1 169 8
  78 0032 FB68     		ldr	r3, [r7, #12]
  79 0034 002B     		cmp	r3, #0
  80 0036 05D1     		bne	.L5
 170:Drivers/STM32F4xx_HAL_Driver/Src/stm32f4xx_hal_flash.c ****     {
 171:Drivers/STM32F4xx_HAL_Driver/Src/stm32f4xx_hal_flash.c ****       /*Program byte (8-bit) at a specified address.*/
 172:Drivers/STM32F4xx_HAL_Driver/Src/stm32f4xx_hal_flash.c ****       FLASH_Program_Byte(Address, (uint8_t) Data);
  81              		.loc 1 172 7
  82 0038 3B78     		ldrb	r3, [r7]	@ zero_extendqisi2
  83 003a 1946     		mov	r1, r3
  84 003c B868     		ldr	r0, [r7, #8]
  85 003e FFF7FEFF 		bl	FLASH_Program_Byte
  86 0042 16E0     		b	.L6
  87              	.L5:
 173:Drivers/STM32F4xx_HAL_Driver/Src/stm32f4xx_hal_flash.c ****     }
 174:Drivers/STM32F4xx_HAL_Driver/Src/stm32f4xx_hal_flash.c ****     else if (TypeProgram == FLASH_TYPEPROGRAM_HALFWORD)
  88              		.loc 1 174 13
  89 0044 FB68     		ldr	r3, [r7, #12]
  90 0046 012B     		cmp	r3, #1
  91 0048 05D1     		bne	.L7
 175:Drivers/STM32F4xx_HAL_Driver/Src/stm32f4xx_hal_flash.c ****     {
 176:Drivers/STM32F4xx_HAL_Driver/Src/stm32f4xx_hal_flash.c ****       /*Program halfword (16-bit) at a specified address.*/
 177:Drivers/STM32F4xx_HAL_Driver/Src/stm32f4xx_hal_flash.c ****       FLASH_Program_HalfWord(Address, (uint16_t) Data);
  92              		.loc 1 177 7
  93 004a 3B88     		ldrh	r3, [r7]
  94 004c 1946     		mov	r1, r3
  95 004e B868     		ldr	r0, [r7, #8]
  96 0050 FFF7FEFF 		bl	FLASH_Program_HalfWord
  97 0054 0DE0     		b	.L6
  98              	.L7:
 178:Drivers/STM32F4xx_HAL_Driver/Src/stm32f4xx_hal_flash.c ****     }
 179:Drivers/STM32F4xx_HAL_Driver/Src/stm32f4xx_hal_flash.c ****     else if (TypeProgram == FLASH_TYPEPROGRAM_WORD)
  99              		.loc 1 179 13
 100 0056 FB68     		ldr	r3, [r7, #12]
 101 0058 022B     		cmp	r3, #2
 102 005a 05D1     		bne	.L8
 180:Drivers/STM32F4xx_HAL_Driver/Src/stm32f4xx_hal_flash.c ****     {
 181:Drivers/STM32F4xx_HAL_Driver/Src/stm32f4xx_hal_flash.c ****       /*Program word (32-bit) at a specified address.*/
 182:Drivers/STM32F4xx_HAL_Driver/Src/stm32f4xx_hal_flash.c ****       FLASH_Program_Word(Address, (uint32_t) Data);
ARM GAS  C:\Users\DAELT-~1\AppData\Local\Temp\cc4hmfxW.s 			page 6


 103              		.loc 1 182 7
 104 005c 3B68     		ldr	r3, [r7]
 105 005e 1946     		mov	r1, r3
 106 0060 B868     		ldr	r0, [r7, #8]
 107 0062 FFF7FEFF 		bl	FLASH_Program_Word
 108 0066 04E0     		b	.L6
 109              	.L8:
 183:Drivers/STM32F4xx_HAL_Driver/Src/stm32f4xx_hal_flash.c ****     }
 184:Drivers/STM32F4xx_HAL_Driver/Src/stm32f4xx_hal_flash.c ****     else
 185:Drivers/STM32F4xx_HAL_Driver/Src/stm32f4xx_hal_flash.c ****     {
 186:Drivers/STM32F4xx_HAL_Driver/Src/stm32f4xx_hal_flash.c ****       /*Program double word (64-bit) at a specified address.*/
 187:Drivers/STM32F4xx_HAL_Driver/Src/stm32f4xx_hal_flash.c ****       FLASH_Program_DoubleWord(Address, Data);
 110              		.loc 1 187 7
 111 0068 D7E90023 		ldrd	r2, [r7]
 112 006c B868     		ldr	r0, [r7, #8]
 113 006e FFF7FEFF 		bl	FLASH_Program_DoubleWord
 114              	.L6:
 188:Drivers/STM32F4xx_HAL_Driver/Src/stm32f4xx_hal_flash.c ****     }
 189:Drivers/STM32F4xx_HAL_Driver/Src/stm32f4xx_hal_flash.c **** 
 190:Drivers/STM32F4xx_HAL_Driver/Src/stm32f4xx_hal_flash.c ****     /* Wait for last operation to be completed */
 191:Drivers/STM32F4xx_HAL_Driver/Src/stm32f4xx_hal_flash.c ****     status = FLASH_WaitForLastOperation((uint32_t)FLASH_TIMEOUT_VALUE);
 115              		.loc 1 191 14
 116 0072 4CF25030 		movw	r0, #50000
 117 0076 FFF7FEFF 		bl	FLASH_WaitForLastOperation
 118 007a 0346     		mov	r3, r0
 119 007c FB75     		strb	r3, [r7, #23]
 192:Drivers/STM32F4xx_HAL_Driver/Src/stm32f4xx_hal_flash.c **** 
 193:Drivers/STM32F4xx_HAL_Driver/Src/stm32f4xx_hal_flash.c ****     /* If the program operation is completed, disable the PG Bit */
 194:Drivers/STM32F4xx_HAL_Driver/Src/stm32f4xx_hal_flash.c ****     FLASH->CR &= (~FLASH_CR_PG);
 120              		.loc 1 194 10
 121 007e 084B     		ldr	r3, .L9+4
 122 0080 1B69     		ldr	r3, [r3, #16]
 123 0082 074A     		ldr	r2, .L9+4
 124              		.loc 1 194 15
 125 0084 23F00103 		bic	r3, r3, #1
 126 0088 1361     		str	r3, [r2, #16]
 127              	.L4:
 195:Drivers/STM32F4xx_HAL_Driver/Src/stm32f4xx_hal_flash.c ****   }
 196:Drivers/STM32F4xx_HAL_Driver/Src/stm32f4xx_hal_flash.c **** 
 197:Drivers/STM32F4xx_HAL_Driver/Src/stm32f4xx_hal_flash.c ****   /* Process Unlocked */
 198:Drivers/STM32F4xx_HAL_Driver/Src/stm32f4xx_hal_flash.c ****   __HAL_UNLOCK(&pFlash);
 128              		.loc 1 198 3
 129 008a 044B     		ldr	r3, .L9
 130 008c 0022     		movs	r2, #0
 131 008e 1A76     		strb	r2, [r3, #24]
 199:Drivers/STM32F4xx_HAL_Driver/Src/stm32f4xx_hal_flash.c **** 
 200:Drivers/STM32F4xx_HAL_Driver/Src/stm32f4xx_hal_flash.c ****   return status;
 132              		.loc 1 200 10
 133 0090 FB7D     		ldrb	r3, [r7, #23]	@ zero_extendqisi2
 134              	.L3:
 201:Drivers/STM32F4xx_HAL_Driver/Src/stm32f4xx_hal_flash.c **** }
 135              		.loc 1 201 1
 136 0092 1846     		mov	r0, r3
 137 0094 1837     		adds	r7, r7, #24
 138              	.LCFI3:
 139              		.cfi_def_cfa_offset 8
 140 0096 BD46     		mov	sp, r7
ARM GAS  C:\Users\DAELT-~1\AppData\Local\Temp\cc4hmfxW.s 			page 7


 141              	.LCFI4:
 142              		.cfi_def_cfa_register 13
 143              		@ sp needed
 144 0098 80BD     		pop	{r7, pc}
 145              	.L10:
 146 009a 00BF     		.align	2
 147              	.L9:
 148 009c 00000000 		.word	pFlash
 149 00a0 003C0240 		.word	1073888256
 150              		.cfi_endproc
 151              	.LFE220:
 153              		.section	.text.HAL_FLASH_Program_IT,"ax",%progbits
 154              		.align	1
 155              		.global	HAL_FLASH_Program_IT
 156              		.syntax unified
 157              		.thumb
 158              		.thumb_func
 160              	HAL_FLASH_Program_IT:
 161              	.LFB221:
 202:Drivers/STM32F4xx_HAL_Driver/Src/stm32f4xx_hal_flash.c **** 
 203:Drivers/STM32F4xx_HAL_Driver/Src/stm32f4xx_hal_flash.c **** /**
 204:Drivers/STM32F4xx_HAL_Driver/Src/stm32f4xx_hal_flash.c ****   * @brief   Program byte, halfword, word or double word at a specified address  with interrupt ena
 205:Drivers/STM32F4xx_HAL_Driver/Src/stm32f4xx_hal_flash.c ****   * @param  TypeProgram  Indicate the way to program at a specified address.
 206:Drivers/STM32F4xx_HAL_Driver/Src/stm32f4xx_hal_flash.c ****   *                           This parameter can be a value of @ref FLASH_Type_Program
 207:Drivers/STM32F4xx_HAL_Driver/Src/stm32f4xx_hal_flash.c ****   * @param  Address  specifies the address to be programmed.
 208:Drivers/STM32F4xx_HAL_Driver/Src/stm32f4xx_hal_flash.c ****   * @param  Data specifies the data to be programmed
 209:Drivers/STM32F4xx_HAL_Driver/Src/stm32f4xx_hal_flash.c ****   *
 210:Drivers/STM32F4xx_HAL_Driver/Src/stm32f4xx_hal_flash.c ****   * @retval HAL Status
 211:Drivers/STM32F4xx_HAL_Driver/Src/stm32f4xx_hal_flash.c ****   */
 212:Drivers/STM32F4xx_HAL_Driver/Src/stm32f4xx_hal_flash.c **** HAL_StatusTypeDef HAL_FLASH_Program_IT(uint32_t TypeProgram, uint32_t Address, uint64_t Data)
 213:Drivers/STM32F4xx_HAL_Driver/Src/stm32f4xx_hal_flash.c **** {
 162              		.loc 1 213 1
 163              		.cfi_startproc
 164              		@ args = 0, pretend = 0, frame = 24
 165              		@ frame_needed = 1, uses_anonymous_args = 0
 166 0000 80B5     		push	{r7, lr}
 167              	.LCFI5:
 168              		.cfi_def_cfa_offset 8
 169              		.cfi_offset 7, -8
 170              		.cfi_offset 14, -4
 171 0002 86B0     		sub	sp, sp, #24
 172              	.LCFI6:
 173              		.cfi_def_cfa_offset 32
 174 0004 00AF     		add	r7, sp, #0
 175              	.LCFI7:
 176              		.cfi_def_cfa_register 7
 177 0006 F860     		str	r0, [r7, #12]
 178 0008 B960     		str	r1, [r7, #8]
 179 000a C7E90023 		strd	r2, [r7]
 214:Drivers/STM32F4xx_HAL_Driver/Src/stm32f4xx_hal_flash.c ****   HAL_StatusTypeDef status = HAL_OK;
 180              		.loc 1 214 21
 181 000e 0023     		movs	r3, #0
 182 0010 FB75     		strb	r3, [r7, #23]
 215:Drivers/STM32F4xx_HAL_Driver/Src/stm32f4xx_hal_flash.c **** 
 216:Drivers/STM32F4xx_HAL_Driver/Src/stm32f4xx_hal_flash.c ****   /* Check the parameters */
 217:Drivers/STM32F4xx_HAL_Driver/Src/stm32f4xx_hal_flash.c ****   assert_param(IS_FLASH_TYPEPROGRAM(TypeProgram));
 218:Drivers/STM32F4xx_HAL_Driver/Src/stm32f4xx_hal_flash.c **** 
ARM GAS  C:\Users\DAELT-~1\AppData\Local\Temp\cc4hmfxW.s 			page 8


 219:Drivers/STM32F4xx_HAL_Driver/Src/stm32f4xx_hal_flash.c ****   /* Enable End of FLASH Operation interrupt */
 220:Drivers/STM32F4xx_HAL_Driver/Src/stm32f4xx_hal_flash.c ****   __HAL_FLASH_ENABLE_IT(FLASH_IT_EOP);
 183              		.loc 1 220 3
 184 0012 1B4B     		ldr	r3, .L17
 185 0014 1B69     		ldr	r3, [r3, #16]
 186 0016 1A4A     		ldr	r2, .L17
 187 0018 43F08073 		orr	r3, r3, #16777216
 188 001c 1361     		str	r3, [r2, #16]
 221:Drivers/STM32F4xx_HAL_Driver/Src/stm32f4xx_hal_flash.c **** 
 222:Drivers/STM32F4xx_HAL_Driver/Src/stm32f4xx_hal_flash.c ****   /* Enable Error source interrupt */
 223:Drivers/STM32F4xx_HAL_Driver/Src/stm32f4xx_hal_flash.c ****   __HAL_FLASH_ENABLE_IT(FLASH_IT_ERR);
 189              		.loc 1 223 3
 190 001e 184B     		ldr	r3, .L17
 191 0020 1B69     		ldr	r3, [r3, #16]
 192 0022 174A     		ldr	r2, .L17
 193 0024 43F00073 		orr	r3, r3, #33554432
 194 0028 1361     		str	r3, [r2, #16]
 224:Drivers/STM32F4xx_HAL_Driver/Src/stm32f4xx_hal_flash.c **** 
 225:Drivers/STM32F4xx_HAL_Driver/Src/stm32f4xx_hal_flash.c ****   pFlash.ProcedureOnGoing = FLASH_PROC_PROGRAM;
 195              		.loc 1 225 27
 196 002a 164B     		ldr	r3, .L17+4
 197 002c 0322     		movs	r2, #3
 198 002e 1A70     		strb	r2, [r3]
 226:Drivers/STM32F4xx_HAL_Driver/Src/stm32f4xx_hal_flash.c ****   pFlash.Address = Address;
 199              		.loc 1 226 18
 200 0030 144A     		ldr	r2, .L17+4
 201 0032 BB68     		ldr	r3, [r7, #8]
 202 0034 5361     		str	r3, [r2, #20]
 227:Drivers/STM32F4xx_HAL_Driver/Src/stm32f4xx_hal_flash.c **** 
 228:Drivers/STM32F4xx_HAL_Driver/Src/stm32f4xx_hal_flash.c ****   if (TypeProgram == FLASH_TYPEPROGRAM_BYTE)
 203              		.loc 1 228 6
 204 0036 FB68     		ldr	r3, [r7, #12]
 205 0038 002B     		cmp	r3, #0
 206 003a 05D1     		bne	.L12
 229:Drivers/STM32F4xx_HAL_Driver/Src/stm32f4xx_hal_flash.c ****   {
 230:Drivers/STM32F4xx_HAL_Driver/Src/stm32f4xx_hal_flash.c ****     /*Program byte (8-bit) at a specified address.*/
 231:Drivers/STM32F4xx_HAL_Driver/Src/stm32f4xx_hal_flash.c ****     FLASH_Program_Byte(Address, (uint8_t) Data);
 207              		.loc 1 231 5
 208 003c 3B78     		ldrb	r3, [r7]	@ zero_extendqisi2
 209 003e 1946     		mov	r1, r3
 210 0040 B868     		ldr	r0, [r7, #8]
 211 0042 FFF7FEFF 		bl	FLASH_Program_Byte
 212 0046 16E0     		b	.L13
 213              	.L12:
 232:Drivers/STM32F4xx_HAL_Driver/Src/stm32f4xx_hal_flash.c ****   }
 233:Drivers/STM32F4xx_HAL_Driver/Src/stm32f4xx_hal_flash.c ****   else if (TypeProgram == FLASH_TYPEPROGRAM_HALFWORD)
 214              		.loc 1 233 11
 215 0048 FB68     		ldr	r3, [r7, #12]
 216 004a 012B     		cmp	r3, #1
 217 004c 05D1     		bne	.L14
 234:Drivers/STM32F4xx_HAL_Driver/Src/stm32f4xx_hal_flash.c ****   {
 235:Drivers/STM32F4xx_HAL_Driver/Src/stm32f4xx_hal_flash.c ****     /*Program halfword (16-bit) at a specified address.*/
 236:Drivers/STM32F4xx_HAL_Driver/Src/stm32f4xx_hal_flash.c ****     FLASH_Program_HalfWord(Address, (uint16_t) Data);
 218              		.loc 1 236 5
 219 004e 3B88     		ldrh	r3, [r7]
 220 0050 1946     		mov	r1, r3
 221 0052 B868     		ldr	r0, [r7, #8]
ARM GAS  C:\Users\DAELT-~1\AppData\Local\Temp\cc4hmfxW.s 			page 9


 222 0054 FFF7FEFF 		bl	FLASH_Program_HalfWord
 223 0058 0DE0     		b	.L13
 224              	.L14:
 237:Drivers/STM32F4xx_HAL_Driver/Src/stm32f4xx_hal_flash.c ****   }
 238:Drivers/STM32F4xx_HAL_Driver/Src/stm32f4xx_hal_flash.c ****   else if (TypeProgram == FLASH_TYPEPROGRAM_WORD)
 225              		.loc 1 238 11
 226 005a FB68     		ldr	r3, [r7, #12]
 227 005c 022B     		cmp	r3, #2
 228 005e 05D1     		bne	.L15
 239:Drivers/STM32F4xx_HAL_Driver/Src/stm32f4xx_hal_flash.c ****   {
 240:Drivers/STM32F4xx_HAL_Driver/Src/stm32f4xx_hal_flash.c ****     /*Program word (32-bit) at a specified address.*/
 241:Drivers/STM32F4xx_HAL_Driver/Src/stm32f4xx_hal_flash.c ****     FLASH_Program_Word(Address, (uint32_t) Data);
 229              		.loc 1 241 5
 230 0060 3B68     		ldr	r3, [r7]
 231 0062 1946     		mov	r1, r3
 232 0064 B868     		ldr	r0, [r7, #8]
 233 0066 FFF7FEFF 		bl	FLASH_Program_Word
 234 006a 04E0     		b	.L13
 235              	.L15:
 242:Drivers/STM32F4xx_HAL_Driver/Src/stm32f4xx_hal_flash.c ****   }
 243:Drivers/STM32F4xx_HAL_Driver/Src/stm32f4xx_hal_flash.c ****   else
 244:Drivers/STM32F4xx_HAL_Driver/Src/stm32f4xx_hal_flash.c ****   {
 245:Drivers/STM32F4xx_HAL_Driver/Src/stm32f4xx_hal_flash.c ****     /*Program double word (64-bit) at a specified address.*/
 246:Drivers/STM32F4xx_HAL_Driver/Src/stm32f4xx_hal_flash.c ****     FLASH_Program_DoubleWord(Address, Data);
 236              		.loc 1 246 5
 237 006c D7E90023 		ldrd	r2, [r7]
 238 0070 B868     		ldr	r0, [r7, #8]
 239 0072 FFF7FEFF 		bl	FLASH_Program_DoubleWord
 240              	.L13:
 247:Drivers/STM32F4xx_HAL_Driver/Src/stm32f4xx_hal_flash.c ****   }
 248:Drivers/STM32F4xx_HAL_Driver/Src/stm32f4xx_hal_flash.c **** 
 249:Drivers/STM32F4xx_HAL_Driver/Src/stm32f4xx_hal_flash.c ****   return status;
 241              		.loc 1 249 10
 242 0076 FB7D     		ldrb	r3, [r7, #23]	@ zero_extendqisi2
 250:Drivers/STM32F4xx_HAL_Driver/Src/stm32f4xx_hal_flash.c **** }
 243              		.loc 1 250 1
 244 0078 1846     		mov	r0, r3
 245 007a 1837     		adds	r7, r7, #24
 246              	.LCFI8:
 247              		.cfi_def_cfa_offset 8
 248 007c BD46     		mov	sp, r7
 249              	.LCFI9:
 250              		.cfi_def_cfa_register 13
 251              		@ sp needed
 252 007e 80BD     		pop	{r7, pc}
 253              	.L18:
 254              		.align	2
 255              	.L17:
 256 0080 003C0240 		.word	1073888256
 257 0084 00000000 		.word	pFlash
 258              		.cfi_endproc
 259              	.LFE221:
 261              		.section	.text.HAL_FLASH_IRQHandler,"ax",%progbits
 262              		.align	1
 263              		.global	HAL_FLASH_IRQHandler
 264              		.syntax unified
 265              		.thumb
ARM GAS  C:\Users\DAELT-~1\AppData\Local\Temp\cc4hmfxW.s 			page 10


 266              		.thumb_func
 268              	HAL_FLASH_IRQHandler:
 269              	.LFB222:
 251:Drivers/STM32F4xx_HAL_Driver/Src/stm32f4xx_hal_flash.c **** 
 252:Drivers/STM32F4xx_HAL_Driver/Src/stm32f4xx_hal_flash.c **** /**
 253:Drivers/STM32F4xx_HAL_Driver/Src/stm32f4xx_hal_flash.c ****   * @brief This function handles FLASH interrupt request.
 254:Drivers/STM32F4xx_HAL_Driver/Src/stm32f4xx_hal_flash.c ****   * @retval None
 255:Drivers/STM32F4xx_HAL_Driver/Src/stm32f4xx_hal_flash.c ****   */
 256:Drivers/STM32F4xx_HAL_Driver/Src/stm32f4xx_hal_flash.c **** void HAL_FLASH_IRQHandler(void)
 257:Drivers/STM32F4xx_HAL_Driver/Src/stm32f4xx_hal_flash.c **** {
 270              		.loc 1 257 1
 271              		.cfi_startproc
 272              		@ args = 0, pretend = 0, frame = 8
 273              		@ frame_needed = 1, uses_anonymous_args = 0
 274 0000 80B5     		push	{r7, lr}
 275              	.LCFI10:
 276              		.cfi_def_cfa_offset 8
 277              		.cfi_offset 7, -8
 278              		.cfi_offset 14, -4
 279 0002 82B0     		sub	sp, sp, #8
 280              	.LCFI11:
 281              		.cfi_def_cfa_offset 16
 282 0004 00AF     		add	r7, sp, #0
 283              	.LCFI12:
 284              		.cfi_def_cfa_register 7
 258:Drivers/STM32F4xx_HAL_Driver/Src/stm32f4xx_hal_flash.c ****   uint32_t addresstmp = 0U;
 285              		.loc 1 258 12
 286 0006 0023     		movs	r3, #0
 287 0008 7B60     		str	r3, [r7, #4]
 259:Drivers/STM32F4xx_HAL_Driver/Src/stm32f4xx_hal_flash.c **** 
 260:Drivers/STM32F4xx_HAL_Driver/Src/stm32f4xx_hal_flash.c ****   /* Check FLASH operation error flags */
 261:Drivers/STM32F4xx_HAL_Driver/Src/stm32f4xx_hal_flash.c **** #if defined(FLASH_SR_RDERR)
 262:Drivers/STM32F4xx_HAL_Driver/Src/stm32f4xx_hal_flash.c ****   if (__HAL_FLASH_GET_FLAG((FLASH_FLAG_OPERR | FLASH_FLAG_WRPERR | FLASH_FLAG_PGAERR | \
 288              		.loc 1 262 7
 289 000a 494B     		ldr	r3, .L31
 290 000c DB68     		ldr	r3, [r3, #12]
 291 000e 03F4F973 		and	r3, r3, #498
 292              		.loc 1 262 6
 293 0012 002B     		cmp	r3, #0
 294 0014 20D0     		beq	.L20
 263:Drivers/STM32F4xx_HAL_Driver/Src/stm32f4xx_hal_flash.c ****                             FLASH_FLAG_PGPERR | FLASH_FLAG_PGSERR | FLASH_FLAG_RDERR)) != RESET)
 264:Drivers/STM32F4xx_HAL_Driver/Src/stm32f4xx_hal_flash.c **** #else
 265:Drivers/STM32F4xx_HAL_Driver/Src/stm32f4xx_hal_flash.c ****   if (__HAL_FLASH_GET_FLAG((FLASH_FLAG_OPERR | FLASH_FLAG_WRPERR | FLASH_FLAG_PGAERR | \
 266:Drivers/STM32F4xx_HAL_Driver/Src/stm32f4xx_hal_flash.c ****                             FLASH_FLAG_PGPERR | FLASH_FLAG_PGSERR)) != RESET)
 267:Drivers/STM32F4xx_HAL_Driver/Src/stm32f4xx_hal_flash.c **** #endif /* FLASH_SR_RDERR */
 268:Drivers/STM32F4xx_HAL_Driver/Src/stm32f4xx_hal_flash.c ****   {
 269:Drivers/STM32F4xx_HAL_Driver/Src/stm32f4xx_hal_flash.c ****     if (pFlash.ProcedureOnGoing == FLASH_PROC_SECTERASE)
 295              		.loc 1 269 15
 296 0016 474B     		ldr	r3, .L31+4
 297 0018 1B78     		ldrb	r3, [r3]
 298 001a DBB2     		uxtb	r3, r3
 299              		.loc 1 269 8
 300 001c 012B     		cmp	r3, #1
 301 001e 07D1     		bne	.L21
 270:Drivers/STM32F4xx_HAL_Driver/Src/stm32f4xx_hal_flash.c ****     {
 271:Drivers/STM32F4xx_HAL_Driver/Src/stm32f4xx_hal_flash.c ****       /*return the faulty sector*/
 272:Drivers/STM32F4xx_HAL_Driver/Src/stm32f4xx_hal_flash.c ****       addresstmp = pFlash.Sector;
ARM GAS  C:\Users\DAELT-~1\AppData\Local\Temp\cc4hmfxW.s 			page 11


 302              		.loc 1 272 18
 303 0020 444B     		ldr	r3, .L31+4
 304 0022 DB68     		ldr	r3, [r3, #12]
 305 0024 7B60     		str	r3, [r7, #4]
 273:Drivers/STM32F4xx_HAL_Driver/Src/stm32f4xx_hal_flash.c ****       pFlash.Sector = 0xFFFFFFFFU;
 306              		.loc 1 273 21
 307 0026 434B     		ldr	r3, .L31+4
 308 0028 4FF0FF32 		mov	r2, #-1
 309 002c DA60     		str	r2, [r3, #12]
 310 002e 0BE0     		b	.L22
 311              	.L21:
 274:Drivers/STM32F4xx_HAL_Driver/Src/stm32f4xx_hal_flash.c ****     }
 275:Drivers/STM32F4xx_HAL_Driver/Src/stm32f4xx_hal_flash.c ****     else if (pFlash.ProcedureOnGoing == FLASH_PROC_MASSERASE)
 312              		.loc 1 275 20
 313 0030 404B     		ldr	r3, .L31+4
 314 0032 1B78     		ldrb	r3, [r3]
 315 0034 DBB2     		uxtb	r3, r3
 316              		.loc 1 275 13
 317 0036 022B     		cmp	r3, #2
 318 0038 03D1     		bne	.L23
 276:Drivers/STM32F4xx_HAL_Driver/Src/stm32f4xx_hal_flash.c ****     {
 277:Drivers/STM32F4xx_HAL_Driver/Src/stm32f4xx_hal_flash.c ****       /*return the faulty bank*/
 278:Drivers/STM32F4xx_HAL_Driver/Src/stm32f4xx_hal_flash.c ****       addresstmp = pFlash.Bank;
 319              		.loc 1 278 18
 320 003a 3E4B     		ldr	r3, .L31+4
 321 003c 1B69     		ldr	r3, [r3, #16]
 322 003e 7B60     		str	r3, [r7, #4]
 323 0040 02E0     		b	.L22
 324              	.L23:
 279:Drivers/STM32F4xx_HAL_Driver/Src/stm32f4xx_hal_flash.c ****     }
 280:Drivers/STM32F4xx_HAL_Driver/Src/stm32f4xx_hal_flash.c ****     else
 281:Drivers/STM32F4xx_HAL_Driver/Src/stm32f4xx_hal_flash.c ****     {
 282:Drivers/STM32F4xx_HAL_Driver/Src/stm32f4xx_hal_flash.c ****       /*return the faulty address*/
 283:Drivers/STM32F4xx_HAL_Driver/Src/stm32f4xx_hal_flash.c ****       addresstmp = pFlash.Address;
 325              		.loc 1 283 18
 326 0042 3C4B     		ldr	r3, .L31+4
 327 0044 5B69     		ldr	r3, [r3, #20]
 328 0046 7B60     		str	r3, [r7, #4]
 329              	.L22:
 284:Drivers/STM32F4xx_HAL_Driver/Src/stm32f4xx_hal_flash.c ****     }
 285:Drivers/STM32F4xx_HAL_Driver/Src/stm32f4xx_hal_flash.c **** 
 286:Drivers/STM32F4xx_HAL_Driver/Src/stm32f4xx_hal_flash.c ****     /*Save the Error code*/
 287:Drivers/STM32F4xx_HAL_Driver/Src/stm32f4xx_hal_flash.c ****     FLASH_SetErrorCode();
 330              		.loc 1 287 5
 331 0048 FFF7FEFF 		bl	FLASH_SetErrorCode
 288:Drivers/STM32F4xx_HAL_Driver/Src/stm32f4xx_hal_flash.c **** 
 289:Drivers/STM32F4xx_HAL_Driver/Src/stm32f4xx_hal_flash.c ****     /* FLASH error interrupt user callback */
 290:Drivers/STM32F4xx_HAL_Driver/Src/stm32f4xx_hal_flash.c ****     HAL_FLASH_OperationErrorCallback(addresstmp);
 332              		.loc 1 290 5
 333 004c 7868     		ldr	r0, [r7, #4]
 334 004e FFF7FEFF 		bl	HAL_FLASH_OperationErrorCallback
 291:Drivers/STM32F4xx_HAL_Driver/Src/stm32f4xx_hal_flash.c **** 
 292:Drivers/STM32F4xx_HAL_Driver/Src/stm32f4xx_hal_flash.c ****     /*Stop the procedure ongoing*/
 293:Drivers/STM32F4xx_HAL_Driver/Src/stm32f4xx_hal_flash.c ****     pFlash.ProcedureOnGoing = FLASH_PROC_NONE;
 335              		.loc 1 293 29
 336 0052 384B     		ldr	r3, .L31+4
 337 0054 0022     		movs	r2, #0
ARM GAS  C:\Users\DAELT-~1\AppData\Local\Temp\cc4hmfxW.s 			page 12


 338 0056 1A70     		strb	r2, [r3]
 339              	.L20:
 294:Drivers/STM32F4xx_HAL_Driver/Src/stm32f4xx_hal_flash.c ****   }
 295:Drivers/STM32F4xx_HAL_Driver/Src/stm32f4xx_hal_flash.c **** 
 296:Drivers/STM32F4xx_HAL_Driver/Src/stm32f4xx_hal_flash.c ****   /* Check FLASH End of Operation flag  */
 297:Drivers/STM32F4xx_HAL_Driver/Src/stm32f4xx_hal_flash.c ****   if (__HAL_FLASH_GET_FLAG(FLASH_FLAG_EOP) != RESET)
 340              		.loc 1 297 7
 341 0058 354B     		ldr	r3, .L31
 342 005a DB68     		ldr	r3, [r3, #12]
 343 005c 03F00103 		and	r3, r3, #1
 344              		.loc 1 297 6
 345 0060 002B     		cmp	r3, #0
 346 0062 4AD0     		beq	.L24
 298:Drivers/STM32F4xx_HAL_Driver/Src/stm32f4xx_hal_flash.c ****   {
 299:Drivers/STM32F4xx_HAL_Driver/Src/stm32f4xx_hal_flash.c ****     /* Clear FLASH End of Operation pending bit */
 300:Drivers/STM32F4xx_HAL_Driver/Src/stm32f4xx_hal_flash.c ****     __HAL_FLASH_CLEAR_FLAG(FLASH_FLAG_EOP);
 347              		.loc 1 300 5
 348 0064 324B     		ldr	r3, .L31
 349 0066 0122     		movs	r2, #1
 350 0068 DA60     		str	r2, [r3, #12]
 301:Drivers/STM32F4xx_HAL_Driver/Src/stm32f4xx_hal_flash.c **** 
 302:Drivers/STM32F4xx_HAL_Driver/Src/stm32f4xx_hal_flash.c ****     if (pFlash.ProcedureOnGoing == FLASH_PROC_SECTERASE)
 351              		.loc 1 302 15
 352 006a 324B     		ldr	r3, .L31+4
 353 006c 1B78     		ldrb	r3, [r3]
 354 006e DBB2     		uxtb	r3, r3
 355              		.loc 1 302 8
 356 0070 012B     		cmp	r3, #1
 357 0072 2DD1     		bne	.L25
 303:Drivers/STM32F4xx_HAL_Driver/Src/stm32f4xx_hal_flash.c ****     {
 304:Drivers/STM32F4xx_HAL_Driver/Src/stm32f4xx_hal_flash.c ****       /*Nb of sector to erased can be decreased*/
 305:Drivers/STM32F4xx_HAL_Driver/Src/stm32f4xx_hal_flash.c ****       pFlash.NbSectorsToErase--;
 358              		.loc 1 305 13
 359 0074 2F4B     		ldr	r3, .L31+4
 360 0076 5B68     		ldr	r3, [r3, #4]
 361              		.loc 1 305 30
 362 0078 013B     		subs	r3, r3, #1
 363 007a 2E4A     		ldr	r2, .L31+4
 364 007c 5360     		str	r3, [r2, #4]
 306:Drivers/STM32F4xx_HAL_Driver/Src/stm32f4xx_hal_flash.c **** 
 307:Drivers/STM32F4xx_HAL_Driver/Src/stm32f4xx_hal_flash.c ****       /* Check if there are still sectors to erase*/
 308:Drivers/STM32F4xx_HAL_Driver/Src/stm32f4xx_hal_flash.c ****       if (pFlash.NbSectorsToErase != 0U)
 365              		.loc 1 308 17
 366 007e 2D4B     		ldr	r3, .L31+4
 367 0080 5B68     		ldr	r3, [r3, #4]
 368              		.loc 1 308 10
 369 0082 002B     		cmp	r3, #0
 370 0084 15D0     		beq	.L26
 309:Drivers/STM32F4xx_HAL_Driver/Src/stm32f4xx_hal_flash.c ****       {
 310:Drivers/STM32F4xx_HAL_Driver/Src/stm32f4xx_hal_flash.c ****         addresstmp = pFlash.Sector;
 371              		.loc 1 310 20
 372 0086 2B4B     		ldr	r3, .L31+4
 373 0088 DB68     		ldr	r3, [r3, #12]
 374 008a 7B60     		str	r3, [r7, #4]
 311:Drivers/STM32F4xx_HAL_Driver/Src/stm32f4xx_hal_flash.c ****         /*Indicate user which sector has been erased*/
 312:Drivers/STM32F4xx_HAL_Driver/Src/stm32f4xx_hal_flash.c ****         HAL_FLASH_EndOfOperationCallback(addresstmp);
 375              		.loc 1 312 9
ARM GAS  C:\Users\DAELT-~1\AppData\Local\Temp\cc4hmfxW.s 			page 13


 376 008c 7868     		ldr	r0, [r7, #4]
 377 008e FFF7FEFF 		bl	HAL_FLASH_EndOfOperationCallback
 313:Drivers/STM32F4xx_HAL_Driver/Src/stm32f4xx_hal_flash.c **** 
 314:Drivers/STM32F4xx_HAL_Driver/Src/stm32f4xx_hal_flash.c ****         /*Increment sector number*/
 315:Drivers/STM32F4xx_HAL_Driver/Src/stm32f4xx_hal_flash.c ****         pFlash.Sector++;
 378              		.loc 1 315 15
 379 0092 284B     		ldr	r3, .L31+4
 380 0094 DB68     		ldr	r3, [r3, #12]
 381              		.loc 1 315 22
 382 0096 0133     		adds	r3, r3, #1
 383 0098 264A     		ldr	r2, .L31+4
 384 009a D360     		str	r3, [r2, #12]
 316:Drivers/STM32F4xx_HAL_Driver/Src/stm32f4xx_hal_flash.c ****         addresstmp = pFlash.Sector;
 385              		.loc 1 316 20
 386 009c 254B     		ldr	r3, .L31+4
 387 009e DB68     		ldr	r3, [r3, #12]
 388 00a0 7B60     		str	r3, [r7, #4]
 317:Drivers/STM32F4xx_HAL_Driver/Src/stm32f4xx_hal_flash.c ****         FLASH_Erase_Sector(addresstmp, pFlash.VoltageForErase);
 389              		.loc 1 317 46
 390 00a2 244B     		ldr	r3, .L31+4
 391 00a4 1B7A     		ldrb	r3, [r3, #8]
 392 00a6 DBB2     		uxtb	r3, r3
 393              		.loc 1 317 9
 394 00a8 1946     		mov	r1, r3
 395 00aa 7868     		ldr	r0, [r7, #4]
 396 00ac FFF7FEFF 		bl	FLASH_Erase_Sector
 397 00b0 23E0     		b	.L24
 398              	.L26:
 318:Drivers/STM32F4xx_HAL_Driver/Src/stm32f4xx_hal_flash.c ****       }
 319:Drivers/STM32F4xx_HAL_Driver/Src/stm32f4xx_hal_flash.c ****       else
 320:Drivers/STM32F4xx_HAL_Driver/Src/stm32f4xx_hal_flash.c ****       {
 321:Drivers/STM32F4xx_HAL_Driver/Src/stm32f4xx_hal_flash.c ****         /*No more sectors to Erase, user callback can be called.*/
 322:Drivers/STM32F4xx_HAL_Driver/Src/stm32f4xx_hal_flash.c ****         /*Reset Sector and stop Erase sectors procedure*/
 323:Drivers/STM32F4xx_HAL_Driver/Src/stm32f4xx_hal_flash.c ****         pFlash.Sector = addresstmp = 0xFFFFFFFFU;
 399              		.loc 1 323 36
 400 00b2 4FF0FF33 		mov	r3, #-1
 401 00b6 7B60     		str	r3, [r7, #4]
 402              		.loc 1 323 23
 403 00b8 1E4A     		ldr	r2, .L31+4
 404 00ba 7B68     		ldr	r3, [r7, #4]
 405 00bc D360     		str	r3, [r2, #12]
 324:Drivers/STM32F4xx_HAL_Driver/Src/stm32f4xx_hal_flash.c ****         pFlash.ProcedureOnGoing = FLASH_PROC_NONE;
 406              		.loc 1 324 33
 407 00be 1D4B     		ldr	r3, .L31+4
 408 00c0 0022     		movs	r2, #0
 409 00c2 1A70     		strb	r2, [r3]
 325:Drivers/STM32F4xx_HAL_Driver/Src/stm32f4xx_hal_flash.c **** 
 326:Drivers/STM32F4xx_HAL_Driver/Src/stm32f4xx_hal_flash.c ****         /* Flush the caches to be sure of the data consistency */
 327:Drivers/STM32F4xx_HAL_Driver/Src/stm32f4xx_hal_flash.c ****         FLASH_FlushCaches();
 410              		.loc 1 327 9
 411 00c4 FFF7FEFF 		bl	FLASH_FlushCaches
 328:Drivers/STM32F4xx_HAL_Driver/Src/stm32f4xx_hal_flash.c **** 
 329:Drivers/STM32F4xx_HAL_Driver/Src/stm32f4xx_hal_flash.c ****         /* FLASH EOP interrupt user callback */
 330:Drivers/STM32F4xx_HAL_Driver/Src/stm32f4xx_hal_flash.c ****         HAL_FLASH_EndOfOperationCallback(addresstmp);
 412              		.loc 1 330 9
 413 00c8 7868     		ldr	r0, [r7, #4]
 414 00ca FFF7FEFF 		bl	HAL_FLASH_EndOfOperationCallback
ARM GAS  C:\Users\DAELT-~1\AppData\Local\Temp\cc4hmfxW.s 			page 14


 415 00ce 14E0     		b	.L24
 416              	.L25:
 331:Drivers/STM32F4xx_HAL_Driver/Src/stm32f4xx_hal_flash.c ****       }
 332:Drivers/STM32F4xx_HAL_Driver/Src/stm32f4xx_hal_flash.c ****     }
 333:Drivers/STM32F4xx_HAL_Driver/Src/stm32f4xx_hal_flash.c ****     else
 334:Drivers/STM32F4xx_HAL_Driver/Src/stm32f4xx_hal_flash.c ****     {
 335:Drivers/STM32F4xx_HAL_Driver/Src/stm32f4xx_hal_flash.c ****       if (pFlash.ProcedureOnGoing == FLASH_PROC_MASSERASE)
 417              		.loc 1 335 17
 418 00d0 184B     		ldr	r3, .L31+4
 419 00d2 1B78     		ldrb	r3, [r3]
 420 00d4 DBB2     		uxtb	r3, r3
 421              		.loc 1 335 10
 422 00d6 022B     		cmp	r3, #2
 423 00d8 07D1     		bne	.L27
 336:Drivers/STM32F4xx_HAL_Driver/Src/stm32f4xx_hal_flash.c ****       {
 337:Drivers/STM32F4xx_HAL_Driver/Src/stm32f4xx_hal_flash.c ****         /* MassErase ended. Return the selected bank */
 338:Drivers/STM32F4xx_HAL_Driver/Src/stm32f4xx_hal_flash.c ****         /* Flush the caches to be sure of the data consistency */
 339:Drivers/STM32F4xx_HAL_Driver/Src/stm32f4xx_hal_flash.c ****         FLASH_FlushCaches();
 424              		.loc 1 339 9
 425 00da FFF7FEFF 		bl	FLASH_FlushCaches
 340:Drivers/STM32F4xx_HAL_Driver/Src/stm32f4xx_hal_flash.c **** 
 341:Drivers/STM32F4xx_HAL_Driver/Src/stm32f4xx_hal_flash.c ****         /* FLASH EOP interrupt user callback */
 342:Drivers/STM32F4xx_HAL_Driver/Src/stm32f4xx_hal_flash.c ****         HAL_FLASH_EndOfOperationCallback(pFlash.Bank);
 426              		.loc 1 342 48
 427 00de 154B     		ldr	r3, .L31+4
 428 00e0 1B69     		ldr	r3, [r3, #16]
 429              		.loc 1 342 9
 430 00e2 1846     		mov	r0, r3
 431 00e4 FFF7FEFF 		bl	HAL_FLASH_EndOfOperationCallback
 432 00e8 04E0     		b	.L28
 433              	.L27:
 343:Drivers/STM32F4xx_HAL_Driver/Src/stm32f4xx_hal_flash.c ****       }
 344:Drivers/STM32F4xx_HAL_Driver/Src/stm32f4xx_hal_flash.c ****       else
 345:Drivers/STM32F4xx_HAL_Driver/Src/stm32f4xx_hal_flash.c ****       {
 346:Drivers/STM32F4xx_HAL_Driver/Src/stm32f4xx_hal_flash.c ****         /*Program ended. Return the selected address*/
 347:Drivers/STM32F4xx_HAL_Driver/Src/stm32f4xx_hal_flash.c ****         /* FLASH EOP interrupt user callback */
 348:Drivers/STM32F4xx_HAL_Driver/Src/stm32f4xx_hal_flash.c ****         HAL_FLASH_EndOfOperationCallback(pFlash.Address);
 434              		.loc 1 348 48
 435 00ea 124B     		ldr	r3, .L31+4
 436 00ec 5B69     		ldr	r3, [r3, #20]
 437              		.loc 1 348 9
 438 00ee 1846     		mov	r0, r3
 439 00f0 FFF7FEFF 		bl	HAL_FLASH_EndOfOperationCallback
 440              	.L28:
 349:Drivers/STM32F4xx_HAL_Driver/Src/stm32f4xx_hal_flash.c ****       }
 350:Drivers/STM32F4xx_HAL_Driver/Src/stm32f4xx_hal_flash.c ****       pFlash.ProcedureOnGoing = FLASH_PROC_NONE;
 441              		.loc 1 350 31
 442 00f4 0F4B     		ldr	r3, .L31+4
 443 00f6 0022     		movs	r2, #0
 444 00f8 1A70     		strb	r2, [r3]
 445              	.L24:
 351:Drivers/STM32F4xx_HAL_Driver/Src/stm32f4xx_hal_flash.c ****     }
 352:Drivers/STM32F4xx_HAL_Driver/Src/stm32f4xx_hal_flash.c ****   }
 353:Drivers/STM32F4xx_HAL_Driver/Src/stm32f4xx_hal_flash.c **** 
 354:Drivers/STM32F4xx_HAL_Driver/Src/stm32f4xx_hal_flash.c ****   if (pFlash.ProcedureOnGoing == FLASH_PROC_NONE)
 446              		.loc 1 354 13
 447 00fa 0E4B     		ldr	r3, .L31+4
ARM GAS  C:\Users\DAELT-~1\AppData\Local\Temp\cc4hmfxW.s 			page 15


 448 00fc 1B78     		ldrb	r3, [r3]
 449 00fe DBB2     		uxtb	r3, r3
 450              		.loc 1 354 6
 451 0100 002B     		cmp	r3, #0
 452 0102 11D1     		bne	.L30
 355:Drivers/STM32F4xx_HAL_Driver/Src/stm32f4xx_hal_flash.c ****   {
 356:Drivers/STM32F4xx_HAL_Driver/Src/stm32f4xx_hal_flash.c ****     /* Operation is completed, disable the PG, SER, SNB and MER Bits */
 357:Drivers/STM32F4xx_HAL_Driver/Src/stm32f4xx_hal_flash.c ****     CLEAR_BIT(FLASH->CR, (FLASH_CR_PG | FLASH_CR_SER | FLASH_CR_SNB | FLASH_MER_BIT));
 453              		.loc 1 357 5
 454 0104 0A4B     		ldr	r3, .L31
 455 0106 1B69     		ldr	r3, [r3, #16]
 456 0108 094A     		ldr	r2, .L31
 457 010a 23F0FF03 		bic	r3, r3, #255
 458 010e 1361     		str	r3, [r2, #16]
 358:Drivers/STM32F4xx_HAL_Driver/Src/stm32f4xx_hal_flash.c **** 
 359:Drivers/STM32F4xx_HAL_Driver/Src/stm32f4xx_hal_flash.c ****     /* Disable End of FLASH Operation interrupt */
 360:Drivers/STM32F4xx_HAL_Driver/Src/stm32f4xx_hal_flash.c ****     __HAL_FLASH_DISABLE_IT(FLASH_IT_EOP);
 459              		.loc 1 360 5
 460 0110 074B     		ldr	r3, .L31
 461 0112 1B69     		ldr	r3, [r3, #16]
 462 0114 064A     		ldr	r2, .L31
 463 0116 23F08073 		bic	r3, r3, #16777216
 464 011a 1361     		str	r3, [r2, #16]
 361:Drivers/STM32F4xx_HAL_Driver/Src/stm32f4xx_hal_flash.c **** 
 362:Drivers/STM32F4xx_HAL_Driver/Src/stm32f4xx_hal_flash.c ****     /* Disable Error source interrupt */
 363:Drivers/STM32F4xx_HAL_Driver/Src/stm32f4xx_hal_flash.c ****     __HAL_FLASH_DISABLE_IT(FLASH_IT_ERR);
 465              		.loc 1 363 5
 466 011c 044B     		ldr	r3, .L31
 467 011e 1B69     		ldr	r3, [r3, #16]
 468 0120 034A     		ldr	r2, .L31
 469 0122 23F00073 		bic	r3, r3, #33554432
 470 0126 1361     		str	r3, [r2, #16]
 471              	.L30:
 364:Drivers/STM32F4xx_HAL_Driver/Src/stm32f4xx_hal_flash.c ****   }
 365:Drivers/STM32F4xx_HAL_Driver/Src/stm32f4xx_hal_flash.c **** }
 472              		.loc 1 365 1
 473 0128 00BF     		nop
 474 012a 0837     		adds	r7, r7, #8
 475              	.LCFI13:
 476              		.cfi_def_cfa_offset 8
 477 012c BD46     		mov	sp, r7
 478              	.LCFI14:
 479              		.cfi_def_cfa_register 13
 480              		@ sp needed
 481 012e 80BD     		pop	{r7, pc}
 482              	.L32:
 483              		.align	2
 484              	.L31:
 485 0130 003C0240 		.word	1073888256
 486 0134 00000000 		.word	pFlash
 487              		.cfi_endproc
 488              	.LFE222:
 490              		.section	.text.HAL_FLASH_EndOfOperationCallback,"ax",%progbits
 491              		.align	1
 492              		.weak	HAL_FLASH_EndOfOperationCallback
 493              		.syntax unified
 494              		.thumb
ARM GAS  C:\Users\DAELT-~1\AppData\Local\Temp\cc4hmfxW.s 			page 16


 495              		.thumb_func
 497              	HAL_FLASH_EndOfOperationCallback:
 498              	.LFB223:
 366:Drivers/STM32F4xx_HAL_Driver/Src/stm32f4xx_hal_flash.c **** 
 367:Drivers/STM32F4xx_HAL_Driver/Src/stm32f4xx_hal_flash.c **** /**
 368:Drivers/STM32F4xx_HAL_Driver/Src/stm32f4xx_hal_flash.c ****   * @brief  FLASH end of operation interrupt callback
 369:Drivers/STM32F4xx_HAL_Driver/Src/stm32f4xx_hal_flash.c ****   * @param  ReturnValue The value saved in this parameter depends on the ongoing procedure
 370:Drivers/STM32F4xx_HAL_Driver/Src/stm32f4xx_hal_flash.c ****   *                  Mass Erase: Bank number which has been requested to erase
 371:Drivers/STM32F4xx_HAL_Driver/Src/stm32f4xx_hal_flash.c ****   *                  Sectors Erase: Sector which has been erased
 372:Drivers/STM32F4xx_HAL_Driver/Src/stm32f4xx_hal_flash.c ****   *                    (if 0xFFFFFFFFU, it means that all the selected sectors have been erased)
 373:Drivers/STM32F4xx_HAL_Driver/Src/stm32f4xx_hal_flash.c ****   *                  Program: Address which was selected for data program
 374:Drivers/STM32F4xx_HAL_Driver/Src/stm32f4xx_hal_flash.c ****   * @retval None
 375:Drivers/STM32F4xx_HAL_Driver/Src/stm32f4xx_hal_flash.c ****   */
 376:Drivers/STM32F4xx_HAL_Driver/Src/stm32f4xx_hal_flash.c **** __weak void HAL_FLASH_EndOfOperationCallback(uint32_t ReturnValue)
 377:Drivers/STM32F4xx_HAL_Driver/Src/stm32f4xx_hal_flash.c **** {
 499              		.loc 1 377 1
 500              		.cfi_startproc
 501              		@ args = 0, pretend = 0, frame = 8
 502              		@ frame_needed = 1, uses_anonymous_args = 0
 503              		@ link register save eliminated.
 504 0000 80B4     		push	{r7}
 505              	.LCFI15:
 506              		.cfi_def_cfa_offset 4
 507              		.cfi_offset 7, -4
 508 0002 83B0     		sub	sp, sp, #12
 509              	.LCFI16:
 510              		.cfi_def_cfa_offset 16
 511 0004 00AF     		add	r7, sp, #0
 512              	.LCFI17:
 513              		.cfi_def_cfa_register 7
 514 0006 7860     		str	r0, [r7, #4]
 378:Drivers/STM32F4xx_HAL_Driver/Src/stm32f4xx_hal_flash.c ****   /* Prevent unused argument(s) compilation warning */
 379:Drivers/STM32F4xx_HAL_Driver/Src/stm32f4xx_hal_flash.c ****   UNUSED(ReturnValue);
 380:Drivers/STM32F4xx_HAL_Driver/Src/stm32f4xx_hal_flash.c ****   /* NOTE : This function Should not be modified, when the callback is needed,
 381:Drivers/STM32F4xx_HAL_Driver/Src/stm32f4xx_hal_flash.c ****             the HAL_FLASH_EndOfOperationCallback could be implemented in the user file
 382:Drivers/STM32F4xx_HAL_Driver/Src/stm32f4xx_hal_flash.c ****    */
 383:Drivers/STM32F4xx_HAL_Driver/Src/stm32f4xx_hal_flash.c **** }
 515              		.loc 1 383 1
 516 0008 00BF     		nop
 517 000a 0C37     		adds	r7, r7, #12
 518              	.LCFI18:
 519              		.cfi_def_cfa_offset 4
 520 000c BD46     		mov	sp, r7
 521              	.LCFI19:
 522              		.cfi_def_cfa_register 13
 523              		@ sp needed
 524 000e 5DF8047B 		ldr	r7, [sp], #4
 525              	.LCFI20:
 526              		.cfi_restore 7
 527              		.cfi_def_cfa_offset 0
 528 0012 7047     		bx	lr
 529              		.cfi_endproc
 530              	.LFE223:
 532              		.section	.text.HAL_FLASH_OperationErrorCallback,"ax",%progbits
 533              		.align	1
 534              		.weak	HAL_FLASH_OperationErrorCallback
 535              		.syntax unified
ARM GAS  C:\Users\DAELT-~1\AppData\Local\Temp\cc4hmfxW.s 			page 17


 536              		.thumb
 537              		.thumb_func
 539              	HAL_FLASH_OperationErrorCallback:
 540              	.LFB224:
 384:Drivers/STM32F4xx_HAL_Driver/Src/stm32f4xx_hal_flash.c **** 
 385:Drivers/STM32F4xx_HAL_Driver/Src/stm32f4xx_hal_flash.c **** /**
 386:Drivers/STM32F4xx_HAL_Driver/Src/stm32f4xx_hal_flash.c ****   * @brief  FLASH operation error interrupt callback
 387:Drivers/STM32F4xx_HAL_Driver/Src/stm32f4xx_hal_flash.c ****   * @param  ReturnValue The value saved in this parameter depends on the ongoing procedure
 388:Drivers/STM32F4xx_HAL_Driver/Src/stm32f4xx_hal_flash.c ****   *                 Mass Erase: Bank number which has been requested to erase
 389:Drivers/STM32F4xx_HAL_Driver/Src/stm32f4xx_hal_flash.c ****   *                 Sectors Erase: Sector number which returned an error
 390:Drivers/STM32F4xx_HAL_Driver/Src/stm32f4xx_hal_flash.c ****   *                 Program: Address which was selected for data program
 391:Drivers/STM32F4xx_HAL_Driver/Src/stm32f4xx_hal_flash.c ****   * @retval None
 392:Drivers/STM32F4xx_HAL_Driver/Src/stm32f4xx_hal_flash.c ****   */
 393:Drivers/STM32F4xx_HAL_Driver/Src/stm32f4xx_hal_flash.c **** __weak void HAL_FLASH_OperationErrorCallback(uint32_t ReturnValue)
 394:Drivers/STM32F4xx_HAL_Driver/Src/stm32f4xx_hal_flash.c **** {
 541              		.loc 1 394 1
 542              		.cfi_startproc
 543              		@ args = 0, pretend = 0, frame = 8
 544              		@ frame_needed = 1, uses_anonymous_args = 0
 545              		@ link register save eliminated.
 546 0000 80B4     		push	{r7}
 547              	.LCFI21:
 548              		.cfi_def_cfa_offset 4
 549              		.cfi_offset 7, -4
 550 0002 83B0     		sub	sp, sp, #12
 551              	.LCFI22:
 552              		.cfi_def_cfa_offset 16
 553 0004 00AF     		add	r7, sp, #0
 554              	.LCFI23:
 555              		.cfi_def_cfa_register 7
 556 0006 7860     		str	r0, [r7, #4]
 395:Drivers/STM32F4xx_HAL_Driver/Src/stm32f4xx_hal_flash.c ****   /* Prevent unused argument(s) compilation warning */
 396:Drivers/STM32F4xx_HAL_Driver/Src/stm32f4xx_hal_flash.c ****   UNUSED(ReturnValue);
 397:Drivers/STM32F4xx_HAL_Driver/Src/stm32f4xx_hal_flash.c ****   /* NOTE : This function Should not be modified, when the callback is needed,
 398:Drivers/STM32F4xx_HAL_Driver/Src/stm32f4xx_hal_flash.c ****             the HAL_FLASH_OperationErrorCallback could be implemented in the user file
 399:Drivers/STM32F4xx_HAL_Driver/Src/stm32f4xx_hal_flash.c ****    */
 400:Drivers/STM32F4xx_HAL_Driver/Src/stm32f4xx_hal_flash.c **** }
 557              		.loc 1 400 1
 558 0008 00BF     		nop
 559 000a 0C37     		adds	r7, r7, #12
 560              	.LCFI24:
 561              		.cfi_def_cfa_offset 4
 562 000c BD46     		mov	sp, r7
 563              	.LCFI25:
 564              		.cfi_def_cfa_register 13
 565              		@ sp needed
 566 000e 5DF8047B 		ldr	r7, [sp], #4
 567              	.LCFI26:
 568              		.cfi_restore 7
 569              		.cfi_def_cfa_offset 0
 570 0012 7047     		bx	lr
 571              		.cfi_endproc
 572              	.LFE224:
 574              		.section	.text.HAL_FLASH_Unlock,"ax",%progbits
 575              		.align	1
 576              		.global	HAL_FLASH_Unlock
 577              		.syntax unified
ARM GAS  C:\Users\DAELT-~1\AppData\Local\Temp\cc4hmfxW.s 			page 18


 578              		.thumb
 579              		.thumb_func
 581              	HAL_FLASH_Unlock:
 582              	.LFB225:
 401:Drivers/STM32F4xx_HAL_Driver/Src/stm32f4xx_hal_flash.c **** 
 402:Drivers/STM32F4xx_HAL_Driver/Src/stm32f4xx_hal_flash.c **** /**
 403:Drivers/STM32F4xx_HAL_Driver/Src/stm32f4xx_hal_flash.c ****   * @}
 404:Drivers/STM32F4xx_HAL_Driver/Src/stm32f4xx_hal_flash.c ****   */
 405:Drivers/STM32F4xx_HAL_Driver/Src/stm32f4xx_hal_flash.c **** 
 406:Drivers/STM32F4xx_HAL_Driver/Src/stm32f4xx_hal_flash.c **** /** @defgroup FLASH_Exported_Functions_Group2 Peripheral Control functions
 407:Drivers/STM32F4xx_HAL_Driver/Src/stm32f4xx_hal_flash.c ****   *  @brief   management functions
 408:Drivers/STM32F4xx_HAL_Driver/Src/stm32f4xx_hal_flash.c ****   *
 409:Drivers/STM32F4xx_HAL_Driver/Src/stm32f4xx_hal_flash.c **** @verbatim
 410:Drivers/STM32F4xx_HAL_Driver/Src/stm32f4xx_hal_flash.c ****  ===============================================================================
 411:Drivers/STM32F4xx_HAL_Driver/Src/stm32f4xx_hal_flash.c ****                       ##### Peripheral Control functions #####
 412:Drivers/STM32F4xx_HAL_Driver/Src/stm32f4xx_hal_flash.c ****  ===============================================================================
 413:Drivers/STM32F4xx_HAL_Driver/Src/stm32f4xx_hal_flash.c ****     [..]
 414:Drivers/STM32F4xx_HAL_Driver/Src/stm32f4xx_hal_flash.c ****     This subsection provides a set of functions allowing to control the FLASH
 415:Drivers/STM32F4xx_HAL_Driver/Src/stm32f4xx_hal_flash.c ****     memory operations.
 416:Drivers/STM32F4xx_HAL_Driver/Src/stm32f4xx_hal_flash.c **** 
 417:Drivers/STM32F4xx_HAL_Driver/Src/stm32f4xx_hal_flash.c **** @endverbatim
 418:Drivers/STM32F4xx_HAL_Driver/Src/stm32f4xx_hal_flash.c ****   * @{
 419:Drivers/STM32F4xx_HAL_Driver/Src/stm32f4xx_hal_flash.c ****   */
 420:Drivers/STM32F4xx_HAL_Driver/Src/stm32f4xx_hal_flash.c **** 
 421:Drivers/STM32F4xx_HAL_Driver/Src/stm32f4xx_hal_flash.c **** /**
 422:Drivers/STM32F4xx_HAL_Driver/Src/stm32f4xx_hal_flash.c ****   * @brief  Unlock the FLASH control register access
 423:Drivers/STM32F4xx_HAL_Driver/Src/stm32f4xx_hal_flash.c ****   * @retval HAL Status
 424:Drivers/STM32F4xx_HAL_Driver/Src/stm32f4xx_hal_flash.c ****   */
 425:Drivers/STM32F4xx_HAL_Driver/Src/stm32f4xx_hal_flash.c **** HAL_StatusTypeDef HAL_FLASH_Unlock(void)
 426:Drivers/STM32F4xx_HAL_Driver/Src/stm32f4xx_hal_flash.c **** {
 583              		.loc 1 426 1
 584              		.cfi_startproc
 585              		@ args = 0, pretend = 0, frame = 8
 586              		@ frame_needed = 1, uses_anonymous_args = 0
 587              		@ link register save eliminated.
 588 0000 80B4     		push	{r7}
 589              	.LCFI27:
 590              		.cfi_def_cfa_offset 4
 591              		.cfi_offset 7, -4
 592 0002 83B0     		sub	sp, sp, #12
 593              	.LCFI28:
 594              		.cfi_def_cfa_offset 16
 595 0004 00AF     		add	r7, sp, #0
 596              	.LCFI29:
 597              		.cfi_def_cfa_register 7
 427:Drivers/STM32F4xx_HAL_Driver/Src/stm32f4xx_hal_flash.c ****   HAL_StatusTypeDef status = HAL_OK;
 598              		.loc 1 427 21
 599 0006 0023     		movs	r3, #0
 600 0008 FB71     		strb	r3, [r7, #7]
 428:Drivers/STM32F4xx_HAL_Driver/Src/stm32f4xx_hal_flash.c **** 
 429:Drivers/STM32F4xx_HAL_Driver/Src/stm32f4xx_hal_flash.c ****   if (READ_BIT(FLASH->CR, FLASH_CR_LOCK) != RESET)
 601              		.loc 1 429 7
 602 000a 0B4B     		ldr	r3, .L38
 603 000c 1B69     		ldr	r3, [r3, #16]
 604              		.loc 1 429 6
 605 000e 002B     		cmp	r3, #0
 606 0010 0BDA     		bge	.L36
ARM GAS  C:\Users\DAELT-~1\AppData\Local\Temp\cc4hmfxW.s 			page 19


 430:Drivers/STM32F4xx_HAL_Driver/Src/stm32f4xx_hal_flash.c ****   {
 431:Drivers/STM32F4xx_HAL_Driver/Src/stm32f4xx_hal_flash.c ****     /* Authorize the FLASH Registers access */
 432:Drivers/STM32F4xx_HAL_Driver/Src/stm32f4xx_hal_flash.c ****     WRITE_REG(FLASH->KEYR, FLASH_KEY1);
 607              		.loc 1 432 5
 608 0012 094B     		ldr	r3, .L38
 609 0014 094A     		ldr	r2, .L38+4
 610 0016 5A60     		str	r2, [r3, #4]
 433:Drivers/STM32F4xx_HAL_Driver/Src/stm32f4xx_hal_flash.c ****     WRITE_REG(FLASH->KEYR, FLASH_KEY2);
 611              		.loc 1 433 5
 612 0018 074B     		ldr	r3, .L38
 613 001a 094A     		ldr	r2, .L38+8
 614 001c 5A60     		str	r2, [r3, #4]
 434:Drivers/STM32F4xx_HAL_Driver/Src/stm32f4xx_hal_flash.c **** 
 435:Drivers/STM32F4xx_HAL_Driver/Src/stm32f4xx_hal_flash.c ****     /* Verify Flash is unlocked */
 436:Drivers/STM32F4xx_HAL_Driver/Src/stm32f4xx_hal_flash.c ****     if (READ_BIT(FLASH->CR, FLASH_CR_LOCK) != RESET)
 615              		.loc 1 436 9
 616 001e 064B     		ldr	r3, .L38
 617 0020 1B69     		ldr	r3, [r3, #16]
 618              		.loc 1 436 8
 619 0022 002B     		cmp	r3, #0
 620 0024 01DA     		bge	.L36
 437:Drivers/STM32F4xx_HAL_Driver/Src/stm32f4xx_hal_flash.c ****     {
 438:Drivers/STM32F4xx_HAL_Driver/Src/stm32f4xx_hal_flash.c ****       status = HAL_ERROR;
 621              		.loc 1 438 14
 622 0026 0123     		movs	r3, #1
 623 0028 FB71     		strb	r3, [r7, #7]
 624              	.L36:
 439:Drivers/STM32F4xx_HAL_Driver/Src/stm32f4xx_hal_flash.c ****     }
 440:Drivers/STM32F4xx_HAL_Driver/Src/stm32f4xx_hal_flash.c ****   }
 441:Drivers/STM32F4xx_HAL_Driver/Src/stm32f4xx_hal_flash.c **** 
 442:Drivers/STM32F4xx_HAL_Driver/Src/stm32f4xx_hal_flash.c ****   return status;
 625              		.loc 1 442 10
 626 002a FB79     		ldrb	r3, [r7, #7]	@ zero_extendqisi2
 443:Drivers/STM32F4xx_HAL_Driver/Src/stm32f4xx_hal_flash.c **** }
 627              		.loc 1 443 1
 628 002c 1846     		mov	r0, r3
 629 002e 0C37     		adds	r7, r7, #12
 630              	.LCFI30:
 631              		.cfi_def_cfa_offset 4
 632 0030 BD46     		mov	sp, r7
 633              	.LCFI31:
 634              		.cfi_def_cfa_register 13
 635              		@ sp needed
 636 0032 5DF8047B 		ldr	r7, [sp], #4
 637              	.LCFI32:
 638              		.cfi_restore 7
 639              		.cfi_def_cfa_offset 0
 640 0036 7047     		bx	lr
 641              	.L39:
 642              		.align	2
 643              	.L38:
 644 0038 003C0240 		.word	1073888256
 645 003c 23016745 		.word	1164378403
 646 0040 AB89EFCD 		.word	-839939669
 647              		.cfi_endproc
 648              	.LFE225:
 650              		.section	.text.HAL_FLASH_Lock,"ax",%progbits
ARM GAS  C:\Users\DAELT-~1\AppData\Local\Temp\cc4hmfxW.s 			page 20


 651              		.align	1
 652              		.global	HAL_FLASH_Lock
 653              		.syntax unified
 654              		.thumb
 655              		.thumb_func
 657              	HAL_FLASH_Lock:
 658              	.LFB226:
 444:Drivers/STM32F4xx_HAL_Driver/Src/stm32f4xx_hal_flash.c **** 
 445:Drivers/STM32F4xx_HAL_Driver/Src/stm32f4xx_hal_flash.c **** /**
 446:Drivers/STM32F4xx_HAL_Driver/Src/stm32f4xx_hal_flash.c ****   * @brief  Locks the FLASH control register access
 447:Drivers/STM32F4xx_HAL_Driver/Src/stm32f4xx_hal_flash.c ****   * @retval HAL Status
 448:Drivers/STM32F4xx_HAL_Driver/Src/stm32f4xx_hal_flash.c ****   */
 449:Drivers/STM32F4xx_HAL_Driver/Src/stm32f4xx_hal_flash.c **** HAL_StatusTypeDef HAL_FLASH_Lock(void)
 450:Drivers/STM32F4xx_HAL_Driver/Src/stm32f4xx_hal_flash.c **** {
 659              		.loc 1 450 1
 660              		.cfi_startproc
 661              		@ args = 0, pretend = 0, frame = 0
 662              		@ frame_needed = 1, uses_anonymous_args = 0
 663              		@ link register save eliminated.
 664 0000 80B4     		push	{r7}
 665              	.LCFI33:
 666              		.cfi_def_cfa_offset 4
 667              		.cfi_offset 7, -4
 668 0002 00AF     		add	r7, sp, #0
 669              	.LCFI34:
 670              		.cfi_def_cfa_register 7
 451:Drivers/STM32F4xx_HAL_Driver/Src/stm32f4xx_hal_flash.c ****   /* Set the LOCK Bit to lock the FLASH Registers access */
 452:Drivers/STM32F4xx_HAL_Driver/Src/stm32f4xx_hal_flash.c ****   FLASH->CR |= FLASH_CR_LOCK;
 671              		.loc 1 452 8
 672 0004 054B     		ldr	r3, .L42
 673 0006 1B69     		ldr	r3, [r3, #16]
 674 0008 044A     		ldr	r2, .L42
 675              		.loc 1 452 13
 676 000a 43F00043 		orr	r3, r3, #-2147483648
 677 000e 1361     		str	r3, [r2, #16]
 453:Drivers/STM32F4xx_HAL_Driver/Src/stm32f4xx_hal_flash.c **** 
 454:Drivers/STM32F4xx_HAL_Driver/Src/stm32f4xx_hal_flash.c ****   return HAL_OK;
 678              		.loc 1 454 10
 679 0010 0023     		movs	r3, #0
 455:Drivers/STM32F4xx_HAL_Driver/Src/stm32f4xx_hal_flash.c **** }
 680              		.loc 1 455 1
 681 0012 1846     		mov	r0, r3
 682 0014 BD46     		mov	sp, r7
 683              	.LCFI35:
 684              		.cfi_def_cfa_register 13
 685              		@ sp needed
 686 0016 5DF8047B 		ldr	r7, [sp], #4
 687              	.LCFI36:
 688              		.cfi_restore 7
 689              		.cfi_def_cfa_offset 0
 690 001a 7047     		bx	lr
 691              	.L43:
 692              		.align	2
 693              	.L42:
 694 001c 003C0240 		.word	1073888256
 695              		.cfi_endproc
 696              	.LFE226:
ARM GAS  C:\Users\DAELT-~1\AppData\Local\Temp\cc4hmfxW.s 			page 21


 698              		.section	.text.HAL_FLASH_OB_Unlock,"ax",%progbits
 699              		.align	1
 700              		.global	HAL_FLASH_OB_Unlock
 701              		.syntax unified
 702              		.thumb
 703              		.thumb_func
 705              	HAL_FLASH_OB_Unlock:
 706              	.LFB227:
 456:Drivers/STM32F4xx_HAL_Driver/Src/stm32f4xx_hal_flash.c **** 
 457:Drivers/STM32F4xx_HAL_Driver/Src/stm32f4xx_hal_flash.c **** /**
 458:Drivers/STM32F4xx_HAL_Driver/Src/stm32f4xx_hal_flash.c ****   * @brief  Unlock the FLASH Option Control Registers access.
 459:Drivers/STM32F4xx_HAL_Driver/Src/stm32f4xx_hal_flash.c ****   * @retval HAL Status
 460:Drivers/STM32F4xx_HAL_Driver/Src/stm32f4xx_hal_flash.c ****   */
 461:Drivers/STM32F4xx_HAL_Driver/Src/stm32f4xx_hal_flash.c **** HAL_StatusTypeDef HAL_FLASH_OB_Unlock(void)
 462:Drivers/STM32F4xx_HAL_Driver/Src/stm32f4xx_hal_flash.c **** {
 707              		.loc 1 462 1
 708              		.cfi_startproc
 709              		@ args = 0, pretend = 0, frame = 0
 710              		@ frame_needed = 1, uses_anonymous_args = 0
 711              		@ link register save eliminated.
 712 0000 80B4     		push	{r7}
 713              	.LCFI37:
 714              		.cfi_def_cfa_offset 4
 715              		.cfi_offset 7, -4
 716 0002 00AF     		add	r7, sp, #0
 717              	.LCFI38:
 718              		.cfi_def_cfa_register 7
 463:Drivers/STM32F4xx_HAL_Driver/Src/stm32f4xx_hal_flash.c ****   if ((FLASH->OPTCR & FLASH_OPTCR_OPTLOCK) != RESET)
 719              		.loc 1 463 13
 720 0004 094B     		ldr	r3, .L48
 721 0006 5B69     		ldr	r3, [r3, #20]
 722              		.loc 1 463 21
 723 0008 03F00103 		and	r3, r3, #1
 724              		.loc 1 463 6
 725 000c 002B     		cmp	r3, #0
 726 000e 07D0     		beq	.L45
 464:Drivers/STM32F4xx_HAL_Driver/Src/stm32f4xx_hal_flash.c ****   {
 465:Drivers/STM32F4xx_HAL_Driver/Src/stm32f4xx_hal_flash.c ****     /* Authorizes the Option Byte register programming */
 466:Drivers/STM32F4xx_HAL_Driver/Src/stm32f4xx_hal_flash.c ****     FLASH->OPTKEYR = FLASH_OPT_KEY1;
 727              		.loc 1 466 10
 728 0010 064B     		ldr	r3, .L48
 729              		.loc 1 466 20
 730 0012 074A     		ldr	r2, .L48+4
 731 0014 9A60     		str	r2, [r3, #8]
 467:Drivers/STM32F4xx_HAL_Driver/Src/stm32f4xx_hal_flash.c ****     FLASH->OPTKEYR = FLASH_OPT_KEY2;
 732              		.loc 1 467 10
 733 0016 054B     		ldr	r3, .L48
 734              		.loc 1 467 20
 735 0018 064A     		ldr	r2, .L48+8
 736 001a 9A60     		str	r2, [r3, #8]
 468:Drivers/STM32F4xx_HAL_Driver/Src/stm32f4xx_hal_flash.c ****   }
 469:Drivers/STM32F4xx_HAL_Driver/Src/stm32f4xx_hal_flash.c ****   else
 470:Drivers/STM32F4xx_HAL_Driver/Src/stm32f4xx_hal_flash.c ****   {
 471:Drivers/STM32F4xx_HAL_Driver/Src/stm32f4xx_hal_flash.c ****     return HAL_ERROR;
 472:Drivers/STM32F4xx_HAL_Driver/Src/stm32f4xx_hal_flash.c ****   }
 473:Drivers/STM32F4xx_HAL_Driver/Src/stm32f4xx_hal_flash.c **** 
 474:Drivers/STM32F4xx_HAL_Driver/Src/stm32f4xx_hal_flash.c ****   return HAL_OK;
ARM GAS  C:\Users\DAELT-~1\AppData\Local\Temp\cc4hmfxW.s 			page 22


 737              		.loc 1 474 10
 738 001c 0023     		movs	r3, #0
 739 001e 00E0     		b	.L47
 740              	.L45:
 471:Drivers/STM32F4xx_HAL_Driver/Src/stm32f4xx_hal_flash.c ****   }
 741              		.loc 1 471 12
 742 0020 0123     		movs	r3, #1
 743              	.L47:
 475:Drivers/STM32F4xx_HAL_Driver/Src/stm32f4xx_hal_flash.c **** }
 744              		.loc 1 475 1
 745 0022 1846     		mov	r0, r3
 746 0024 BD46     		mov	sp, r7
 747              	.LCFI39:
 748              		.cfi_def_cfa_register 13
 749              		@ sp needed
 750 0026 5DF8047B 		ldr	r7, [sp], #4
 751              	.LCFI40:
 752              		.cfi_restore 7
 753              		.cfi_def_cfa_offset 0
 754 002a 7047     		bx	lr
 755              	.L49:
 756              		.align	2
 757              	.L48:
 758 002c 003C0240 		.word	1073888256
 759 0030 3B2A1908 		.word	135866939
 760 0034 7F6E5D4C 		.word	1281191551
 761              		.cfi_endproc
 762              	.LFE227:
 764              		.section	.text.HAL_FLASH_OB_Lock,"ax",%progbits
 765              		.align	1
 766              		.global	HAL_FLASH_OB_Lock
 767              		.syntax unified
 768              		.thumb
 769              		.thumb_func
 771              	HAL_FLASH_OB_Lock:
 772              	.LFB228:
 476:Drivers/STM32F4xx_HAL_Driver/Src/stm32f4xx_hal_flash.c **** 
 477:Drivers/STM32F4xx_HAL_Driver/Src/stm32f4xx_hal_flash.c **** /**
 478:Drivers/STM32F4xx_HAL_Driver/Src/stm32f4xx_hal_flash.c ****   * @brief  Lock the FLASH Option Control Registers access.
 479:Drivers/STM32F4xx_HAL_Driver/Src/stm32f4xx_hal_flash.c ****   * @retval HAL Status
 480:Drivers/STM32F4xx_HAL_Driver/Src/stm32f4xx_hal_flash.c ****   */
 481:Drivers/STM32F4xx_HAL_Driver/Src/stm32f4xx_hal_flash.c **** HAL_StatusTypeDef HAL_FLASH_OB_Lock(void)
 482:Drivers/STM32F4xx_HAL_Driver/Src/stm32f4xx_hal_flash.c **** {
 773              		.loc 1 482 1
 774              		.cfi_startproc
 775              		@ args = 0, pretend = 0, frame = 0
 776              		@ frame_needed = 1, uses_anonymous_args = 0
 777              		@ link register save eliminated.
 778 0000 80B4     		push	{r7}
 779              	.LCFI41:
 780              		.cfi_def_cfa_offset 4
 781              		.cfi_offset 7, -4
 782 0002 00AF     		add	r7, sp, #0
 783              	.LCFI42:
 784              		.cfi_def_cfa_register 7
 483:Drivers/STM32F4xx_HAL_Driver/Src/stm32f4xx_hal_flash.c ****   /* Set the OPTLOCK Bit to lock the FLASH Option Byte Registers access */
 484:Drivers/STM32F4xx_HAL_Driver/Src/stm32f4xx_hal_flash.c ****   FLASH->OPTCR |= FLASH_OPTCR_OPTLOCK;
ARM GAS  C:\Users\DAELT-~1\AppData\Local\Temp\cc4hmfxW.s 			page 23


 785              		.loc 1 484 8
 786 0004 054B     		ldr	r3, .L52
 787 0006 5B69     		ldr	r3, [r3, #20]
 788 0008 044A     		ldr	r2, .L52
 789              		.loc 1 484 16
 790 000a 43F00103 		orr	r3, r3, #1
 791 000e 5361     		str	r3, [r2, #20]
 485:Drivers/STM32F4xx_HAL_Driver/Src/stm32f4xx_hal_flash.c **** 
 486:Drivers/STM32F4xx_HAL_Driver/Src/stm32f4xx_hal_flash.c ****   return HAL_OK;
 792              		.loc 1 486 10
 793 0010 0023     		movs	r3, #0
 487:Drivers/STM32F4xx_HAL_Driver/Src/stm32f4xx_hal_flash.c **** }
 794              		.loc 1 487 1
 795 0012 1846     		mov	r0, r3
 796 0014 BD46     		mov	sp, r7
 797              	.LCFI43:
 798              		.cfi_def_cfa_register 13
 799              		@ sp needed
 800 0016 5DF8047B 		ldr	r7, [sp], #4
 801              	.LCFI44:
 802              		.cfi_restore 7
 803              		.cfi_def_cfa_offset 0
 804 001a 7047     		bx	lr
 805              	.L53:
 806              		.align	2
 807              	.L52:
 808 001c 003C0240 		.word	1073888256
 809              		.cfi_endproc
 810              	.LFE228:
 812              		.section	.text.HAL_FLASH_OB_Launch,"ax",%progbits
 813              		.align	1
 814              		.global	HAL_FLASH_OB_Launch
 815              		.syntax unified
 816              		.thumb
 817              		.thumb_func
 819              	HAL_FLASH_OB_Launch:
 820              	.LFB229:
 488:Drivers/STM32F4xx_HAL_Driver/Src/stm32f4xx_hal_flash.c **** 
 489:Drivers/STM32F4xx_HAL_Driver/Src/stm32f4xx_hal_flash.c **** /**
 490:Drivers/STM32F4xx_HAL_Driver/Src/stm32f4xx_hal_flash.c ****   * @brief  Launch the option byte loading.
 491:Drivers/STM32F4xx_HAL_Driver/Src/stm32f4xx_hal_flash.c ****   * @retval HAL Status
 492:Drivers/STM32F4xx_HAL_Driver/Src/stm32f4xx_hal_flash.c ****   */
 493:Drivers/STM32F4xx_HAL_Driver/Src/stm32f4xx_hal_flash.c **** HAL_StatusTypeDef HAL_FLASH_OB_Launch(void)
 494:Drivers/STM32F4xx_HAL_Driver/Src/stm32f4xx_hal_flash.c **** {
 821              		.loc 1 494 1
 822              		.cfi_startproc
 823              		@ args = 0, pretend = 0, frame = 0
 824              		@ frame_needed = 1, uses_anonymous_args = 0
 825 0000 80B5     		push	{r7, lr}
 826              	.LCFI45:
 827              		.cfi_def_cfa_offset 8
 828              		.cfi_offset 7, -8
 829              		.cfi_offset 14, -4
 830 0002 00AF     		add	r7, sp, #0
 831              	.LCFI46:
 832              		.cfi_def_cfa_register 7
 495:Drivers/STM32F4xx_HAL_Driver/Src/stm32f4xx_hal_flash.c ****   /* Set the OPTSTRT bit in OPTCR register */
ARM GAS  C:\Users\DAELT-~1\AppData\Local\Temp\cc4hmfxW.s 			page 24


 496:Drivers/STM32F4xx_HAL_Driver/Src/stm32f4xx_hal_flash.c ****   *(__IO uint8_t *)OPTCR_BYTE0_ADDRESS |= FLASH_OPTCR_OPTSTRT;
 833              		.loc 1 496 3
 834 0004 074B     		ldr	r3, .L56
 835 0006 1B78     		ldrb	r3, [r3]
 836 0008 DBB2     		uxtb	r3, r3
 837 000a 064A     		ldr	r2, .L56
 838              		.loc 1 496 40
 839 000c 43F00203 		orr	r3, r3, #2
 840 0010 DBB2     		uxtb	r3, r3
 841 0012 1370     		strb	r3, [r2]
 497:Drivers/STM32F4xx_HAL_Driver/Src/stm32f4xx_hal_flash.c **** 
 498:Drivers/STM32F4xx_HAL_Driver/Src/stm32f4xx_hal_flash.c ****   /* Wait for last operation to be completed */
 499:Drivers/STM32F4xx_HAL_Driver/Src/stm32f4xx_hal_flash.c ****   return (FLASH_WaitForLastOperation((uint32_t)FLASH_TIMEOUT_VALUE));
 842              		.loc 1 499 11
 843 0014 4CF25030 		movw	r0, #50000
 844 0018 FFF7FEFF 		bl	FLASH_WaitForLastOperation
 845 001c 0346     		mov	r3, r0
 500:Drivers/STM32F4xx_HAL_Driver/Src/stm32f4xx_hal_flash.c **** }
 846              		.loc 1 500 1
 847 001e 1846     		mov	r0, r3
 848 0020 80BD     		pop	{r7, pc}
 849              	.L57:
 850 0022 00BF     		.align	2
 851              	.L56:
 852 0024 143C0240 		.word	1073888276
 853              		.cfi_endproc
 854              	.LFE229:
 856              		.section	.text.HAL_FLASH_GetError,"ax",%progbits
 857              		.align	1
 858              		.global	HAL_FLASH_GetError
 859              		.syntax unified
 860              		.thumb
 861              		.thumb_func
 863              	HAL_FLASH_GetError:
 864              	.LFB230:
 501:Drivers/STM32F4xx_HAL_Driver/Src/stm32f4xx_hal_flash.c **** 
 502:Drivers/STM32F4xx_HAL_Driver/Src/stm32f4xx_hal_flash.c **** /**
 503:Drivers/STM32F4xx_HAL_Driver/Src/stm32f4xx_hal_flash.c ****   * @}
 504:Drivers/STM32F4xx_HAL_Driver/Src/stm32f4xx_hal_flash.c ****   */
 505:Drivers/STM32F4xx_HAL_Driver/Src/stm32f4xx_hal_flash.c **** 
 506:Drivers/STM32F4xx_HAL_Driver/Src/stm32f4xx_hal_flash.c **** /** @defgroup FLASH_Exported_Functions_Group3 Peripheral State and Errors functions
 507:Drivers/STM32F4xx_HAL_Driver/Src/stm32f4xx_hal_flash.c ****   *  @brief   Peripheral Errors functions
 508:Drivers/STM32F4xx_HAL_Driver/Src/stm32f4xx_hal_flash.c ****   *
 509:Drivers/STM32F4xx_HAL_Driver/Src/stm32f4xx_hal_flash.c **** @verbatim
 510:Drivers/STM32F4xx_HAL_Driver/Src/stm32f4xx_hal_flash.c ****  ===============================================================================
 511:Drivers/STM32F4xx_HAL_Driver/Src/stm32f4xx_hal_flash.c ****                 ##### Peripheral Errors functions #####
 512:Drivers/STM32F4xx_HAL_Driver/Src/stm32f4xx_hal_flash.c ****  ===============================================================================
 513:Drivers/STM32F4xx_HAL_Driver/Src/stm32f4xx_hal_flash.c ****     [..]
 514:Drivers/STM32F4xx_HAL_Driver/Src/stm32f4xx_hal_flash.c ****     This subsection permits to get in run-time Errors of the FLASH peripheral.
 515:Drivers/STM32F4xx_HAL_Driver/Src/stm32f4xx_hal_flash.c **** 
 516:Drivers/STM32F4xx_HAL_Driver/Src/stm32f4xx_hal_flash.c **** @endverbatim
 517:Drivers/STM32F4xx_HAL_Driver/Src/stm32f4xx_hal_flash.c ****   * @{
 518:Drivers/STM32F4xx_HAL_Driver/Src/stm32f4xx_hal_flash.c ****   */
 519:Drivers/STM32F4xx_HAL_Driver/Src/stm32f4xx_hal_flash.c **** 
 520:Drivers/STM32F4xx_HAL_Driver/Src/stm32f4xx_hal_flash.c **** /**
 521:Drivers/STM32F4xx_HAL_Driver/Src/stm32f4xx_hal_flash.c ****   * @brief  Get the specific FLASH error flag.
 522:Drivers/STM32F4xx_HAL_Driver/Src/stm32f4xx_hal_flash.c ****   * @retval FLASH_ErrorCode: The returned value can be a combination of:
ARM GAS  C:\Users\DAELT-~1\AppData\Local\Temp\cc4hmfxW.s 			page 25


 523:Drivers/STM32F4xx_HAL_Driver/Src/stm32f4xx_hal_flash.c ****   *            @arg HAL_FLASH_ERROR_RD: FLASH Read Protection error flag (PCROP)
 524:Drivers/STM32F4xx_HAL_Driver/Src/stm32f4xx_hal_flash.c ****   *            @arg HAL_FLASH_ERROR_PGS: FLASH Programming Sequence error flag
 525:Drivers/STM32F4xx_HAL_Driver/Src/stm32f4xx_hal_flash.c ****   *            @arg HAL_FLASH_ERROR_PGP: FLASH Programming Parallelism error flag
 526:Drivers/STM32F4xx_HAL_Driver/Src/stm32f4xx_hal_flash.c ****   *            @arg HAL_FLASH_ERROR_PGA: FLASH Programming Alignment error flag
 527:Drivers/STM32F4xx_HAL_Driver/Src/stm32f4xx_hal_flash.c ****   *            @arg HAL_FLASH_ERROR_WRP: FLASH Write protected error flag
 528:Drivers/STM32F4xx_HAL_Driver/Src/stm32f4xx_hal_flash.c ****   *            @arg HAL_FLASH_ERROR_OPERATION: FLASH operation Error flag
 529:Drivers/STM32F4xx_HAL_Driver/Src/stm32f4xx_hal_flash.c ****   */
 530:Drivers/STM32F4xx_HAL_Driver/Src/stm32f4xx_hal_flash.c **** uint32_t HAL_FLASH_GetError(void)
 531:Drivers/STM32F4xx_HAL_Driver/Src/stm32f4xx_hal_flash.c **** {
 865              		.loc 1 531 1
 866              		.cfi_startproc
 867              		@ args = 0, pretend = 0, frame = 0
 868              		@ frame_needed = 1, uses_anonymous_args = 0
 869              		@ link register save eliminated.
 870 0000 80B4     		push	{r7}
 871              	.LCFI47:
 872              		.cfi_def_cfa_offset 4
 873              		.cfi_offset 7, -4
 874 0002 00AF     		add	r7, sp, #0
 875              	.LCFI48:
 876              		.cfi_def_cfa_register 7
 532:Drivers/STM32F4xx_HAL_Driver/Src/stm32f4xx_hal_flash.c ****   return pFlash.ErrorCode;
 877              		.loc 1 532 16
 878 0004 034B     		ldr	r3, .L60
 879 0006 DB69     		ldr	r3, [r3, #28]
 533:Drivers/STM32F4xx_HAL_Driver/Src/stm32f4xx_hal_flash.c **** }
 880              		.loc 1 533 1
 881 0008 1846     		mov	r0, r3
 882 000a BD46     		mov	sp, r7
 883              	.LCFI49:
 884              		.cfi_def_cfa_register 13
 885              		@ sp needed
 886 000c 5DF8047B 		ldr	r7, [sp], #4
 887              	.LCFI50:
 888              		.cfi_restore 7
 889              		.cfi_def_cfa_offset 0
 890 0010 7047     		bx	lr
 891              	.L61:
 892 0012 00BF     		.align	2
 893              	.L60:
 894 0014 00000000 		.word	pFlash
 895              		.cfi_endproc
 896              	.LFE230:
 898              		.section	.text.FLASH_WaitForLastOperation,"ax",%progbits
 899              		.align	1
 900              		.global	FLASH_WaitForLastOperation
 901              		.syntax unified
 902              		.thumb
 903              		.thumb_func
 905              	FLASH_WaitForLastOperation:
 906              	.LFB231:
 534:Drivers/STM32F4xx_HAL_Driver/Src/stm32f4xx_hal_flash.c **** 
 535:Drivers/STM32F4xx_HAL_Driver/Src/stm32f4xx_hal_flash.c **** /**
 536:Drivers/STM32F4xx_HAL_Driver/Src/stm32f4xx_hal_flash.c ****   * @}
 537:Drivers/STM32F4xx_HAL_Driver/Src/stm32f4xx_hal_flash.c ****   */
 538:Drivers/STM32F4xx_HAL_Driver/Src/stm32f4xx_hal_flash.c **** 
 539:Drivers/STM32F4xx_HAL_Driver/Src/stm32f4xx_hal_flash.c **** /**
ARM GAS  C:\Users\DAELT-~1\AppData\Local\Temp\cc4hmfxW.s 			page 26


 540:Drivers/STM32F4xx_HAL_Driver/Src/stm32f4xx_hal_flash.c ****   * @brief  Wait for a FLASH operation to complete.
 541:Drivers/STM32F4xx_HAL_Driver/Src/stm32f4xx_hal_flash.c ****   * @param  Timeout maximum flash operationtimeout
 542:Drivers/STM32F4xx_HAL_Driver/Src/stm32f4xx_hal_flash.c ****   * @retval HAL Status
 543:Drivers/STM32F4xx_HAL_Driver/Src/stm32f4xx_hal_flash.c ****   */
 544:Drivers/STM32F4xx_HAL_Driver/Src/stm32f4xx_hal_flash.c **** HAL_StatusTypeDef FLASH_WaitForLastOperation(uint32_t Timeout)
 545:Drivers/STM32F4xx_HAL_Driver/Src/stm32f4xx_hal_flash.c **** {
 907              		.loc 1 545 1
 908              		.cfi_startproc
 909              		@ args = 0, pretend = 0, frame = 16
 910              		@ frame_needed = 1, uses_anonymous_args = 0
 911 0000 80B5     		push	{r7, lr}
 912              	.LCFI51:
 913              		.cfi_def_cfa_offset 8
 914              		.cfi_offset 7, -8
 915              		.cfi_offset 14, -4
 916 0002 84B0     		sub	sp, sp, #16
 917              	.LCFI52:
 918              		.cfi_def_cfa_offset 24
 919 0004 00AF     		add	r7, sp, #0
 920              	.LCFI53:
 921              		.cfi_def_cfa_register 7
 922 0006 7860     		str	r0, [r7, #4]
 546:Drivers/STM32F4xx_HAL_Driver/Src/stm32f4xx_hal_flash.c ****   uint32_t tickstart = 0U;
 923              		.loc 1 546 12
 924 0008 0023     		movs	r3, #0
 925 000a FB60     		str	r3, [r7, #12]
 547:Drivers/STM32F4xx_HAL_Driver/Src/stm32f4xx_hal_flash.c **** 
 548:Drivers/STM32F4xx_HAL_Driver/Src/stm32f4xx_hal_flash.c ****   /* Clear Error Code */
 549:Drivers/STM32F4xx_HAL_Driver/Src/stm32f4xx_hal_flash.c ****   pFlash.ErrorCode = HAL_FLASH_ERROR_NONE;
 926              		.loc 1 549 20
 927 000c 1A4B     		ldr	r3, .L70
 928 000e 0022     		movs	r2, #0
 929 0010 DA61     		str	r2, [r3, #28]
 550:Drivers/STM32F4xx_HAL_Driver/Src/stm32f4xx_hal_flash.c **** 
 551:Drivers/STM32F4xx_HAL_Driver/Src/stm32f4xx_hal_flash.c ****   /* Wait for the FLASH operation to complete by polling on BUSY flag to be reset.
 552:Drivers/STM32F4xx_HAL_Driver/Src/stm32f4xx_hal_flash.c ****      Even if the FLASH operation fails, the BUSY flag will be reset and an error
 553:Drivers/STM32F4xx_HAL_Driver/Src/stm32f4xx_hal_flash.c ****      flag will be set */
 554:Drivers/STM32F4xx_HAL_Driver/Src/stm32f4xx_hal_flash.c ****   /* Get tick */
 555:Drivers/STM32F4xx_HAL_Driver/Src/stm32f4xx_hal_flash.c ****   tickstart = HAL_GetTick();
 930              		.loc 1 555 15
 931 0012 FFF7FEFF 		bl	HAL_GetTick
 932 0016 F860     		str	r0, [r7, #12]
 556:Drivers/STM32F4xx_HAL_Driver/Src/stm32f4xx_hal_flash.c **** 
 557:Drivers/STM32F4xx_HAL_Driver/Src/stm32f4xx_hal_flash.c ****   while (__HAL_FLASH_GET_FLAG(FLASH_FLAG_BSY) != RESET)
 933              		.loc 1 557 9
 934 0018 10E0     		b	.L64
 935              	.L67:
 558:Drivers/STM32F4xx_HAL_Driver/Src/stm32f4xx_hal_flash.c ****   {
 559:Drivers/STM32F4xx_HAL_Driver/Src/stm32f4xx_hal_flash.c ****     if (Timeout != HAL_MAX_DELAY)
 936              		.loc 1 559 8
 937 001a 7B68     		ldr	r3, [r7, #4]
 938 001c B3F1FF3F 		cmp	r3, #-1
 939 0020 0CD0     		beq	.L64
 560:Drivers/STM32F4xx_HAL_Driver/Src/stm32f4xx_hal_flash.c ****     {
 561:Drivers/STM32F4xx_HAL_Driver/Src/stm32f4xx_hal_flash.c ****       if ((Timeout == 0U) || ((HAL_GetTick() - tickstart) > Timeout))
 940              		.loc 1 561 10
 941 0022 7B68     		ldr	r3, [r7, #4]
ARM GAS  C:\Users\DAELT-~1\AppData\Local\Temp\cc4hmfxW.s 			page 27


 942 0024 002B     		cmp	r3, #0
 943 0026 07D0     		beq	.L65
 944              		.loc 1 561 32 discriminator 1
 945 0028 FFF7FEFF 		bl	HAL_GetTick
 946 002c 0246     		mov	r2, r0
 947              		.loc 1 561 46 discriminator 1
 948 002e FB68     		ldr	r3, [r7, #12]
 949 0030 D31A     		subs	r3, r2, r3
 950              		.loc 1 561 27 discriminator 1
 951 0032 7A68     		ldr	r2, [r7, #4]
 952 0034 9A42     		cmp	r2, r3
 953 0036 01D2     		bcs	.L64
 954              	.L65:
 562:Drivers/STM32F4xx_HAL_Driver/Src/stm32f4xx_hal_flash.c ****       {
 563:Drivers/STM32F4xx_HAL_Driver/Src/stm32f4xx_hal_flash.c ****         return HAL_TIMEOUT;
 955              		.loc 1 563 16
 956 0038 0323     		movs	r3, #3
 957 003a 19E0     		b	.L66
 958              	.L64:
 557:Drivers/STM32F4xx_HAL_Driver/Src/stm32f4xx_hal_flash.c ****   {
 959              		.loc 1 557 10
 960 003c 0F4B     		ldr	r3, .L70+4
 961 003e DB68     		ldr	r3, [r3, #12]
 962 0040 03F48033 		and	r3, r3, #65536
 557:Drivers/STM32F4xx_HAL_Driver/Src/stm32f4xx_hal_flash.c ****   {
 963              		.loc 1 557 47
 964 0044 002B     		cmp	r3, #0
 965 0046 E8D1     		bne	.L67
 564:Drivers/STM32F4xx_HAL_Driver/Src/stm32f4xx_hal_flash.c ****       }
 565:Drivers/STM32F4xx_HAL_Driver/Src/stm32f4xx_hal_flash.c ****     }
 566:Drivers/STM32F4xx_HAL_Driver/Src/stm32f4xx_hal_flash.c ****   }
 567:Drivers/STM32F4xx_HAL_Driver/Src/stm32f4xx_hal_flash.c **** 
 568:Drivers/STM32F4xx_HAL_Driver/Src/stm32f4xx_hal_flash.c ****   /* Check FLASH End of Operation flag  */
 569:Drivers/STM32F4xx_HAL_Driver/Src/stm32f4xx_hal_flash.c ****   if (__HAL_FLASH_GET_FLAG(FLASH_FLAG_EOP) != RESET)
 966              		.loc 1 569 7
 967 0048 0C4B     		ldr	r3, .L70+4
 968 004a DB68     		ldr	r3, [r3, #12]
 969 004c 03F00103 		and	r3, r3, #1
 970              		.loc 1 569 6
 971 0050 002B     		cmp	r3, #0
 972 0052 02D0     		beq	.L68
 570:Drivers/STM32F4xx_HAL_Driver/Src/stm32f4xx_hal_flash.c ****   {
 571:Drivers/STM32F4xx_HAL_Driver/Src/stm32f4xx_hal_flash.c ****     /* Clear FLASH End of Operation pending bit */
 572:Drivers/STM32F4xx_HAL_Driver/Src/stm32f4xx_hal_flash.c ****     __HAL_FLASH_CLEAR_FLAG(FLASH_FLAG_EOP);
 973              		.loc 1 572 5
 974 0054 094B     		ldr	r3, .L70+4
 975 0056 0122     		movs	r2, #1
 976 0058 DA60     		str	r2, [r3, #12]
 977              	.L68:
 573:Drivers/STM32F4xx_HAL_Driver/Src/stm32f4xx_hal_flash.c ****   }
 574:Drivers/STM32F4xx_HAL_Driver/Src/stm32f4xx_hal_flash.c **** #if defined(FLASH_SR_RDERR)
 575:Drivers/STM32F4xx_HAL_Driver/Src/stm32f4xx_hal_flash.c ****   if (__HAL_FLASH_GET_FLAG((FLASH_FLAG_OPERR | FLASH_FLAG_WRPERR | FLASH_FLAG_PGAERR | \
 978              		.loc 1 575 7
 979 005a 084B     		ldr	r3, .L70+4
 980 005c DB68     		ldr	r3, [r3, #12]
 981 005e 03F4F973 		and	r3, r3, #498
 982              		.loc 1 575 6
ARM GAS  C:\Users\DAELT-~1\AppData\Local\Temp\cc4hmfxW.s 			page 28


 983 0062 002B     		cmp	r3, #0
 984 0064 03D0     		beq	.L69
 576:Drivers/STM32F4xx_HAL_Driver/Src/stm32f4xx_hal_flash.c ****                             FLASH_FLAG_PGPERR | FLASH_FLAG_PGSERR | FLASH_FLAG_RDERR)) != RESET)
 577:Drivers/STM32F4xx_HAL_Driver/Src/stm32f4xx_hal_flash.c **** #else
 578:Drivers/STM32F4xx_HAL_Driver/Src/stm32f4xx_hal_flash.c ****   if (__HAL_FLASH_GET_FLAG((FLASH_FLAG_OPERR | FLASH_FLAG_WRPERR | FLASH_FLAG_PGAERR | \
 579:Drivers/STM32F4xx_HAL_Driver/Src/stm32f4xx_hal_flash.c ****                             FLASH_FLAG_PGPERR | FLASH_FLAG_PGSERR)) != RESET)
 580:Drivers/STM32F4xx_HAL_Driver/Src/stm32f4xx_hal_flash.c **** #endif /* FLASH_SR_RDERR */
 581:Drivers/STM32F4xx_HAL_Driver/Src/stm32f4xx_hal_flash.c ****   {
 582:Drivers/STM32F4xx_HAL_Driver/Src/stm32f4xx_hal_flash.c ****     /*Save the error code*/
 583:Drivers/STM32F4xx_HAL_Driver/Src/stm32f4xx_hal_flash.c ****     FLASH_SetErrorCode();
 985              		.loc 1 583 5
 986 0066 FFF7FEFF 		bl	FLASH_SetErrorCode
 584:Drivers/STM32F4xx_HAL_Driver/Src/stm32f4xx_hal_flash.c ****     return HAL_ERROR;
 987              		.loc 1 584 12
 988 006a 0123     		movs	r3, #1
 989 006c 00E0     		b	.L66
 990              	.L69:
 585:Drivers/STM32F4xx_HAL_Driver/Src/stm32f4xx_hal_flash.c ****   }
 586:Drivers/STM32F4xx_HAL_Driver/Src/stm32f4xx_hal_flash.c **** 
 587:Drivers/STM32F4xx_HAL_Driver/Src/stm32f4xx_hal_flash.c ****   /* If there is no error flag set */
 588:Drivers/STM32F4xx_HAL_Driver/Src/stm32f4xx_hal_flash.c ****   return HAL_OK;
 991              		.loc 1 588 10
 992 006e 0023     		movs	r3, #0
 993              	.L66:
 589:Drivers/STM32F4xx_HAL_Driver/Src/stm32f4xx_hal_flash.c **** 
 590:Drivers/STM32F4xx_HAL_Driver/Src/stm32f4xx_hal_flash.c **** }
 994              		.loc 1 590 1
 995 0070 1846     		mov	r0, r3
 996 0072 1037     		adds	r7, r7, #16
 997              	.LCFI54:
 998              		.cfi_def_cfa_offset 8
 999 0074 BD46     		mov	sp, r7
 1000              	.LCFI55:
 1001              		.cfi_def_cfa_register 13
 1002              		@ sp needed
 1003 0076 80BD     		pop	{r7, pc}
 1004              	.L71:
 1005              		.align	2
 1006              	.L70:
 1007 0078 00000000 		.word	pFlash
 1008 007c 003C0240 		.word	1073888256
 1009              		.cfi_endproc
 1010              	.LFE231:
 1012              		.section	.text.FLASH_Program_DoubleWord,"ax",%progbits
 1013              		.align	1
 1014              		.syntax unified
 1015              		.thumb
 1016              		.thumb_func
 1018              	FLASH_Program_DoubleWord:
 1019              	.LFB232:
 591:Drivers/STM32F4xx_HAL_Driver/Src/stm32f4xx_hal_flash.c **** 
 592:Drivers/STM32F4xx_HAL_Driver/Src/stm32f4xx_hal_flash.c **** /**
 593:Drivers/STM32F4xx_HAL_Driver/Src/stm32f4xx_hal_flash.c ****   * @brief  Program a double word (64-bit) at a specified address.
 594:Drivers/STM32F4xx_HAL_Driver/Src/stm32f4xx_hal_flash.c ****   * @note   This function must be used when the device voltage range is from
 595:Drivers/STM32F4xx_HAL_Driver/Src/stm32f4xx_hal_flash.c ****   *         2.7V to 3.6V and Vpp in the range 7V to 9V.
 596:Drivers/STM32F4xx_HAL_Driver/Src/stm32f4xx_hal_flash.c ****   *
 597:Drivers/STM32F4xx_HAL_Driver/Src/stm32f4xx_hal_flash.c ****   * @note   If an erase and a program operations are requested simultaneously,
ARM GAS  C:\Users\DAELT-~1\AppData\Local\Temp\cc4hmfxW.s 			page 29


 598:Drivers/STM32F4xx_HAL_Driver/Src/stm32f4xx_hal_flash.c ****   *         the erase operation is performed before the program one.
 599:Drivers/STM32F4xx_HAL_Driver/Src/stm32f4xx_hal_flash.c ****   *
 600:Drivers/STM32F4xx_HAL_Driver/Src/stm32f4xx_hal_flash.c ****   * @param  Address specifies the address to be programmed.
 601:Drivers/STM32F4xx_HAL_Driver/Src/stm32f4xx_hal_flash.c ****   * @param  Data specifies the data to be programmed.
 602:Drivers/STM32F4xx_HAL_Driver/Src/stm32f4xx_hal_flash.c ****   * @retval None
 603:Drivers/STM32F4xx_HAL_Driver/Src/stm32f4xx_hal_flash.c ****   */
 604:Drivers/STM32F4xx_HAL_Driver/Src/stm32f4xx_hal_flash.c **** static void FLASH_Program_DoubleWord(uint32_t Address, uint64_t Data)
 605:Drivers/STM32F4xx_HAL_Driver/Src/stm32f4xx_hal_flash.c **** {
 1020              		.loc 1 605 1
 1021              		.cfi_startproc
 1022              		@ args = 0, pretend = 0, frame = 16
 1023              		@ frame_needed = 1, uses_anonymous_args = 0
 1024              		@ link register save eliminated.
 1025 0000 80B4     		push	{r7}
 1026              	.LCFI56:
 1027              		.cfi_def_cfa_offset 4
 1028              		.cfi_offset 7, -4
 1029 0002 85B0     		sub	sp, sp, #20
 1030              	.LCFI57:
 1031              		.cfi_def_cfa_offset 24
 1032 0004 00AF     		add	r7, sp, #0
 1033              	.LCFI58:
 1034              		.cfi_def_cfa_register 7
 1035 0006 F860     		str	r0, [r7, #12]
 1036 0008 C7E90023 		strd	r2, [r7]
 606:Drivers/STM32F4xx_HAL_Driver/Src/stm32f4xx_hal_flash.c ****   /* Check the parameters */
 607:Drivers/STM32F4xx_HAL_Driver/Src/stm32f4xx_hal_flash.c ****   assert_param(IS_FLASH_ADDRESS(Address));
 608:Drivers/STM32F4xx_HAL_Driver/Src/stm32f4xx_hal_flash.c **** 
 609:Drivers/STM32F4xx_HAL_Driver/Src/stm32f4xx_hal_flash.c ****   /* If the previous operation is completed, proceed to program the new data */
 610:Drivers/STM32F4xx_HAL_Driver/Src/stm32f4xx_hal_flash.c ****   CLEAR_BIT(FLASH->CR, FLASH_CR_PSIZE);
 1037              		.loc 1 610 3
 1038 000c 144B     		ldr	r3, .L73
 1039 000e 1B69     		ldr	r3, [r3, #16]
 1040 0010 134A     		ldr	r2, .L73
 1041 0012 23F44073 		bic	r3, r3, #768
 1042 0016 1361     		str	r3, [r2, #16]
 611:Drivers/STM32F4xx_HAL_Driver/Src/stm32f4xx_hal_flash.c ****   FLASH->CR |= FLASH_PSIZE_DOUBLE_WORD;
 1043              		.loc 1 611 8
 1044 0018 114B     		ldr	r3, .L73
 1045 001a 1B69     		ldr	r3, [r3, #16]
 1046 001c 104A     		ldr	r2, .L73
 1047              		.loc 1 611 13
 1048 001e 43F44073 		orr	r3, r3, #768
 1049 0022 1361     		str	r3, [r2, #16]
 612:Drivers/STM32F4xx_HAL_Driver/Src/stm32f4xx_hal_flash.c ****   FLASH->CR |= FLASH_CR_PG;
 1050              		.loc 1 612 8
 1051 0024 0E4B     		ldr	r3, .L73
 1052 0026 1B69     		ldr	r3, [r3, #16]
 1053 0028 0D4A     		ldr	r2, .L73
 1054              		.loc 1 612 13
 1055 002a 43F00103 		orr	r3, r3, #1
 1056 002e 1361     		str	r3, [r2, #16]
 613:Drivers/STM32F4xx_HAL_Driver/Src/stm32f4xx_hal_flash.c **** 
 614:Drivers/STM32F4xx_HAL_Driver/Src/stm32f4xx_hal_flash.c ****   /* Program first word */
 615:Drivers/STM32F4xx_HAL_Driver/Src/stm32f4xx_hal_flash.c ****   *(__IO uint32_t *)Address = (uint32_t)Data;
 1057              		.loc 1 615 4
 1058 0030 FB68     		ldr	r3, [r7, #12]
ARM GAS  C:\Users\DAELT-~1\AppData\Local\Temp\cc4hmfxW.s 			page 30


 1059              		.loc 1 615 31
 1060 0032 3A68     		ldr	r2, [r7]
 1061              		.loc 1 615 29
 1062 0034 1A60     		str	r2, [r3]
 1063              	.LBB4:
 1064              	.LBB5:
 1065              		.file 2 "Drivers/CMSIS/Include/cmsis_gcc.h"
   1:Drivers/CMSIS/Include/cmsis_gcc.h **** /**************************************************************************//**
   2:Drivers/CMSIS/Include/cmsis_gcc.h ****  * @file     cmsis_gcc.h
   3:Drivers/CMSIS/Include/cmsis_gcc.h ****  * @brief    CMSIS compiler GCC header file
   4:Drivers/CMSIS/Include/cmsis_gcc.h ****  * @version  V5.4.1
   5:Drivers/CMSIS/Include/cmsis_gcc.h ****  * @date     27. May 2021
   6:Drivers/CMSIS/Include/cmsis_gcc.h ****  ******************************************************************************/
   7:Drivers/CMSIS/Include/cmsis_gcc.h **** /*
   8:Drivers/CMSIS/Include/cmsis_gcc.h ****  * Copyright (c) 2009-2021 Arm Limited. All rights reserved.
   9:Drivers/CMSIS/Include/cmsis_gcc.h ****  *
  10:Drivers/CMSIS/Include/cmsis_gcc.h ****  * SPDX-License-Identifier: Apache-2.0
  11:Drivers/CMSIS/Include/cmsis_gcc.h ****  *
  12:Drivers/CMSIS/Include/cmsis_gcc.h ****  * Licensed under the Apache License, Version 2.0 (the License); you may
  13:Drivers/CMSIS/Include/cmsis_gcc.h ****  * not use this file except in compliance with the License.
  14:Drivers/CMSIS/Include/cmsis_gcc.h ****  * You may obtain a copy of the License at
  15:Drivers/CMSIS/Include/cmsis_gcc.h ****  *
  16:Drivers/CMSIS/Include/cmsis_gcc.h ****  * www.apache.org/licenses/LICENSE-2.0
  17:Drivers/CMSIS/Include/cmsis_gcc.h ****  *
  18:Drivers/CMSIS/Include/cmsis_gcc.h ****  * Unless required by applicable law or agreed to in writing, software
  19:Drivers/CMSIS/Include/cmsis_gcc.h ****  * distributed under the License is distributed on an AS IS BASIS, WITHOUT
  20:Drivers/CMSIS/Include/cmsis_gcc.h ****  * WARRANTIES OR CONDITIONS OF ANY KIND, either express or implied.
  21:Drivers/CMSIS/Include/cmsis_gcc.h ****  * See the License for the specific language governing permissions and
  22:Drivers/CMSIS/Include/cmsis_gcc.h ****  * limitations under the License.
  23:Drivers/CMSIS/Include/cmsis_gcc.h ****  */
  24:Drivers/CMSIS/Include/cmsis_gcc.h **** 
  25:Drivers/CMSIS/Include/cmsis_gcc.h **** #ifndef __CMSIS_GCC_H
  26:Drivers/CMSIS/Include/cmsis_gcc.h **** #define __CMSIS_GCC_H
  27:Drivers/CMSIS/Include/cmsis_gcc.h **** 
  28:Drivers/CMSIS/Include/cmsis_gcc.h **** /* ignore some GCC warnings */
  29:Drivers/CMSIS/Include/cmsis_gcc.h **** #pragma GCC diagnostic push
  30:Drivers/CMSIS/Include/cmsis_gcc.h **** #pragma GCC diagnostic ignored "-Wsign-conversion"
  31:Drivers/CMSIS/Include/cmsis_gcc.h **** #pragma GCC diagnostic ignored "-Wconversion"
  32:Drivers/CMSIS/Include/cmsis_gcc.h **** #pragma GCC diagnostic ignored "-Wunused-parameter"
  33:Drivers/CMSIS/Include/cmsis_gcc.h **** 
  34:Drivers/CMSIS/Include/cmsis_gcc.h **** /* Fallback for __has_builtin */
  35:Drivers/CMSIS/Include/cmsis_gcc.h **** #ifndef __has_builtin
  36:Drivers/CMSIS/Include/cmsis_gcc.h ****   #define __has_builtin(x) (0)
  37:Drivers/CMSIS/Include/cmsis_gcc.h **** #endif
  38:Drivers/CMSIS/Include/cmsis_gcc.h **** 
  39:Drivers/CMSIS/Include/cmsis_gcc.h **** /* CMSIS compiler specific defines */
  40:Drivers/CMSIS/Include/cmsis_gcc.h **** #ifndef   __ASM
  41:Drivers/CMSIS/Include/cmsis_gcc.h ****   #define __ASM                                  __asm
  42:Drivers/CMSIS/Include/cmsis_gcc.h **** #endif
  43:Drivers/CMSIS/Include/cmsis_gcc.h **** #ifndef   __INLINE
  44:Drivers/CMSIS/Include/cmsis_gcc.h ****   #define __INLINE                               inline
  45:Drivers/CMSIS/Include/cmsis_gcc.h **** #endif
  46:Drivers/CMSIS/Include/cmsis_gcc.h **** #ifndef   __STATIC_INLINE
  47:Drivers/CMSIS/Include/cmsis_gcc.h ****   #define __STATIC_INLINE                        static inline
  48:Drivers/CMSIS/Include/cmsis_gcc.h **** #endif
  49:Drivers/CMSIS/Include/cmsis_gcc.h **** #ifndef   __STATIC_FORCEINLINE
  50:Drivers/CMSIS/Include/cmsis_gcc.h ****   #define __STATIC_FORCEINLINE                   __attribute__((always_inline)) static inline
ARM GAS  C:\Users\DAELT-~1\AppData\Local\Temp\cc4hmfxW.s 			page 31


  51:Drivers/CMSIS/Include/cmsis_gcc.h **** #endif
  52:Drivers/CMSIS/Include/cmsis_gcc.h **** #ifndef   __NO_RETURN
  53:Drivers/CMSIS/Include/cmsis_gcc.h ****   #define __NO_RETURN                            __attribute__((__noreturn__))
  54:Drivers/CMSIS/Include/cmsis_gcc.h **** #endif
  55:Drivers/CMSIS/Include/cmsis_gcc.h **** #ifndef   __USED
  56:Drivers/CMSIS/Include/cmsis_gcc.h ****   #define __USED                                 __attribute__((used))
  57:Drivers/CMSIS/Include/cmsis_gcc.h **** #endif
  58:Drivers/CMSIS/Include/cmsis_gcc.h **** #ifndef   __WEAK
  59:Drivers/CMSIS/Include/cmsis_gcc.h ****   #define __WEAK                                 __attribute__((weak))
  60:Drivers/CMSIS/Include/cmsis_gcc.h **** #endif
  61:Drivers/CMSIS/Include/cmsis_gcc.h **** #ifndef   __PACKED
  62:Drivers/CMSIS/Include/cmsis_gcc.h ****   #define __PACKED                               __attribute__((packed, aligned(1)))
  63:Drivers/CMSIS/Include/cmsis_gcc.h **** #endif
  64:Drivers/CMSIS/Include/cmsis_gcc.h **** #ifndef   __PACKED_STRUCT
  65:Drivers/CMSIS/Include/cmsis_gcc.h ****   #define __PACKED_STRUCT                        struct __attribute__((packed, aligned(1)))
  66:Drivers/CMSIS/Include/cmsis_gcc.h **** #endif
  67:Drivers/CMSIS/Include/cmsis_gcc.h **** #ifndef   __PACKED_UNION
  68:Drivers/CMSIS/Include/cmsis_gcc.h ****   #define __PACKED_UNION                         union __attribute__((packed, aligned(1)))
  69:Drivers/CMSIS/Include/cmsis_gcc.h **** #endif
  70:Drivers/CMSIS/Include/cmsis_gcc.h **** #ifndef   __UNALIGNED_UINT32        /* deprecated */
  71:Drivers/CMSIS/Include/cmsis_gcc.h ****   #pragma GCC diagnostic push
  72:Drivers/CMSIS/Include/cmsis_gcc.h ****   #pragma GCC diagnostic ignored "-Wpacked"
  73:Drivers/CMSIS/Include/cmsis_gcc.h ****   #pragma GCC diagnostic ignored "-Wattributes"
  74:Drivers/CMSIS/Include/cmsis_gcc.h ****   struct __attribute__((packed)) T_UINT32 { uint32_t v; };
  75:Drivers/CMSIS/Include/cmsis_gcc.h ****   #pragma GCC diagnostic pop
  76:Drivers/CMSIS/Include/cmsis_gcc.h ****   #define __UNALIGNED_UINT32(x)                  (((struct T_UINT32 *)(x))->v)
  77:Drivers/CMSIS/Include/cmsis_gcc.h **** #endif
  78:Drivers/CMSIS/Include/cmsis_gcc.h **** #ifndef   __UNALIGNED_UINT16_WRITE
  79:Drivers/CMSIS/Include/cmsis_gcc.h ****   #pragma GCC diagnostic push
  80:Drivers/CMSIS/Include/cmsis_gcc.h ****   #pragma GCC diagnostic ignored "-Wpacked"
  81:Drivers/CMSIS/Include/cmsis_gcc.h ****   #pragma GCC diagnostic ignored "-Wattributes"
  82:Drivers/CMSIS/Include/cmsis_gcc.h ****   __PACKED_STRUCT T_UINT16_WRITE { uint16_t v; };
  83:Drivers/CMSIS/Include/cmsis_gcc.h ****   #pragma GCC diagnostic pop
  84:Drivers/CMSIS/Include/cmsis_gcc.h ****   #define __UNALIGNED_UINT16_WRITE(addr, val)    (void)((((struct T_UINT16_WRITE *)(void *)(addr))-
  85:Drivers/CMSIS/Include/cmsis_gcc.h **** #endif
  86:Drivers/CMSIS/Include/cmsis_gcc.h **** #ifndef   __UNALIGNED_UINT16_READ
  87:Drivers/CMSIS/Include/cmsis_gcc.h ****   #pragma GCC diagnostic push
  88:Drivers/CMSIS/Include/cmsis_gcc.h ****   #pragma GCC diagnostic ignored "-Wpacked"
  89:Drivers/CMSIS/Include/cmsis_gcc.h ****   #pragma GCC diagnostic ignored "-Wattributes"
  90:Drivers/CMSIS/Include/cmsis_gcc.h ****   __PACKED_STRUCT T_UINT16_READ { uint16_t v; };
  91:Drivers/CMSIS/Include/cmsis_gcc.h ****   #pragma GCC diagnostic pop
  92:Drivers/CMSIS/Include/cmsis_gcc.h ****   #define __UNALIGNED_UINT16_READ(addr)          (((const struct T_UINT16_READ *)(const void *)(add
  93:Drivers/CMSIS/Include/cmsis_gcc.h **** #endif
  94:Drivers/CMSIS/Include/cmsis_gcc.h **** #ifndef   __UNALIGNED_UINT32_WRITE
  95:Drivers/CMSIS/Include/cmsis_gcc.h ****   #pragma GCC diagnostic push
  96:Drivers/CMSIS/Include/cmsis_gcc.h ****   #pragma GCC diagnostic ignored "-Wpacked"
  97:Drivers/CMSIS/Include/cmsis_gcc.h ****   #pragma GCC diagnostic ignored "-Wattributes"
  98:Drivers/CMSIS/Include/cmsis_gcc.h ****   __PACKED_STRUCT T_UINT32_WRITE { uint32_t v; };
  99:Drivers/CMSIS/Include/cmsis_gcc.h ****   #pragma GCC diagnostic pop
 100:Drivers/CMSIS/Include/cmsis_gcc.h ****   #define __UNALIGNED_UINT32_WRITE(addr, val)    (void)((((struct T_UINT32_WRITE *)(void *)(addr))-
 101:Drivers/CMSIS/Include/cmsis_gcc.h **** #endif
 102:Drivers/CMSIS/Include/cmsis_gcc.h **** #ifndef   __UNALIGNED_UINT32_READ
 103:Drivers/CMSIS/Include/cmsis_gcc.h ****   #pragma GCC diagnostic push
 104:Drivers/CMSIS/Include/cmsis_gcc.h ****   #pragma GCC diagnostic ignored "-Wpacked"
 105:Drivers/CMSIS/Include/cmsis_gcc.h ****   #pragma GCC diagnostic ignored "-Wattributes"
 106:Drivers/CMSIS/Include/cmsis_gcc.h ****   __PACKED_STRUCT T_UINT32_READ { uint32_t v; };
 107:Drivers/CMSIS/Include/cmsis_gcc.h ****   #pragma GCC diagnostic pop
ARM GAS  C:\Users\DAELT-~1\AppData\Local\Temp\cc4hmfxW.s 			page 32


 108:Drivers/CMSIS/Include/cmsis_gcc.h ****   #define __UNALIGNED_UINT32_READ(addr)          (((const struct T_UINT32_READ *)(const void *)(add
 109:Drivers/CMSIS/Include/cmsis_gcc.h **** #endif
 110:Drivers/CMSIS/Include/cmsis_gcc.h **** #ifndef   __ALIGNED
 111:Drivers/CMSIS/Include/cmsis_gcc.h ****   #define __ALIGNED(x)                           __attribute__((aligned(x)))
 112:Drivers/CMSIS/Include/cmsis_gcc.h **** #endif
 113:Drivers/CMSIS/Include/cmsis_gcc.h **** #ifndef   __RESTRICT
 114:Drivers/CMSIS/Include/cmsis_gcc.h ****   #define __RESTRICT                             __restrict
 115:Drivers/CMSIS/Include/cmsis_gcc.h **** #endif
 116:Drivers/CMSIS/Include/cmsis_gcc.h **** #ifndef   __COMPILER_BARRIER
 117:Drivers/CMSIS/Include/cmsis_gcc.h ****   #define __COMPILER_BARRIER()                   __ASM volatile("":::"memory")
 118:Drivers/CMSIS/Include/cmsis_gcc.h **** #endif
 119:Drivers/CMSIS/Include/cmsis_gcc.h **** 
 120:Drivers/CMSIS/Include/cmsis_gcc.h **** /* #########################  Startup and Lowlevel Init  ######################## */
 121:Drivers/CMSIS/Include/cmsis_gcc.h **** 
 122:Drivers/CMSIS/Include/cmsis_gcc.h **** #ifndef __PROGRAM_START
 123:Drivers/CMSIS/Include/cmsis_gcc.h **** 
 124:Drivers/CMSIS/Include/cmsis_gcc.h **** /**
 125:Drivers/CMSIS/Include/cmsis_gcc.h ****   \brief   Initializes data and bss sections
 126:Drivers/CMSIS/Include/cmsis_gcc.h ****   \details This default implementations initialized all data and additional bss
 127:Drivers/CMSIS/Include/cmsis_gcc.h ****            sections relying on .copy.table and .zero.table specified properly
 128:Drivers/CMSIS/Include/cmsis_gcc.h ****            in the used linker script.
 129:Drivers/CMSIS/Include/cmsis_gcc.h **** 
 130:Drivers/CMSIS/Include/cmsis_gcc.h ****  */
 131:Drivers/CMSIS/Include/cmsis_gcc.h **** __STATIC_FORCEINLINE __NO_RETURN void __cmsis_start(void)
 132:Drivers/CMSIS/Include/cmsis_gcc.h **** {
 133:Drivers/CMSIS/Include/cmsis_gcc.h ****   extern void _start(void) __NO_RETURN;
 134:Drivers/CMSIS/Include/cmsis_gcc.h **** 
 135:Drivers/CMSIS/Include/cmsis_gcc.h ****   typedef struct {
 136:Drivers/CMSIS/Include/cmsis_gcc.h ****     uint32_t const* src;
 137:Drivers/CMSIS/Include/cmsis_gcc.h ****     uint32_t* dest;
 138:Drivers/CMSIS/Include/cmsis_gcc.h ****     uint32_t  wlen;
 139:Drivers/CMSIS/Include/cmsis_gcc.h ****   } __copy_table_t;
 140:Drivers/CMSIS/Include/cmsis_gcc.h **** 
 141:Drivers/CMSIS/Include/cmsis_gcc.h ****   typedef struct {
 142:Drivers/CMSIS/Include/cmsis_gcc.h ****     uint32_t* dest;
 143:Drivers/CMSIS/Include/cmsis_gcc.h ****     uint32_t  wlen;
 144:Drivers/CMSIS/Include/cmsis_gcc.h ****   } __zero_table_t;
 145:Drivers/CMSIS/Include/cmsis_gcc.h **** 
 146:Drivers/CMSIS/Include/cmsis_gcc.h ****   extern const __copy_table_t __copy_table_start__;
 147:Drivers/CMSIS/Include/cmsis_gcc.h ****   extern const __copy_table_t __copy_table_end__;
 148:Drivers/CMSIS/Include/cmsis_gcc.h ****   extern const __zero_table_t __zero_table_start__;
 149:Drivers/CMSIS/Include/cmsis_gcc.h ****   extern const __zero_table_t __zero_table_end__;
 150:Drivers/CMSIS/Include/cmsis_gcc.h **** 
 151:Drivers/CMSIS/Include/cmsis_gcc.h ****   for (__copy_table_t const* pTable = &__copy_table_start__; pTable < &__copy_table_end__; ++pTable
 152:Drivers/CMSIS/Include/cmsis_gcc.h ****     for(uint32_t i=0u; i<pTable->wlen; ++i) {
 153:Drivers/CMSIS/Include/cmsis_gcc.h ****       pTable->dest[i] = pTable->src[i];
 154:Drivers/CMSIS/Include/cmsis_gcc.h ****     }
 155:Drivers/CMSIS/Include/cmsis_gcc.h ****   }
 156:Drivers/CMSIS/Include/cmsis_gcc.h **** 
 157:Drivers/CMSIS/Include/cmsis_gcc.h ****   for (__zero_table_t const* pTable = &__zero_table_start__; pTable < &__zero_table_end__; ++pTable
 158:Drivers/CMSIS/Include/cmsis_gcc.h ****     for(uint32_t i=0u; i<pTable->wlen; ++i) {
 159:Drivers/CMSIS/Include/cmsis_gcc.h ****       pTable->dest[i] = 0u;
 160:Drivers/CMSIS/Include/cmsis_gcc.h ****     }
 161:Drivers/CMSIS/Include/cmsis_gcc.h ****   }
 162:Drivers/CMSIS/Include/cmsis_gcc.h **** 
 163:Drivers/CMSIS/Include/cmsis_gcc.h ****   _start();
 164:Drivers/CMSIS/Include/cmsis_gcc.h **** }
ARM GAS  C:\Users\DAELT-~1\AppData\Local\Temp\cc4hmfxW.s 			page 33


 165:Drivers/CMSIS/Include/cmsis_gcc.h **** 
 166:Drivers/CMSIS/Include/cmsis_gcc.h **** #define __PROGRAM_START           __cmsis_start
 167:Drivers/CMSIS/Include/cmsis_gcc.h **** #endif
 168:Drivers/CMSIS/Include/cmsis_gcc.h **** 
 169:Drivers/CMSIS/Include/cmsis_gcc.h **** #ifndef __INITIAL_SP
 170:Drivers/CMSIS/Include/cmsis_gcc.h **** #define __INITIAL_SP              __StackTop
 171:Drivers/CMSIS/Include/cmsis_gcc.h **** #endif
 172:Drivers/CMSIS/Include/cmsis_gcc.h **** 
 173:Drivers/CMSIS/Include/cmsis_gcc.h **** #ifndef __STACK_LIMIT
 174:Drivers/CMSIS/Include/cmsis_gcc.h **** #define __STACK_LIMIT             __StackLimit
 175:Drivers/CMSIS/Include/cmsis_gcc.h **** #endif
 176:Drivers/CMSIS/Include/cmsis_gcc.h **** 
 177:Drivers/CMSIS/Include/cmsis_gcc.h **** #ifndef __VECTOR_TABLE
 178:Drivers/CMSIS/Include/cmsis_gcc.h **** #define __VECTOR_TABLE            __Vectors
 179:Drivers/CMSIS/Include/cmsis_gcc.h **** #endif
 180:Drivers/CMSIS/Include/cmsis_gcc.h **** 
 181:Drivers/CMSIS/Include/cmsis_gcc.h **** #ifndef __VECTOR_TABLE_ATTRIBUTE
 182:Drivers/CMSIS/Include/cmsis_gcc.h **** #define __VECTOR_TABLE_ATTRIBUTE  __attribute__((used, section(".vectors")))
 183:Drivers/CMSIS/Include/cmsis_gcc.h **** #endif
 184:Drivers/CMSIS/Include/cmsis_gcc.h **** 
 185:Drivers/CMSIS/Include/cmsis_gcc.h **** #if defined (__ARM_FEATURE_CMSE) && (__ARM_FEATURE_CMSE == 3U)
 186:Drivers/CMSIS/Include/cmsis_gcc.h **** #ifndef __STACK_SEAL
 187:Drivers/CMSIS/Include/cmsis_gcc.h **** #define __STACK_SEAL              __StackSeal
 188:Drivers/CMSIS/Include/cmsis_gcc.h **** #endif
 189:Drivers/CMSIS/Include/cmsis_gcc.h **** 
 190:Drivers/CMSIS/Include/cmsis_gcc.h **** #ifndef __TZ_STACK_SEAL_SIZE
 191:Drivers/CMSIS/Include/cmsis_gcc.h **** #define __TZ_STACK_SEAL_SIZE      8U
 192:Drivers/CMSIS/Include/cmsis_gcc.h **** #endif
 193:Drivers/CMSIS/Include/cmsis_gcc.h **** 
 194:Drivers/CMSIS/Include/cmsis_gcc.h **** #ifndef __TZ_STACK_SEAL_VALUE
 195:Drivers/CMSIS/Include/cmsis_gcc.h **** #define __TZ_STACK_SEAL_VALUE     0xFEF5EDA5FEF5EDA5ULL
 196:Drivers/CMSIS/Include/cmsis_gcc.h **** #endif
 197:Drivers/CMSIS/Include/cmsis_gcc.h **** 
 198:Drivers/CMSIS/Include/cmsis_gcc.h **** 
 199:Drivers/CMSIS/Include/cmsis_gcc.h **** __STATIC_FORCEINLINE void __TZ_set_STACKSEAL_S (uint32_t* stackTop) {
 200:Drivers/CMSIS/Include/cmsis_gcc.h ****   *((uint64_t *)stackTop) = __TZ_STACK_SEAL_VALUE;
 201:Drivers/CMSIS/Include/cmsis_gcc.h **** }
 202:Drivers/CMSIS/Include/cmsis_gcc.h **** #endif
 203:Drivers/CMSIS/Include/cmsis_gcc.h **** 
 204:Drivers/CMSIS/Include/cmsis_gcc.h **** 
 205:Drivers/CMSIS/Include/cmsis_gcc.h **** /* ##########################  Core Instruction Access  ######################### */
 206:Drivers/CMSIS/Include/cmsis_gcc.h **** /** \defgroup CMSIS_Core_InstructionInterface CMSIS Core Instruction Interface
 207:Drivers/CMSIS/Include/cmsis_gcc.h ****   Access to dedicated instructions
 208:Drivers/CMSIS/Include/cmsis_gcc.h ****   @{
 209:Drivers/CMSIS/Include/cmsis_gcc.h **** */
 210:Drivers/CMSIS/Include/cmsis_gcc.h **** 
 211:Drivers/CMSIS/Include/cmsis_gcc.h **** /* Define macros for porting to both thumb1 and thumb2.
 212:Drivers/CMSIS/Include/cmsis_gcc.h ****  * For thumb1, use low register (r0-r7), specified by constraint "l"
 213:Drivers/CMSIS/Include/cmsis_gcc.h ****  * Otherwise, use general registers, specified by constraint "r" */
 214:Drivers/CMSIS/Include/cmsis_gcc.h **** #if defined (__thumb__) && !defined (__thumb2__)
 215:Drivers/CMSIS/Include/cmsis_gcc.h **** #define __CMSIS_GCC_OUT_REG(r) "=l" (r)
 216:Drivers/CMSIS/Include/cmsis_gcc.h **** #define __CMSIS_GCC_RW_REG(r) "+l" (r)
 217:Drivers/CMSIS/Include/cmsis_gcc.h **** #define __CMSIS_GCC_USE_REG(r) "l" (r)
 218:Drivers/CMSIS/Include/cmsis_gcc.h **** #else
 219:Drivers/CMSIS/Include/cmsis_gcc.h **** #define __CMSIS_GCC_OUT_REG(r) "=r" (r)
 220:Drivers/CMSIS/Include/cmsis_gcc.h **** #define __CMSIS_GCC_RW_REG(r) "+r" (r)
 221:Drivers/CMSIS/Include/cmsis_gcc.h **** #define __CMSIS_GCC_USE_REG(r) "r" (r)
ARM GAS  C:\Users\DAELT-~1\AppData\Local\Temp\cc4hmfxW.s 			page 34


 222:Drivers/CMSIS/Include/cmsis_gcc.h **** #endif
 223:Drivers/CMSIS/Include/cmsis_gcc.h **** 
 224:Drivers/CMSIS/Include/cmsis_gcc.h **** /**
 225:Drivers/CMSIS/Include/cmsis_gcc.h ****   \brief   No Operation
 226:Drivers/CMSIS/Include/cmsis_gcc.h ****   \details No Operation does nothing. This instruction can be used for code alignment purposes.
 227:Drivers/CMSIS/Include/cmsis_gcc.h ****  */
 228:Drivers/CMSIS/Include/cmsis_gcc.h **** #define __NOP()                             __ASM volatile ("nop")
 229:Drivers/CMSIS/Include/cmsis_gcc.h **** 
 230:Drivers/CMSIS/Include/cmsis_gcc.h **** /**
 231:Drivers/CMSIS/Include/cmsis_gcc.h ****   \brief   Wait For Interrupt
 232:Drivers/CMSIS/Include/cmsis_gcc.h ****   \details Wait For Interrupt is a hint instruction that suspends execution until one of a number o
 233:Drivers/CMSIS/Include/cmsis_gcc.h ****  */
 234:Drivers/CMSIS/Include/cmsis_gcc.h **** #define __WFI()                             __ASM volatile ("wfi":::"memory")
 235:Drivers/CMSIS/Include/cmsis_gcc.h **** 
 236:Drivers/CMSIS/Include/cmsis_gcc.h **** 
 237:Drivers/CMSIS/Include/cmsis_gcc.h **** /**
 238:Drivers/CMSIS/Include/cmsis_gcc.h ****   \brief   Wait For Event
 239:Drivers/CMSIS/Include/cmsis_gcc.h ****   \details Wait For Event is a hint instruction that permits the processor to enter
 240:Drivers/CMSIS/Include/cmsis_gcc.h ****            a low-power state until one of a number of events occurs.
 241:Drivers/CMSIS/Include/cmsis_gcc.h ****  */
 242:Drivers/CMSIS/Include/cmsis_gcc.h **** #define __WFE()                             __ASM volatile ("wfe":::"memory")
 243:Drivers/CMSIS/Include/cmsis_gcc.h **** 
 244:Drivers/CMSIS/Include/cmsis_gcc.h **** 
 245:Drivers/CMSIS/Include/cmsis_gcc.h **** /**
 246:Drivers/CMSIS/Include/cmsis_gcc.h ****   \brief   Send Event
 247:Drivers/CMSIS/Include/cmsis_gcc.h ****   \details Send Event is a hint instruction. It causes an event to be signaled to the CPU.
 248:Drivers/CMSIS/Include/cmsis_gcc.h ****  */
 249:Drivers/CMSIS/Include/cmsis_gcc.h **** #define __SEV()                             __ASM volatile ("sev")
 250:Drivers/CMSIS/Include/cmsis_gcc.h **** 
 251:Drivers/CMSIS/Include/cmsis_gcc.h **** 
 252:Drivers/CMSIS/Include/cmsis_gcc.h **** /**
 253:Drivers/CMSIS/Include/cmsis_gcc.h ****   \brief   Instruction Synchronization Barrier
 254:Drivers/CMSIS/Include/cmsis_gcc.h ****   \details Instruction Synchronization Barrier flushes the pipeline in the processor,
 255:Drivers/CMSIS/Include/cmsis_gcc.h ****            so that all instructions following the ISB are fetched from cache or memory,
 256:Drivers/CMSIS/Include/cmsis_gcc.h ****            after the instruction has been completed.
 257:Drivers/CMSIS/Include/cmsis_gcc.h ****  */
 258:Drivers/CMSIS/Include/cmsis_gcc.h **** __STATIC_FORCEINLINE void __ISB(void)
 259:Drivers/CMSIS/Include/cmsis_gcc.h **** {
 260:Drivers/CMSIS/Include/cmsis_gcc.h ****   __ASM volatile ("isb 0xF":::"memory");
 1066              		.loc 2 260 3
 1067              		.syntax unified
 1068              	@ 260 "Drivers/CMSIS/Include/cmsis_gcc.h" 1
 1069 0036 BFF36F8F 		isb 0xF
 1070              	@ 0 "" 2
 261:Drivers/CMSIS/Include/cmsis_gcc.h **** }
 1071              		.loc 2 261 1
 1072              		.thumb
 1073              		.syntax unified
 1074 003a 00BF     		nop
 1075              	.LBE5:
 1076              	.LBE4:
 616:Drivers/STM32F4xx_HAL_Driver/Src/stm32f4xx_hal_flash.c **** 
 617:Drivers/STM32F4xx_HAL_Driver/Src/stm32f4xx_hal_flash.c ****   /* Barrier to ensure programming is performed in 2 steps, in right order
 618:Drivers/STM32F4xx_HAL_Driver/Src/stm32f4xx_hal_flash.c ****     (independently of compiler optimization behavior) */
 619:Drivers/STM32F4xx_HAL_Driver/Src/stm32f4xx_hal_flash.c ****   __ISB();
 620:Drivers/STM32F4xx_HAL_Driver/Src/stm32f4xx_hal_flash.c **** 
 621:Drivers/STM32F4xx_HAL_Driver/Src/stm32f4xx_hal_flash.c ****   /* Program second word */
ARM GAS  C:\Users\DAELT-~1\AppData\Local\Temp\cc4hmfxW.s 			page 35


 622:Drivers/STM32F4xx_HAL_Driver/Src/stm32f4xx_hal_flash.c ****   *(__IO uint32_t *)(Address + 4) = (uint32_t)(Data >> 32);
 1077              		.loc 1 622 53
 1078 003c D7E90001 		ldrd	r0, [r7]
 1079 0040 4FF00002 		mov	r2, #0
 1080 0044 4FF00003 		mov	r3, #0
 1081 0048 0A00     		movs	r2, r1
 1082 004a 0023     		movs	r3, #0
 1083              		.loc 1 622 30
 1084 004c F968     		ldr	r1, [r7, #12]
 1085 004e 0431     		adds	r1, r1, #4
 1086              		.loc 1 622 37
 1087 0050 1346     		mov	r3, r2
 1088              		.loc 1 622 35
 1089 0052 0B60     		str	r3, [r1]
 623:Drivers/STM32F4xx_HAL_Driver/Src/stm32f4xx_hal_flash.c **** }
 1090              		.loc 1 623 1
 1091 0054 00BF     		nop
 1092 0056 1437     		adds	r7, r7, #20
 1093              	.LCFI59:
 1094              		.cfi_def_cfa_offset 4
 1095 0058 BD46     		mov	sp, r7
 1096              	.LCFI60:
 1097              		.cfi_def_cfa_register 13
 1098              		@ sp needed
 1099 005a 5DF8047B 		ldr	r7, [sp], #4
 1100              	.LCFI61:
 1101              		.cfi_restore 7
 1102              		.cfi_def_cfa_offset 0
 1103 005e 7047     		bx	lr
 1104              	.L74:
 1105              		.align	2
 1106              	.L73:
 1107 0060 003C0240 		.word	1073888256
 1108              		.cfi_endproc
 1109              	.LFE232:
 1111              		.section	.text.FLASH_Program_Word,"ax",%progbits
 1112              		.align	1
 1113              		.syntax unified
 1114              		.thumb
 1115              		.thumb_func
 1117              	FLASH_Program_Word:
 1118              	.LFB233:
 624:Drivers/STM32F4xx_HAL_Driver/Src/stm32f4xx_hal_flash.c **** 
 625:Drivers/STM32F4xx_HAL_Driver/Src/stm32f4xx_hal_flash.c **** 
 626:Drivers/STM32F4xx_HAL_Driver/Src/stm32f4xx_hal_flash.c **** /**
 627:Drivers/STM32F4xx_HAL_Driver/Src/stm32f4xx_hal_flash.c ****   * @brief  Program word (32-bit) at a specified address.
 628:Drivers/STM32F4xx_HAL_Driver/Src/stm32f4xx_hal_flash.c ****   * @note   This function must be used when the device voltage range is from
 629:Drivers/STM32F4xx_HAL_Driver/Src/stm32f4xx_hal_flash.c ****   *         2.7V to 3.6V.
 630:Drivers/STM32F4xx_HAL_Driver/Src/stm32f4xx_hal_flash.c ****   *
 631:Drivers/STM32F4xx_HAL_Driver/Src/stm32f4xx_hal_flash.c ****   * @note   If an erase and a program operations are requested simultaneously,
 632:Drivers/STM32F4xx_HAL_Driver/Src/stm32f4xx_hal_flash.c ****   *         the erase operation is performed before the program one.
 633:Drivers/STM32F4xx_HAL_Driver/Src/stm32f4xx_hal_flash.c ****   *
 634:Drivers/STM32F4xx_HAL_Driver/Src/stm32f4xx_hal_flash.c ****   * @param  Address specifies the address to be programmed.
 635:Drivers/STM32F4xx_HAL_Driver/Src/stm32f4xx_hal_flash.c ****   * @param  Data specifies the data to be programmed.
 636:Drivers/STM32F4xx_HAL_Driver/Src/stm32f4xx_hal_flash.c ****   * @retval None
 637:Drivers/STM32F4xx_HAL_Driver/Src/stm32f4xx_hal_flash.c ****   */
 638:Drivers/STM32F4xx_HAL_Driver/Src/stm32f4xx_hal_flash.c **** static void FLASH_Program_Word(uint32_t Address, uint32_t Data)
ARM GAS  C:\Users\DAELT-~1\AppData\Local\Temp\cc4hmfxW.s 			page 36


 639:Drivers/STM32F4xx_HAL_Driver/Src/stm32f4xx_hal_flash.c **** {
 1119              		.loc 1 639 1
 1120              		.cfi_startproc
 1121              		@ args = 0, pretend = 0, frame = 8
 1122              		@ frame_needed = 1, uses_anonymous_args = 0
 1123              		@ link register save eliminated.
 1124 0000 80B4     		push	{r7}
 1125              	.LCFI62:
 1126              		.cfi_def_cfa_offset 4
 1127              		.cfi_offset 7, -4
 1128 0002 83B0     		sub	sp, sp, #12
 1129              	.LCFI63:
 1130              		.cfi_def_cfa_offset 16
 1131 0004 00AF     		add	r7, sp, #0
 1132              	.LCFI64:
 1133              		.cfi_def_cfa_register 7
 1134 0006 7860     		str	r0, [r7, #4]
 1135 0008 3960     		str	r1, [r7]
 640:Drivers/STM32F4xx_HAL_Driver/Src/stm32f4xx_hal_flash.c ****   /* Check the parameters */
 641:Drivers/STM32F4xx_HAL_Driver/Src/stm32f4xx_hal_flash.c ****   assert_param(IS_FLASH_ADDRESS(Address));
 642:Drivers/STM32F4xx_HAL_Driver/Src/stm32f4xx_hal_flash.c **** 
 643:Drivers/STM32F4xx_HAL_Driver/Src/stm32f4xx_hal_flash.c ****   /* If the previous operation is completed, proceed to program the new data */
 644:Drivers/STM32F4xx_HAL_Driver/Src/stm32f4xx_hal_flash.c ****   CLEAR_BIT(FLASH->CR, FLASH_CR_PSIZE);
 1136              		.loc 1 644 3
 1137 000a 0D4B     		ldr	r3, .L76
 1138 000c 1B69     		ldr	r3, [r3, #16]
 1139 000e 0C4A     		ldr	r2, .L76
 1140 0010 23F44073 		bic	r3, r3, #768
 1141 0014 1361     		str	r3, [r2, #16]
 645:Drivers/STM32F4xx_HAL_Driver/Src/stm32f4xx_hal_flash.c ****   FLASH->CR |= FLASH_PSIZE_WORD;
 1142              		.loc 1 645 8
 1143 0016 0A4B     		ldr	r3, .L76
 1144 0018 1B69     		ldr	r3, [r3, #16]
 1145 001a 094A     		ldr	r2, .L76
 1146              		.loc 1 645 13
 1147 001c 43F40073 		orr	r3, r3, #512
 1148 0020 1361     		str	r3, [r2, #16]
 646:Drivers/STM32F4xx_HAL_Driver/Src/stm32f4xx_hal_flash.c ****   FLASH->CR |= FLASH_CR_PG;
 1149              		.loc 1 646 8
 1150 0022 074B     		ldr	r3, .L76
 1151 0024 1B69     		ldr	r3, [r3, #16]
 1152 0026 064A     		ldr	r2, .L76
 1153              		.loc 1 646 13
 1154 0028 43F00103 		orr	r3, r3, #1
 1155 002c 1361     		str	r3, [r2, #16]
 647:Drivers/STM32F4xx_HAL_Driver/Src/stm32f4xx_hal_flash.c **** 
 648:Drivers/STM32F4xx_HAL_Driver/Src/stm32f4xx_hal_flash.c ****   *(__IO uint32_t *)Address = Data;
 1156              		.loc 1 648 4
 1157 002e 7B68     		ldr	r3, [r7, #4]
 1158              		.loc 1 648 29
 1159 0030 3A68     		ldr	r2, [r7]
 1160 0032 1A60     		str	r2, [r3]
 649:Drivers/STM32F4xx_HAL_Driver/Src/stm32f4xx_hal_flash.c **** }
 1161              		.loc 1 649 1
 1162 0034 00BF     		nop
 1163 0036 0C37     		adds	r7, r7, #12
 1164              	.LCFI65:
ARM GAS  C:\Users\DAELT-~1\AppData\Local\Temp\cc4hmfxW.s 			page 37


 1165              		.cfi_def_cfa_offset 4
 1166 0038 BD46     		mov	sp, r7
 1167              	.LCFI66:
 1168              		.cfi_def_cfa_register 13
 1169              		@ sp needed
 1170 003a 5DF8047B 		ldr	r7, [sp], #4
 1171              	.LCFI67:
 1172              		.cfi_restore 7
 1173              		.cfi_def_cfa_offset 0
 1174 003e 7047     		bx	lr
 1175              	.L77:
 1176              		.align	2
 1177              	.L76:
 1178 0040 003C0240 		.word	1073888256
 1179              		.cfi_endproc
 1180              	.LFE233:
 1182              		.section	.text.FLASH_Program_HalfWord,"ax",%progbits
 1183              		.align	1
 1184              		.syntax unified
 1185              		.thumb
 1186              		.thumb_func
 1188              	FLASH_Program_HalfWord:
 1189              	.LFB234:
 650:Drivers/STM32F4xx_HAL_Driver/Src/stm32f4xx_hal_flash.c **** 
 651:Drivers/STM32F4xx_HAL_Driver/Src/stm32f4xx_hal_flash.c **** /**
 652:Drivers/STM32F4xx_HAL_Driver/Src/stm32f4xx_hal_flash.c ****   * @brief  Program a half-word (16-bit) at a specified address.
 653:Drivers/STM32F4xx_HAL_Driver/Src/stm32f4xx_hal_flash.c ****   * @note   This function must be used when the device voltage range is from
 654:Drivers/STM32F4xx_HAL_Driver/Src/stm32f4xx_hal_flash.c ****   *         2.1V to 3.6V.
 655:Drivers/STM32F4xx_HAL_Driver/Src/stm32f4xx_hal_flash.c ****   *
 656:Drivers/STM32F4xx_HAL_Driver/Src/stm32f4xx_hal_flash.c ****   * @note   If an erase and a program operations are requested simultaneously,
 657:Drivers/STM32F4xx_HAL_Driver/Src/stm32f4xx_hal_flash.c ****   *         the erase operation is performed before the program one.
 658:Drivers/STM32F4xx_HAL_Driver/Src/stm32f4xx_hal_flash.c ****   *
 659:Drivers/STM32F4xx_HAL_Driver/Src/stm32f4xx_hal_flash.c ****   * @param  Address specifies the address to be programmed.
 660:Drivers/STM32F4xx_HAL_Driver/Src/stm32f4xx_hal_flash.c ****   * @param  Data specifies the data to be programmed.
 661:Drivers/STM32F4xx_HAL_Driver/Src/stm32f4xx_hal_flash.c ****   * @retval None
 662:Drivers/STM32F4xx_HAL_Driver/Src/stm32f4xx_hal_flash.c ****   */
 663:Drivers/STM32F4xx_HAL_Driver/Src/stm32f4xx_hal_flash.c **** static void FLASH_Program_HalfWord(uint32_t Address, uint16_t Data)
 664:Drivers/STM32F4xx_HAL_Driver/Src/stm32f4xx_hal_flash.c **** {
 1190              		.loc 1 664 1
 1191              		.cfi_startproc
 1192              		@ args = 0, pretend = 0, frame = 8
 1193              		@ frame_needed = 1, uses_anonymous_args = 0
 1194              		@ link register save eliminated.
 1195 0000 80B4     		push	{r7}
 1196              	.LCFI68:
 1197              		.cfi_def_cfa_offset 4
 1198              		.cfi_offset 7, -4
 1199 0002 83B0     		sub	sp, sp, #12
 1200              	.LCFI69:
 1201              		.cfi_def_cfa_offset 16
 1202 0004 00AF     		add	r7, sp, #0
 1203              	.LCFI70:
 1204              		.cfi_def_cfa_register 7
 1205 0006 7860     		str	r0, [r7, #4]
 1206 0008 0B46     		mov	r3, r1
 1207 000a 7B80     		strh	r3, [r7, #2]	@ movhi
 665:Drivers/STM32F4xx_HAL_Driver/Src/stm32f4xx_hal_flash.c ****   /* Check the parameters */
ARM GAS  C:\Users\DAELT-~1\AppData\Local\Temp\cc4hmfxW.s 			page 38


 666:Drivers/STM32F4xx_HAL_Driver/Src/stm32f4xx_hal_flash.c ****   assert_param(IS_FLASH_ADDRESS(Address));
 667:Drivers/STM32F4xx_HAL_Driver/Src/stm32f4xx_hal_flash.c **** 
 668:Drivers/STM32F4xx_HAL_Driver/Src/stm32f4xx_hal_flash.c ****   /* If the previous operation is completed, proceed to program the new data */
 669:Drivers/STM32F4xx_HAL_Driver/Src/stm32f4xx_hal_flash.c ****   CLEAR_BIT(FLASH->CR, FLASH_CR_PSIZE);
 1208              		.loc 1 669 3
 1209 000c 0D4B     		ldr	r3, .L79
 1210 000e 1B69     		ldr	r3, [r3, #16]
 1211 0010 0C4A     		ldr	r2, .L79
 1212 0012 23F44073 		bic	r3, r3, #768
 1213 0016 1361     		str	r3, [r2, #16]
 670:Drivers/STM32F4xx_HAL_Driver/Src/stm32f4xx_hal_flash.c ****   FLASH->CR |= FLASH_PSIZE_HALF_WORD;
 1214              		.loc 1 670 8
 1215 0018 0A4B     		ldr	r3, .L79
 1216 001a 1B69     		ldr	r3, [r3, #16]
 1217 001c 094A     		ldr	r2, .L79
 1218              		.loc 1 670 13
 1219 001e 43F48073 		orr	r3, r3, #256
 1220 0022 1361     		str	r3, [r2, #16]
 671:Drivers/STM32F4xx_HAL_Driver/Src/stm32f4xx_hal_flash.c ****   FLASH->CR |= FLASH_CR_PG;
 1221              		.loc 1 671 8
 1222 0024 074B     		ldr	r3, .L79
 1223 0026 1B69     		ldr	r3, [r3, #16]
 1224 0028 064A     		ldr	r2, .L79
 1225              		.loc 1 671 13
 1226 002a 43F00103 		orr	r3, r3, #1
 1227 002e 1361     		str	r3, [r2, #16]
 672:Drivers/STM32F4xx_HAL_Driver/Src/stm32f4xx_hal_flash.c **** 
 673:Drivers/STM32F4xx_HAL_Driver/Src/stm32f4xx_hal_flash.c ****   *(__IO uint16_t *)Address = Data;
 1228              		.loc 1 673 4
 1229 0030 7B68     		ldr	r3, [r7, #4]
 1230              		.loc 1 673 29
 1231 0032 7A88     		ldrh	r2, [r7, #2]	@ movhi
 1232 0034 1A80     		strh	r2, [r3]	@ movhi
 674:Drivers/STM32F4xx_HAL_Driver/Src/stm32f4xx_hal_flash.c **** }
 1233              		.loc 1 674 1
 1234 0036 00BF     		nop
 1235 0038 0C37     		adds	r7, r7, #12
 1236              	.LCFI71:
 1237              		.cfi_def_cfa_offset 4
 1238 003a BD46     		mov	sp, r7
 1239              	.LCFI72:
 1240              		.cfi_def_cfa_register 13
 1241              		@ sp needed
 1242 003c 5DF8047B 		ldr	r7, [sp], #4
 1243              	.LCFI73:
 1244              		.cfi_restore 7
 1245              		.cfi_def_cfa_offset 0
 1246 0040 7047     		bx	lr
 1247              	.L80:
 1248 0042 00BF     		.align	2
 1249              	.L79:
 1250 0044 003C0240 		.word	1073888256
 1251              		.cfi_endproc
 1252              	.LFE234:
 1254              		.section	.text.FLASH_Program_Byte,"ax",%progbits
 1255              		.align	1
 1256              		.syntax unified
ARM GAS  C:\Users\DAELT-~1\AppData\Local\Temp\cc4hmfxW.s 			page 39


 1257              		.thumb
 1258              		.thumb_func
 1260              	FLASH_Program_Byte:
 1261              	.LFB235:
 675:Drivers/STM32F4xx_HAL_Driver/Src/stm32f4xx_hal_flash.c **** 
 676:Drivers/STM32F4xx_HAL_Driver/Src/stm32f4xx_hal_flash.c **** /**
 677:Drivers/STM32F4xx_HAL_Driver/Src/stm32f4xx_hal_flash.c ****   * @brief  Program byte (8-bit) at a specified address.
 678:Drivers/STM32F4xx_HAL_Driver/Src/stm32f4xx_hal_flash.c ****   * @note   This function must be used when the device voltage range is from
 679:Drivers/STM32F4xx_HAL_Driver/Src/stm32f4xx_hal_flash.c ****   *         1.8V to 3.6V.
 680:Drivers/STM32F4xx_HAL_Driver/Src/stm32f4xx_hal_flash.c ****   *
 681:Drivers/STM32F4xx_HAL_Driver/Src/stm32f4xx_hal_flash.c ****   * @note   If an erase and a program operations are requested simultaneously,
 682:Drivers/STM32F4xx_HAL_Driver/Src/stm32f4xx_hal_flash.c ****   *         the erase operation is performed before the program one.
 683:Drivers/STM32F4xx_HAL_Driver/Src/stm32f4xx_hal_flash.c ****   *
 684:Drivers/STM32F4xx_HAL_Driver/Src/stm32f4xx_hal_flash.c ****   * @param  Address specifies the address to be programmed.
 685:Drivers/STM32F4xx_HAL_Driver/Src/stm32f4xx_hal_flash.c ****   * @param  Data specifies the data to be programmed.
 686:Drivers/STM32F4xx_HAL_Driver/Src/stm32f4xx_hal_flash.c ****   * @retval None
 687:Drivers/STM32F4xx_HAL_Driver/Src/stm32f4xx_hal_flash.c ****   */
 688:Drivers/STM32F4xx_HAL_Driver/Src/stm32f4xx_hal_flash.c **** static void FLASH_Program_Byte(uint32_t Address, uint8_t Data)
 689:Drivers/STM32F4xx_HAL_Driver/Src/stm32f4xx_hal_flash.c **** {
 1262              		.loc 1 689 1
 1263              		.cfi_startproc
 1264              		@ args = 0, pretend = 0, frame = 8
 1265              		@ frame_needed = 1, uses_anonymous_args = 0
 1266              		@ link register save eliminated.
 1267 0000 80B4     		push	{r7}
 1268              	.LCFI74:
 1269              		.cfi_def_cfa_offset 4
 1270              		.cfi_offset 7, -4
 1271 0002 83B0     		sub	sp, sp, #12
 1272              	.LCFI75:
 1273              		.cfi_def_cfa_offset 16
 1274 0004 00AF     		add	r7, sp, #0
 1275              	.LCFI76:
 1276              		.cfi_def_cfa_register 7
 1277 0006 7860     		str	r0, [r7, #4]
 1278 0008 0B46     		mov	r3, r1
 1279 000a FB70     		strb	r3, [r7, #3]
 690:Drivers/STM32F4xx_HAL_Driver/Src/stm32f4xx_hal_flash.c ****   /* Check the parameters */
 691:Drivers/STM32F4xx_HAL_Driver/Src/stm32f4xx_hal_flash.c ****   assert_param(IS_FLASH_ADDRESS(Address));
 692:Drivers/STM32F4xx_HAL_Driver/Src/stm32f4xx_hal_flash.c **** 
 693:Drivers/STM32F4xx_HAL_Driver/Src/stm32f4xx_hal_flash.c ****   /* If the previous operation is completed, proceed to program the new data */
 694:Drivers/STM32F4xx_HAL_Driver/Src/stm32f4xx_hal_flash.c ****   CLEAR_BIT(FLASH->CR, FLASH_CR_PSIZE);
 1280              		.loc 1 694 3
 1281 000c 0C4B     		ldr	r3, .L82
 1282 000e 1B69     		ldr	r3, [r3, #16]
 1283 0010 0B4A     		ldr	r2, .L82
 1284 0012 23F44073 		bic	r3, r3, #768
 1285 0016 1361     		str	r3, [r2, #16]
 695:Drivers/STM32F4xx_HAL_Driver/Src/stm32f4xx_hal_flash.c ****   FLASH->CR |= FLASH_PSIZE_BYTE;
 1286              		.loc 1 695 8
 1287 0018 094B     		ldr	r3, .L82
 1288 001a 094A     		ldr	r2, .L82
 1289 001c 1B69     		ldr	r3, [r3, #16]
 1290              		.loc 1 695 13
 1291 001e 1361     		str	r3, [r2, #16]
 696:Drivers/STM32F4xx_HAL_Driver/Src/stm32f4xx_hal_flash.c ****   FLASH->CR |= FLASH_CR_PG;
 1292              		.loc 1 696 8
ARM GAS  C:\Users\DAELT-~1\AppData\Local\Temp\cc4hmfxW.s 			page 40


 1293 0020 074B     		ldr	r3, .L82
 1294 0022 1B69     		ldr	r3, [r3, #16]
 1295 0024 064A     		ldr	r2, .L82
 1296              		.loc 1 696 13
 1297 0026 43F00103 		orr	r3, r3, #1
 1298 002a 1361     		str	r3, [r2, #16]
 697:Drivers/STM32F4xx_HAL_Driver/Src/stm32f4xx_hal_flash.c **** 
 698:Drivers/STM32F4xx_HAL_Driver/Src/stm32f4xx_hal_flash.c ****   *(__IO uint8_t *)Address = Data;
 1299              		.loc 1 698 4
 1300 002c 7B68     		ldr	r3, [r7, #4]
 1301              		.loc 1 698 28
 1302 002e FA78     		ldrb	r2, [r7, #3]
 1303 0030 1A70     		strb	r2, [r3]
 699:Drivers/STM32F4xx_HAL_Driver/Src/stm32f4xx_hal_flash.c **** }
 1304              		.loc 1 699 1
 1305 0032 00BF     		nop
 1306 0034 0C37     		adds	r7, r7, #12
 1307              	.LCFI77:
 1308              		.cfi_def_cfa_offset 4
 1309 0036 BD46     		mov	sp, r7
 1310              	.LCFI78:
 1311              		.cfi_def_cfa_register 13
 1312              		@ sp needed
 1313 0038 5DF8047B 		ldr	r7, [sp], #4
 1314              	.LCFI79:
 1315              		.cfi_restore 7
 1316              		.cfi_def_cfa_offset 0
 1317 003c 7047     		bx	lr
 1318              	.L83:
 1319 003e 00BF     		.align	2
 1320              	.L82:
 1321 0040 003C0240 		.word	1073888256
 1322              		.cfi_endproc
 1323              	.LFE235:
 1325              		.section	.text.FLASH_SetErrorCode,"ax",%progbits
 1326              		.align	1
 1327              		.syntax unified
 1328              		.thumb
 1329              		.thumb_func
 1331              	FLASH_SetErrorCode:
 1332              	.LFB236:
 700:Drivers/STM32F4xx_HAL_Driver/Src/stm32f4xx_hal_flash.c **** 
 701:Drivers/STM32F4xx_HAL_Driver/Src/stm32f4xx_hal_flash.c **** /**
 702:Drivers/STM32F4xx_HAL_Driver/Src/stm32f4xx_hal_flash.c ****   * @brief  Set the specific FLASH error flag.
 703:Drivers/STM32F4xx_HAL_Driver/Src/stm32f4xx_hal_flash.c ****   * @retval None
 704:Drivers/STM32F4xx_HAL_Driver/Src/stm32f4xx_hal_flash.c ****   */
 705:Drivers/STM32F4xx_HAL_Driver/Src/stm32f4xx_hal_flash.c **** static void FLASH_SetErrorCode(void)
 706:Drivers/STM32F4xx_HAL_Driver/Src/stm32f4xx_hal_flash.c **** {
 1333              		.loc 1 706 1
 1334              		.cfi_startproc
 1335              		@ args = 0, pretend = 0, frame = 0
 1336              		@ frame_needed = 1, uses_anonymous_args = 0
 1337              		@ link register save eliminated.
 1338 0000 80B4     		push	{r7}
 1339              	.LCFI80:
 1340              		.cfi_def_cfa_offset 4
 1341              		.cfi_offset 7, -4
ARM GAS  C:\Users\DAELT-~1\AppData\Local\Temp\cc4hmfxW.s 			page 41


 1342 0002 00AF     		add	r7, sp, #0
 1343              	.LCFI81:
 1344              		.cfi_def_cfa_register 7
 707:Drivers/STM32F4xx_HAL_Driver/Src/stm32f4xx_hal_flash.c ****   if (__HAL_FLASH_GET_FLAG(FLASH_FLAG_WRPERR) != RESET)
 1345              		.loc 1 707 7
 1346 0004 2F4B     		ldr	r3, .L92
 1347 0006 DB68     		ldr	r3, [r3, #12]
 1348 0008 03F01003 		and	r3, r3, #16
 1349              		.loc 1 707 6
 1350 000c 002B     		cmp	r3, #0
 1351 000e 08D0     		beq	.L85
 708:Drivers/STM32F4xx_HAL_Driver/Src/stm32f4xx_hal_flash.c ****   {
 709:Drivers/STM32F4xx_HAL_Driver/Src/stm32f4xx_hal_flash.c ****     pFlash.ErrorCode |= HAL_FLASH_ERROR_WRP;
 1352              		.loc 1 709 11
 1353 0010 2D4B     		ldr	r3, .L92+4
 1354 0012 DB69     		ldr	r3, [r3, #28]
 1355              		.loc 1 709 22
 1356 0014 43F01003 		orr	r3, r3, #16
 1357 0018 2B4A     		ldr	r2, .L92+4
 1358 001a D361     		str	r3, [r2, #28]
 710:Drivers/STM32F4xx_HAL_Driver/Src/stm32f4xx_hal_flash.c **** 
 711:Drivers/STM32F4xx_HAL_Driver/Src/stm32f4xx_hal_flash.c ****     /* Clear FLASH write protection error pending bit */
 712:Drivers/STM32F4xx_HAL_Driver/Src/stm32f4xx_hal_flash.c ****     __HAL_FLASH_CLEAR_FLAG(FLASH_FLAG_WRPERR);
 1359              		.loc 1 712 5
 1360 001c 294B     		ldr	r3, .L92
 1361 001e 1022     		movs	r2, #16
 1362 0020 DA60     		str	r2, [r3, #12]
 1363              	.L85:
 713:Drivers/STM32F4xx_HAL_Driver/Src/stm32f4xx_hal_flash.c ****   }
 714:Drivers/STM32F4xx_HAL_Driver/Src/stm32f4xx_hal_flash.c **** 
 715:Drivers/STM32F4xx_HAL_Driver/Src/stm32f4xx_hal_flash.c ****   if (__HAL_FLASH_GET_FLAG(FLASH_FLAG_PGAERR) != RESET)
 1364              		.loc 1 715 7
 1365 0022 284B     		ldr	r3, .L92
 1366 0024 DB68     		ldr	r3, [r3, #12]
 1367 0026 03F02003 		and	r3, r3, #32
 1368              		.loc 1 715 6
 1369 002a 002B     		cmp	r3, #0
 1370 002c 08D0     		beq	.L86
 716:Drivers/STM32F4xx_HAL_Driver/Src/stm32f4xx_hal_flash.c ****   {
 717:Drivers/STM32F4xx_HAL_Driver/Src/stm32f4xx_hal_flash.c ****     pFlash.ErrorCode |= HAL_FLASH_ERROR_PGA;
 1371              		.loc 1 717 11
 1372 002e 264B     		ldr	r3, .L92+4
 1373 0030 DB69     		ldr	r3, [r3, #28]
 1374              		.loc 1 717 22
 1375 0032 43F00803 		orr	r3, r3, #8
 1376 0036 244A     		ldr	r2, .L92+4
 1377 0038 D361     		str	r3, [r2, #28]
 718:Drivers/STM32F4xx_HAL_Driver/Src/stm32f4xx_hal_flash.c **** 
 719:Drivers/STM32F4xx_HAL_Driver/Src/stm32f4xx_hal_flash.c ****     /* Clear FLASH Programming alignment error pending bit */
 720:Drivers/STM32F4xx_HAL_Driver/Src/stm32f4xx_hal_flash.c ****     __HAL_FLASH_CLEAR_FLAG(FLASH_FLAG_PGAERR);
 1378              		.loc 1 720 5
 1379 003a 224B     		ldr	r3, .L92
 1380 003c 2022     		movs	r2, #32
 1381 003e DA60     		str	r2, [r3, #12]
 1382              	.L86:
 721:Drivers/STM32F4xx_HAL_Driver/Src/stm32f4xx_hal_flash.c ****   }
 722:Drivers/STM32F4xx_HAL_Driver/Src/stm32f4xx_hal_flash.c **** 
ARM GAS  C:\Users\DAELT-~1\AppData\Local\Temp\cc4hmfxW.s 			page 42


 723:Drivers/STM32F4xx_HAL_Driver/Src/stm32f4xx_hal_flash.c ****   if (__HAL_FLASH_GET_FLAG(FLASH_FLAG_PGPERR) != RESET)
 1383              		.loc 1 723 7
 1384 0040 204B     		ldr	r3, .L92
 1385 0042 DB68     		ldr	r3, [r3, #12]
 1386 0044 03F04003 		and	r3, r3, #64
 1387              		.loc 1 723 6
 1388 0048 002B     		cmp	r3, #0
 1389 004a 08D0     		beq	.L87
 724:Drivers/STM32F4xx_HAL_Driver/Src/stm32f4xx_hal_flash.c ****   {
 725:Drivers/STM32F4xx_HAL_Driver/Src/stm32f4xx_hal_flash.c ****     pFlash.ErrorCode |= HAL_FLASH_ERROR_PGP;
 1390              		.loc 1 725 11
 1391 004c 1E4B     		ldr	r3, .L92+4
 1392 004e DB69     		ldr	r3, [r3, #28]
 1393              		.loc 1 725 22
 1394 0050 43F00403 		orr	r3, r3, #4
 1395 0054 1C4A     		ldr	r2, .L92+4
 1396 0056 D361     		str	r3, [r2, #28]
 726:Drivers/STM32F4xx_HAL_Driver/Src/stm32f4xx_hal_flash.c **** 
 727:Drivers/STM32F4xx_HAL_Driver/Src/stm32f4xx_hal_flash.c ****     /* Clear FLASH Programming parallelism error pending bit */
 728:Drivers/STM32F4xx_HAL_Driver/Src/stm32f4xx_hal_flash.c ****     __HAL_FLASH_CLEAR_FLAG(FLASH_FLAG_PGPERR);
 1397              		.loc 1 728 5
 1398 0058 1A4B     		ldr	r3, .L92
 1399 005a 4022     		movs	r2, #64
 1400 005c DA60     		str	r2, [r3, #12]
 1401              	.L87:
 729:Drivers/STM32F4xx_HAL_Driver/Src/stm32f4xx_hal_flash.c ****   }
 730:Drivers/STM32F4xx_HAL_Driver/Src/stm32f4xx_hal_flash.c **** 
 731:Drivers/STM32F4xx_HAL_Driver/Src/stm32f4xx_hal_flash.c ****   if (__HAL_FLASH_GET_FLAG(FLASH_FLAG_PGSERR) != RESET)
 1402              		.loc 1 731 7
 1403 005e 194B     		ldr	r3, .L92
 1404 0060 DB68     		ldr	r3, [r3, #12]
 1405 0062 03F08003 		and	r3, r3, #128
 1406              		.loc 1 731 6
 1407 0066 002B     		cmp	r3, #0
 1408 0068 08D0     		beq	.L88
 732:Drivers/STM32F4xx_HAL_Driver/Src/stm32f4xx_hal_flash.c ****   {
 733:Drivers/STM32F4xx_HAL_Driver/Src/stm32f4xx_hal_flash.c ****     pFlash.ErrorCode |= HAL_FLASH_ERROR_PGS;
 1409              		.loc 1 733 11
 1410 006a 174B     		ldr	r3, .L92+4
 1411 006c DB69     		ldr	r3, [r3, #28]
 1412              		.loc 1 733 22
 1413 006e 43F00203 		orr	r3, r3, #2
 1414 0072 154A     		ldr	r2, .L92+4
 1415 0074 D361     		str	r3, [r2, #28]
 734:Drivers/STM32F4xx_HAL_Driver/Src/stm32f4xx_hal_flash.c **** 
 735:Drivers/STM32F4xx_HAL_Driver/Src/stm32f4xx_hal_flash.c ****     /* Clear FLASH Programming sequence error pending bit */
 736:Drivers/STM32F4xx_HAL_Driver/Src/stm32f4xx_hal_flash.c ****     __HAL_FLASH_CLEAR_FLAG(FLASH_FLAG_PGSERR);
 1416              		.loc 1 736 5
 1417 0076 134B     		ldr	r3, .L92
 1418 0078 8022     		movs	r2, #128
 1419 007a DA60     		str	r2, [r3, #12]
 1420              	.L88:
 737:Drivers/STM32F4xx_HAL_Driver/Src/stm32f4xx_hal_flash.c ****   }
 738:Drivers/STM32F4xx_HAL_Driver/Src/stm32f4xx_hal_flash.c **** #if defined(FLASH_SR_RDERR)
 739:Drivers/STM32F4xx_HAL_Driver/Src/stm32f4xx_hal_flash.c ****   if (__HAL_FLASH_GET_FLAG(FLASH_FLAG_RDERR) != RESET)
 1421              		.loc 1 739 7
 1422 007c 114B     		ldr	r3, .L92
ARM GAS  C:\Users\DAELT-~1\AppData\Local\Temp\cc4hmfxW.s 			page 43


 1423 007e DB68     		ldr	r3, [r3, #12]
 1424 0080 03F48073 		and	r3, r3, #256
 1425              		.loc 1 739 6
 1426 0084 002B     		cmp	r3, #0
 1427 0086 09D0     		beq	.L89
 740:Drivers/STM32F4xx_HAL_Driver/Src/stm32f4xx_hal_flash.c ****   {
 741:Drivers/STM32F4xx_HAL_Driver/Src/stm32f4xx_hal_flash.c ****     pFlash.ErrorCode |= HAL_FLASH_ERROR_RD;
 1428              		.loc 1 741 11
 1429 0088 0F4B     		ldr	r3, .L92+4
 1430 008a DB69     		ldr	r3, [r3, #28]
 1431              		.loc 1 741 22
 1432 008c 43F00103 		orr	r3, r3, #1
 1433 0090 0D4A     		ldr	r2, .L92+4
 1434 0092 D361     		str	r3, [r2, #28]
 742:Drivers/STM32F4xx_HAL_Driver/Src/stm32f4xx_hal_flash.c **** 
 743:Drivers/STM32F4xx_HAL_Driver/Src/stm32f4xx_hal_flash.c ****     /* Clear FLASH Proprietary readout protection error pending bit */
 744:Drivers/STM32F4xx_HAL_Driver/Src/stm32f4xx_hal_flash.c ****     __HAL_FLASH_CLEAR_FLAG(FLASH_FLAG_RDERR);
 1435              		.loc 1 744 5
 1436 0094 0B4B     		ldr	r3, .L92
 1437 0096 4FF48072 		mov	r2, #256
 1438 009a DA60     		str	r2, [r3, #12]
 1439              	.L89:
 745:Drivers/STM32F4xx_HAL_Driver/Src/stm32f4xx_hal_flash.c ****   }
 746:Drivers/STM32F4xx_HAL_Driver/Src/stm32f4xx_hal_flash.c **** #endif /* FLASH_SR_RDERR */
 747:Drivers/STM32F4xx_HAL_Driver/Src/stm32f4xx_hal_flash.c ****   if (__HAL_FLASH_GET_FLAG(FLASH_FLAG_OPERR) != RESET)
 1440              		.loc 1 747 7
 1441 009c 094B     		ldr	r3, .L92
 1442 009e DB68     		ldr	r3, [r3, #12]
 1443 00a0 03F00203 		and	r3, r3, #2
 1444              		.loc 1 747 6
 1445 00a4 002B     		cmp	r3, #0
 1446 00a6 08D0     		beq	.L91
 748:Drivers/STM32F4xx_HAL_Driver/Src/stm32f4xx_hal_flash.c ****   {
 749:Drivers/STM32F4xx_HAL_Driver/Src/stm32f4xx_hal_flash.c ****     pFlash.ErrorCode |= HAL_FLASH_ERROR_OPERATION;
 1447              		.loc 1 749 11
 1448 00a8 074B     		ldr	r3, .L92+4
 1449 00aa DB69     		ldr	r3, [r3, #28]
 1450              		.loc 1 749 22
 1451 00ac 43F02003 		orr	r3, r3, #32
 1452 00b0 054A     		ldr	r2, .L92+4
 1453 00b2 D361     		str	r3, [r2, #28]
 750:Drivers/STM32F4xx_HAL_Driver/Src/stm32f4xx_hal_flash.c **** 
 751:Drivers/STM32F4xx_HAL_Driver/Src/stm32f4xx_hal_flash.c ****     /* Clear FLASH Operation error pending bit */
 752:Drivers/STM32F4xx_HAL_Driver/Src/stm32f4xx_hal_flash.c ****     __HAL_FLASH_CLEAR_FLAG(FLASH_FLAG_OPERR);
 1454              		.loc 1 752 5
 1455 00b4 034B     		ldr	r3, .L92
 1456 00b6 0222     		movs	r2, #2
 1457 00b8 DA60     		str	r2, [r3, #12]
 1458              	.L91:
 753:Drivers/STM32F4xx_HAL_Driver/Src/stm32f4xx_hal_flash.c ****   }
 754:Drivers/STM32F4xx_HAL_Driver/Src/stm32f4xx_hal_flash.c **** }
 1459              		.loc 1 754 1
 1460 00ba 00BF     		nop
 1461 00bc BD46     		mov	sp, r7
 1462              	.LCFI82:
 1463              		.cfi_def_cfa_register 13
 1464              		@ sp needed
ARM GAS  C:\Users\DAELT-~1\AppData\Local\Temp\cc4hmfxW.s 			page 44


 1465 00be 5DF8047B 		ldr	r7, [sp], #4
 1466              	.LCFI83:
 1467              		.cfi_restore 7
 1468              		.cfi_def_cfa_offset 0
 1469 00c2 7047     		bx	lr
 1470              	.L93:
 1471              		.align	2
 1472              	.L92:
 1473 00c4 003C0240 		.word	1073888256
 1474 00c8 00000000 		.word	pFlash
 1475              		.cfi_endproc
 1476              	.LFE236:
 1478              		.text
 1479              	.Letext0:
 1480              		.file 3 "C:/tools/arm-gnu-toolchain-13.2.rel1-mingw-w64-i686-arm-none-eabi/arm-none-eabi/include/m
 1481              		.file 4 "C:/tools/arm-gnu-toolchain-13.2.rel1-mingw-w64-i686-arm-none-eabi/arm-none-eabi/include/s
 1482              		.file 5 "Drivers/CMSIS/Device/ST/STM32F4xx/Include/stm32f411xe.h"
 1483              		.file 6 "Drivers/CMSIS/Device/ST/STM32F4xx/Include/stm32f4xx.h"
 1484              		.file 7 "Drivers/STM32F4xx_HAL_Driver/Inc/stm32f4xx_hal_def.h"
 1485              		.file 8 "Drivers/STM32F4xx_HAL_Driver/Inc/stm32f4xx_hal_flash.h"
 1486              		.file 9 "Drivers/STM32F4xx_HAL_Driver/Inc/stm32f4xx_hal.h"
 1487              		.file 10 "Drivers/STM32F4xx_HAL_Driver/Inc/stm32f4xx_hal_flash_ex.h"
ARM GAS  C:\Users\DAELT-~1\AppData\Local\Temp\cc4hmfxW.s 			page 45


DEFINED SYMBOLS
                            *ABS*:00000000 stm32f4xx_hal_flash.c
C:\Users\DAELT-~1\AppData\Local\Temp\cc4hmfxW.s:25     .bss.pFlash:00000000 pFlash
C:\Users\DAELT-~1\AppData\Local\Temp\cc4hmfxW.s:22     .bss.pFlash:00000000 $d
C:\Users\DAELT-~1\AppData\Local\Temp\cc4hmfxW.s:28     .text.HAL_FLASH_Program:00000000 $t
C:\Users\DAELT-~1\AppData\Local\Temp\cc4hmfxW.s:34     .text.HAL_FLASH_Program:00000000 HAL_FLASH_Program
C:\Users\DAELT-~1\AppData\Local\Temp\cc4hmfxW.s:905    .text.FLASH_WaitForLastOperation:00000000 FLASH_WaitForLastOperation
C:\Users\DAELT-~1\AppData\Local\Temp\cc4hmfxW.s:1260   .text.FLASH_Program_Byte:00000000 FLASH_Program_Byte
C:\Users\DAELT-~1\AppData\Local\Temp\cc4hmfxW.s:1188   .text.FLASH_Program_HalfWord:00000000 FLASH_Program_HalfWord
C:\Users\DAELT-~1\AppData\Local\Temp\cc4hmfxW.s:1117   .text.FLASH_Program_Word:00000000 FLASH_Program_Word
C:\Users\DAELT-~1\AppData\Local\Temp\cc4hmfxW.s:1018   .text.FLASH_Program_DoubleWord:00000000 FLASH_Program_DoubleWord
C:\Users\DAELT-~1\AppData\Local\Temp\cc4hmfxW.s:148    .text.HAL_FLASH_Program:0000009c $d
C:\Users\DAELT-~1\AppData\Local\Temp\cc4hmfxW.s:154    .text.HAL_FLASH_Program_IT:00000000 $t
C:\Users\DAELT-~1\AppData\Local\Temp\cc4hmfxW.s:160    .text.HAL_FLASH_Program_IT:00000000 HAL_FLASH_Program_IT
C:\Users\DAELT-~1\AppData\Local\Temp\cc4hmfxW.s:256    .text.HAL_FLASH_Program_IT:00000080 $d
C:\Users\DAELT-~1\AppData\Local\Temp\cc4hmfxW.s:262    .text.HAL_FLASH_IRQHandler:00000000 $t
C:\Users\DAELT-~1\AppData\Local\Temp\cc4hmfxW.s:268    .text.HAL_FLASH_IRQHandler:00000000 HAL_FLASH_IRQHandler
C:\Users\DAELT-~1\AppData\Local\Temp\cc4hmfxW.s:1331   .text.FLASH_SetErrorCode:00000000 FLASH_SetErrorCode
C:\Users\DAELT-~1\AppData\Local\Temp\cc4hmfxW.s:539    .text.HAL_FLASH_OperationErrorCallback:00000000 HAL_FLASH_OperationErrorCallback
C:\Users\DAELT-~1\AppData\Local\Temp\cc4hmfxW.s:497    .text.HAL_FLASH_EndOfOperationCallback:00000000 HAL_FLASH_EndOfOperationCallback
C:\Users\DAELT-~1\AppData\Local\Temp\cc4hmfxW.s:485    .text.HAL_FLASH_IRQHandler:00000130 $d
C:\Users\DAELT-~1\AppData\Local\Temp\cc4hmfxW.s:491    .text.HAL_FLASH_EndOfOperationCallback:00000000 $t
C:\Users\DAELT-~1\AppData\Local\Temp\cc4hmfxW.s:533    .text.HAL_FLASH_OperationErrorCallback:00000000 $t
C:\Users\DAELT-~1\AppData\Local\Temp\cc4hmfxW.s:575    .text.HAL_FLASH_Unlock:00000000 $t
C:\Users\DAELT-~1\AppData\Local\Temp\cc4hmfxW.s:581    .text.HAL_FLASH_Unlock:00000000 HAL_FLASH_Unlock
C:\Users\DAELT-~1\AppData\Local\Temp\cc4hmfxW.s:644    .text.HAL_FLASH_Unlock:00000038 $d
C:\Users\DAELT-~1\AppData\Local\Temp\cc4hmfxW.s:651    .text.HAL_FLASH_Lock:00000000 $t
C:\Users\DAELT-~1\AppData\Local\Temp\cc4hmfxW.s:657    .text.HAL_FLASH_Lock:00000000 HAL_FLASH_Lock
C:\Users\DAELT-~1\AppData\Local\Temp\cc4hmfxW.s:694    .text.HAL_FLASH_Lock:0000001c $d
C:\Users\DAELT-~1\AppData\Local\Temp\cc4hmfxW.s:699    .text.HAL_FLASH_OB_Unlock:00000000 $t
C:\Users\DAELT-~1\AppData\Local\Temp\cc4hmfxW.s:705    .text.HAL_FLASH_OB_Unlock:00000000 HAL_FLASH_OB_Unlock
C:\Users\DAELT-~1\AppData\Local\Temp\cc4hmfxW.s:758    .text.HAL_FLASH_OB_Unlock:0000002c $d
C:\Users\DAELT-~1\AppData\Local\Temp\cc4hmfxW.s:765    .text.HAL_FLASH_OB_Lock:00000000 $t
C:\Users\DAELT-~1\AppData\Local\Temp\cc4hmfxW.s:771    .text.HAL_FLASH_OB_Lock:00000000 HAL_FLASH_OB_Lock
C:\Users\DAELT-~1\AppData\Local\Temp\cc4hmfxW.s:808    .text.HAL_FLASH_OB_Lock:0000001c $d
C:\Users\DAELT-~1\AppData\Local\Temp\cc4hmfxW.s:813    .text.HAL_FLASH_OB_Launch:00000000 $t
C:\Users\DAELT-~1\AppData\Local\Temp\cc4hmfxW.s:819    .text.HAL_FLASH_OB_Launch:00000000 HAL_FLASH_OB_Launch
C:\Users\DAELT-~1\AppData\Local\Temp\cc4hmfxW.s:852    .text.HAL_FLASH_OB_Launch:00000024 $d
C:\Users\DAELT-~1\AppData\Local\Temp\cc4hmfxW.s:857    .text.HAL_FLASH_GetError:00000000 $t
C:\Users\DAELT-~1\AppData\Local\Temp\cc4hmfxW.s:863    .text.HAL_FLASH_GetError:00000000 HAL_FLASH_GetError
C:\Users\DAELT-~1\AppData\Local\Temp\cc4hmfxW.s:894    .text.HAL_FLASH_GetError:00000014 $d
C:\Users\DAELT-~1\AppData\Local\Temp\cc4hmfxW.s:899    .text.FLASH_WaitForLastOperation:00000000 $t
C:\Users\DAELT-~1\AppData\Local\Temp\cc4hmfxW.s:1007   .text.FLASH_WaitForLastOperation:00000078 $d
C:\Users\DAELT-~1\AppData\Local\Temp\cc4hmfxW.s:1013   .text.FLASH_Program_DoubleWord:00000000 $t
C:\Users\DAELT-~1\AppData\Local\Temp\cc4hmfxW.s:1107   .text.FLASH_Program_DoubleWord:00000060 $d
C:\Users\DAELT-~1\AppData\Local\Temp\cc4hmfxW.s:1112   .text.FLASH_Program_Word:00000000 $t
C:\Users\DAELT-~1\AppData\Local\Temp\cc4hmfxW.s:1178   .text.FLASH_Program_Word:00000040 $d
C:\Users\DAELT-~1\AppData\Local\Temp\cc4hmfxW.s:1183   .text.FLASH_Program_HalfWord:00000000 $t
C:\Users\DAELT-~1\AppData\Local\Temp\cc4hmfxW.s:1250   .text.FLASH_Program_HalfWord:00000044 $d
C:\Users\DAELT-~1\AppData\Local\Temp\cc4hmfxW.s:1255   .text.FLASH_Program_Byte:00000000 $t
C:\Users\DAELT-~1\AppData\Local\Temp\cc4hmfxW.s:1321   .text.FLASH_Program_Byte:00000040 $d
C:\Users\DAELT-~1\AppData\Local\Temp\cc4hmfxW.s:1326   .text.FLASH_SetErrorCode:00000000 $t
C:\Users\DAELT-~1\AppData\Local\Temp\cc4hmfxW.s:1473   .text.FLASH_SetErrorCode:000000c4 $d

UNDEFINED SYMBOLS
FLASH_Erase_Sector
FLASH_FlushCaches
ARM GAS  C:\Users\DAELT-~1\AppData\Local\Temp\cc4hmfxW.s 			page 46


HAL_GetTick
