ARM GAS  C:\Users\DAELT-~1\AppData\Local\Temp\cc8H7Tyn.s 			page 1


   1              		.cpu cortex-m4
   2              		.arch armv7e-m
   3              		.fpu fpv4-sp-d16
   4              		.eabi_attribute 27, 1
   5              		.eabi_attribute 28, 1
   6              		.eabi_attribute 20, 1
   7              		.eabi_attribute 21, 1
   8              		.eabi_attribute 23, 3
   9              		.eabi_attribute 24, 1
  10              		.eabi_attribute 25, 1
  11              		.eabi_attribute 26, 1
  12              		.eabi_attribute 30, 6
  13              		.eabi_attribute 34, 1
  14              		.eabi_attribute 18, 4
  15              		.file	"stm32f4xx_hal_pcd.c"
  16              		.text
  17              	.Ltext0:
  18              		.cfi_sections	.debug_frame
  19              		.file 1 "Drivers/STM32F4xx_HAL_Driver/Src/stm32f4xx_hal_pcd.c"
  20              		.section	.text.HAL_PCD_Init,"ax",%progbits
  21              		.align	1
  22              		.global	HAL_PCD_Init
  23              		.syntax unified
  24              		.thumb
  25              		.thumb_func
  27              	HAL_PCD_Init:
  28              	.LFB220:
   1:Drivers/STM32F4xx_HAL_Driver/Src/stm32f4xx_hal_pcd.c **** /**
   2:Drivers/STM32F4xx_HAL_Driver/Src/stm32f4xx_hal_pcd.c ****   ******************************************************************************
   3:Drivers/STM32F4xx_HAL_Driver/Src/stm32f4xx_hal_pcd.c ****   * @file    stm32f4xx_hal_pcd.c
   4:Drivers/STM32F4xx_HAL_Driver/Src/stm32f4xx_hal_pcd.c ****   * @author  MCD Application Team
   5:Drivers/STM32F4xx_HAL_Driver/Src/stm32f4xx_hal_pcd.c ****   * @brief   PCD HAL module driver.
   6:Drivers/STM32F4xx_HAL_Driver/Src/stm32f4xx_hal_pcd.c ****   *          This file provides firmware functions to manage the following
   7:Drivers/STM32F4xx_HAL_Driver/Src/stm32f4xx_hal_pcd.c ****   *          functionalities of the USB Peripheral Controller:
   8:Drivers/STM32F4xx_HAL_Driver/Src/stm32f4xx_hal_pcd.c ****   *           + Initialization and de-initialization functions
   9:Drivers/STM32F4xx_HAL_Driver/Src/stm32f4xx_hal_pcd.c ****   *           + IO operation functions
  10:Drivers/STM32F4xx_HAL_Driver/Src/stm32f4xx_hal_pcd.c ****   *           + Peripheral Control functions
  11:Drivers/STM32F4xx_HAL_Driver/Src/stm32f4xx_hal_pcd.c ****   *           + Peripheral State functions
  12:Drivers/STM32F4xx_HAL_Driver/Src/stm32f4xx_hal_pcd.c ****   *
  13:Drivers/STM32F4xx_HAL_Driver/Src/stm32f4xx_hal_pcd.c ****   ******************************************************************************
  14:Drivers/STM32F4xx_HAL_Driver/Src/stm32f4xx_hal_pcd.c ****   * @attention
  15:Drivers/STM32F4xx_HAL_Driver/Src/stm32f4xx_hal_pcd.c ****   *
  16:Drivers/STM32F4xx_HAL_Driver/Src/stm32f4xx_hal_pcd.c ****   * Copyright (c) 2016 STMicroelectronics.
  17:Drivers/STM32F4xx_HAL_Driver/Src/stm32f4xx_hal_pcd.c ****   * All rights reserved.
  18:Drivers/STM32F4xx_HAL_Driver/Src/stm32f4xx_hal_pcd.c ****   *
  19:Drivers/STM32F4xx_HAL_Driver/Src/stm32f4xx_hal_pcd.c ****   * This software is licensed under terms that can be found in the LICENSE file
  20:Drivers/STM32F4xx_HAL_Driver/Src/stm32f4xx_hal_pcd.c ****   * in the root directory of this software component.
  21:Drivers/STM32F4xx_HAL_Driver/Src/stm32f4xx_hal_pcd.c ****   * If no LICENSE file comes with this software, it is provided AS-IS.
  22:Drivers/STM32F4xx_HAL_Driver/Src/stm32f4xx_hal_pcd.c ****   *
  23:Drivers/STM32F4xx_HAL_Driver/Src/stm32f4xx_hal_pcd.c ****   ******************************************************************************
  24:Drivers/STM32F4xx_HAL_Driver/Src/stm32f4xx_hal_pcd.c ****   @verbatim
  25:Drivers/STM32F4xx_HAL_Driver/Src/stm32f4xx_hal_pcd.c ****   ==============================================================================
  26:Drivers/STM32F4xx_HAL_Driver/Src/stm32f4xx_hal_pcd.c ****                     ##### How to use this driver #####
  27:Drivers/STM32F4xx_HAL_Driver/Src/stm32f4xx_hal_pcd.c ****   ==============================================================================
  28:Drivers/STM32F4xx_HAL_Driver/Src/stm32f4xx_hal_pcd.c ****     [..]
  29:Drivers/STM32F4xx_HAL_Driver/Src/stm32f4xx_hal_pcd.c ****       The PCD HAL driver can be used as follows:
  30:Drivers/STM32F4xx_HAL_Driver/Src/stm32f4xx_hal_pcd.c **** 
ARM GAS  C:\Users\DAELT-~1\AppData\Local\Temp\cc8H7Tyn.s 			page 2


  31:Drivers/STM32F4xx_HAL_Driver/Src/stm32f4xx_hal_pcd.c ****      (#) Declare a PCD_HandleTypeDef handle structure, for example:
  32:Drivers/STM32F4xx_HAL_Driver/Src/stm32f4xx_hal_pcd.c ****          PCD_HandleTypeDef  hpcd;
  33:Drivers/STM32F4xx_HAL_Driver/Src/stm32f4xx_hal_pcd.c **** 
  34:Drivers/STM32F4xx_HAL_Driver/Src/stm32f4xx_hal_pcd.c ****      (#) Fill parameters of Init structure in HCD handle
  35:Drivers/STM32F4xx_HAL_Driver/Src/stm32f4xx_hal_pcd.c **** 
  36:Drivers/STM32F4xx_HAL_Driver/Src/stm32f4xx_hal_pcd.c ****      (#) Call HAL_PCD_Init() API to initialize the PCD peripheral (Core, Device core, ...)
  37:Drivers/STM32F4xx_HAL_Driver/Src/stm32f4xx_hal_pcd.c **** 
  38:Drivers/STM32F4xx_HAL_Driver/Src/stm32f4xx_hal_pcd.c ****      (#) Initialize the PCD low level resources through the HAL_PCD_MspInit() API:
  39:Drivers/STM32F4xx_HAL_Driver/Src/stm32f4xx_hal_pcd.c ****          (##) Enable the PCD/USB Low Level interface clock using
  40:Drivers/STM32F4xx_HAL_Driver/Src/stm32f4xx_hal_pcd.c ****               (+++) __HAL_RCC_USB_OTG_FS_CLK_ENABLE();
  41:Drivers/STM32F4xx_HAL_Driver/Src/stm32f4xx_hal_pcd.c ****               (+++) __HAL_RCC_USB_OTG_HS_CLK_ENABLE(); (For High Speed Mode)
  42:Drivers/STM32F4xx_HAL_Driver/Src/stm32f4xx_hal_pcd.c **** 
  43:Drivers/STM32F4xx_HAL_Driver/Src/stm32f4xx_hal_pcd.c ****          (##) Initialize the related GPIO clocks
  44:Drivers/STM32F4xx_HAL_Driver/Src/stm32f4xx_hal_pcd.c ****          (##) Configure PCD pin-out
  45:Drivers/STM32F4xx_HAL_Driver/Src/stm32f4xx_hal_pcd.c ****          (##) Configure PCD NVIC interrupt
  46:Drivers/STM32F4xx_HAL_Driver/Src/stm32f4xx_hal_pcd.c **** 
  47:Drivers/STM32F4xx_HAL_Driver/Src/stm32f4xx_hal_pcd.c ****      (#)Associate the Upper USB device stack to the HAL PCD Driver:
  48:Drivers/STM32F4xx_HAL_Driver/Src/stm32f4xx_hal_pcd.c ****          (##) hpcd.pData = pdev;
  49:Drivers/STM32F4xx_HAL_Driver/Src/stm32f4xx_hal_pcd.c **** 
  50:Drivers/STM32F4xx_HAL_Driver/Src/stm32f4xx_hal_pcd.c ****      (#)Enable PCD transmission and reception:
  51:Drivers/STM32F4xx_HAL_Driver/Src/stm32f4xx_hal_pcd.c ****          (##) HAL_PCD_Start();
  52:Drivers/STM32F4xx_HAL_Driver/Src/stm32f4xx_hal_pcd.c **** 
  53:Drivers/STM32F4xx_HAL_Driver/Src/stm32f4xx_hal_pcd.c ****   @endverbatim
  54:Drivers/STM32F4xx_HAL_Driver/Src/stm32f4xx_hal_pcd.c ****   ******************************************************************************
  55:Drivers/STM32F4xx_HAL_Driver/Src/stm32f4xx_hal_pcd.c ****   */
  56:Drivers/STM32F4xx_HAL_Driver/Src/stm32f4xx_hal_pcd.c **** 
  57:Drivers/STM32F4xx_HAL_Driver/Src/stm32f4xx_hal_pcd.c **** /* Includes ------------------------------------------------------------------*/
  58:Drivers/STM32F4xx_HAL_Driver/Src/stm32f4xx_hal_pcd.c **** #include "stm32f4xx_hal.h"
  59:Drivers/STM32F4xx_HAL_Driver/Src/stm32f4xx_hal_pcd.c **** 
  60:Drivers/STM32F4xx_HAL_Driver/Src/stm32f4xx_hal_pcd.c **** /** @addtogroup STM32F4xx_HAL_Driver
  61:Drivers/STM32F4xx_HAL_Driver/Src/stm32f4xx_hal_pcd.c ****   * @{
  62:Drivers/STM32F4xx_HAL_Driver/Src/stm32f4xx_hal_pcd.c ****   */
  63:Drivers/STM32F4xx_HAL_Driver/Src/stm32f4xx_hal_pcd.c **** 
  64:Drivers/STM32F4xx_HAL_Driver/Src/stm32f4xx_hal_pcd.c **** /** @defgroup PCD PCD
  65:Drivers/STM32F4xx_HAL_Driver/Src/stm32f4xx_hal_pcd.c ****   * @brief PCD HAL module driver
  66:Drivers/STM32F4xx_HAL_Driver/Src/stm32f4xx_hal_pcd.c ****   * @{
  67:Drivers/STM32F4xx_HAL_Driver/Src/stm32f4xx_hal_pcd.c ****   */
  68:Drivers/STM32F4xx_HAL_Driver/Src/stm32f4xx_hal_pcd.c **** 
  69:Drivers/STM32F4xx_HAL_Driver/Src/stm32f4xx_hal_pcd.c **** #ifdef HAL_PCD_MODULE_ENABLED
  70:Drivers/STM32F4xx_HAL_Driver/Src/stm32f4xx_hal_pcd.c **** 
  71:Drivers/STM32F4xx_HAL_Driver/Src/stm32f4xx_hal_pcd.c **** #if defined (USB_OTG_FS) || defined (USB_OTG_HS)
  72:Drivers/STM32F4xx_HAL_Driver/Src/stm32f4xx_hal_pcd.c **** 
  73:Drivers/STM32F4xx_HAL_Driver/Src/stm32f4xx_hal_pcd.c **** /* Private types -------------------------------------------------------------*/
  74:Drivers/STM32F4xx_HAL_Driver/Src/stm32f4xx_hal_pcd.c **** /* Private variables ---------------------------------------------------------*/
  75:Drivers/STM32F4xx_HAL_Driver/Src/stm32f4xx_hal_pcd.c **** /* Private constants ---------------------------------------------------------*/
  76:Drivers/STM32F4xx_HAL_Driver/Src/stm32f4xx_hal_pcd.c **** /* Private macros ------------------------------------------------------------*/
  77:Drivers/STM32F4xx_HAL_Driver/Src/stm32f4xx_hal_pcd.c **** /** @defgroup PCD_Private_Macros PCD Private Macros
  78:Drivers/STM32F4xx_HAL_Driver/Src/stm32f4xx_hal_pcd.c ****   * @{
  79:Drivers/STM32F4xx_HAL_Driver/Src/stm32f4xx_hal_pcd.c ****   */
  80:Drivers/STM32F4xx_HAL_Driver/Src/stm32f4xx_hal_pcd.c **** #define PCD_MIN(a, b)  (((a) < (b)) ? (a) : (b))
  81:Drivers/STM32F4xx_HAL_Driver/Src/stm32f4xx_hal_pcd.c **** #define PCD_MAX(a, b)  (((a) > (b)) ? (a) : (b))
  82:Drivers/STM32F4xx_HAL_Driver/Src/stm32f4xx_hal_pcd.c **** /**
  83:Drivers/STM32F4xx_HAL_Driver/Src/stm32f4xx_hal_pcd.c ****   * @}
  84:Drivers/STM32F4xx_HAL_Driver/Src/stm32f4xx_hal_pcd.c ****   */
  85:Drivers/STM32F4xx_HAL_Driver/Src/stm32f4xx_hal_pcd.c **** 
  86:Drivers/STM32F4xx_HAL_Driver/Src/stm32f4xx_hal_pcd.c **** /* Private functions prototypes ----------------------------------------------*/
  87:Drivers/STM32F4xx_HAL_Driver/Src/stm32f4xx_hal_pcd.c **** /** @defgroup PCD_Private_Functions PCD Private Functions
ARM GAS  C:\Users\DAELT-~1\AppData\Local\Temp\cc8H7Tyn.s 			page 3


  88:Drivers/STM32F4xx_HAL_Driver/Src/stm32f4xx_hal_pcd.c ****   * @{
  89:Drivers/STM32F4xx_HAL_Driver/Src/stm32f4xx_hal_pcd.c ****   */
  90:Drivers/STM32F4xx_HAL_Driver/Src/stm32f4xx_hal_pcd.c **** #if defined (USB_OTG_FS) || defined (USB_OTG_HS)
  91:Drivers/STM32F4xx_HAL_Driver/Src/stm32f4xx_hal_pcd.c **** static HAL_StatusTypeDef PCD_WriteEmptyTxFifo(PCD_HandleTypeDef *hpcd, uint32_t epnum);
  92:Drivers/STM32F4xx_HAL_Driver/Src/stm32f4xx_hal_pcd.c **** static HAL_StatusTypeDef PCD_EP_OutXfrComplete_int(PCD_HandleTypeDef *hpcd, uint32_t epnum);
  93:Drivers/STM32F4xx_HAL_Driver/Src/stm32f4xx_hal_pcd.c **** static HAL_StatusTypeDef PCD_EP_OutSetupPacket_int(PCD_HandleTypeDef *hpcd, uint32_t epnum);
  94:Drivers/STM32F4xx_HAL_Driver/Src/stm32f4xx_hal_pcd.c **** #endif /* defined (USB_OTG_FS) || defined (USB_OTG_HS) */
  95:Drivers/STM32F4xx_HAL_Driver/Src/stm32f4xx_hal_pcd.c **** /**
  96:Drivers/STM32F4xx_HAL_Driver/Src/stm32f4xx_hal_pcd.c ****   * @}
  97:Drivers/STM32F4xx_HAL_Driver/Src/stm32f4xx_hal_pcd.c ****   */
  98:Drivers/STM32F4xx_HAL_Driver/Src/stm32f4xx_hal_pcd.c **** 
  99:Drivers/STM32F4xx_HAL_Driver/Src/stm32f4xx_hal_pcd.c **** /* Exported functions --------------------------------------------------------*/
 100:Drivers/STM32F4xx_HAL_Driver/Src/stm32f4xx_hal_pcd.c **** /** @defgroup PCD_Exported_Functions PCD Exported Functions
 101:Drivers/STM32F4xx_HAL_Driver/Src/stm32f4xx_hal_pcd.c ****   * @{
 102:Drivers/STM32F4xx_HAL_Driver/Src/stm32f4xx_hal_pcd.c ****   */
 103:Drivers/STM32F4xx_HAL_Driver/Src/stm32f4xx_hal_pcd.c **** 
 104:Drivers/STM32F4xx_HAL_Driver/Src/stm32f4xx_hal_pcd.c **** /** @defgroup PCD_Exported_Functions_Group1 Initialization and de-initialization functions
 105:Drivers/STM32F4xx_HAL_Driver/Src/stm32f4xx_hal_pcd.c ****   *  @brief    Initialization and Configuration functions
 106:Drivers/STM32F4xx_HAL_Driver/Src/stm32f4xx_hal_pcd.c ****   *
 107:Drivers/STM32F4xx_HAL_Driver/Src/stm32f4xx_hal_pcd.c **** @verbatim
 108:Drivers/STM32F4xx_HAL_Driver/Src/stm32f4xx_hal_pcd.c ****  ===============================================================================
 109:Drivers/STM32F4xx_HAL_Driver/Src/stm32f4xx_hal_pcd.c ****             ##### Initialization and de-initialization functions #####
 110:Drivers/STM32F4xx_HAL_Driver/Src/stm32f4xx_hal_pcd.c ****  ===============================================================================
 111:Drivers/STM32F4xx_HAL_Driver/Src/stm32f4xx_hal_pcd.c ****     [..]  This section provides functions allowing to:
 112:Drivers/STM32F4xx_HAL_Driver/Src/stm32f4xx_hal_pcd.c **** 
 113:Drivers/STM32F4xx_HAL_Driver/Src/stm32f4xx_hal_pcd.c **** @endverbatim
 114:Drivers/STM32F4xx_HAL_Driver/Src/stm32f4xx_hal_pcd.c ****   * @{
 115:Drivers/STM32F4xx_HAL_Driver/Src/stm32f4xx_hal_pcd.c ****   */
 116:Drivers/STM32F4xx_HAL_Driver/Src/stm32f4xx_hal_pcd.c **** 
 117:Drivers/STM32F4xx_HAL_Driver/Src/stm32f4xx_hal_pcd.c **** /**
 118:Drivers/STM32F4xx_HAL_Driver/Src/stm32f4xx_hal_pcd.c ****   * @brief  Initializes the PCD according to the specified
 119:Drivers/STM32F4xx_HAL_Driver/Src/stm32f4xx_hal_pcd.c ****   *         parameters in the PCD_InitTypeDef and initialize the associated handle.
 120:Drivers/STM32F4xx_HAL_Driver/Src/stm32f4xx_hal_pcd.c ****   * @param  hpcd PCD handle
 121:Drivers/STM32F4xx_HAL_Driver/Src/stm32f4xx_hal_pcd.c ****   * @retval HAL status
 122:Drivers/STM32F4xx_HAL_Driver/Src/stm32f4xx_hal_pcd.c ****   */
 123:Drivers/STM32F4xx_HAL_Driver/Src/stm32f4xx_hal_pcd.c **** HAL_StatusTypeDef HAL_PCD_Init(PCD_HandleTypeDef *hpcd)
 124:Drivers/STM32F4xx_HAL_Driver/Src/stm32f4xx_hal_pcd.c **** {
  29              		.loc 1 124 1
  30              		.cfi_startproc
  31              		@ args = 0, pretend = 0, frame = 16
  32              		@ frame_needed = 1, uses_anonymous_args = 0
  33 0000 80B5     		push	{r7, lr}
  34              	.LCFI0:
  35              		.cfi_def_cfa_offset 8
  36              		.cfi_offset 7, -8
  37              		.cfi_offset 14, -4
  38 0002 86B0     		sub	sp, sp, #24
  39              	.LCFI1:
  40              		.cfi_def_cfa_offset 32
  41 0004 02AF     		add	r7, sp, #8
  42              	.LCFI2:
  43              		.cfi_def_cfa 7, 24
  44 0006 7860     		str	r0, [r7, #4]
 125:Drivers/STM32F4xx_HAL_Driver/Src/stm32f4xx_hal_pcd.c **** #if defined (USB_OTG_FS)
 126:Drivers/STM32F4xx_HAL_Driver/Src/stm32f4xx_hal_pcd.c ****   const USB_OTG_GlobalTypeDef *USBx;
 127:Drivers/STM32F4xx_HAL_Driver/Src/stm32f4xx_hal_pcd.c **** #endif /* defined (USB_OTG_FS) */
 128:Drivers/STM32F4xx_HAL_Driver/Src/stm32f4xx_hal_pcd.c ****   uint8_t i;
ARM GAS  C:\Users\DAELT-~1\AppData\Local\Temp\cc8H7Tyn.s 			page 4


 129:Drivers/STM32F4xx_HAL_Driver/Src/stm32f4xx_hal_pcd.c **** 
 130:Drivers/STM32F4xx_HAL_Driver/Src/stm32f4xx_hal_pcd.c ****   /* Check the PCD handle allocation */
 131:Drivers/STM32F4xx_HAL_Driver/Src/stm32f4xx_hal_pcd.c ****   if (hpcd == NULL)
  45              		.loc 1 131 6
  46 0008 7B68     		ldr	r3, [r7, #4]
  47 000a 002B     		cmp	r3, #0
  48 000c 01D1     		bne	.L2
 132:Drivers/STM32F4xx_HAL_Driver/Src/stm32f4xx_hal_pcd.c ****   {
 133:Drivers/STM32F4xx_HAL_Driver/Src/stm32f4xx_hal_pcd.c ****     return HAL_ERROR;
  49              		.loc 1 133 12
  50 000e 0123     		movs	r3, #1
  51 0010 01E1     		b	.L3
  52              	.L2:
 134:Drivers/STM32F4xx_HAL_Driver/Src/stm32f4xx_hal_pcd.c ****   }
 135:Drivers/STM32F4xx_HAL_Driver/Src/stm32f4xx_hal_pcd.c **** 
 136:Drivers/STM32F4xx_HAL_Driver/Src/stm32f4xx_hal_pcd.c ****   /* Check the parameters */
 137:Drivers/STM32F4xx_HAL_Driver/Src/stm32f4xx_hal_pcd.c ****   assert_param(IS_PCD_ALL_INSTANCE(hpcd->Instance));
 138:Drivers/STM32F4xx_HAL_Driver/Src/stm32f4xx_hal_pcd.c **** 
 139:Drivers/STM32F4xx_HAL_Driver/Src/stm32f4xx_hal_pcd.c **** #if defined (USB_OTG_FS)
 140:Drivers/STM32F4xx_HAL_Driver/Src/stm32f4xx_hal_pcd.c ****   USBx = hpcd->Instance;
  53              		.loc 1 140 8
  54 0012 7B68     		ldr	r3, [r7, #4]
  55 0014 1B68     		ldr	r3, [r3]
  56 0016 BB60     		str	r3, [r7, #8]
 141:Drivers/STM32F4xx_HAL_Driver/Src/stm32f4xx_hal_pcd.c **** #endif /* defined (USB_OTG_FS) */
 142:Drivers/STM32F4xx_HAL_Driver/Src/stm32f4xx_hal_pcd.c **** 
 143:Drivers/STM32F4xx_HAL_Driver/Src/stm32f4xx_hal_pcd.c ****   if (hpcd->State == HAL_PCD_STATE_RESET)
  57              		.loc 1 143 11
  58 0018 7B68     		ldr	r3, [r7, #4]
  59 001a 93F89534 		ldrb	r3, [r3, #1173]
  60 001e DBB2     		uxtb	r3, r3
  61              		.loc 1 143 6
  62 0020 002B     		cmp	r3, #0
  63 0022 06D1     		bne	.L4
 144:Drivers/STM32F4xx_HAL_Driver/Src/stm32f4xx_hal_pcd.c ****   {
 145:Drivers/STM32F4xx_HAL_Driver/Src/stm32f4xx_hal_pcd.c ****     /* Allocate lock resource and initialize it */
 146:Drivers/STM32F4xx_HAL_Driver/Src/stm32f4xx_hal_pcd.c ****     hpcd->Lock = HAL_UNLOCKED;
  64              		.loc 1 146 16
  65 0024 7B68     		ldr	r3, [r7, #4]
  66 0026 0022     		movs	r2, #0
  67 0028 83F89424 		strb	r2, [r3, #1172]
 147:Drivers/STM32F4xx_HAL_Driver/Src/stm32f4xx_hal_pcd.c **** 
 148:Drivers/STM32F4xx_HAL_Driver/Src/stm32f4xx_hal_pcd.c **** #if (USE_HAL_PCD_REGISTER_CALLBACKS == 1U)
 149:Drivers/STM32F4xx_HAL_Driver/Src/stm32f4xx_hal_pcd.c ****     hpcd->SOFCallback = HAL_PCD_SOFCallback;
 150:Drivers/STM32F4xx_HAL_Driver/Src/stm32f4xx_hal_pcd.c ****     hpcd->SetupStageCallback = HAL_PCD_SetupStageCallback;
 151:Drivers/STM32F4xx_HAL_Driver/Src/stm32f4xx_hal_pcd.c ****     hpcd->ResetCallback = HAL_PCD_ResetCallback;
 152:Drivers/STM32F4xx_HAL_Driver/Src/stm32f4xx_hal_pcd.c ****     hpcd->SuspendCallback = HAL_PCD_SuspendCallback;
 153:Drivers/STM32F4xx_HAL_Driver/Src/stm32f4xx_hal_pcd.c ****     hpcd->ResumeCallback = HAL_PCD_ResumeCallback;
 154:Drivers/STM32F4xx_HAL_Driver/Src/stm32f4xx_hal_pcd.c ****     hpcd->ConnectCallback = HAL_PCD_ConnectCallback;
 155:Drivers/STM32F4xx_HAL_Driver/Src/stm32f4xx_hal_pcd.c ****     hpcd->DisconnectCallback = HAL_PCD_DisconnectCallback;
 156:Drivers/STM32F4xx_HAL_Driver/Src/stm32f4xx_hal_pcd.c ****     hpcd->DataOutStageCallback = HAL_PCD_DataOutStageCallback;
 157:Drivers/STM32F4xx_HAL_Driver/Src/stm32f4xx_hal_pcd.c ****     hpcd->DataInStageCallback = HAL_PCD_DataInStageCallback;
 158:Drivers/STM32F4xx_HAL_Driver/Src/stm32f4xx_hal_pcd.c ****     hpcd->ISOOUTIncompleteCallback = HAL_PCD_ISOOUTIncompleteCallback;
 159:Drivers/STM32F4xx_HAL_Driver/Src/stm32f4xx_hal_pcd.c ****     hpcd->ISOINIncompleteCallback = HAL_PCD_ISOINIncompleteCallback;
 160:Drivers/STM32F4xx_HAL_Driver/Src/stm32f4xx_hal_pcd.c ****     hpcd->LPMCallback = HAL_PCDEx_LPM_Callback;
 161:Drivers/STM32F4xx_HAL_Driver/Src/stm32f4xx_hal_pcd.c ****     hpcd->BCDCallback = HAL_PCDEx_BCD_Callback;
 162:Drivers/STM32F4xx_HAL_Driver/Src/stm32f4xx_hal_pcd.c **** 
ARM GAS  C:\Users\DAELT-~1\AppData\Local\Temp\cc8H7Tyn.s 			page 5


 163:Drivers/STM32F4xx_HAL_Driver/Src/stm32f4xx_hal_pcd.c ****     if (hpcd->MspInitCallback == NULL)
 164:Drivers/STM32F4xx_HAL_Driver/Src/stm32f4xx_hal_pcd.c ****     {
 165:Drivers/STM32F4xx_HAL_Driver/Src/stm32f4xx_hal_pcd.c ****       hpcd->MspInitCallback = HAL_PCD_MspInit;
 166:Drivers/STM32F4xx_HAL_Driver/Src/stm32f4xx_hal_pcd.c ****     }
 167:Drivers/STM32F4xx_HAL_Driver/Src/stm32f4xx_hal_pcd.c **** 
 168:Drivers/STM32F4xx_HAL_Driver/Src/stm32f4xx_hal_pcd.c ****     /* Init the low level hardware */
 169:Drivers/STM32F4xx_HAL_Driver/Src/stm32f4xx_hal_pcd.c ****     hpcd->MspInitCallback(hpcd);
 170:Drivers/STM32F4xx_HAL_Driver/Src/stm32f4xx_hal_pcd.c **** #else
 171:Drivers/STM32F4xx_HAL_Driver/Src/stm32f4xx_hal_pcd.c ****     /* Init the low level hardware : GPIO, CLOCK, NVIC... */
 172:Drivers/STM32F4xx_HAL_Driver/Src/stm32f4xx_hal_pcd.c ****     HAL_PCD_MspInit(hpcd);
  68              		.loc 1 172 5
  69 002c 7868     		ldr	r0, [r7, #4]
  70 002e FFF7FEFF 		bl	HAL_PCD_MspInit
  71              	.L4:
 173:Drivers/STM32F4xx_HAL_Driver/Src/stm32f4xx_hal_pcd.c **** #endif /* (USE_HAL_PCD_REGISTER_CALLBACKS) */
 174:Drivers/STM32F4xx_HAL_Driver/Src/stm32f4xx_hal_pcd.c ****   }
 175:Drivers/STM32F4xx_HAL_Driver/Src/stm32f4xx_hal_pcd.c **** 
 176:Drivers/STM32F4xx_HAL_Driver/Src/stm32f4xx_hal_pcd.c ****   hpcd->State = HAL_PCD_STATE_BUSY;
  72              		.loc 1 176 15
  73 0032 7B68     		ldr	r3, [r7, #4]
  74 0034 0322     		movs	r2, #3
  75 0036 83F89524 		strb	r2, [r3, #1173]
 177:Drivers/STM32F4xx_HAL_Driver/Src/stm32f4xx_hal_pcd.c **** 
 178:Drivers/STM32F4xx_HAL_Driver/Src/stm32f4xx_hal_pcd.c **** #if defined (USB_OTG_FS)
 179:Drivers/STM32F4xx_HAL_Driver/Src/stm32f4xx_hal_pcd.c ****   /* Disable DMA mode for FS instance */
 180:Drivers/STM32F4xx_HAL_Driver/Src/stm32f4xx_hal_pcd.c ****   if (USBx == USB_OTG_FS)
  76              		.loc 1 180 6
  77 003a BB68     		ldr	r3, [r7, #8]
  78 003c B3F1A04F 		cmp	r3, #1342177280
  79 0040 02D1     		bne	.L5
 181:Drivers/STM32F4xx_HAL_Driver/Src/stm32f4xx_hal_pcd.c ****   {
 182:Drivers/STM32F4xx_HAL_Driver/Src/stm32f4xx_hal_pcd.c ****     hpcd->Init.dma_enable = 0U;
  80              		.loc 1 182 27
  81 0042 7B68     		ldr	r3, [r7, #4]
  82 0044 0022     		movs	r2, #0
  83 0046 9A71     		strb	r2, [r3, #6]
  84              	.L5:
 183:Drivers/STM32F4xx_HAL_Driver/Src/stm32f4xx_hal_pcd.c ****   }
 184:Drivers/STM32F4xx_HAL_Driver/Src/stm32f4xx_hal_pcd.c **** #endif /* defined (USB_OTG_FS) */
 185:Drivers/STM32F4xx_HAL_Driver/Src/stm32f4xx_hal_pcd.c **** 
 186:Drivers/STM32F4xx_HAL_Driver/Src/stm32f4xx_hal_pcd.c ****   /* Disable the Interrupts */
 187:Drivers/STM32F4xx_HAL_Driver/Src/stm32f4xx_hal_pcd.c ****   __HAL_PCD_DISABLE(hpcd);
  85              		.loc 1 187 3
  86 0048 7B68     		ldr	r3, [r7, #4]
  87 004a 1B68     		ldr	r3, [r3]
  88 004c 1846     		mov	r0, r3
  89 004e FFF7FEFF 		bl	USB_DisableGlobalInt
 188:Drivers/STM32F4xx_HAL_Driver/Src/stm32f4xx_hal_pcd.c **** 
 189:Drivers/STM32F4xx_HAL_Driver/Src/stm32f4xx_hal_pcd.c ****   /*Init the Core (common init.) */
 190:Drivers/STM32F4xx_HAL_Driver/Src/stm32f4xx_hal_pcd.c ****   if (USB_CoreInit(hpcd->Instance, hpcd->Init) != HAL_OK)
  90              		.loc 1 190 24
  91 0052 7B68     		ldr	r3, [r7, #4]
  92 0054 1868     		ldr	r0, [r3]
  93              		.loc 1 190 7
  94 0056 7B68     		ldr	r3, [r7, #4]
  95 0058 1A7C     		ldrb	r2, [r3, #16]
  96 005a 8DF80020 		strb	r2, [sp]
ARM GAS  C:\Users\DAELT-~1\AppData\Local\Temp\cc8H7Tyn.s 			page 6


  97 005e 0433     		adds	r3, r3, #4
  98 0060 0ECB     		ldm	r3, {r1, r2, r3}
  99 0062 FFF7FEFF 		bl	USB_CoreInit
 100 0066 0346     		mov	r3, r0
 101              		.loc 1 190 6 discriminator 1
 102 0068 002B     		cmp	r3, #0
 103 006a 05D0     		beq	.L6
 191:Drivers/STM32F4xx_HAL_Driver/Src/stm32f4xx_hal_pcd.c ****   {
 192:Drivers/STM32F4xx_HAL_Driver/Src/stm32f4xx_hal_pcd.c ****     hpcd->State = HAL_PCD_STATE_ERROR;
 104              		.loc 1 192 17
 105 006c 7B68     		ldr	r3, [r7, #4]
 106 006e 0222     		movs	r2, #2
 107 0070 83F89524 		strb	r2, [r3, #1173]
 193:Drivers/STM32F4xx_HAL_Driver/Src/stm32f4xx_hal_pcd.c ****     return HAL_ERROR;
 108              		.loc 1 193 12
 109 0074 0123     		movs	r3, #1
 110 0076 CEE0     		b	.L3
 111              	.L6:
 194:Drivers/STM32F4xx_HAL_Driver/Src/stm32f4xx_hal_pcd.c ****   }
 195:Drivers/STM32F4xx_HAL_Driver/Src/stm32f4xx_hal_pcd.c **** 
 196:Drivers/STM32F4xx_HAL_Driver/Src/stm32f4xx_hal_pcd.c ****   /* Force Device Mode */
 197:Drivers/STM32F4xx_HAL_Driver/Src/stm32f4xx_hal_pcd.c ****   if (USB_SetCurrentMode(hpcd->Instance, USB_DEVICE_MODE) != HAL_OK)
 112              		.loc 1 197 30
 113 0078 7B68     		ldr	r3, [r7, #4]
 114 007a 1B68     		ldr	r3, [r3]
 115              		.loc 1 197 7
 116 007c 0021     		movs	r1, #0
 117 007e 1846     		mov	r0, r3
 118 0080 FFF7FEFF 		bl	USB_SetCurrentMode
 119 0084 0346     		mov	r3, r0
 120              		.loc 1 197 6 discriminator 1
 121 0086 002B     		cmp	r3, #0
 122 0088 05D0     		beq	.L7
 198:Drivers/STM32F4xx_HAL_Driver/Src/stm32f4xx_hal_pcd.c ****   {
 199:Drivers/STM32F4xx_HAL_Driver/Src/stm32f4xx_hal_pcd.c ****     hpcd->State = HAL_PCD_STATE_ERROR;
 123              		.loc 1 199 17
 124 008a 7B68     		ldr	r3, [r7, #4]
 125 008c 0222     		movs	r2, #2
 126 008e 83F89524 		strb	r2, [r3, #1173]
 200:Drivers/STM32F4xx_HAL_Driver/Src/stm32f4xx_hal_pcd.c ****     return HAL_ERROR;
 127              		.loc 1 200 12
 128 0092 0123     		movs	r3, #1
 129 0094 BFE0     		b	.L3
 130              	.L7:
 201:Drivers/STM32F4xx_HAL_Driver/Src/stm32f4xx_hal_pcd.c ****   }
 202:Drivers/STM32F4xx_HAL_Driver/Src/stm32f4xx_hal_pcd.c **** 
 203:Drivers/STM32F4xx_HAL_Driver/Src/stm32f4xx_hal_pcd.c ****   /* Init endpoints structures */
 204:Drivers/STM32F4xx_HAL_Driver/Src/stm32f4xx_hal_pcd.c ****   for (i = 0U; i < hpcd->Init.dev_endpoints; i++)
 131              		.loc 1 204 10
 132 0096 0023     		movs	r3, #0
 133 0098 FB73     		strb	r3, [r7, #15]
 134              		.loc 1 204 3
 135 009a 4AE0     		b	.L8
 136              	.L9:
 205:Drivers/STM32F4xx_HAL_Driver/Src/stm32f4xx_hal_pcd.c ****   {
 206:Drivers/STM32F4xx_HAL_Driver/Src/stm32f4xx_hal_pcd.c ****     /* Init ep structure */
 207:Drivers/STM32F4xx_HAL_Driver/Src/stm32f4xx_hal_pcd.c ****     hpcd->IN_ep[i].is_in = 1U;
ARM GAS  C:\Users\DAELT-~1\AppData\Local\Temp\cc8H7Tyn.s 			page 7


 137              		.loc 1 207 19
 138 009c FA7B     		ldrb	r2, [r7, #15]	@ zero_extendqisi2
 139              		.loc 1 207 26
 140 009e 7968     		ldr	r1, [r7, #4]
 141 00a0 1346     		mov	r3, r2
 142 00a2 DB00     		lsls	r3, r3, #3
 143 00a4 1344     		add	r3, r3, r2
 144 00a6 9B00     		lsls	r3, r3, #2
 145 00a8 0B44     		add	r3, r3, r1
 146 00aa 1533     		adds	r3, r3, #21
 147 00ac 0122     		movs	r2, #1
 148 00ae 1A70     		strb	r2, [r3]
 208:Drivers/STM32F4xx_HAL_Driver/Src/stm32f4xx_hal_pcd.c ****     hpcd->IN_ep[i].num = i;
 149              		.loc 1 208 19
 150 00b0 FA7B     		ldrb	r2, [r7, #15]	@ zero_extendqisi2
 151              		.loc 1 208 24
 152 00b2 7968     		ldr	r1, [r7, #4]
 153 00b4 1346     		mov	r3, r2
 154 00b6 DB00     		lsls	r3, r3, #3
 155 00b8 1344     		add	r3, r3, r2
 156 00ba 9B00     		lsls	r3, r3, #2
 157 00bc 0B44     		add	r3, r3, r1
 158 00be 1433     		adds	r3, r3, #20
 159 00c0 FA7B     		ldrb	r2, [r7, #15]
 160 00c2 1A70     		strb	r2, [r3]
 209:Drivers/STM32F4xx_HAL_Driver/Src/stm32f4xx_hal_pcd.c ****     hpcd->IN_ep[i].tx_fifo_num = i;
 161              		.loc 1 209 19
 162 00c4 FA7B     		ldrb	r2, [r7, #15]	@ zero_extendqisi2
 163              		.loc 1 209 32
 164 00c6 FB7B     		ldrb	r3, [r7, #15]	@ zero_extendqisi2
 165 00c8 98B2     		uxth	r0, r3
 166 00ca 7968     		ldr	r1, [r7, #4]
 167 00cc 1346     		mov	r3, r2
 168 00ce DB00     		lsls	r3, r3, #3
 169 00d0 1344     		add	r3, r3, r2
 170 00d2 9B00     		lsls	r3, r3, #2
 171 00d4 0B44     		add	r3, r3, r1
 172 00d6 2E33     		adds	r3, r3, #46
 173 00d8 0246     		mov	r2, r0	@ movhi
 174 00da 1A80     		strh	r2, [r3]	@ movhi
 210:Drivers/STM32F4xx_HAL_Driver/Src/stm32f4xx_hal_pcd.c ****     /* Control until ep is activated */
 211:Drivers/STM32F4xx_HAL_Driver/Src/stm32f4xx_hal_pcd.c ****     hpcd->IN_ep[i].type = EP_TYPE_CTRL;
 175              		.loc 1 211 19
 176 00dc FA7B     		ldrb	r2, [r7, #15]	@ zero_extendqisi2
 177              		.loc 1 211 25
 178 00de 7968     		ldr	r1, [r7, #4]
 179 00e0 1346     		mov	r3, r2
 180 00e2 DB00     		lsls	r3, r3, #3
 181 00e4 1344     		add	r3, r3, r2
 182 00e6 9B00     		lsls	r3, r3, #2
 183 00e8 0B44     		add	r3, r3, r1
 184 00ea 1833     		adds	r3, r3, #24
 185 00ec 0022     		movs	r2, #0
 186 00ee 1A70     		strb	r2, [r3]
 212:Drivers/STM32F4xx_HAL_Driver/Src/stm32f4xx_hal_pcd.c ****     hpcd->IN_ep[i].maxpacket = 0U;
 187              		.loc 1 212 19
 188 00f0 FA7B     		ldrb	r2, [r7, #15]	@ zero_extendqisi2
ARM GAS  C:\Users\DAELT-~1\AppData\Local\Temp\cc8H7Tyn.s 			page 8


 189              		.loc 1 212 30
 190 00f2 7968     		ldr	r1, [r7, #4]
 191 00f4 1346     		mov	r3, r2
 192 00f6 DB00     		lsls	r3, r3, #3
 193 00f8 1344     		add	r3, r3, r2
 194 00fa 9B00     		lsls	r3, r3, #2
 195 00fc 0B44     		add	r3, r3, r1
 196 00fe 1C33     		adds	r3, r3, #28
 197 0100 0022     		movs	r2, #0
 198 0102 1A60     		str	r2, [r3]
 213:Drivers/STM32F4xx_HAL_Driver/Src/stm32f4xx_hal_pcd.c ****     hpcd->IN_ep[i].xfer_buff = 0U;
 199              		.loc 1 213 19
 200 0104 FA7B     		ldrb	r2, [r7, #15]	@ zero_extendqisi2
 201              		.loc 1 213 30
 202 0106 7968     		ldr	r1, [r7, #4]
 203 0108 1346     		mov	r3, r2
 204 010a DB00     		lsls	r3, r3, #3
 205 010c 1344     		add	r3, r3, r2
 206 010e 9B00     		lsls	r3, r3, #2
 207 0110 0B44     		add	r3, r3, r1
 208 0112 2033     		adds	r3, r3, #32
 209 0114 0022     		movs	r2, #0
 210 0116 1A60     		str	r2, [r3]
 214:Drivers/STM32F4xx_HAL_Driver/Src/stm32f4xx_hal_pcd.c ****     hpcd->IN_ep[i].xfer_len = 0U;
 211              		.loc 1 214 19
 212 0118 FA7B     		ldrb	r2, [r7, #15]	@ zero_extendqisi2
 213              		.loc 1 214 29
 214 011a 7968     		ldr	r1, [r7, #4]
 215 011c 1346     		mov	r3, r2
 216 011e DB00     		lsls	r3, r3, #3
 217 0120 1344     		add	r3, r3, r2
 218 0122 9B00     		lsls	r3, r3, #2
 219 0124 0B44     		add	r3, r3, r1
 220 0126 2433     		adds	r3, r3, #36
 221 0128 0022     		movs	r2, #0
 222 012a 1A60     		str	r2, [r3]
 204:Drivers/STM32F4xx_HAL_Driver/Src/stm32f4xx_hal_pcd.c ****   {
 223              		.loc 1 204 47 discriminator 3
 224 012c FB7B     		ldrb	r3, [r7, #15]	@ zero_extendqisi2
 225 012e 0133     		adds	r3, r3, #1
 226 0130 FB73     		strb	r3, [r7, #15]
 227              	.L8:
 204:Drivers/STM32F4xx_HAL_Driver/Src/stm32f4xx_hal_pcd.c ****   {
 228              		.loc 1 204 30 discriminator 1
 229 0132 7B68     		ldr	r3, [r7, #4]
 230 0134 1B79     		ldrb	r3, [r3, #4]	@ zero_extendqisi2
 204:Drivers/STM32F4xx_HAL_Driver/Src/stm32f4xx_hal_pcd.c ****   {
 231              		.loc 1 204 18 discriminator 1
 232 0136 FA7B     		ldrb	r2, [r7, #15]	@ zero_extendqisi2
 233 0138 9A42     		cmp	r2, r3
 234 013a AFD3     		bcc	.L9
 215:Drivers/STM32F4xx_HAL_Driver/Src/stm32f4xx_hal_pcd.c ****   }
 216:Drivers/STM32F4xx_HAL_Driver/Src/stm32f4xx_hal_pcd.c **** 
 217:Drivers/STM32F4xx_HAL_Driver/Src/stm32f4xx_hal_pcd.c ****   for (i = 0U; i < hpcd->Init.dev_endpoints; i++)
 235              		.loc 1 217 10
 236 013c 0023     		movs	r3, #0
 237 013e FB73     		strb	r3, [r7, #15]
ARM GAS  C:\Users\DAELT-~1\AppData\Local\Temp\cc8H7Tyn.s 			page 9


 238              		.loc 1 217 3
 239 0140 44E0     		b	.L10
 240              	.L11:
 218:Drivers/STM32F4xx_HAL_Driver/Src/stm32f4xx_hal_pcd.c ****   {
 219:Drivers/STM32F4xx_HAL_Driver/Src/stm32f4xx_hal_pcd.c ****     hpcd->OUT_ep[i].is_in = 0U;
 241              		.loc 1 219 20
 242 0142 FA7B     		ldrb	r2, [r7, #15]	@ zero_extendqisi2
 243              		.loc 1 219 27
 244 0144 7968     		ldr	r1, [r7, #4]
 245 0146 1346     		mov	r3, r2
 246 0148 DB00     		lsls	r3, r3, #3
 247 014a 1344     		add	r3, r3, r2
 248 014c 9B00     		lsls	r3, r3, #2
 249 014e 0B44     		add	r3, r3, r1
 250 0150 03F25523 		addw	r3, r3, #597
 251 0154 0022     		movs	r2, #0
 252 0156 1A70     		strb	r2, [r3]
 220:Drivers/STM32F4xx_HAL_Driver/Src/stm32f4xx_hal_pcd.c ****     hpcd->OUT_ep[i].num = i;
 253              		.loc 1 220 20
 254 0158 FA7B     		ldrb	r2, [r7, #15]	@ zero_extendqisi2
 255              		.loc 1 220 25
 256 015a 7968     		ldr	r1, [r7, #4]
 257 015c 1346     		mov	r3, r2
 258 015e DB00     		lsls	r3, r3, #3
 259 0160 1344     		add	r3, r3, r2
 260 0162 9B00     		lsls	r3, r3, #2
 261 0164 0B44     		add	r3, r3, r1
 262 0166 03F51573 		add	r3, r3, #596
 263 016a FA7B     		ldrb	r2, [r7, #15]
 264 016c 1A70     		strb	r2, [r3]
 221:Drivers/STM32F4xx_HAL_Driver/Src/stm32f4xx_hal_pcd.c ****     /* Control until ep is activated */
 222:Drivers/STM32F4xx_HAL_Driver/Src/stm32f4xx_hal_pcd.c ****     hpcd->OUT_ep[i].type = EP_TYPE_CTRL;
 265              		.loc 1 222 20
 266 016e FA7B     		ldrb	r2, [r7, #15]	@ zero_extendqisi2
 267              		.loc 1 222 26
 268 0170 7968     		ldr	r1, [r7, #4]
 269 0172 1346     		mov	r3, r2
 270 0174 DB00     		lsls	r3, r3, #3
 271 0176 1344     		add	r3, r3, r2
 272 0178 9B00     		lsls	r3, r3, #2
 273 017a 0B44     		add	r3, r3, r1
 274 017c 03F51673 		add	r3, r3, #600
 275 0180 0022     		movs	r2, #0
 276 0182 1A70     		strb	r2, [r3]
 223:Drivers/STM32F4xx_HAL_Driver/Src/stm32f4xx_hal_pcd.c ****     hpcd->OUT_ep[i].maxpacket = 0U;
 277              		.loc 1 223 20
 278 0184 FA7B     		ldrb	r2, [r7, #15]	@ zero_extendqisi2
 279              		.loc 1 223 31
 280 0186 7968     		ldr	r1, [r7, #4]
 281 0188 1346     		mov	r3, r2
 282 018a DB00     		lsls	r3, r3, #3
 283 018c 1344     		add	r3, r3, r2
 284 018e 9B00     		lsls	r3, r3, #2
 285 0190 0B44     		add	r3, r3, r1
 286 0192 03F51773 		add	r3, r3, #604
 287 0196 0022     		movs	r2, #0
 288 0198 1A60     		str	r2, [r3]
ARM GAS  C:\Users\DAELT-~1\AppData\Local\Temp\cc8H7Tyn.s 			page 10


 224:Drivers/STM32F4xx_HAL_Driver/Src/stm32f4xx_hal_pcd.c ****     hpcd->OUT_ep[i].xfer_buff = 0U;
 289              		.loc 1 224 20
 290 019a FA7B     		ldrb	r2, [r7, #15]	@ zero_extendqisi2
 291              		.loc 1 224 31
 292 019c 7968     		ldr	r1, [r7, #4]
 293 019e 1346     		mov	r3, r2
 294 01a0 DB00     		lsls	r3, r3, #3
 295 01a2 1344     		add	r3, r3, r2
 296 01a4 9B00     		lsls	r3, r3, #2
 297 01a6 0B44     		add	r3, r3, r1
 298 01a8 03F51873 		add	r3, r3, #608
 299 01ac 0022     		movs	r2, #0
 300 01ae 1A60     		str	r2, [r3]
 225:Drivers/STM32F4xx_HAL_Driver/Src/stm32f4xx_hal_pcd.c ****     hpcd->OUT_ep[i].xfer_len = 0U;
 301              		.loc 1 225 20
 302 01b0 FA7B     		ldrb	r2, [r7, #15]	@ zero_extendqisi2
 303              		.loc 1 225 30
 304 01b2 7968     		ldr	r1, [r7, #4]
 305 01b4 1346     		mov	r3, r2
 306 01b6 DB00     		lsls	r3, r3, #3
 307 01b8 1344     		add	r3, r3, r2
 308 01ba 9B00     		lsls	r3, r3, #2
 309 01bc 0B44     		add	r3, r3, r1
 310 01be 03F51973 		add	r3, r3, #612
 311 01c2 0022     		movs	r2, #0
 312 01c4 1A60     		str	r2, [r3]
 217:Drivers/STM32F4xx_HAL_Driver/Src/stm32f4xx_hal_pcd.c ****   {
 313              		.loc 1 217 47 discriminator 3
 314 01c6 FB7B     		ldrb	r3, [r7, #15]	@ zero_extendqisi2
 315 01c8 0133     		adds	r3, r3, #1
 316 01ca FB73     		strb	r3, [r7, #15]
 317              	.L10:
 217:Drivers/STM32F4xx_HAL_Driver/Src/stm32f4xx_hal_pcd.c ****   {
 318              		.loc 1 217 30 discriminator 1
 319 01cc 7B68     		ldr	r3, [r7, #4]
 320 01ce 1B79     		ldrb	r3, [r3, #4]	@ zero_extendqisi2
 217:Drivers/STM32F4xx_HAL_Driver/Src/stm32f4xx_hal_pcd.c ****   {
 321              		.loc 1 217 18 discriminator 1
 322 01d0 FA7B     		ldrb	r2, [r7, #15]	@ zero_extendqisi2
 323 01d2 9A42     		cmp	r2, r3
 324 01d4 B5D3     		bcc	.L11
 226:Drivers/STM32F4xx_HAL_Driver/Src/stm32f4xx_hal_pcd.c ****   }
 227:Drivers/STM32F4xx_HAL_Driver/Src/stm32f4xx_hal_pcd.c **** 
 228:Drivers/STM32F4xx_HAL_Driver/Src/stm32f4xx_hal_pcd.c ****   /* Init Device */
 229:Drivers/STM32F4xx_HAL_Driver/Src/stm32f4xx_hal_pcd.c ****   if (USB_DevInit(hpcd->Instance, hpcd->Init) != HAL_OK)
 325              		.loc 1 229 23
 326 01d6 7B68     		ldr	r3, [r7, #4]
 327 01d8 1868     		ldr	r0, [r3]
 328              		.loc 1 229 7
 329 01da 7B68     		ldr	r3, [r7, #4]
 330 01dc 1A7C     		ldrb	r2, [r3, #16]
 331 01de 8DF80020 		strb	r2, [sp]
 332 01e2 0433     		adds	r3, r3, #4
 333 01e4 0ECB     		ldm	r3, {r1, r2, r3}
 334 01e6 FFF7FEFF 		bl	USB_DevInit
 335 01ea 0346     		mov	r3, r0
 336              		.loc 1 229 6 discriminator 1
ARM GAS  C:\Users\DAELT-~1\AppData\Local\Temp\cc8H7Tyn.s 			page 11


 337 01ec 002B     		cmp	r3, #0
 338 01ee 05D0     		beq	.L12
 230:Drivers/STM32F4xx_HAL_Driver/Src/stm32f4xx_hal_pcd.c ****   {
 231:Drivers/STM32F4xx_HAL_Driver/Src/stm32f4xx_hal_pcd.c ****     hpcd->State = HAL_PCD_STATE_ERROR;
 339              		.loc 1 231 17
 340 01f0 7B68     		ldr	r3, [r7, #4]
 341 01f2 0222     		movs	r2, #2
 342 01f4 83F89524 		strb	r2, [r3, #1173]
 232:Drivers/STM32F4xx_HAL_Driver/Src/stm32f4xx_hal_pcd.c ****     return HAL_ERROR;
 343              		.loc 1 232 12
 344 01f8 0123     		movs	r3, #1
 345 01fa 0CE0     		b	.L3
 346              	.L12:
 233:Drivers/STM32F4xx_HAL_Driver/Src/stm32f4xx_hal_pcd.c ****   }
 234:Drivers/STM32F4xx_HAL_Driver/Src/stm32f4xx_hal_pcd.c **** 
 235:Drivers/STM32F4xx_HAL_Driver/Src/stm32f4xx_hal_pcd.c ****   hpcd->USB_Address = 0U;
 347              		.loc 1 235 21
 348 01fc 7B68     		ldr	r3, [r7, #4]
 349 01fe 0022     		movs	r2, #0
 350 0200 5A74     		strb	r2, [r3, #17]
 236:Drivers/STM32F4xx_HAL_Driver/Src/stm32f4xx_hal_pcd.c ****   hpcd->State = HAL_PCD_STATE_READY;
 351              		.loc 1 236 15
 352 0202 7B68     		ldr	r3, [r7, #4]
 353 0204 0122     		movs	r2, #1
 354 0206 83F89524 		strb	r2, [r3, #1173]
 237:Drivers/STM32F4xx_HAL_Driver/Src/stm32f4xx_hal_pcd.c **** #if defined(STM32F446xx) || defined(STM32F469xx) || defined(STM32F479xx) || defined(STM32F412Zx) \
 238:Drivers/STM32F4xx_HAL_Driver/Src/stm32f4xx_hal_pcd.c ****  || defined(STM32F412Vx) || defined(STM32F412Rx) || defined(STM32F412Cx) || defined(STM32F413xx) \
 239:Drivers/STM32F4xx_HAL_Driver/Src/stm32f4xx_hal_pcd.c ****  || defined(STM32F423xx)
 240:Drivers/STM32F4xx_HAL_Driver/Src/stm32f4xx_hal_pcd.c ****   /* Activate LPM */
 241:Drivers/STM32F4xx_HAL_Driver/Src/stm32f4xx_hal_pcd.c ****   if (hpcd->Init.lpm_enable == 1U)
 242:Drivers/STM32F4xx_HAL_Driver/Src/stm32f4xx_hal_pcd.c ****   {
 243:Drivers/STM32F4xx_HAL_Driver/Src/stm32f4xx_hal_pcd.c ****     (void)HAL_PCDEx_ActivateLPM(hpcd);
 244:Drivers/STM32F4xx_HAL_Driver/Src/stm32f4xx_hal_pcd.c ****   }
 245:Drivers/STM32F4xx_HAL_Driver/Src/stm32f4xx_hal_pcd.c **** #endif /* defined(STM32F446xx) || defined(STM32F469xx) || defined(STM32F479xx) || defined(STM32F412
 246:Drivers/STM32F4xx_HAL_Driver/Src/stm32f4xx_hal_pcd.c ****           defined(STM32F412Vx) || defined(STM32F412Rx) || defined(STM32F412Cx) || defined(STM32F413
 247:Drivers/STM32F4xx_HAL_Driver/Src/stm32f4xx_hal_pcd.c ****           defined(STM32F423xx) */
 248:Drivers/STM32F4xx_HAL_Driver/Src/stm32f4xx_hal_pcd.c ****   (void)USB_DevDisconnect(hpcd->Instance);
 355              		.loc 1 248 31
 356 020a 7B68     		ldr	r3, [r7, #4]
 357 020c 1B68     		ldr	r3, [r3]
 358              		.loc 1 248 9
 359 020e 1846     		mov	r0, r3
 360 0210 FFF7FEFF 		bl	USB_DevDisconnect
 249:Drivers/STM32F4xx_HAL_Driver/Src/stm32f4xx_hal_pcd.c **** 
 250:Drivers/STM32F4xx_HAL_Driver/Src/stm32f4xx_hal_pcd.c ****   return HAL_OK;
 361              		.loc 1 250 10
 362 0214 0023     		movs	r3, #0
 363              	.L3:
 251:Drivers/STM32F4xx_HAL_Driver/Src/stm32f4xx_hal_pcd.c **** }
 364              		.loc 1 251 1
 365 0216 1846     		mov	r0, r3
 366 0218 1037     		adds	r7, r7, #16
 367              	.LCFI3:
 368              		.cfi_def_cfa_offset 8
 369 021a BD46     		mov	sp, r7
 370              	.LCFI4:
 371              		.cfi_def_cfa_register 13
ARM GAS  C:\Users\DAELT-~1\AppData\Local\Temp\cc8H7Tyn.s 			page 12


 372              		@ sp needed
 373 021c 80BD     		pop	{r7, pc}
 374              		.cfi_endproc
 375              	.LFE220:
 377              		.section	.text.HAL_PCD_DeInit,"ax",%progbits
 378              		.align	1
 379              		.global	HAL_PCD_DeInit
 380              		.syntax unified
 381              		.thumb
 382              		.thumb_func
 384              	HAL_PCD_DeInit:
 385              	.LFB221:
 252:Drivers/STM32F4xx_HAL_Driver/Src/stm32f4xx_hal_pcd.c **** 
 253:Drivers/STM32F4xx_HAL_Driver/Src/stm32f4xx_hal_pcd.c **** /**
 254:Drivers/STM32F4xx_HAL_Driver/Src/stm32f4xx_hal_pcd.c ****   * @brief  DeInitializes the PCD peripheral.
 255:Drivers/STM32F4xx_HAL_Driver/Src/stm32f4xx_hal_pcd.c ****   * @param  hpcd PCD handle
 256:Drivers/STM32F4xx_HAL_Driver/Src/stm32f4xx_hal_pcd.c ****   * @retval HAL status
 257:Drivers/STM32F4xx_HAL_Driver/Src/stm32f4xx_hal_pcd.c ****   */
 258:Drivers/STM32F4xx_HAL_Driver/Src/stm32f4xx_hal_pcd.c **** HAL_StatusTypeDef HAL_PCD_DeInit(PCD_HandleTypeDef *hpcd)
 259:Drivers/STM32F4xx_HAL_Driver/Src/stm32f4xx_hal_pcd.c **** {
 386              		.loc 1 259 1
 387              		.cfi_startproc
 388              		@ args = 0, pretend = 0, frame = 8
 389              		@ frame_needed = 1, uses_anonymous_args = 0
 390 0000 80B5     		push	{r7, lr}
 391              	.LCFI5:
 392              		.cfi_def_cfa_offset 8
 393              		.cfi_offset 7, -8
 394              		.cfi_offset 14, -4
 395 0002 82B0     		sub	sp, sp, #8
 396              	.LCFI6:
 397              		.cfi_def_cfa_offset 16
 398 0004 00AF     		add	r7, sp, #0
 399              	.LCFI7:
 400              		.cfi_def_cfa_register 7
 401 0006 7860     		str	r0, [r7, #4]
 260:Drivers/STM32F4xx_HAL_Driver/Src/stm32f4xx_hal_pcd.c ****   /* Check the PCD handle allocation */
 261:Drivers/STM32F4xx_HAL_Driver/Src/stm32f4xx_hal_pcd.c ****   if (hpcd == NULL)
 402              		.loc 1 261 6
 403 0008 7B68     		ldr	r3, [r7, #4]
 404 000a 002B     		cmp	r3, #0
 405 000c 01D1     		bne	.L14
 262:Drivers/STM32F4xx_HAL_Driver/Src/stm32f4xx_hal_pcd.c ****   {
 263:Drivers/STM32F4xx_HAL_Driver/Src/stm32f4xx_hal_pcd.c ****     return HAL_ERROR;
 406              		.loc 1 263 12
 407 000e 0123     		movs	r3, #1
 408 0010 15E0     		b	.L15
 409              	.L14:
 264:Drivers/STM32F4xx_HAL_Driver/Src/stm32f4xx_hal_pcd.c ****   }
 265:Drivers/STM32F4xx_HAL_Driver/Src/stm32f4xx_hal_pcd.c **** 
 266:Drivers/STM32F4xx_HAL_Driver/Src/stm32f4xx_hal_pcd.c ****   hpcd->State = HAL_PCD_STATE_BUSY;
 410              		.loc 1 266 15
 411 0012 7B68     		ldr	r3, [r7, #4]
 412 0014 0322     		movs	r2, #3
 413 0016 83F89524 		strb	r2, [r3, #1173]
 267:Drivers/STM32F4xx_HAL_Driver/Src/stm32f4xx_hal_pcd.c **** 
 268:Drivers/STM32F4xx_HAL_Driver/Src/stm32f4xx_hal_pcd.c ****   /* Stop Device */
ARM GAS  C:\Users\DAELT-~1\AppData\Local\Temp\cc8H7Tyn.s 			page 13


 269:Drivers/STM32F4xx_HAL_Driver/Src/stm32f4xx_hal_pcd.c ****   if (USB_StopDevice(hpcd->Instance) != HAL_OK)
 414              		.loc 1 269 26
 415 001a 7B68     		ldr	r3, [r7, #4]
 416 001c 1B68     		ldr	r3, [r3]
 417              		.loc 1 269 7
 418 001e 1846     		mov	r0, r3
 419 0020 FFF7FEFF 		bl	USB_StopDevice
 420 0024 0346     		mov	r3, r0
 421              		.loc 1 269 6 discriminator 1
 422 0026 002B     		cmp	r3, #0
 423 0028 01D0     		beq	.L16
 270:Drivers/STM32F4xx_HAL_Driver/Src/stm32f4xx_hal_pcd.c ****   {
 271:Drivers/STM32F4xx_HAL_Driver/Src/stm32f4xx_hal_pcd.c ****     return HAL_ERROR;
 424              		.loc 1 271 12
 425 002a 0123     		movs	r3, #1
 426 002c 07E0     		b	.L15
 427              	.L16:
 272:Drivers/STM32F4xx_HAL_Driver/Src/stm32f4xx_hal_pcd.c ****   }
 273:Drivers/STM32F4xx_HAL_Driver/Src/stm32f4xx_hal_pcd.c **** 
 274:Drivers/STM32F4xx_HAL_Driver/Src/stm32f4xx_hal_pcd.c **** #if (USE_HAL_PCD_REGISTER_CALLBACKS == 1U)
 275:Drivers/STM32F4xx_HAL_Driver/Src/stm32f4xx_hal_pcd.c ****   if (hpcd->MspDeInitCallback == NULL)
 276:Drivers/STM32F4xx_HAL_Driver/Src/stm32f4xx_hal_pcd.c ****   {
 277:Drivers/STM32F4xx_HAL_Driver/Src/stm32f4xx_hal_pcd.c ****     hpcd->MspDeInitCallback = HAL_PCD_MspDeInit; /* Legacy weak MspDeInit  */
 278:Drivers/STM32F4xx_HAL_Driver/Src/stm32f4xx_hal_pcd.c ****   }
 279:Drivers/STM32F4xx_HAL_Driver/Src/stm32f4xx_hal_pcd.c **** 
 280:Drivers/STM32F4xx_HAL_Driver/Src/stm32f4xx_hal_pcd.c ****   /* DeInit the low level hardware */
 281:Drivers/STM32F4xx_HAL_Driver/Src/stm32f4xx_hal_pcd.c ****   hpcd->MspDeInitCallback(hpcd);
 282:Drivers/STM32F4xx_HAL_Driver/Src/stm32f4xx_hal_pcd.c **** #else
 283:Drivers/STM32F4xx_HAL_Driver/Src/stm32f4xx_hal_pcd.c ****   /* DeInit the low level hardware: CLOCK, NVIC.*/
 284:Drivers/STM32F4xx_HAL_Driver/Src/stm32f4xx_hal_pcd.c ****   HAL_PCD_MspDeInit(hpcd);
 428              		.loc 1 284 3
 429 002e 7868     		ldr	r0, [r7, #4]
 430 0030 FFF7FEFF 		bl	HAL_PCD_MspDeInit
 285:Drivers/STM32F4xx_HAL_Driver/Src/stm32f4xx_hal_pcd.c **** #endif /* USE_HAL_PCD_REGISTER_CALLBACKS */
 286:Drivers/STM32F4xx_HAL_Driver/Src/stm32f4xx_hal_pcd.c **** 
 287:Drivers/STM32F4xx_HAL_Driver/Src/stm32f4xx_hal_pcd.c ****   hpcd->State = HAL_PCD_STATE_RESET;
 431              		.loc 1 287 15
 432 0034 7B68     		ldr	r3, [r7, #4]
 433 0036 0022     		movs	r2, #0
 434 0038 83F89524 		strb	r2, [r3, #1173]
 288:Drivers/STM32F4xx_HAL_Driver/Src/stm32f4xx_hal_pcd.c **** 
 289:Drivers/STM32F4xx_HAL_Driver/Src/stm32f4xx_hal_pcd.c ****   return HAL_OK;
 435              		.loc 1 289 10
 436 003c 0023     		movs	r3, #0
 437              	.L15:
 290:Drivers/STM32F4xx_HAL_Driver/Src/stm32f4xx_hal_pcd.c **** }
 438              		.loc 1 290 1
 439 003e 1846     		mov	r0, r3
 440 0040 0837     		adds	r7, r7, #8
 441              	.LCFI8:
 442              		.cfi_def_cfa_offset 8
 443 0042 BD46     		mov	sp, r7
 444              	.LCFI9:
 445              		.cfi_def_cfa_register 13
 446              		@ sp needed
 447 0044 80BD     		pop	{r7, pc}
 448              		.cfi_endproc
ARM GAS  C:\Users\DAELT-~1\AppData\Local\Temp\cc8H7Tyn.s 			page 14


 449              	.LFE221:
 451              		.section	.text.HAL_PCD_MspInit,"ax",%progbits
 452              		.align	1
 453              		.weak	HAL_PCD_MspInit
 454              		.syntax unified
 455              		.thumb
 456              		.thumb_func
 458              	HAL_PCD_MspInit:
 459              	.LFB222:
 291:Drivers/STM32F4xx_HAL_Driver/Src/stm32f4xx_hal_pcd.c **** 
 292:Drivers/STM32F4xx_HAL_Driver/Src/stm32f4xx_hal_pcd.c **** /**
 293:Drivers/STM32F4xx_HAL_Driver/Src/stm32f4xx_hal_pcd.c ****   * @brief  Initializes the PCD MSP.
 294:Drivers/STM32F4xx_HAL_Driver/Src/stm32f4xx_hal_pcd.c ****   * @param  hpcd PCD handle
 295:Drivers/STM32F4xx_HAL_Driver/Src/stm32f4xx_hal_pcd.c ****   * @retval None
 296:Drivers/STM32F4xx_HAL_Driver/Src/stm32f4xx_hal_pcd.c ****   */
 297:Drivers/STM32F4xx_HAL_Driver/Src/stm32f4xx_hal_pcd.c **** __weak void HAL_PCD_MspInit(PCD_HandleTypeDef *hpcd)
 298:Drivers/STM32F4xx_HAL_Driver/Src/stm32f4xx_hal_pcd.c **** {
 460              		.loc 1 298 1
 461              		.cfi_startproc
 462              		@ args = 0, pretend = 0, frame = 8
 463              		@ frame_needed = 1, uses_anonymous_args = 0
 464              		@ link register save eliminated.
 465 0000 80B4     		push	{r7}
 466              	.LCFI10:
 467              		.cfi_def_cfa_offset 4
 468              		.cfi_offset 7, -4
 469 0002 83B0     		sub	sp, sp, #12
 470              	.LCFI11:
 471              		.cfi_def_cfa_offset 16
 472 0004 00AF     		add	r7, sp, #0
 473              	.LCFI12:
 474              		.cfi_def_cfa_register 7
 475 0006 7860     		str	r0, [r7, #4]
 299:Drivers/STM32F4xx_HAL_Driver/Src/stm32f4xx_hal_pcd.c ****   /* Prevent unused argument(s) compilation warning */
 300:Drivers/STM32F4xx_HAL_Driver/Src/stm32f4xx_hal_pcd.c ****   UNUSED(hpcd);
 301:Drivers/STM32F4xx_HAL_Driver/Src/stm32f4xx_hal_pcd.c **** 
 302:Drivers/STM32F4xx_HAL_Driver/Src/stm32f4xx_hal_pcd.c ****   /* NOTE : This function should not be modified, when the callback is needed,
 303:Drivers/STM32F4xx_HAL_Driver/Src/stm32f4xx_hal_pcd.c ****             the HAL_PCD_MspInit could be implemented in the user file
 304:Drivers/STM32F4xx_HAL_Driver/Src/stm32f4xx_hal_pcd.c ****    */
 305:Drivers/STM32F4xx_HAL_Driver/Src/stm32f4xx_hal_pcd.c **** }
 476              		.loc 1 305 1
 477 0008 00BF     		nop
 478 000a 0C37     		adds	r7, r7, #12
 479              	.LCFI13:
 480              		.cfi_def_cfa_offset 4
 481 000c BD46     		mov	sp, r7
 482              	.LCFI14:
 483              		.cfi_def_cfa_register 13
 484              		@ sp needed
 485 000e 5DF8047B 		ldr	r7, [sp], #4
 486              	.LCFI15:
 487              		.cfi_restore 7
 488              		.cfi_def_cfa_offset 0
 489 0012 7047     		bx	lr
 490              		.cfi_endproc
 491              	.LFE222:
 493              		.section	.text.HAL_PCD_MspDeInit,"ax",%progbits
ARM GAS  C:\Users\DAELT-~1\AppData\Local\Temp\cc8H7Tyn.s 			page 15


 494              		.align	1
 495              		.weak	HAL_PCD_MspDeInit
 496              		.syntax unified
 497              		.thumb
 498              		.thumb_func
 500              	HAL_PCD_MspDeInit:
 501              	.LFB223:
 306:Drivers/STM32F4xx_HAL_Driver/Src/stm32f4xx_hal_pcd.c **** 
 307:Drivers/STM32F4xx_HAL_Driver/Src/stm32f4xx_hal_pcd.c **** /**
 308:Drivers/STM32F4xx_HAL_Driver/Src/stm32f4xx_hal_pcd.c ****   * @brief  DeInitializes PCD MSP.
 309:Drivers/STM32F4xx_HAL_Driver/Src/stm32f4xx_hal_pcd.c ****   * @param  hpcd PCD handle
 310:Drivers/STM32F4xx_HAL_Driver/Src/stm32f4xx_hal_pcd.c ****   * @retval None
 311:Drivers/STM32F4xx_HAL_Driver/Src/stm32f4xx_hal_pcd.c ****   */
 312:Drivers/STM32F4xx_HAL_Driver/Src/stm32f4xx_hal_pcd.c **** __weak void HAL_PCD_MspDeInit(PCD_HandleTypeDef *hpcd)
 313:Drivers/STM32F4xx_HAL_Driver/Src/stm32f4xx_hal_pcd.c **** {
 502              		.loc 1 313 1
 503              		.cfi_startproc
 504              		@ args = 0, pretend = 0, frame = 8
 505              		@ frame_needed = 1, uses_anonymous_args = 0
 506              		@ link register save eliminated.
 507 0000 80B4     		push	{r7}
 508              	.LCFI16:
 509              		.cfi_def_cfa_offset 4
 510              		.cfi_offset 7, -4
 511 0002 83B0     		sub	sp, sp, #12
 512              	.LCFI17:
 513              		.cfi_def_cfa_offset 16
 514 0004 00AF     		add	r7, sp, #0
 515              	.LCFI18:
 516              		.cfi_def_cfa_register 7
 517 0006 7860     		str	r0, [r7, #4]
 314:Drivers/STM32F4xx_HAL_Driver/Src/stm32f4xx_hal_pcd.c ****   /* Prevent unused argument(s) compilation warning */
 315:Drivers/STM32F4xx_HAL_Driver/Src/stm32f4xx_hal_pcd.c ****   UNUSED(hpcd);
 316:Drivers/STM32F4xx_HAL_Driver/Src/stm32f4xx_hal_pcd.c **** 
 317:Drivers/STM32F4xx_HAL_Driver/Src/stm32f4xx_hal_pcd.c ****   /* NOTE : This function should not be modified, when the callback is needed,
 318:Drivers/STM32F4xx_HAL_Driver/Src/stm32f4xx_hal_pcd.c ****             the HAL_PCD_MspDeInit could be implemented in the user file
 319:Drivers/STM32F4xx_HAL_Driver/Src/stm32f4xx_hal_pcd.c ****    */
 320:Drivers/STM32F4xx_HAL_Driver/Src/stm32f4xx_hal_pcd.c **** }
 518              		.loc 1 320 1
 519 0008 00BF     		nop
 520 000a 0C37     		adds	r7, r7, #12
 521              	.LCFI19:
 522              		.cfi_def_cfa_offset 4
 523 000c BD46     		mov	sp, r7
 524              	.LCFI20:
 525              		.cfi_def_cfa_register 13
 526              		@ sp needed
 527 000e 5DF8047B 		ldr	r7, [sp], #4
 528              	.LCFI21:
 529              		.cfi_restore 7
 530              		.cfi_def_cfa_offset 0
 531 0012 7047     		bx	lr
 532              		.cfi_endproc
 533              	.LFE223:
 535              		.section	.text.HAL_PCD_Start,"ax",%progbits
 536              		.align	1
 537              		.global	HAL_PCD_Start
ARM GAS  C:\Users\DAELT-~1\AppData\Local\Temp\cc8H7Tyn.s 			page 16


 538              		.syntax unified
 539              		.thumb
 540              		.thumb_func
 542              	HAL_PCD_Start:
 543              	.LFB224:
 321:Drivers/STM32F4xx_HAL_Driver/Src/stm32f4xx_hal_pcd.c **** 
 322:Drivers/STM32F4xx_HAL_Driver/Src/stm32f4xx_hal_pcd.c **** #if (USE_HAL_PCD_REGISTER_CALLBACKS == 1U)
 323:Drivers/STM32F4xx_HAL_Driver/Src/stm32f4xx_hal_pcd.c **** /**
 324:Drivers/STM32F4xx_HAL_Driver/Src/stm32f4xx_hal_pcd.c ****   * @brief  Register a User USB PCD Callback
 325:Drivers/STM32F4xx_HAL_Driver/Src/stm32f4xx_hal_pcd.c ****   *         To be used instead of the weak predefined callback
 326:Drivers/STM32F4xx_HAL_Driver/Src/stm32f4xx_hal_pcd.c ****   * @param  hpcd USB PCD handle
 327:Drivers/STM32F4xx_HAL_Driver/Src/stm32f4xx_hal_pcd.c ****   * @param  CallbackID ID of the callback to be registered
 328:Drivers/STM32F4xx_HAL_Driver/Src/stm32f4xx_hal_pcd.c ****   *         This parameter can be one of the following values:
 329:Drivers/STM32F4xx_HAL_Driver/Src/stm32f4xx_hal_pcd.c ****   *          @arg @ref HAL_PCD_SOF_CB_ID USB PCD SOF callback ID
 330:Drivers/STM32F4xx_HAL_Driver/Src/stm32f4xx_hal_pcd.c ****   *          @arg @ref HAL_PCD_SETUPSTAGE_CB_ID USB PCD Setup callback ID
 331:Drivers/STM32F4xx_HAL_Driver/Src/stm32f4xx_hal_pcd.c ****   *          @arg @ref HAL_PCD_RESET_CB_ID USB PCD Reset callback ID
 332:Drivers/STM32F4xx_HAL_Driver/Src/stm32f4xx_hal_pcd.c ****   *          @arg @ref HAL_PCD_SUSPEND_CB_ID USB PCD Suspend callback ID
 333:Drivers/STM32F4xx_HAL_Driver/Src/stm32f4xx_hal_pcd.c ****   *          @arg @ref HAL_PCD_RESUME_CB_ID USB PCD Resume callback ID
 334:Drivers/STM32F4xx_HAL_Driver/Src/stm32f4xx_hal_pcd.c ****   *          @arg @ref HAL_PCD_CONNECT_CB_ID USB PCD Connect callback ID
 335:Drivers/STM32F4xx_HAL_Driver/Src/stm32f4xx_hal_pcd.c ****   *          @arg @ref HAL_PCD_DISCONNECT_CB_ID USB PCD Disconnect callback ID
 336:Drivers/STM32F4xx_HAL_Driver/Src/stm32f4xx_hal_pcd.c ****   *          @arg @ref HAL_PCD_MSPINIT_CB_ID MspDeInit callback ID
 337:Drivers/STM32F4xx_HAL_Driver/Src/stm32f4xx_hal_pcd.c ****   *          @arg @ref HAL_PCD_MSPDEINIT_CB_ID MspDeInit callback ID
 338:Drivers/STM32F4xx_HAL_Driver/Src/stm32f4xx_hal_pcd.c ****   * @param  pCallback pointer to the Callback function
 339:Drivers/STM32F4xx_HAL_Driver/Src/stm32f4xx_hal_pcd.c ****   * @retval HAL status
 340:Drivers/STM32F4xx_HAL_Driver/Src/stm32f4xx_hal_pcd.c ****   */
 341:Drivers/STM32F4xx_HAL_Driver/Src/stm32f4xx_hal_pcd.c **** HAL_StatusTypeDef HAL_PCD_RegisterCallback(PCD_HandleTypeDef *hpcd,
 342:Drivers/STM32F4xx_HAL_Driver/Src/stm32f4xx_hal_pcd.c ****                                            HAL_PCD_CallbackIDTypeDef CallbackID,
 343:Drivers/STM32F4xx_HAL_Driver/Src/stm32f4xx_hal_pcd.c ****                                            pPCD_CallbackTypeDef pCallback)
 344:Drivers/STM32F4xx_HAL_Driver/Src/stm32f4xx_hal_pcd.c **** {
 345:Drivers/STM32F4xx_HAL_Driver/Src/stm32f4xx_hal_pcd.c ****   HAL_StatusTypeDef status = HAL_OK;
 346:Drivers/STM32F4xx_HAL_Driver/Src/stm32f4xx_hal_pcd.c **** 
 347:Drivers/STM32F4xx_HAL_Driver/Src/stm32f4xx_hal_pcd.c ****   if (pCallback == NULL)
 348:Drivers/STM32F4xx_HAL_Driver/Src/stm32f4xx_hal_pcd.c ****   {
 349:Drivers/STM32F4xx_HAL_Driver/Src/stm32f4xx_hal_pcd.c ****     /* Update the error code */
 350:Drivers/STM32F4xx_HAL_Driver/Src/stm32f4xx_hal_pcd.c ****     hpcd->ErrorCode |= HAL_PCD_ERROR_INVALID_CALLBACK;
 351:Drivers/STM32F4xx_HAL_Driver/Src/stm32f4xx_hal_pcd.c ****     return HAL_ERROR;
 352:Drivers/STM32F4xx_HAL_Driver/Src/stm32f4xx_hal_pcd.c ****   }
 353:Drivers/STM32F4xx_HAL_Driver/Src/stm32f4xx_hal_pcd.c ****   /* Process locked */
 354:Drivers/STM32F4xx_HAL_Driver/Src/stm32f4xx_hal_pcd.c ****   __HAL_LOCK(hpcd);
 355:Drivers/STM32F4xx_HAL_Driver/Src/stm32f4xx_hal_pcd.c **** 
 356:Drivers/STM32F4xx_HAL_Driver/Src/stm32f4xx_hal_pcd.c ****   if (hpcd->State == HAL_PCD_STATE_READY)
 357:Drivers/STM32F4xx_HAL_Driver/Src/stm32f4xx_hal_pcd.c ****   {
 358:Drivers/STM32F4xx_HAL_Driver/Src/stm32f4xx_hal_pcd.c ****     switch (CallbackID)
 359:Drivers/STM32F4xx_HAL_Driver/Src/stm32f4xx_hal_pcd.c ****     {
 360:Drivers/STM32F4xx_HAL_Driver/Src/stm32f4xx_hal_pcd.c ****       case HAL_PCD_SOF_CB_ID :
 361:Drivers/STM32F4xx_HAL_Driver/Src/stm32f4xx_hal_pcd.c ****         hpcd->SOFCallback = pCallback;
 362:Drivers/STM32F4xx_HAL_Driver/Src/stm32f4xx_hal_pcd.c ****         break;
 363:Drivers/STM32F4xx_HAL_Driver/Src/stm32f4xx_hal_pcd.c **** 
 364:Drivers/STM32F4xx_HAL_Driver/Src/stm32f4xx_hal_pcd.c ****       case HAL_PCD_SETUPSTAGE_CB_ID :
 365:Drivers/STM32F4xx_HAL_Driver/Src/stm32f4xx_hal_pcd.c ****         hpcd->SetupStageCallback = pCallback;
 366:Drivers/STM32F4xx_HAL_Driver/Src/stm32f4xx_hal_pcd.c ****         break;
 367:Drivers/STM32F4xx_HAL_Driver/Src/stm32f4xx_hal_pcd.c **** 
 368:Drivers/STM32F4xx_HAL_Driver/Src/stm32f4xx_hal_pcd.c ****       case HAL_PCD_RESET_CB_ID :
 369:Drivers/STM32F4xx_HAL_Driver/Src/stm32f4xx_hal_pcd.c ****         hpcd->ResetCallback = pCallback;
 370:Drivers/STM32F4xx_HAL_Driver/Src/stm32f4xx_hal_pcd.c ****         break;
 371:Drivers/STM32F4xx_HAL_Driver/Src/stm32f4xx_hal_pcd.c **** 
 372:Drivers/STM32F4xx_HAL_Driver/Src/stm32f4xx_hal_pcd.c ****       case HAL_PCD_SUSPEND_CB_ID :
ARM GAS  C:\Users\DAELT-~1\AppData\Local\Temp\cc8H7Tyn.s 			page 17


 373:Drivers/STM32F4xx_HAL_Driver/Src/stm32f4xx_hal_pcd.c ****         hpcd->SuspendCallback = pCallback;
 374:Drivers/STM32F4xx_HAL_Driver/Src/stm32f4xx_hal_pcd.c ****         break;
 375:Drivers/STM32F4xx_HAL_Driver/Src/stm32f4xx_hal_pcd.c **** 
 376:Drivers/STM32F4xx_HAL_Driver/Src/stm32f4xx_hal_pcd.c ****       case HAL_PCD_RESUME_CB_ID :
 377:Drivers/STM32F4xx_HAL_Driver/Src/stm32f4xx_hal_pcd.c ****         hpcd->ResumeCallback = pCallback;
 378:Drivers/STM32F4xx_HAL_Driver/Src/stm32f4xx_hal_pcd.c ****         break;
 379:Drivers/STM32F4xx_HAL_Driver/Src/stm32f4xx_hal_pcd.c **** 
 380:Drivers/STM32F4xx_HAL_Driver/Src/stm32f4xx_hal_pcd.c ****       case HAL_PCD_CONNECT_CB_ID :
 381:Drivers/STM32F4xx_HAL_Driver/Src/stm32f4xx_hal_pcd.c ****         hpcd->ConnectCallback = pCallback;
 382:Drivers/STM32F4xx_HAL_Driver/Src/stm32f4xx_hal_pcd.c ****         break;
 383:Drivers/STM32F4xx_HAL_Driver/Src/stm32f4xx_hal_pcd.c **** 
 384:Drivers/STM32F4xx_HAL_Driver/Src/stm32f4xx_hal_pcd.c ****       case HAL_PCD_DISCONNECT_CB_ID :
 385:Drivers/STM32F4xx_HAL_Driver/Src/stm32f4xx_hal_pcd.c ****         hpcd->DisconnectCallback = pCallback;
 386:Drivers/STM32F4xx_HAL_Driver/Src/stm32f4xx_hal_pcd.c ****         break;
 387:Drivers/STM32F4xx_HAL_Driver/Src/stm32f4xx_hal_pcd.c **** 
 388:Drivers/STM32F4xx_HAL_Driver/Src/stm32f4xx_hal_pcd.c ****       case HAL_PCD_MSPINIT_CB_ID :
 389:Drivers/STM32F4xx_HAL_Driver/Src/stm32f4xx_hal_pcd.c ****         hpcd->MspInitCallback = pCallback;
 390:Drivers/STM32F4xx_HAL_Driver/Src/stm32f4xx_hal_pcd.c ****         break;
 391:Drivers/STM32F4xx_HAL_Driver/Src/stm32f4xx_hal_pcd.c **** 
 392:Drivers/STM32F4xx_HAL_Driver/Src/stm32f4xx_hal_pcd.c ****       case HAL_PCD_MSPDEINIT_CB_ID :
 393:Drivers/STM32F4xx_HAL_Driver/Src/stm32f4xx_hal_pcd.c ****         hpcd->MspDeInitCallback = pCallback;
 394:Drivers/STM32F4xx_HAL_Driver/Src/stm32f4xx_hal_pcd.c ****         break;
 395:Drivers/STM32F4xx_HAL_Driver/Src/stm32f4xx_hal_pcd.c **** 
 396:Drivers/STM32F4xx_HAL_Driver/Src/stm32f4xx_hal_pcd.c ****       default :
 397:Drivers/STM32F4xx_HAL_Driver/Src/stm32f4xx_hal_pcd.c ****         /* Update the error code */
 398:Drivers/STM32F4xx_HAL_Driver/Src/stm32f4xx_hal_pcd.c ****         hpcd->ErrorCode |= HAL_PCD_ERROR_INVALID_CALLBACK;
 399:Drivers/STM32F4xx_HAL_Driver/Src/stm32f4xx_hal_pcd.c ****         /* Return error status */
 400:Drivers/STM32F4xx_HAL_Driver/Src/stm32f4xx_hal_pcd.c ****         status =  HAL_ERROR;
 401:Drivers/STM32F4xx_HAL_Driver/Src/stm32f4xx_hal_pcd.c ****         break;
 402:Drivers/STM32F4xx_HAL_Driver/Src/stm32f4xx_hal_pcd.c ****     }
 403:Drivers/STM32F4xx_HAL_Driver/Src/stm32f4xx_hal_pcd.c ****   }
 404:Drivers/STM32F4xx_HAL_Driver/Src/stm32f4xx_hal_pcd.c ****   else if (hpcd->State == HAL_PCD_STATE_RESET)
 405:Drivers/STM32F4xx_HAL_Driver/Src/stm32f4xx_hal_pcd.c ****   {
 406:Drivers/STM32F4xx_HAL_Driver/Src/stm32f4xx_hal_pcd.c ****     switch (CallbackID)
 407:Drivers/STM32F4xx_HAL_Driver/Src/stm32f4xx_hal_pcd.c ****     {
 408:Drivers/STM32F4xx_HAL_Driver/Src/stm32f4xx_hal_pcd.c ****       case HAL_PCD_MSPINIT_CB_ID :
 409:Drivers/STM32F4xx_HAL_Driver/Src/stm32f4xx_hal_pcd.c ****         hpcd->MspInitCallback = pCallback;
 410:Drivers/STM32F4xx_HAL_Driver/Src/stm32f4xx_hal_pcd.c ****         break;
 411:Drivers/STM32F4xx_HAL_Driver/Src/stm32f4xx_hal_pcd.c **** 
 412:Drivers/STM32F4xx_HAL_Driver/Src/stm32f4xx_hal_pcd.c ****       case HAL_PCD_MSPDEINIT_CB_ID :
 413:Drivers/STM32F4xx_HAL_Driver/Src/stm32f4xx_hal_pcd.c ****         hpcd->MspDeInitCallback = pCallback;
 414:Drivers/STM32F4xx_HAL_Driver/Src/stm32f4xx_hal_pcd.c ****         break;
 415:Drivers/STM32F4xx_HAL_Driver/Src/stm32f4xx_hal_pcd.c **** 
 416:Drivers/STM32F4xx_HAL_Driver/Src/stm32f4xx_hal_pcd.c ****       default :
 417:Drivers/STM32F4xx_HAL_Driver/Src/stm32f4xx_hal_pcd.c ****         /* Update the error code */
 418:Drivers/STM32F4xx_HAL_Driver/Src/stm32f4xx_hal_pcd.c ****         hpcd->ErrorCode |= HAL_PCD_ERROR_INVALID_CALLBACK;
 419:Drivers/STM32F4xx_HAL_Driver/Src/stm32f4xx_hal_pcd.c ****         /* Return error status */
 420:Drivers/STM32F4xx_HAL_Driver/Src/stm32f4xx_hal_pcd.c ****         status =  HAL_ERROR;
 421:Drivers/STM32F4xx_HAL_Driver/Src/stm32f4xx_hal_pcd.c ****         break;
 422:Drivers/STM32F4xx_HAL_Driver/Src/stm32f4xx_hal_pcd.c ****     }
 423:Drivers/STM32F4xx_HAL_Driver/Src/stm32f4xx_hal_pcd.c ****   }
 424:Drivers/STM32F4xx_HAL_Driver/Src/stm32f4xx_hal_pcd.c ****   else
 425:Drivers/STM32F4xx_HAL_Driver/Src/stm32f4xx_hal_pcd.c ****   {
 426:Drivers/STM32F4xx_HAL_Driver/Src/stm32f4xx_hal_pcd.c ****     /* Update the error code */
 427:Drivers/STM32F4xx_HAL_Driver/Src/stm32f4xx_hal_pcd.c ****     hpcd->ErrorCode |= HAL_PCD_ERROR_INVALID_CALLBACK;
 428:Drivers/STM32F4xx_HAL_Driver/Src/stm32f4xx_hal_pcd.c ****     /* Return error status */
 429:Drivers/STM32F4xx_HAL_Driver/Src/stm32f4xx_hal_pcd.c ****     status =  HAL_ERROR;
ARM GAS  C:\Users\DAELT-~1\AppData\Local\Temp\cc8H7Tyn.s 			page 18


 430:Drivers/STM32F4xx_HAL_Driver/Src/stm32f4xx_hal_pcd.c ****   }
 431:Drivers/STM32F4xx_HAL_Driver/Src/stm32f4xx_hal_pcd.c **** 
 432:Drivers/STM32F4xx_HAL_Driver/Src/stm32f4xx_hal_pcd.c ****   /* Release Lock */
 433:Drivers/STM32F4xx_HAL_Driver/Src/stm32f4xx_hal_pcd.c ****   __HAL_UNLOCK(hpcd);
 434:Drivers/STM32F4xx_HAL_Driver/Src/stm32f4xx_hal_pcd.c ****   return status;
 435:Drivers/STM32F4xx_HAL_Driver/Src/stm32f4xx_hal_pcd.c **** }
 436:Drivers/STM32F4xx_HAL_Driver/Src/stm32f4xx_hal_pcd.c **** 
 437:Drivers/STM32F4xx_HAL_Driver/Src/stm32f4xx_hal_pcd.c **** /**
 438:Drivers/STM32F4xx_HAL_Driver/Src/stm32f4xx_hal_pcd.c ****   * @brief  Unregister an USB PCD Callback
 439:Drivers/STM32F4xx_HAL_Driver/Src/stm32f4xx_hal_pcd.c ****   *         USB PCD callback is redirected to the weak predefined callback
 440:Drivers/STM32F4xx_HAL_Driver/Src/stm32f4xx_hal_pcd.c ****   * @param  hpcd USB PCD handle
 441:Drivers/STM32F4xx_HAL_Driver/Src/stm32f4xx_hal_pcd.c ****   * @param  CallbackID ID of the callback to be unregistered
 442:Drivers/STM32F4xx_HAL_Driver/Src/stm32f4xx_hal_pcd.c ****   *         This parameter can be one of the following values:
 443:Drivers/STM32F4xx_HAL_Driver/Src/stm32f4xx_hal_pcd.c ****   *          @arg @ref HAL_PCD_SOF_CB_ID USB PCD SOF callback ID
 444:Drivers/STM32F4xx_HAL_Driver/Src/stm32f4xx_hal_pcd.c ****   *          @arg @ref HAL_PCD_SETUPSTAGE_CB_ID USB PCD Setup callback ID
 445:Drivers/STM32F4xx_HAL_Driver/Src/stm32f4xx_hal_pcd.c ****   *          @arg @ref HAL_PCD_RESET_CB_ID USB PCD Reset callback ID
 446:Drivers/STM32F4xx_HAL_Driver/Src/stm32f4xx_hal_pcd.c ****   *          @arg @ref HAL_PCD_SUSPEND_CB_ID USB PCD Suspend callback ID
 447:Drivers/STM32F4xx_HAL_Driver/Src/stm32f4xx_hal_pcd.c ****   *          @arg @ref HAL_PCD_RESUME_CB_ID USB PCD Resume callback ID
 448:Drivers/STM32F4xx_HAL_Driver/Src/stm32f4xx_hal_pcd.c ****   *          @arg @ref HAL_PCD_CONNECT_CB_ID USB PCD Connect callback ID
 449:Drivers/STM32F4xx_HAL_Driver/Src/stm32f4xx_hal_pcd.c ****   *          @arg @ref HAL_PCD_DISCONNECT_CB_ID USB PCD Disconnect callback ID
 450:Drivers/STM32F4xx_HAL_Driver/Src/stm32f4xx_hal_pcd.c ****   *          @arg @ref HAL_PCD_MSPINIT_CB_ID MspDeInit callback ID
 451:Drivers/STM32F4xx_HAL_Driver/Src/stm32f4xx_hal_pcd.c ****   *          @arg @ref HAL_PCD_MSPDEINIT_CB_ID MspDeInit callback ID
 452:Drivers/STM32F4xx_HAL_Driver/Src/stm32f4xx_hal_pcd.c ****   * @retval HAL status
 453:Drivers/STM32F4xx_HAL_Driver/Src/stm32f4xx_hal_pcd.c ****   */
 454:Drivers/STM32F4xx_HAL_Driver/Src/stm32f4xx_hal_pcd.c **** HAL_StatusTypeDef HAL_PCD_UnRegisterCallback(PCD_HandleTypeDef *hpcd, HAL_PCD_CallbackIDTypeDef Cal
 455:Drivers/STM32F4xx_HAL_Driver/Src/stm32f4xx_hal_pcd.c **** {
 456:Drivers/STM32F4xx_HAL_Driver/Src/stm32f4xx_hal_pcd.c ****   HAL_StatusTypeDef status = HAL_OK;
 457:Drivers/STM32F4xx_HAL_Driver/Src/stm32f4xx_hal_pcd.c **** 
 458:Drivers/STM32F4xx_HAL_Driver/Src/stm32f4xx_hal_pcd.c ****   /* Process locked */
 459:Drivers/STM32F4xx_HAL_Driver/Src/stm32f4xx_hal_pcd.c ****   __HAL_LOCK(hpcd);
 460:Drivers/STM32F4xx_HAL_Driver/Src/stm32f4xx_hal_pcd.c **** 
 461:Drivers/STM32F4xx_HAL_Driver/Src/stm32f4xx_hal_pcd.c ****   /* Setup Legacy weak Callbacks  */
 462:Drivers/STM32F4xx_HAL_Driver/Src/stm32f4xx_hal_pcd.c ****   if (hpcd->State == HAL_PCD_STATE_READY)
 463:Drivers/STM32F4xx_HAL_Driver/Src/stm32f4xx_hal_pcd.c ****   {
 464:Drivers/STM32F4xx_HAL_Driver/Src/stm32f4xx_hal_pcd.c ****     switch (CallbackID)
 465:Drivers/STM32F4xx_HAL_Driver/Src/stm32f4xx_hal_pcd.c ****     {
 466:Drivers/STM32F4xx_HAL_Driver/Src/stm32f4xx_hal_pcd.c ****       case HAL_PCD_SOF_CB_ID :
 467:Drivers/STM32F4xx_HAL_Driver/Src/stm32f4xx_hal_pcd.c ****         hpcd->SOFCallback = HAL_PCD_SOFCallback;
 468:Drivers/STM32F4xx_HAL_Driver/Src/stm32f4xx_hal_pcd.c ****         break;
 469:Drivers/STM32F4xx_HAL_Driver/Src/stm32f4xx_hal_pcd.c **** 
 470:Drivers/STM32F4xx_HAL_Driver/Src/stm32f4xx_hal_pcd.c ****       case HAL_PCD_SETUPSTAGE_CB_ID :
 471:Drivers/STM32F4xx_HAL_Driver/Src/stm32f4xx_hal_pcd.c ****         hpcd->SetupStageCallback = HAL_PCD_SetupStageCallback;
 472:Drivers/STM32F4xx_HAL_Driver/Src/stm32f4xx_hal_pcd.c ****         break;
 473:Drivers/STM32F4xx_HAL_Driver/Src/stm32f4xx_hal_pcd.c **** 
 474:Drivers/STM32F4xx_HAL_Driver/Src/stm32f4xx_hal_pcd.c ****       case HAL_PCD_RESET_CB_ID :
 475:Drivers/STM32F4xx_HAL_Driver/Src/stm32f4xx_hal_pcd.c ****         hpcd->ResetCallback = HAL_PCD_ResetCallback;
 476:Drivers/STM32F4xx_HAL_Driver/Src/stm32f4xx_hal_pcd.c ****         break;
 477:Drivers/STM32F4xx_HAL_Driver/Src/stm32f4xx_hal_pcd.c **** 
 478:Drivers/STM32F4xx_HAL_Driver/Src/stm32f4xx_hal_pcd.c ****       case HAL_PCD_SUSPEND_CB_ID :
 479:Drivers/STM32F4xx_HAL_Driver/Src/stm32f4xx_hal_pcd.c ****         hpcd->SuspendCallback = HAL_PCD_SuspendCallback;
 480:Drivers/STM32F4xx_HAL_Driver/Src/stm32f4xx_hal_pcd.c ****         break;
 481:Drivers/STM32F4xx_HAL_Driver/Src/stm32f4xx_hal_pcd.c **** 
 482:Drivers/STM32F4xx_HAL_Driver/Src/stm32f4xx_hal_pcd.c ****       case HAL_PCD_RESUME_CB_ID :
 483:Drivers/STM32F4xx_HAL_Driver/Src/stm32f4xx_hal_pcd.c ****         hpcd->ResumeCallback = HAL_PCD_ResumeCallback;
 484:Drivers/STM32F4xx_HAL_Driver/Src/stm32f4xx_hal_pcd.c ****         break;
 485:Drivers/STM32F4xx_HAL_Driver/Src/stm32f4xx_hal_pcd.c **** 
 486:Drivers/STM32F4xx_HAL_Driver/Src/stm32f4xx_hal_pcd.c ****       case HAL_PCD_CONNECT_CB_ID :
ARM GAS  C:\Users\DAELT-~1\AppData\Local\Temp\cc8H7Tyn.s 			page 19


 487:Drivers/STM32F4xx_HAL_Driver/Src/stm32f4xx_hal_pcd.c ****         hpcd->ConnectCallback = HAL_PCD_ConnectCallback;
 488:Drivers/STM32F4xx_HAL_Driver/Src/stm32f4xx_hal_pcd.c ****         break;
 489:Drivers/STM32F4xx_HAL_Driver/Src/stm32f4xx_hal_pcd.c **** 
 490:Drivers/STM32F4xx_HAL_Driver/Src/stm32f4xx_hal_pcd.c ****       case HAL_PCD_DISCONNECT_CB_ID :
 491:Drivers/STM32F4xx_HAL_Driver/Src/stm32f4xx_hal_pcd.c ****         hpcd->DisconnectCallback = HAL_PCD_DisconnectCallback;
 492:Drivers/STM32F4xx_HAL_Driver/Src/stm32f4xx_hal_pcd.c ****         break;
 493:Drivers/STM32F4xx_HAL_Driver/Src/stm32f4xx_hal_pcd.c **** 
 494:Drivers/STM32F4xx_HAL_Driver/Src/stm32f4xx_hal_pcd.c ****       case HAL_PCD_MSPINIT_CB_ID :
 495:Drivers/STM32F4xx_HAL_Driver/Src/stm32f4xx_hal_pcd.c ****         hpcd->MspInitCallback = HAL_PCD_MspInit;
 496:Drivers/STM32F4xx_HAL_Driver/Src/stm32f4xx_hal_pcd.c ****         break;
 497:Drivers/STM32F4xx_HAL_Driver/Src/stm32f4xx_hal_pcd.c **** 
 498:Drivers/STM32F4xx_HAL_Driver/Src/stm32f4xx_hal_pcd.c ****       case HAL_PCD_MSPDEINIT_CB_ID :
 499:Drivers/STM32F4xx_HAL_Driver/Src/stm32f4xx_hal_pcd.c ****         hpcd->MspDeInitCallback = HAL_PCD_MspDeInit;
 500:Drivers/STM32F4xx_HAL_Driver/Src/stm32f4xx_hal_pcd.c ****         break;
 501:Drivers/STM32F4xx_HAL_Driver/Src/stm32f4xx_hal_pcd.c **** 
 502:Drivers/STM32F4xx_HAL_Driver/Src/stm32f4xx_hal_pcd.c ****       default :
 503:Drivers/STM32F4xx_HAL_Driver/Src/stm32f4xx_hal_pcd.c ****         /* Update the error code */
 504:Drivers/STM32F4xx_HAL_Driver/Src/stm32f4xx_hal_pcd.c ****         hpcd->ErrorCode |= HAL_PCD_ERROR_INVALID_CALLBACK;
 505:Drivers/STM32F4xx_HAL_Driver/Src/stm32f4xx_hal_pcd.c **** 
 506:Drivers/STM32F4xx_HAL_Driver/Src/stm32f4xx_hal_pcd.c ****         /* Return error status */
 507:Drivers/STM32F4xx_HAL_Driver/Src/stm32f4xx_hal_pcd.c ****         status =  HAL_ERROR;
 508:Drivers/STM32F4xx_HAL_Driver/Src/stm32f4xx_hal_pcd.c ****         break;
 509:Drivers/STM32F4xx_HAL_Driver/Src/stm32f4xx_hal_pcd.c ****     }
 510:Drivers/STM32F4xx_HAL_Driver/Src/stm32f4xx_hal_pcd.c ****   }
 511:Drivers/STM32F4xx_HAL_Driver/Src/stm32f4xx_hal_pcd.c ****   else if (hpcd->State == HAL_PCD_STATE_RESET)
 512:Drivers/STM32F4xx_HAL_Driver/Src/stm32f4xx_hal_pcd.c ****   {
 513:Drivers/STM32F4xx_HAL_Driver/Src/stm32f4xx_hal_pcd.c ****     switch (CallbackID)
 514:Drivers/STM32F4xx_HAL_Driver/Src/stm32f4xx_hal_pcd.c ****     {
 515:Drivers/STM32F4xx_HAL_Driver/Src/stm32f4xx_hal_pcd.c ****       case HAL_PCD_MSPINIT_CB_ID :
 516:Drivers/STM32F4xx_HAL_Driver/Src/stm32f4xx_hal_pcd.c ****         hpcd->MspInitCallback = HAL_PCD_MspInit;
 517:Drivers/STM32F4xx_HAL_Driver/Src/stm32f4xx_hal_pcd.c ****         break;
 518:Drivers/STM32F4xx_HAL_Driver/Src/stm32f4xx_hal_pcd.c **** 
 519:Drivers/STM32F4xx_HAL_Driver/Src/stm32f4xx_hal_pcd.c ****       case HAL_PCD_MSPDEINIT_CB_ID :
 520:Drivers/STM32F4xx_HAL_Driver/Src/stm32f4xx_hal_pcd.c ****         hpcd->MspDeInitCallback = HAL_PCD_MspDeInit;
 521:Drivers/STM32F4xx_HAL_Driver/Src/stm32f4xx_hal_pcd.c ****         break;
 522:Drivers/STM32F4xx_HAL_Driver/Src/stm32f4xx_hal_pcd.c **** 
 523:Drivers/STM32F4xx_HAL_Driver/Src/stm32f4xx_hal_pcd.c ****       default :
 524:Drivers/STM32F4xx_HAL_Driver/Src/stm32f4xx_hal_pcd.c ****         /* Update the error code */
 525:Drivers/STM32F4xx_HAL_Driver/Src/stm32f4xx_hal_pcd.c ****         hpcd->ErrorCode |= HAL_PCD_ERROR_INVALID_CALLBACK;
 526:Drivers/STM32F4xx_HAL_Driver/Src/stm32f4xx_hal_pcd.c **** 
 527:Drivers/STM32F4xx_HAL_Driver/Src/stm32f4xx_hal_pcd.c ****         /* Return error status */
 528:Drivers/STM32F4xx_HAL_Driver/Src/stm32f4xx_hal_pcd.c ****         status =  HAL_ERROR;
 529:Drivers/STM32F4xx_HAL_Driver/Src/stm32f4xx_hal_pcd.c ****         break;
 530:Drivers/STM32F4xx_HAL_Driver/Src/stm32f4xx_hal_pcd.c ****     }
 531:Drivers/STM32F4xx_HAL_Driver/Src/stm32f4xx_hal_pcd.c ****   }
 532:Drivers/STM32F4xx_HAL_Driver/Src/stm32f4xx_hal_pcd.c ****   else
 533:Drivers/STM32F4xx_HAL_Driver/Src/stm32f4xx_hal_pcd.c ****   {
 534:Drivers/STM32F4xx_HAL_Driver/Src/stm32f4xx_hal_pcd.c ****     /* Update the error code */
 535:Drivers/STM32F4xx_HAL_Driver/Src/stm32f4xx_hal_pcd.c ****     hpcd->ErrorCode |= HAL_PCD_ERROR_INVALID_CALLBACK;
 536:Drivers/STM32F4xx_HAL_Driver/Src/stm32f4xx_hal_pcd.c **** 
 537:Drivers/STM32F4xx_HAL_Driver/Src/stm32f4xx_hal_pcd.c ****     /* Return error status */
 538:Drivers/STM32F4xx_HAL_Driver/Src/stm32f4xx_hal_pcd.c ****     status =  HAL_ERROR;
 539:Drivers/STM32F4xx_HAL_Driver/Src/stm32f4xx_hal_pcd.c ****   }
 540:Drivers/STM32F4xx_HAL_Driver/Src/stm32f4xx_hal_pcd.c **** 
 541:Drivers/STM32F4xx_HAL_Driver/Src/stm32f4xx_hal_pcd.c ****   /* Release Lock */
 542:Drivers/STM32F4xx_HAL_Driver/Src/stm32f4xx_hal_pcd.c ****   __HAL_UNLOCK(hpcd);
 543:Drivers/STM32F4xx_HAL_Driver/Src/stm32f4xx_hal_pcd.c ****   return status;
ARM GAS  C:\Users\DAELT-~1\AppData\Local\Temp\cc8H7Tyn.s 			page 20


 544:Drivers/STM32F4xx_HAL_Driver/Src/stm32f4xx_hal_pcd.c **** }
 545:Drivers/STM32F4xx_HAL_Driver/Src/stm32f4xx_hal_pcd.c **** 
 546:Drivers/STM32F4xx_HAL_Driver/Src/stm32f4xx_hal_pcd.c **** /**
 547:Drivers/STM32F4xx_HAL_Driver/Src/stm32f4xx_hal_pcd.c ****   * @brief  Register USB PCD Data OUT Stage Callback
 548:Drivers/STM32F4xx_HAL_Driver/Src/stm32f4xx_hal_pcd.c ****   *         To be used instead of the weak HAL_PCD_DataOutStageCallback() predefined callback
 549:Drivers/STM32F4xx_HAL_Driver/Src/stm32f4xx_hal_pcd.c ****   * @param  hpcd PCD handle
 550:Drivers/STM32F4xx_HAL_Driver/Src/stm32f4xx_hal_pcd.c ****   * @param  pCallback pointer to the USB PCD Data OUT Stage Callback function
 551:Drivers/STM32F4xx_HAL_Driver/Src/stm32f4xx_hal_pcd.c ****   * @retval HAL status
 552:Drivers/STM32F4xx_HAL_Driver/Src/stm32f4xx_hal_pcd.c ****   */
 553:Drivers/STM32F4xx_HAL_Driver/Src/stm32f4xx_hal_pcd.c **** HAL_StatusTypeDef HAL_PCD_RegisterDataOutStageCallback(PCD_HandleTypeDef *hpcd,
 554:Drivers/STM32F4xx_HAL_Driver/Src/stm32f4xx_hal_pcd.c ****                                                        pPCD_DataOutStageCallbackTypeDef pCallback)
 555:Drivers/STM32F4xx_HAL_Driver/Src/stm32f4xx_hal_pcd.c **** {
 556:Drivers/STM32F4xx_HAL_Driver/Src/stm32f4xx_hal_pcd.c ****   HAL_StatusTypeDef status = HAL_OK;
 557:Drivers/STM32F4xx_HAL_Driver/Src/stm32f4xx_hal_pcd.c **** 
 558:Drivers/STM32F4xx_HAL_Driver/Src/stm32f4xx_hal_pcd.c ****   if (pCallback == NULL)
 559:Drivers/STM32F4xx_HAL_Driver/Src/stm32f4xx_hal_pcd.c ****   {
 560:Drivers/STM32F4xx_HAL_Driver/Src/stm32f4xx_hal_pcd.c ****     /* Update the error code */
 561:Drivers/STM32F4xx_HAL_Driver/Src/stm32f4xx_hal_pcd.c ****     hpcd->ErrorCode |= HAL_PCD_ERROR_INVALID_CALLBACK;
 562:Drivers/STM32F4xx_HAL_Driver/Src/stm32f4xx_hal_pcd.c **** 
 563:Drivers/STM32F4xx_HAL_Driver/Src/stm32f4xx_hal_pcd.c ****     return HAL_ERROR;
 564:Drivers/STM32F4xx_HAL_Driver/Src/stm32f4xx_hal_pcd.c ****   }
 565:Drivers/STM32F4xx_HAL_Driver/Src/stm32f4xx_hal_pcd.c **** 
 566:Drivers/STM32F4xx_HAL_Driver/Src/stm32f4xx_hal_pcd.c ****   /* Process locked */
 567:Drivers/STM32F4xx_HAL_Driver/Src/stm32f4xx_hal_pcd.c ****   __HAL_LOCK(hpcd);
 568:Drivers/STM32F4xx_HAL_Driver/Src/stm32f4xx_hal_pcd.c **** 
 569:Drivers/STM32F4xx_HAL_Driver/Src/stm32f4xx_hal_pcd.c ****   if (hpcd->State == HAL_PCD_STATE_READY)
 570:Drivers/STM32F4xx_HAL_Driver/Src/stm32f4xx_hal_pcd.c ****   {
 571:Drivers/STM32F4xx_HAL_Driver/Src/stm32f4xx_hal_pcd.c ****     hpcd->DataOutStageCallback = pCallback;
 572:Drivers/STM32F4xx_HAL_Driver/Src/stm32f4xx_hal_pcd.c ****   }
 573:Drivers/STM32F4xx_HAL_Driver/Src/stm32f4xx_hal_pcd.c ****   else
 574:Drivers/STM32F4xx_HAL_Driver/Src/stm32f4xx_hal_pcd.c ****   {
 575:Drivers/STM32F4xx_HAL_Driver/Src/stm32f4xx_hal_pcd.c ****     /* Update the error code */
 576:Drivers/STM32F4xx_HAL_Driver/Src/stm32f4xx_hal_pcd.c ****     hpcd->ErrorCode |= HAL_PCD_ERROR_INVALID_CALLBACK;
 577:Drivers/STM32F4xx_HAL_Driver/Src/stm32f4xx_hal_pcd.c **** 
 578:Drivers/STM32F4xx_HAL_Driver/Src/stm32f4xx_hal_pcd.c ****     /* Return error status */
 579:Drivers/STM32F4xx_HAL_Driver/Src/stm32f4xx_hal_pcd.c ****     status =  HAL_ERROR;
 580:Drivers/STM32F4xx_HAL_Driver/Src/stm32f4xx_hal_pcd.c ****   }
 581:Drivers/STM32F4xx_HAL_Driver/Src/stm32f4xx_hal_pcd.c **** 
 582:Drivers/STM32F4xx_HAL_Driver/Src/stm32f4xx_hal_pcd.c ****   /* Release Lock */
 583:Drivers/STM32F4xx_HAL_Driver/Src/stm32f4xx_hal_pcd.c ****   __HAL_UNLOCK(hpcd);
 584:Drivers/STM32F4xx_HAL_Driver/Src/stm32f4xx_hal_pcd.c **** 
 585:Drivers/STM32F4xx_HAL_Driver/Src/stm32f4xx_hal_pcd.c ****   return status;
 586:Drivers/STM32F4xx_HAL_Driver/Src/stm32f4xx_hal_pcd.c **** }
 587:Drivers/STM32F4xx_HAL_Driver/Src/stm32f4xx_hal_pcd.c **** 
 588:Drivers/STM32F4xx_HAL_Driver/Src/stm32f4xx_hal_pcd.c **** /**
 589:Drivers/STM32F4xx_HAL_Driver/Src/stm32f4xx_hal_pcd.c ****   * @brief  Unregister the USB PCD Data OUT Stage Callback
 590:Drivers/STM32F4xx_HAL_Driver/Src/stm32f4xx_hal_pcd.c ****   *         USB PCD Data OUT Stage Callback is redirected to the weak HAL_PCD_DataOutStageCallback(
 591:Drivers/STM32F4xx_HAL_Driver/Src/stm32f4xx_hal_pcd.c ****   * @param  hpcd PCD handle
 592:Drivers/STM32F4xx_HAL_Driver/Src/stm32f4xx_hal_pcd.c ****   * @retval HAL status
 593:Drivers/STM32F4xx_HAL_Driver/Src/stm32f4xx_hal_pcd.c ****   */
 594:Drivers/STM32F4xx_HAL_Driver/Src/stm32f4xx_hal_pcd.c **** HAL_StatusTypeDef HAL_PCD_UnRegisterDataOutStageCallback(PCD_HandleTypeDef *hpcd)
 595:Drivers/STM32F4xx_HAL_Driver/Src/stm32f4xx_hal_pcd.c **** {
 596:Drivers/STM32F4xx_HAL_Driver/Src/stm32f4xx_hal_pcd.c ****   HAL_StatusTypeDef status = HAL_OK;
 597:Drivers/STM32F4xx_HAL_Driver/Src/stm32f4xx_hal_pcd.c **** 
 598:Drivers/STM32F4xx_HAL_Driver/Src/stm32f4xx_hal_pcd.c ****   /* Process locked */
 599:Drivers/STM32F4xx_HAL_Driver/Src/stm32f4xx_hal_pcd.c ****   __HAL_LOCK(hpcd);
 600:Drivers/STM32F4xx_HAL_Driver/Src/stm32f4xx_hal_pcd.c **** 
ARM GAS  C:\Users\DAELT-~1\AppData\Local\Temp\cc8H7Tyn.s 			page 21


 601:Drivers/STM32F4xx_HAL_Driver/Src/stm32f4xx_hal_pcd.c ****   if (hpcd->State == HAL_PCD_STATE_READY)
 602:Drivers/STM32F4xx_HAL_Driver/Src/stm32f4xx_hal_pcd.c ****   {
 603:Drivers/STM32F4xx_HAL_Driver/Src/stm32f4xx_hal_pcd.c ****     hpcd->DataOutStageCallback = HAL_PCD_DataOutStageCallback; /* Legacy weak DataOutStageCallback 
 604:Drivers/STM32F4xx_HAL_Driver/Src/stm32f4xx_hal_pcd.c ****   }
 605:Drivers/STM32F4xx_HAL_Driver/Src/stm32f4xx_hal_pcd.c ****   else
 606:Drivers/STM32F4xx_HAL_Driver/Src/stm32f4xx_hal_pcd.c ****   {
 607:Drivers/STM32F4xx_HAL_Driver/Src/stm32f4xx_hal_pcd.c ****     /* Update the error code */
 608:Drivers/STM32F4xx_HAL_Driver/Src/stm32f4xx_hal_pcd.c ****     hpcd->ErrorCode |= HAL_PCD_ERROR_INVALID_CALLBACK;
 609:Drivers/STM32F4xx_HAL_Driver/Src/stm32f4xx_hal_pcd.c **** 
 610:Drivers/STM32F4xx_HAL_Driver/Src/stm32f4xx_hal_pcd.c ****     /* Return error status */
 611:Drivers/STM32F4xx_HAL_Driver/Src/stm32f4xx_hal_pcd.c ****     status =  HAL_ERROR;
 612:Drivers/STM32F4xx_HAL_Driver/Src/stm32f4xx_hal_pcd.c ****   }
 613:Drivers/STM32F4xx_HAL_Driver/Src/stm32f4xx_hal_pcd.c **** 
 614:Drivers/STM32F4xx_HAL_Driver/Src/stm32f4xx_hal_pcd.c ****   /* Release Lock */
 615:Drivers/STM32F4xx_HAL_Driver/Src/stm32f4xx_hal_pcd.c ****   __HAL_UNLOCK(hpcd);
 616:Drivers/STM32F4xx_HAL_Driver/Src/stm32f4xx_hal_pcd.c **** 
 617:Drivers/STM32F4xx_HAL_Driver/Src/stm32f4xx_hal_pcd.c ****   return status;
 618:Drivers/STM32F4xx_HAL_Driver/Src/stm32f4xx_hal_pcd.c **** }
 619:Drivers/STM32F4xx_HAL_Driver/Src/stm32f4xx_hal_pcd.c **** 
 620:Drivers/STM32F4xx_HAL_Driver/Src/stm32f4xx_hal_pcd.c **** /**
 621:Drivers/STM32F4xx_HAL_Driver/Src/stm32f4xx_hal_pcd.c ****   * @brief  Register USB PCD Data IN Stage Callback
 622:Drivers/STM32F4xx_HAL_Driver/Src/stm32f4xx_hal_pcd.c ****   *         To be used instead of the weak HAL_PCD_DataInStageCallback() predefined callback
 623:Drivers/STM32F4xx_HAL_Driver/Src/stm32f4xx_hal_pcd.c ****   * @param  hpcd PCD handle
 624:Drivers/STM32F4xx_HAL_Driver/Src/stm32f4xx_hal_pcd.c ****   * @param  pCallback pointer to the USB PCD Data IN Stage Callback function
 625:Drivers/STM32F4xx_HAL_Driver/Src/stm32f4xx_hal_pcd.c ****   * @retval HAL status
 626:Drivers/STM32F4xx_HAL_Driver/Src/stm32f4xx_hal_pcd.c ****   */
 627:Drivers/STM32F4xx_HAL_Driver/Src/stm32f4xx_hal_pcd.c **** HAL_StatusTypeDef HAL_PCD_RegisterDataInStageCallback(PCD_HandleTypeDef *hpcd,
 628:Drivers/STM32F4xx_HAL_Driver/Src/stm32f4xx_hal_pcd.c ****                                                       pPCD_DataInStageCallbackTypeDef pCallback)
 629:Drivers/STM32F4xx_HAL_Driver/Src/stm32f4xx_hal_pcd.c **** {
 630:Drivers/STM32F4xx_HAL_Driver/Src/stm32f4xx_hal_pcd.c ****   HAL_StatusTypeDef status = HAL_OK;
 631:Drivers/STM32F4xx_HAL_Driver/Src/stm32f4xx_hal_pcd.c **** 
 632:Drivers/STM32F4xx_HAL_Driver/Src/stm32f4xx_hal_pcd.c ****   if (pCallback == NULL)
 633:Drivers/STM32F4xx_HAL_Driver/Src/stm32f4xx_hal_pcd.c ****   {
 634:Drivers/STM32F4xx_HAL_Driver/Src/stm32f4xx_hal_pcd.c ****     /* Update the error code */
 635:Drivers/STM32F4xx_HAL_Driver/Src/stm32f4xx_hal_pcd.c ****     hpcd->ErrorCode |= HAL_PCD_ERROR_INVALID_CALLBACK;
 636:Drivers/STM32F4xx_HAL_Driver/Src/stm32f4xx_hal_pcd.c **** 
 637:Drivers/STM32F4xx_HAL_Driver/Src/stm32f4xx_hal_pcd.c ****     return HAL_ERROR;
 638:Drivers/STM32F4xx_HAL_Driver/Src/stm32f4xx_hal_pcd.c ****   }
 639:Drivers/STM32F4xx_HAL_Driver/Src/stm32f4xx_hal_pcd.c **** 
 640:Drivers/STM32F4xx_HAL_Driver/Src/stm32f4xx_hal_pcd.c ****   /* Process locked */
 641:Drivers/STM32F4xx_HAL_Driver/Src/stm32f4xx_hal_pcd.c ****   __HAL_LOCK(hpcd);
 642:Drivers/STM32F4xx_HAL_Driver/Src/stm32f4xx_hal_pcd.c **** 
 643:Drivers/STM32F4xx_HAL_Driver/Src/stm32f4xx_hal_pcd.c ****   if (hpcd->State == HAL_PCD_STATE_READY)
 644:Drivers/STM32F4xx_HAL_Driver/Src/stm32f4xx_hal_pcd.c ****   {
 645:Drivers/STM32F4xx_HAL_Driver/Src/stm32f4xx_hal_pcd.c ****     hpcd->DataInStageCallback = pCallback;
 646:Drivers/STM32F4xx_HAL_Driver/Src/stm32f4xx_hal_pcd.c ****   }
 647:Drivers/STM32F4xx_HAL_Driver/Src/stm32f4xx_hal_pcd.c ****   else
 648:Drivers/STM32F4xx_HAL_Driver/Src/stm32f4xx_hal_pcd.c ****   {
 649:Drivers/STM32F4xx_HAL_Driver/Src/stm32f4xx_hal_pcd.c ****     /* Update the error code */
 650:Drivers/STM32F4xx_HAL_Driver/Src/stm32f4xx_hal_pcd.c ****     hpcd->ErrorCode |= HAL_PCD_ERROR_INVALID_CALLBACK;
 651:Drivers/STM32F4xx_HAL_Driver/Src/stm32f4xx_hal_pcd.c **** 
 652:Drivers/STM32F4xx_HAL_Driver/Src/stm32f4xx_hal_pcd.c ****     /* Return error status */
 653:Drivers/STM32F4xx_HAL_Driver/Src/stm32f4xx_hal_pcd.c ****     status =  HAL_ERROR;
 654:Drivers/STM32F4xx_HAL_Driver/Src/stm32f4xx_hal_pcd.c ****   }
 655:Drivers/STM32F4xx_HAL_Driver/Src/stm32f4xx_hal_pcd.c **** 
 656:Drivers/STM32F4xx_HAL_Driver/Src/stm32f4xx_hal_pcd.c ****   /* Release Lock */
 657:Drivers/STM32F4xx_HAL_Driver/Src/stm32f4xx_hal_pcd.c ****   __HAL_UNLOCK(hpcd);
ARM GAS  C:\Users\DAELT-~1\AppData\Local\Temp\cc8H7Tyn.s 			page 22


 658:Drivers/STM32F4xx_HAL_Driver/Src/stm32f4xx_hal_pcd.c **** 
 659:Drivers/STM32F4xx_HAL_Driver/Src/stm32f4xx_hal_pcd.c ****   return status;
 660:Drivers/STM32F4xx_HAL_Driver/Src/stm32f4xx_hal_pcd.c **** }
 661:Drivers/STM32F4xx_HAL_Driver/Src/stm32f4xx_hal_pcd.c **** 
 662:Drivers/STM32F4xx_HAL_Driver/Src/stm32f4xx_hal_pcd.c **** /**
 663:Drivers/STM32F4xx_HAL_Driver/Src/stm32f4xx_hal_pcd.c ****   * @brief  Unregister the USB PCD Data IN Stage Callback
 664:Drivers/STM32F4xx_HAL_Driver/Src/stm32f4xx_hal_pcd.c ****   *         USB PCD Data OUT Stage Callback is redirected to the weak HAL_PCD_DataInStageCallback()
 665:Drivers/STM32F4xx_HAL_Driver/Src/stm32f4xx_hal_pcd.c ****   * @param  hpcd PCD handle
 666:Drivers/STM32F4xx_HAL_Driver/Src/stm32f4xx_hal_pcd.c ****   * @retval HAL status
 667:Drivers/STM32F4xx_HAL_Driver/Src/stm32f4xx_hal_pcd.c ****   */
 668:Drivers/STM32F4xx_HAL_Driver/Src/stm32f4xx_hal_pcd.c **** HAL_StatusTypeDef HAL_PCD_UnRegisterDataInStageCallback(PCD_HandleTypeDef *hpcd)
 669:Drivers/STM32F4xx_HAL_Driver/Src/stm32f4xx_hal_pcd.c **** {
 670:Drivers/STM32F4xx_HAL_Driver/Src/stm32f4xx_hal_pcd.c ****   HAL_StatusTypeDef status = HAL_OK;
 671:Drivers/STM32F4xx_HAL_Driver/Src/stm32f4xx_hal_pcd.c **** 
 672:Drivers/STM32F4xx_HAL_Driver/Src/stm32f4xx_hal_pcd.c ****   /* Process locked */
 673:Drivers/STM32F4xx_HAL_Driver/Src/stm32f4xx_hal_pcd.c ****   __HAL_LOCK(hpcd);
 674:Drivers/STM32F4xx_HAL_Driver/Src/stm32f4xx_hal_pcd.c **** 
 675:Drivers/STM32F4xx_HAL_Driver/Src/stm32f4xx_hal_pcd.c ****   if (hpcd->State == HAL_PCD_STATE_READY)
 676:Drivers/STM32F4xx_HAL_Driver/Src/stm32f4xx_hal_pcd.c ****   {
 677:Drivers/STM32F4xx_HAL_Driver/Src/stm32f4xx_hal_pcd.c ****     hpcd->DataInStageCallback = HAL_PCD_DataInStageCallback; /* Legacy weak DataInStageCallback  */
 678:Drivers/STM32F4xx_HAL_Driver/Src/stm32f4xx_hal_pcd.c ****   }
 679:Drivers/STM32F4xx_HAL_Driver/Src/stm32f4xx_hal_pcd.c ****   else
 680:Drivers/STM32F4xx_HAL_Driver/Src/stm32f4xx_hal_pcd.c ****   {
 681:Drivers/STM32F4xx_HAL_Driver/Src/stm32f4xx_hal_pcd.c ****     /* Update the error code */
 682:Drivers/STM32F4xx_HAL_Driver/Src/stm32f4xx_hal_pcd.c ****     hpcd->ErrorCode |= HAL_PCD_ERROR_INVALID_CALLBACK;
 683:Drivers/STM32F4xx_HAL_Driver/Src/stm32f4xx_hal_pcd.c **** 
 684:Drivers/STM32F4xx_HAL_Driver/Src/stm32f4xx_hal_pcd.c ****     /* Return error status */
 685:Drivers/STM32F4xx_HAL_Driver/Src/stm32f4xx_hal_pcd.c ****     status =  HAL_ERROR;
 686:Drivers/STM32F4xx_HAL_Driver/Src/stm32f4xx_hal_pcd.c ****   }
 687:Drivers/STM32F4xx_HAL_Driver/Src/stm32f4xx_hal_pcd.c **** 
 688:Drivers/STM32F4xx_HAL_Driver/Src/stm32f4xx_hal_pcd.c ****   /* Release Lock */
 689:Drivers/STM32F4xx_HAL_Driver/Src/stm32f4xx_hal_pcd.c ****   __HAL_UNLOCK(hpcd);
 690:Drivers/STM32F4xx_HAL_Driver/Src/stm32f4xx_hal_pcd.c **** 
 691:Drivers/STM32F4xx_HAL_Driver/Src/stm32f4xx_hal_pcd.c ****   return status;
 692:Drivers/STM32F4xx_HAL_Driver/Src/stm32f4xx_hal_pcd.c **** }
 693:Drivers/STM32F4xx_HAL_Driver/Src/stm32f4xx_hal_pcd.c **** 
 694:Drivers/STM32F4xx_HAL_Driver/Src/stm32f4xx_hal_pcd.c **** /**
 695:Drivers/STM32F4xx_HAL_Driver/Src/stm32f4xx_hal_pcd.c ****   * @brief  Register USB PCD Iso OUT incomplete Callback
 696:Drivers/STM32F4xx_HAL_Driver/Src/stm32f4xx_hal_pcd.c ****   *         To be used instead of the weak HAL_PCD_ISOOUTIncompleteCallback() predefined callback
 697:Drivers/STM32F4xx_HAL_Driver/Src/stm32f4xx_hal_pcd.c ****   * @param  hpcd PCD handle
 698:Drivers/STM32F4xx_HAL_Driver/Src/stm32f4xx_hal_pcd.c ****   * @param  pCallback pointer to the USB PCD Iso OUT incomplete Callback function
 699:Drivers/STM32F4xx_HAL_Driver/Src/stm32f4xx_hal_pcd.c ****   * @retval HAL status
 700:Drivers/STM32F4xx_HAL_Driver/Src/stm32f4xx_hal_pcd.c ****   */
 701:Drivers/STM32F4xx_HAL_Driver/Src/stm32f4xx_hal_pcd.c **** HAL_StatusTypeDef HAL_PCD_RegisterIsoOutIncpltCallback(PCD_HandleTypeDef *hpcd,
 702:Drivers/STM32F4xx_HAL_Driver/Src/stm32f4xx_hal_pcd.c ****                                                        pPCD_IsoOutIncpltCallbackTypeDef pCallback)
 703:Drivers/STM32F4xx_HAL_Driver/Src/stm32f4xx_hal_pcd.c **** {
 704:Drivers/STM32F4xx_HAL_Driver/Src/stm32f4xx_hal_pcd.c ****   HAL_StatusTypeDef status = HAL_OK;
 705:Drivers/STM32F4xx_HAL_Driver/Src/stm32f4xx_hal_pcd.c **** 
 706:Drivers/STM32F4xx_HAL_Driver/Src/stm32f4xx_hal_pcd.c ****   if (pCallback == NULL)
 707:Drivers/STM32F4xx_HAL_Driver/Src/stm32f4xx_hal_pcd.c ****   {
 708:Drivers/STM32F4xx_HAL_Driver/Src/stm32f4xx_hal_pcd.c ****     /* Update the error code */
 709:Drivers/STM32F4xx_HAL_Driver/Src/stm32f4xx_hal_pcd.c ****     hpcd->ErrorCode |= HAL_PCD_ERROR_INVALID_CALLBACK;
 710:Drivers/STM32F4xx_HAL_Driver/Src/stm32f4xx_hal_pcd.c **** 
 711:Drivers/STM32F4xx_HAL_Driver/Src/stm32f4xx_hal_pcd.c ****     return HAL_ERROR;
 712:Drivers/STM32F4xx_HAL_Driver/Src/stm32f4xx_hal_pcd.c ****   }
 713:Drivers/STM32F4xx_HAL_Driver/Src/stm32f4xx_hal_pcd.c **** 
 714:Drivers/STM32F4xx_HAL_Driver/Src/stm32f4xx_hal_pcd.c ****   /* Process locked */
ARM GAS  C:\Users\DAELT-~1\AppData\Local\Temp\cc8H7Tyn.s 			page 23


 715:Drivers/STM32F4xx_HAL_Driver/Src/stm32f4xx_hal_pcd.c ****   __HAL_LOCK(hpcd);
 716:Drivers/STM32F4xx_HAL_Driver/Src/stm32f4xx_hal_pcd.c **** 
 717:Drivers/STM32F4xx_HAL_Driver/Src/stm32f4xx_hal_pcd.c ****   if (hpcd->State == HAL_PCD_STATE_READY)
 718:Drivers/STM32F4xx_HAL_Driver/Src/stm32f4xx_hal_pcd.c ****   {
 719:Drivers/STM32F4xx_HAL_Driver/Src/stm32f4xx_hal_pcd.c ****     hpcd->ISOOUTIncompleteCallback = pCallback;
 720:Drivers/STM32F4xx_HAL_Driver/Src/stm32f4xx_hal_pcd.c ****   }
 721:Drivers/STM32F4xx_HAL_Driver/Src/stm32f4xx_hal_pcd.c ****   else
 722:Drivers/STM32F4xx_HAL_Driver/Src/stm32f4xx_hal_pcd.c ****   {
 723:Drivers/STM32F4xx_HAL_Driver/Src/stm32f4xx_hal_pcd.c ****     /* Update the error code */
 724:Drivers/STM32F4xx_HAL_Driver/Src/stm32f4xx_hal_pcd.c ****     hpcd->ErrorCode |= HAL_PCD_ERROR_INVALID_CALLBACK;
 725:Drivers/STM32F4xx_HAL_Driver/Src/stm32f4xx_hal_pcd.c **** 
 726:Drivers/STM32F4xx_HAL_Driver/Src/stm32f4xx_hal_pcd.c ****     /* Return error status */
 727:Drivers/STM32F4xx_HAL_Driver/Src/stm32f4xx_hal_pcd.c ****     status =  HAL_ERROR;
 728:Drivers/STM32F4xx_HAL_Driver/Src/stm32f4xx_hal_pcd.c ****   }
 729:Drivers/STM32F4xx_HAL_Driver/Src/stm32f4xx_hal_pcd.c **** 
 730:Drivers/STM32F4xx_HAL_Driver/Src/stm32f4xx_hal_pcd.c ****   /* Release Lock */
 731:Drivers/STM32F4xx_HAL_Driver/Src/stm32f4xx_hal_pcd.c ****   __HAL_UNLOCK(hpcd);
 732:Drivers/STM32F4xx_HAL_Driver/Src/stm32f4xx_hal_pcd.c **** 
 733:Drivers/STM32F4xx_HAL_Driver/Src/stm32f4xx_hal_pcd.c ****   return status;
 734:Drivers/STM32F4xx_HAL_Driver/Src/stm32f4xx_hal_pcd.c **** }
 735:Drivers/STM32F4xx_HAL_Driver/Src/stm32f4xx_hal_pcd.c **** 
 736:Drivers/STM32F4xx_HAL_Driver/Src/stm32f4xx_hal_pcd.c **** /**
 737:Drivers/STM32F4xx_HAL_Driver/Src/stm32f4xx_hal_pcd.c ****   * @brief  Unregister the USB PCD Iso OUT incomplete Callback
 738:Drivers/STM32F4xx_HAL_Driver/Src/stm32f4xx_hal_pcd.c ****   *         USB PCD Iso OUT incomplete Callback is redirected
 739:Drivers/STM32F4xx_HAL_Driver/Src/stm32f4xx_hal_pcd.c ****   *         to the weak HAL_PCD_ISOOUTIncompleteCallback() predefined callback
 740:Drivers/STM32F4xx_HAL_Driver/Src/stm32f4xx_hal_pcd.c ****   * @param  hpcd PCD handle
 741:Drivers/STM32F4xx_HAL_Driver/Src/stm32f4xx_hal_pcd.c ****   * @retval HAL status
 742:Drivers/STM32F4xx_HAL_Driver/Src/stm32f4xx_hal_pcd.c ****   */
 743:Drivers/STM32F4xx_HAL_Driver/Src/stm32f4xx_hal_pcd.c **** HAL_StatusTypeDef HAL_PCD_UnRegisterIsoOutIncpltCallback(PCD_HandleTypeDef *hpcd)
 744:Drivers/STM32F4xx_HAL_Driver/Src/stm32f4xx_hal_pcd.c **** {
 745:Drivers/STM32F4xx_HAL_Driver/Src/stm32f4xx_hal_pcd.c ****   HAL_StatusTypeDef status = HAL_OK;
 746:Drivers/STM32F4xx_HAL_Driver/Src/stm32f4xx_hal_pcd.c **** 
 747:Drivers/STM32F4xx_HAL_Driver/Src/stm32f4xx_hal_pcd.c ****   /* Process locked */
 748:Drivers/STM32F4xx_HAL_Driver/Src/stm32f4xx_hal_pcd.c ****   __HAL_LOCK(hpcd);
 749:Drivers/STM32F4xx_HAL_Driver/Src/stm32f4xx_hal_pcd.c **** 
 750:Drivers/STM32F4xx_HAL_Driver/Src/stm32f4xx_hal_pcd.c ****   if (hpcd->State == HAL_PCD_STATE_READY)
 751:Drivers/STM32F4xx_HAL_Driver/Src/stm32f4xx_hal_pcd.c ****   {
 752:Drivers/STM32F4xx_HAL_Driver/Src/stm32f4xx_hal_pcd.c ****     hpcd->ISOOUTIncompleteCallback = HAL_PCD_ISOOUTIncompleteCallback; /* Legacy weak ISOOUTIncompl
 753:Drivers/STM32F4xx_HAL_Driver/Src/stm32f4xx_hal_pcd.c ****   }
 754:Drivers/STM32F4xx_HAL_Driver/Src/stm32f4xx_hal_pcd.c ****   else
 755:Drivers/STM32F4xx_HAL_Driver/Src/stm32f4xx_hal_pcd.c ****   {
 756:Drivers/STM32F4xx_HAL_Driver/Src/stm32f4xx_hal_pcd.c ****     /* Update the error code */
 757:Drivers/STM32F4xx_HAL_Driver/Src/stm32f4xx_hal_pcd.c ****     hpcd->ErrorCode |= HAL_PCD_ERROR_INVALID_CALLBACK;
 758:Drivers/STM32F4xx_HAL_Driver/Src/stm32f4xx_hal_pcd.c **** 
 759:Drivers/STM32F4xx_HAL_Driver/Src/stm32f4xx_hal_pcd.c ****     /* Return error status */
 760:Drivers/STM32F4xx_HAL_Driver/Src/stm32f4xx_hal_pcd.c ****     status =  HAL_ERROR;
 761:Drivers/STM32F4xx_HAL_Driver/Src/stm32f4xx_hal_pcd.c ****   }
 762:Drivers/STM32F4xx_HAL_Driver/Src/stm32f4xx_hal_pcd.c **** 
 763:Drivers/STM32F4xx_HAL_Driver/Src/stm32f4xx_hal_pcd.c ****   /* Release Lock */
 764:Drivers/STM32F4xx_HAL_Driver/Src/stm32f4xx_hal_pcd.c ****   __HAL_UNLOCK(hpcd);
 765:Drivers/STM32F4xx_HAL_Driver/Src/stm32f4xx_hal_pcd.c **** 
 766:Drivers/STM32F4xx_HAL_Driver/Src/stm32f4xx_hal_pcd.c ****   return status;
 767:Drivers/STM32F4xx_HAL_Driver/Src/stm32f4xx_hal_pcd.c **** }
 768:Drivers/STM32F4xx_HAL_Driver/Src/stm32f4xx_hal_pcd.c **** 
 769:Drivers/STM32F4xx_HAL_Driver/Src/stm32f4xx_hal_pcd.c **** /**
 770:Drivers/STM32F4xx_HAL_Driver/Src/stm32f4xx_hal_pcd.c ****   * @brief  Register USB PCD Iso IN incomplete Callback
 771:Drivers/STM32F4xx_HAL_Driver/Src/stm32f4xx_hal_pcd.c ****   *         To be used instead of the weak HAL_PCD_ISOINIncompleteCallback() predefined callback
ARM GAS  C:\Users\DAELT-~1\AppData\Local\Temp\cc8H7Tyn.s 			page 24


 772:Drivers/STM32F4xx_HAL_Driver/Src/stm32f4xx_hal_pcd.c ****   * @param  hpcd PCD handle
 773:Drivers/STM32F4xx_HAL_Driver/Src/stm32f4xx_hal_pcd.c ****   * @param  pCallback pointer to the USB PCD Iso IN incomplete Callback function
 774:Drivers/STM32F4xx_HAL_Driver/Src/stm32f4xx_hal_pcd.c ****   * @retval HAL status
 775:Drivers/STM32F4xx_HAL_Driver/Src/stm32f4xx_hal_pcd.c ****   */
 776:Drivers/STM32F4xx_HAL_Driver/Src/stm32f4xx_hal_pcd.c **** HAL_StatusTypeDef HAL_PCD_RegisterIsoInIncpltCallback(PCD_HandleTypeDef *hpcd,
 777:Drivers/STM32F4xx_HAL_Driver/Src/stm32f4xx_hal_pcd.c ****                                                       pPCD_IsoInIncpltCallbackTypeDef pCallback)
 778:Drivers/STM32F4xx_HAL_Driver/Src/stm32f4xx_hal_pcd.c **** {
 779:Drivers/STM32F4xx_HAL_Driver/Src/stm32f4xx_hal_pcd.c ****   HAL_StatusTypeDef status = HAL_OK;
 780:Drivers/STM32F4xx_HAL_Driver/Src/stm32f4xx_hal_pcd.c **** 
 781:Drivers/STM32F4xx_HAL_Driver/Src/stm32f4xx_hal_pcd.c ****   if (pCallback == NULL)
 782:Drivers/STM32F4xx_HAL_Driver/Src/stm32f4xx_hal_pcd.c ****   {
 783:Drivers/STM32F4xx_HAL_Driver/Src/stm32f4xx_hal_pcd.c ****     /* Update the error code */
 784:Drivers/STM32F4xx_HAL_Driver/Src/stm32f4xx_hal_pcd.c ****     hpcd->ErrorCode |= HAL_PCD_ERROR_INVALID_CALLBACK;
 785:Drivers/STM32F4xx_HAL_Driver/Src/stm32f4xx_hal_pcd.c **** 
 786:Drivers/STM32F4xx_HAL_Driver/Src/stm32f4xx_hal_pcd.c ****     return HAL_ERROR;
 787:Drivers/STM32F4xx_HAL_Driver/Src/stm32f4xx_hal_pcd.c ****   }
 788:Drivers/STM32F4xx_HAL_Driver/Src/stm32f4xx_hal_pcd.c **** 
 789:Drivers/STM32F4xx_HAL_Driver/Src/stm32f4xx_hal_pcd.c ****   /* Process locked */
 790:Drivers/STM32F4xx_HAL_Driver/Src/stm32f4xx_hal_pcd.c ****   __HAL_LOCK(hpcd);
 791:Drivers/STM32F4xx_HAL_Driver/Src/stm32f4xx_hal_pcd.c **** 
 792:Drivers/STM32F4xx_HAL_Driver/Src/stm32f4xx_hal_pcd.c ****   if (hpcd->State == HAL_PCD_STATE_READY)
 793:Drivers/STM32F4xx_HAL_Driver/Src/stm32f4xx_hal_pcd.c ****   {
 794:Drivers/STM32F4xx_HAL_Driver/Src/stm32f4xx_hal_pcd.c ****     hpcd->ISOINIncompleteCallback = pCallback;
 795:Drivers/STM32F4xx_HAL_Driver/Src/stm32f4xx_hal_pcd.c ****   }
 796:Drivers/STM32F4xx_HAL_Driver/Src/stm32f4xx_hal_pcd.c ****   else
 797:Drivers/STM32F4xx_HAL_Driver/Src/stm32f4xx_hal_pcd.c ****   {
 798:Drivers/STM32F4xx_HAL_Driver/Src/stm32f4xx_hal_pcd.c ****     /* Update the error code */
 799:Drivers/STM32F4xx_HAL_Driver/Src/stm32f4xx_hal_pcd.c ****     hpcd->ErrorCode |= HAL_PCD_ERROR_INVALID_CALLBACK;
 800:Drivers/STM32F4xx_HAL_Driver/Src/stm32f4xx_hal_pcd.c **** 
 801:Drivers/STM32F4xx_HAL_Driver/Src/stm32f4xx_hal_pcd.c ****     /* Return error status */
 802:Drivers/STM32F4xx_HAL_Driver/Src/stm32f4xx_hal_pcd.c ****     status =  HAL_ERROR;
 803:Drivers/STM32F4xx_HAL_Driver/Src/stm32f4xx_hal_pcd.c ****   }
 804:Drivers/STM32F4xx_HAL_Driver/Src/stm32f4xx_hal_pcd.c **** 
 805:Drivers/STM32F4xx_HAL_Driver/Src/stm32f4xx_hal_pcd.c ****   /* Release Lock */
 806:Drivers/STM32F4xx_HAL_Driver/Src/stm32f4xx_hal_pcd.c ****   __HAL_UNLOCK(hpcd);
 807:Drivers/STM32F4xx_HAL_Driver/Src/stm32f4xx_hal_pcd.c **** 
 808:Drivers/STM32F4xx_HAL_Driver/Src/stm32f4xx_hal_pcd.c ****   return status;
 809:Drivers/STM32F4xx_HAL_Driver/Src/stm32f4xx_hal_pcd.c **** }
 810:Drivers/STM32F4xx_HAL_Driver/Src/stm32f4xx_hal_pcd.c **** 
 811:Drivers/STM32F4xx_HAL_Driver/Src/stm32f4xx_hal_pcd.c **** /**
 812:Drivers/STM32F4xx_HAL_Driver/Src/stm32f4xx_hal_pcd.c ****   * @brief  Unregister the USB PCD Iso IN incomplete Callback
 813:Drivers/STM32F4xx_HAL_Driver/Src/stm32f4xx_hal_pcd.c ****   *         USB PCD Iso IN incomplete Callback is redirected
 814:Drivers/STM32F4xx_HAL_Driver/Src/stm32f4xx_hal_pcd.c ****   *         to the weak HAL_PCD_ISOINIncompleteCallback() predefined callback
 815:Drivers/STM32F4xx_HAL_Driver/Src/stm32f4xx_hal_pcd.c ****   * @param  hpcd PCD handle
 816:Drivers/STM32F4xx_HAL_Driver/Src/stm32f4xx_hal_pcd.c ****   * @retval HAL status
 817:Drivers/STM32F4xx_HAL_Driver/Src/stm32f4xx_hal_pcd.c ****   */
 818:Drivers/STM32F4xx_HAL_Driver/Src/stm32f4xx_hal_pcd.c **** HAL_StatusTypeDef HAL_PCD_UnRegisterIsoInIncpltCallback(PCD_HandleTypeDef *hpcd)
 819:Drivers/STM32F4xx_HAL_Driver/Src/stm32f4xx_hal_pcd.c **** {
 820:Drivers/STM32F4xx_HAL_Driver/Src/stm32f4xx_hal_pcd.c ****   HAL_StatusTypeDef status = HAL_OK;
 821:Drivers/STM32F4xx_HAL_Driver/Src/stm32f4xx_hal_pcd.c **** 
 822:Drivers/STM32F4xx_HAL_Driver/Src/stm32f4xx_hal_pcd.c ****   /* Process locked */
 823:Drivers/STM32F4xx_HAL_Driver/Src/stm32f4xx_hal_pcd.c ****   __HAL_LOCK(hpcd);
 824:Drivers/STM32F4xx_HAL_Driver/Src/stm32f4xx_hal_pcd.c **** 
 825:Drivers/STM32F4xx_HAL_Driver/Src/stm32f4xx_hal_pcd.c ****   if (hpcd->State == HAL_PCD_STATE_READY)
 826:Drivers/STM32F4xx_HAL_Driver/Src/stm32f4xx_hal_pcd.c ****   {
 827:Drivers/STM32F4xx_HAL_Driver/Src/stm32f4xx_hal_pcd.c ****     hpcd->ISOINIncompleteCallback = HAL_PCD_ISOINIncompleteCallback; /* Legacy weak ISOINIncomplete
 828:Drivers/STM32F4xx_HAL_Driver/Src/stm32f4xx_hal_pcd.c ****   }
ARM GAS  C:\Users\DAELT-~1\AppData\Local\Temp\cc8H7Tyn.s 			page 25


 829:Drivers/STM32F4xx_HAL_Driver/Src/stm32f4xx_hal_pcd.c ****   else
 830:Drivers/STM32F4xx_HAL_Driver/Src/stm32f4xx_hal_pcd.c ****   {
 831:Drivers/STM32F4xx_HAL_Driver/Src/stm32f4xx_hal_pcd.c ****     /* Update the error code */
 832:Drivers/STM32F4xx_HAL_Driver/Src/stm32f4xx_hal_pcd.c ****     hpcd->ErrorCode |= HAL_PCD_ERROR_INVALID_CALLBACK;
 833:Drivers/STM32F4xx_HAL_Driver/Src/stm32f4xx_hal_pcd.c **** 
 834:Drivers/STM32F4xx_HAL_Driver/Src/stm32f4xx_hal_pcd.c ****     /* Return error status */
 835:Drivers/STM32F4xx_HAL_Driver/Src/stm32f4xx_hal_pcd.c ****     status =  HAL_ERROR;
 836:Drivers/STM32F4xx_HAL_Driver/Src/stm32f4xx_hal_pcd.c ****   }
 837:Drivers/STM32F4xx_HAL_Driver/Src/stm32f4xx_hal_pcd.c **** 
 838:Drivers/STM32F4xx_HAL_Driver/Src/stm32f4xx_hal_pcd.c ****   /* Release Lock */
 839:Drivers/STM32F4xx_HAL_Driver/Src/stm32f4xx_hal_pcd.c ****   __HAL_UNLOCK(hpcd);
 840:Drivers/STM32F4xx_HAL_Driver/Src/stm32f4xx_hal_pcd.c **** 
 841:Drivers/STM32F4xx_HAL_Driver/Src/stm32f4xx_hal_pcd.c ****   return status;
 842:Drivers/STM32F4xx_HAL_Driver/Src/stm32f4xx_hal_pcd.c **** }
 843:Drivers/STM32F4xx_HAL_Driver/Src/stm32f4xx_hal_pcd.c **** 
 844:Drivers/STM32F4xx_HAL_Driver/Src/stm32f4xx_hal_pcd.c **** /**
 845:Drivers/STM32F4xx_HAL_Driver/Src/stm32f4xx_hal_pcd.c ****   * @brief  Register USB PCD BCD Callback
 846:Drivers/STM32F4xx_HAL_Driver/Src/stm32f4xx_hal_pcd.c ****   *         To be used instead of the weak HAL_PCDEx_BCD_Callback() predefined callback
 847:Drivers/STM32F4xx_HAL_Driver/Src/stm32f4xx_hal_pcd.c ****   * @param  hpcd PCD handle
 848:Drivers/STM32F4xx_HAL_Driver/Src/stm32f4xx_hal_pcd.c ****   * @param  pCallback pointer to the USB PCD BCD Callback function
 849:Drivers/STM32F4xx_HAL_Driver/Src/stm32f4xx_hal_pcd.c ****   * @retval HAL status
 850:Drivers/STM32F4xx_HAL_Driver/Src/stm32f4xx_hal_pcd.c ****   */
 851:Drivers/STM32F4xx_HAL_Driver/Src/stm32f4xx_hal_pcd.c **** HAL_StatusTypeDef HAL_PCD_RegisterBcdCallback(PCD_HandleTypeDef *hpcd, pPCD_BcdCallbackTypeDef pCal
 852:Drivers/STM32F4xx_HAL_Driver/Src/stm32f4xx_hal_pcd.c **** {
 853:Drivers/STM32F4xx_HAL_Driver/Src/stm32f4xx_hal_pcd.c ****   HAL_StatusTypeDef status = HAL_OK;
 854:Drivers/STM32F4xx_HAL_Driver/Src/stm32f4xx_hal_pcd.c **** 
 855:Drivers/STM32F4xx_HAL_Driver/Src/stm32f4xx_hal_pcd.c ****   if (pCallback == NULL)
 856:Drivers/STM32F4xx_HAL_Driver/Src/stm32f4xx_hal_pcd.c ****   {
 857:Drivers/STM32F4xx_HAL_Driver/Src/stm32f4xx_hal_pcd.c ****     /* Update the error code */
 858:Drivers/STM32F4xx_HAL_Driver/Src/stm32f4xx_hal_pcd.c ****     hpcd->ErrorCode |= HAL_PCD_ERROR_INVALID_CALLBACK;
 859:Drivers/STM32F4xx_HAL_Driver/Src/stm32f4xx_hal_pcd.c **** 
 860:Drivers/STM32F4xx_HAL_Driver/Src/stm32f4xx_hal_pcd.c ****     return HAL_ERROR;
 861:Drivers/STM32F4xx_HAL_Driver/Src/stm32f4xx_hal_pcd.c ****   }
 862:Drivers/STM32F4xx_HAL_Driver/Src/stm32f4xx_hal_pcd.c **** 
 863:Drivers/STM32F4xx_HAL_Driver/Src/stm32f4xx_hal_pcd.c ****   /* Process locked */
 864:Drivers/STM32F4xx_HAL_Driver/Src/stm32f4xx_hal_pcd.c ****   __HAL_LOCK(hpcd);
 865:Drivers/STM32F4xx_HAL_Driver/Src/stm32f4xx_hal_pcd.c **** 
 866:Drivers/STM32F4xx_HAL_Driver/Src/stm32f4xx_hal_pcd.c ****   if (hpcd->State == HAL_PCD_STATE_READY)
 867:Drivers/STM32F4xx_HAL_Driver/Src/stm32f4xx_hal_pcd.c ****   {
 868:Drivers/STM32F4xx_HAL_Driver/Src/stm32f4xx_hal_pcd.c ****     hpcd->BCDCallback = pCallback;
 869:Drivers/STM32F4xx_HAL_Driver/Src/stm32f4xx_hal_pcd.c ****   }
 870:Drivers/STM32F4xx_HAL_Driver/Src/stm32f4xx_hal_pcd.c ****   else
 871:Drivers/STM32F4xx_HAL_Driver/Src/stm32f4xx_hal_pcd.c ****   {
 872:Drivers/STM32F4xx_HAL_Driver/Src/stm32f4xx_hal_pcd.c ****     /* Update the error code */
 873:Drivers/STM32F4xx_HAL_Driver/Src/stm32f4xx_hal_pcd.c ****     hpcd->ErrorCode |= HAL_PCD_ERROR_INVALID_CALLBACK;
 874:Drivers/STM32F4xx_HAL_Driver/Src/stm32f4xx_hal_pcd.c **** 
 875:Drivers/STM32F4xx_HAL_Driver/Src/stm32f4xx_hal_pcd.c ****     /* Return error status */
 876:Drivers/STM32F4xx_HAL_Driver/Src/stm32f4xx_hal_pcd.c ****     status =  HAL_ERROR;
 877:Drivers/STM32F4xx_HAL_Driver/Src/stm32f4xx_hal_pcd.c ****   }
 878:Drivers/STM32F4xx_HAL_Driver/Src/stm32f4xx_hal_pcd.c **** 
 879:Drivers/STM32F4xx_HAL_Driver/Src/stm32f4xx_hal_pcd.c ****   /* Release Lock */
 880:Drivers/STM32F4xx_HAL_Driver/Src/stm32f4xx_hal_pcd.c ****   __HAL_UNLOCK(hpcd);
 881:Drivers/STM32F4xx_HAL_Driver/Src/stm32f4xx_hal_pcd.c **** 
 882:Drivers/STM32F4xx_HAL_Driver/Src/stm32f4xx_hal_pcd.c ****   return status;
 883:Drivers/STM32F4xx_HAL_Driver/Src/stm32f4xx_hal_pcd.c **** }
 884:Drivers/STM32F4xx_HAL_Driver/Src/stm32f4xx_hal_pcd.c **** 
 885:Drivers/STM32F4xx_HAL_Driver/Src/stm32f4xx_hal_pcd.c **** /**
ARM GAS  C:\Users\DAELT-~1\AppData\Local\Temp\cc8H7Tyn.s 			page 26


 886:Drivers/STM32F4xx_HAL_Driver/Src/stm32f4xx_hal_pcd.c ****   * @brief  Unregister the USB PCD BCD Callback
 887:Drivers/STM32F4xx_HAL_Driver/Src/stm32f4xx_hal_pcd.c ****   *         USB BCD Callback is redirected to the weak HAL_PCDEx_BCD_Callback() predefined callback
 888:Drivers/STM32F4xx_HAL_Driver/Src/stm32f4xx_hal_pcd.c ****   * @param  hpcd PCD handle
 889:Drivers/STM32F4xx_HAL_Driver/Src/stm32f4xx_hal_pcd.c ****   * @retval HAL status
 890:Drivers/STM32F4xx_HAL_Driver/Src/stm32f4xx_hal_pcd.c ****   */
 891:Drivers/STM32F4xx_HAL_Driver/Src/stm32f4xx_hal_pcd.c **** HAL_StatusTypeDef HAL_PCD_UnRegisterBcdCallback(PCD_HandleTypeDef *hpcd)
 892:Drivers/STM32F4xx_HAL_Driver/Src/stm32f4xx_hal_pcd.c **** {
 893:Drivers/STM32F4xx_HAL_Driver/Src/stm32f4xx_hal_pcd.c ****   HAL_StatusTypeDef status = HAL_OK;
 894:Drivers/STM32F4xx_HAL_Driver/Src/stm32f4xx_hal_pcd.c **** 
 895:Drivers/STM32F4xx_HAL_Driver/Src/stm32f4xx_hal_pcd.c ****   /* Process locked */
 896:Drivers/STM32F4xx_HAL_Driver/Src/stm32f4xx_hal_pcd.c ****   __HAL_LOCK(hpcd);
 897:Drivers/STM32F4xx_HAL_Driver/Src/stm32f4xx_hal_pcd.c **** 
 898:Drivers/STM32F4xx_HAL_Driver/Src/stm32f4xx_hal_pcd.c ****   if (hpcd->State == HAL_PCD_STATE_READY)
 899:Drivers/STM32F4xx_HAL_Driver/Src/stm32f4xx_hal_pcd.c ****   {
 900:Drivers/STM32F4xx_HAL_Driver/Src/stm32f4xx_hal_pcd.c ****     hpcd->BCDCallback = HAL_PCDEx_BCD_Callback; /* Legacy weak HAL_PCDEx_BCD_Callback  */
 901:Drivers/STM32F4xx_HAL_Driver/Src/stm32f4xx_hal_pcd.c ****   }
 902:Drivers/STM32F4xx_HAL_Driver/Src/stm32f4xx_hal_pcd.c ****   else
 903:Drivers/STM32F4xx_HAL_Driver/Src/stm32f4xx_hal_pcd.c ****   {
 904:Drivers/STM32F4xx_HAL_Driver/Src/stm32f4xx_hal_pcd.c ****     /* Update the error code */
 905:Drivers/STM32F4xx_HAL_Driver/Src/stm32f4xx_hal_pcd.c ****     hpcd->ErrorCode |= HAL_PCD_ERROR_INVALID_CALLBACK;
 906:Drivers/STM32F4xx_HAL_Driver/Src/stm32f4xx_hal_pcd.c **** 
 907:Drivers/STM32F4xx_HAL_Driver/Src/stm32f4xx_hal_pcd.c ****     /* Return error status */
 908:Drivers/STM32F4xx_HAL_Driver/Src/stm32f4xx_hal_pcd.c ****     status =  HAL_ERROR;
 909:Drivers/STM32F4xx_HAL_Driver/Src/stm32f4xx_hal_pcd.c ****   }
 910:Drivers/STM32F4xx_HAL_Driver/Src/stm32f4xx_hal_pcd.c **** 
 911:Drivers/STM32F4xx_HAL_Driver/Src/stm32f4xx_hal_pcd.c ****   /* Release Lock */
 912:Drivers/STM32F4xx_HAL_Driver/Src/stm32f4xx_hal_pcd.c ****   __HAL_UNLOCK(hpcd);
 913:Drivers/STM32F4xx_HAL_Driver/Src/stm32f4xx_hal_pcd.c **** 
 914:Drivers/STM32F4xx_HAL_Driver/Src/stm32f4xx_hal_pcd.c ****   return status;
 915:Drivers/STM32F4xx_HAL_Driver/Src/stm32f4xx_hal_pcd.c **** }
 916:Drivers/STM32F4xx_HAL_Driver/Src/stm32f4xx_hal_pcd.c **** 
 917:Drivers/STM32F4xx_HAL_Driver/Src/stm32f4xx_hal_pcd.c **** /**
 918:Drivers/STM32F4xx_HAL_Driver/Src/stm32f4xx_hal_pcd.c ****   * @brief  Register USB PCD LPM Callback
 919:Drivers/STM32F4xx_HAL_Driver/Src/stm32f4xx_hal_pcd.c ****   *         To be used instead of the weak HAL_PCDEx_LPM_Callback() predefined callback
 920:Drivers/STM32F4xx_HAL_Driver/Src/stm32f4xx_hal_pcd.c ****   * @param  hpcd PCD handle
 921:Drivers/STM32F4xx_HAL_Driver/Src/stm32f4xx_hal_pcd.c ****   * @param  pCallback pointer to the USB PCD LPM Callback function
 922:Drivers/STM32F4xx_HAL_Driver/Src/stm32f4xx_hal_pcd.c ****   * @retval HAL status
 923:Drivers/STM32F4xx_HAL_Driver/Src/stm32f4xx_hal_pcd.c ****   */
 924:Drivers/STM32F4xx_HAL_Driver/Src/stm32f4xx_hal_pcd.c **** HAL_StatusTypeDef HAL_PCD_RegisterLpmCallback(PCD_HandleTypeDef *hpcd, pPCD_LpmCallbackTypeDef pCal
 925:Drivers/STM32F4xx_HAL_Driver/Src/stm32f4xx_hal_pcd.c **** {
 926:Drivers/STM32F4xx_HAL_Driver/Src/stm32f4xx_hal_pcd.c ****   HAL_StatusTypeDef status = HAL_OK;
 927:Drivers/STM32F4xx_HAL_Driver/Src/stm32f4xx_hal_pcd.c **** 
 928:Drivers/STM32F4xx_HAL_Driver/Src/stm32f4xx_hal_pcd.c ****   if (pCallback == NULL)
 929:Drivers/STM32F4xx_HAL_Driver/Src/stm32f4xx_hal_pcd.c ****   {
 930:Drivers/STM32F4xx_HAL_Driver/Src/stm32f4xx_hal_pcd.c ****     /* Update the error code */
 931:Drivers/STM32F4xx_HAL_Driver/Src/stm32f4xx_hal_pcd.c ****     hpcd->ErrorCode |= HAL_PCD_ERROR_INVALID_CALLBACK;
 932:Drivers/STM32F4xx_HAL_Driver/Src/stm32f4xx_hal_pcd.c **** 
 933:Drivers/STM32F4xx_HAL_Driver/Src/stm32f4xx_hal_pcd.c ****     return HAL_ERROR;
 934:Drivers/STM32F4xx_HAL_Driver/Src/stm32f4xx_hal_pcd.c ****   }
 935:Drivers/STM32F4xx_HAL_Driver/Src/stm32f4xx_hal_pcd.c **** 
 936:Drivers/STM32F4xx_HAL_Driver/Src/stm32f4xx_hal_pcd.c ****   /* Process locked */
 937:Drivers/STM32F4xx_HAL_Driver/Src/stm32f4xx_hal_pcd.c ****   __HAL_LOCK(hpcd);
 938:Drivers/STM32F4xx_HAL_Driver/Src/stm32f4xx_hal_pcd.c **** 
 939:Drivers/STM32F4xx_HAL_Driver/Src/stm32f4xx_hal_pcd.c ****   if (hpcd->State == HAL_PCD_STATE_READY)
 940:Drivers/STM32F4xx_HAL_Driver/Src/stm32f4xx_hal_pcd.c ****   {
 941:Drivers/STM32F4xx_HAL_Driver/Src/stm32f4xx_hal_pcd.c ****     hpcd->LPMCallback = pCallback;
 942:Drivers/STM32F4xx_HAL_Driver/Src/stm32f4xx_hal_pcd.c ****   }
ARM GAS  C:\Users\DAELT-~1\AppData\Local\Temp\cc8H7Tyn.s 			page 27


 943:Drivers/STM32F4xx_HAL_Driver/Src/stm32f4xx_hal_pcd.c ****   else
 944:Drivers/STM32F4xx_HAL_Driver/Src/stm32f4xx_hal_pcd.c ****   {
 945:Drivers/STM32F4xx_HAL_Driver/Src/stm32f4xx_hal_pcd.c ****     /* Update the error code */
 946:Drivers/STM32F4xx_HAL_Driver/Src/stm32f4xx_hal_pcd.c ****     hpcd->ErrorCode |= HAL_PCD_ERROR_INVALID_CALLBACK;
 947:Drivers/STM32F4xx_HAL_Driver/Src/stm32f4xx_hal_pcd.c **** 
 948:Drivers/STM32F4xx_HAL_Driver/Src/stm32f4xx_hal_pcd.c ****     /* Return error status */
 949:Drivers/STM32F4xx_HAL_Driver/Src/stm32f4xx_hal_pcd.c ****     status =  HAL_ERROR;
 950:Drivers/STM32F4xx_HAL_Driver/Src/stm32f4xx_hal_pcd.c ****   }
 951:Drivers/STM32F4xx_HAL_Driver/Src/stm32f4xx_hal_pcd.c **** 
 952:Drivers/STM32F4xx_HAL_Driver/Src/stm32f4xx_hal_pcd.c ****   /* Release Lock */
 953:Drivers/STM32F4xx_HAL_Driver/Src/stm32f4xx_hal_pcd.c ****   __HAL_UNLOCK(hpcd);
 954:Drivers/STM32F4xx_HAL_Driver/Src/stm32f4xx_hal_pcd.c **** 
 955:Drivers/STM32F4xx_HAL_Driver/Src/stm32f4xx_hal_pcd.c ****   return status;
 956:Drivers/STM32F4xx_HAL_Driver/Src/stm32f4xx_hal_pcd.c **** }
 957:Drivers/STM32F4xx_HAL_Driver/Src/stm32f4xx_hal_pcd.c **** 
 958:Drivers/STM32F4xx_HAL_Driver/Src/stm32f4xx_hal_pcd.c **** /**
 959:Drivers/STM32F4xx_HAL_Driver/Src/stm32f4xx_hal_pcd.c ****   * @brief  Unregister the USB PCD LPM Callback
 960:Drivers/STM32F4xx_HAL_Driver/Src/stm32f4xx_hal_pcd.c ****   *         USB LPM Callback is redirected to the weak HAL_PCDEx_LPM_Callback() predefined callback
 961:Drivers/STM32F4xx_HAL_Driver/Src/stm32f4xx_hal_pcd.c ****   * @param  hpcd PCD handle
 962:Drivers/STM32F4xx_HAL_Driver/Src/stm32f4xx_hal_pcd.c ****   * @retval HAL status
 963:Drivers/STM32F4xx_HAL_Driver/Src/stm32f4xx_hal_pcd.c ****   */
 964:Drivers/STM32F4xx_HAL_Driver/Src/stm32f4xx_hal_pcd.c **** HAL_StatusTypeDef HAL_PCD_UnRegisterLpmCallback(PCD_HandleTypeDef *hpcd)
 965:Drivers/STM32F4xx_HAL_Driver/Src/stm32f4xx_hal_pcd.c **** {
 966:Drivers/STM32F4xx_HAL_Driver/Src/stm32f4xx_hal_pcd.c ****   HAL_StatusTypeDef status = HAL_OK;
 967:Drivers/STM32F4xx_HAL_Driver/Src/stm32f4xx_hal_pcd.c **** 
 968:Drivers/STM32F4xx_HAL_Driver/Src/stm32f4xx_hal_pcd.c ****   /* Process locked */
 969:Drivers/STM32F4xx_HAL_Driver/Src/stm32f4xx_hal_pcd.c ****   __HAL_LOCK(hpcd);
 970:Drivers/STM32F4xx_HAL_Driver/Src/stm32f4xx_hal_pcd.c **** 
 971:Drivers/STM32F4xx_HAL_Driver/Src/stm32f4xx_hal_pcd.c ****   if (hpcd->State == HAL_PCD_STATE_READY)
 972:Drivers/STM32F4xx_HAL_Driver/Src/stm32f4xx_hal_pcd.c ****   {
 973:Drivers/STM32F4xx_HAL_Driver/Src/stm32f4xx_hal_pcd.c ****     hpcd->LPMCallback = HAL_PCDEx_LPM_Callback; /* Legacy weak HAL_PCDEx_LPM_Callback  */
 974:Drivers/STM32F4xx_HAL_Driver/Src/stm32f4xx_hal_pcd.c ****   }
 975:Drivers/STM32F4xx_HAL_Driver/Src/stm32f4xx_hal_pcd.c ****   else
 976:Drivers/STM32F4xx_HAL_Driver/Src/stm32f4xx_hal_pcd.c ****   {
 977:Drivers/STM32F4xx_HAL_Driver/Src/stm32f4xx_hal_pcd.c ****     /* Update the error code */
 978:Drivers/STM32F4xx_HAL_Driver/Src/stm32f4xx_hal_pcd.c ****     hpcd->ErrorCode |= HAL_PCD_ERROR_INVALID_CALLBACK;
 979:Drivers/STM32F4xx_HAL_Driver/Src/stm32f4xx_hal_pcd.c **** 
 980:Drivers/STM32F4xx_HAL_Driver/Src/stm32f4xx_hal_pcd.c ****     /* Return error status */
 981:Drivers/STM32F4xx_HAL_Driver/Src/stm32f4xx_hal_pcd.c ****     status =  HAL_ERROR;
 982:Drivers/STM32F4xx_HAL_Driver/Src/stm32f4xx_hal_pcd.c ****   }
 983:Drivers/STM32F4xx_HAL_Driver/Src/stm32f4xx_hal_pcd.c **** 
 984:Drivers/STM32F4xx_HAL_Driver/Src/stm32f4xx_hal_pcd.c ****   /* Release Lock */
 985:Drivers/STM32F4xx_HAL_Driver/Src/stm32f4xx_hal_pcd.c ****   __HAL_UNLOCK(hpcd);
 986:Drivers/STM32F4xx_HAL_Driver/Src/stm32f4xx_hal_pcd.c **** 
 987:Drivers/STM32F4xx_HAL_Driver/Src/stm32f4xx_hal_pcd.c ****   return status;
 988:Drivers/STM32F4xx_HAL_Driver/Src/stm32f4xx_hal_pcd.c **** }
 989:Drivers/STM32F4xx_HAL_Driver/Src/stm32f4xx_hal_pcd.c **** #endif /* USE_HAL_PCD_REGISTER_CALLBACKS */
 990:Drivers/STM32F4xx_HAL_Driver/Src/stm32f4xx_hal_pcd.c **** 
 991:Drivers/STM32F4xx_HAL_Driver/Src/stm32f4xx_hal_pcd.c **** /**
 992:Drivers/STM32F4xx_HAL_Driver/Src/stm32f4xx_hal_pcd.c ****   * @}
 993:Drivers/STM32F4xx_HAL_Driver/Src/stm32f4xx_hal_pcd.c ****   */
 994:Drivers/STM32F4xx_HAL_Driver/Src/stm32f4xx_hal_pcd.c **** 
 995:Drivers/STM32F4xx_HAL_Driver/Src/stm32f4xx_hal_pcd.c **** /** @defgroup PCD_Exported_Functions_Group2 Input and Output operation functions
 996:Drivers/STM32F4xx_HAL_Driver/Src/stm32f4xx_hal_pcd.c ****   *  @brief   Data transfers functions
 997:Drivers/STM32F4xx_HAL_Driver/Src/stm32f4xx_hal_pcd.c ****   *
 998:Drivers/STM32F4xx_HAL_Driver/Src/stm32f4xx_hal_pcd.c **** @verbatim
 999:Drivers/STM32F4xx_HAL_Driver/Src/stm32f4xx_hal_pcd.c ****  ===============================================================================
ARM GAS  C:\Users\DAELT-~1\AppData\Local\Temp\cc8H7Tyn.s 			page 28


1000:Drivers/STM32F4xx_HAL_Driver/Src/stm32f4xx_hal_pcd.c ****                       ##### IO operation functions #####
1001:Drivers/STM32F4xx_HAL_Driver/Src/stm32f4xx_hal_pcd.c ****  ===============================================================================
1002:Drivers/STM32F4xx_HAL_Driver/Src/stm32f4xx_hal_pcd.c ****     [..]
1003:Drivers/STM32F4xx_HAL_Driver/Src/stm32f4xx_hal_pcd.c ****     This subsection provides a set of functions allowing to manage the PCD data
1004:Drivers/STM32F4xx_HAL_Driver/Src/stm32f4xx_hal_pcd.c ****     transfers.
1005:Drivers/STM32F4xx_HAL_Driver/Src/stm32f4xx_hal_pcd.c **** 
1006:Drivers/STM32F4xx_HAL_Driver/Src/stm32f4xx_hal_pcd.c **** @endverbatim
1007:Drivers/STM32F4xx_HAL_Driver/Src/stm32f4xx_hal_pcd.c ****   * @{
1008:Drivers/STM32F4xx_HAL_Driver/Src/stm32f4xx_hal_pcd.c ****   */
1009:Drivers/STM32F4xx_HAL_Driver/Src/stm32f4xx_hal_pcd.c **** 
1010:Drivers/STM32F4xx_HAL_Driver/Src/stm32f4xx_hal_pcd.c **** /**
1011:Drivers/STM32F4xx_HAL_Driver/Src/stm32f4xx_hal_pcd.c ****   * @brief  Start the USB device
1012:Drivers/STM32F4xx_HAL_Driver/Src/stm32f4xx_hal_pcd.c ****   * @param  hpcd PCD handle
1013:Drivers/STM32F4xx_HAL_Driver/Src/stm32f4xx_hal_pcd.c ****   * @retval HAL status
1014:Drivers/STM32F4xx_HAL_Driver/Src/stm32f4xx_hal_pcd.c ****   */
1015:Drivers/STM32F4xx_HAL_Driver/Src/stm32f4xx_hal_pcd.c **** HAL_StatusTypeDef HAL_PCD_Start(PCD_HandleTypeDef *hpcd)
1016:Drivers/STM32F4xx_HAL_Driver/Src/stm32f4xx_hal_pcd.c **** {
 544              		.loc 1 1016 1
 545              		.cfi_startproc
 546              		@ args = 0, pretend = 0, frame = 16
 547              		@ frame_needed = 1, uses_anonymous_args = 0
 548 0000 80B5     		push	{r7, lr}
 549              	.LCFI22:
 550              		.cfi_def_cfa_offset 8
 551              		.cfi_offset 7, -8
 552              		.cfi_offset 14, -4
 553 0002 84B0     		sub	sp, sp, #16
 554              	.LCFI23:
 555              		.cfi_def_cfa_offset 24
 556 0004 00AF     		add	r7, sp, #0
 557              	.LCFI24:
 558              		.cfi_def_cfa_register 7
 559 0006 7860     		str	r0, [r7, #4]
1017:Drivers/STM32F4xx_HAL_Driver/Src/stm32f4xx_hal_pcd.c ****   USB_OTG_GlobalTypeDef *USBx = hpcd->Instance;
 560              		.loc 1 1017 26
 561 0008 7B68     		ldr	r3, [r7, #4]
 562 000a 1B68     		ldr	r3, [r3]
 563 000c FB60     		str	r3, [r7, #12]
1018:Drivers/STM32F4xx_HAL_Driver/Src/stm32f4xx_hal_pcd.c **** 
1019:Drivers/STM32F4xx_HAL_Driver/Src/stm32f4xx_hal_pcd.c ****   __HAL_LOCK(hpcd);
 564              		.loc 1 1019 3
 565 000e 7B68     		ldr	r3, [r7, #4]
 566 0010 93F89434 		ldrb	r3, [r3, #1172]	@ zero_extendqisi2
 567 0014 012B     		cmp	r3, #1
 568 0016 01D1     		bne	.L20
 569              		.loc 1 1019 3 is_stmt 0 discriminator 1
 570 0018 0223     		movs	r3, #2
 571              		.loc 1 1019 3
 572 001a 22E0     		b	.L21
 573              	.L20:
 574              		.loc 1 1019 3 discriminator 2
 575 001c 7B68     		ldr	r3, [r7, #4]
 576 001e 0122     		movs	r2, #1
 577 0020 83F89424 		strb	r2, [r3, #1172]
1020:Drivers/STM32F4xx_HAL_Driver/Src/stm32f4xx_hal_pcd.c **** 
1021:Drivers/STM32F4xx_HAL_Driver/Src/stm32f4xx_hal_pcd.c ****   if (((USBx->GUSBCFG & USB_OTG_GUSBCFG_PHYSEL) != 0U) &&
 578              		.loc 1 1021 13 is_stmt 1
ARM GAS  C:\Users\DAELT-~1\AppData\Local\Temp\cc8H7Tyn.s 			page 29


 579 0024 FB68     		ldr	r3, [r7, #12]
 580 0026 DB68     		ldr	r3, [r3, #12]
 581              		.loc 1 1021 23
 582 0028 03F04003 		and	r3, r3, #64
 583              		.loc 1 1021 6
 584 002c 002B     		cmp	r3, #0
 585 002e 09D0     		beq	.L22
1022:Drivers/STM32F4xx_HAL_Driver/Src/stm32f4xx_hal_pcd.c ****       (hpcd->Init.battery_charging_enable == 1U))
 586              		.loc 1 1022 18
 587 0030 7B68     		ldr	r3, [r7, #4]
 588 0032 5B7B     		ldrb	r3, [r3, #13]	@ zero_extendqisi2
1021:Drivers/STM32F4xx_HAL_Driver/Src/stm32f4xx_hal_pcd.c ****       (hpcd->Init.battery_charging_enable == 1U))
 589              		.loc 1 1021 56 discriminator 1
 590 0034 012B     		cmp	r3, #1
 591 0036 05D1     		bne	.L22
1023:Drivers/STM32F4xx_HAL_Driver/Src/stm32f4xx_hal_pcd.c ****   {
1024:Drivers/STM32F4xx_HAL_Driver/Src/stm32f4xx_hal_pcd.c ****     /* Enable USB Transceiver */
1025:Drivers/STM32F4xx_HAL_Driver/Src/stm32f4xx_hal_pcd.c ****     USBx->GCCFG |= USB_OTG_GCCFG_PWRDWN;
 592              		.loc 1 1025 9
 593 0038 FB68     		ldr	r3, [r7, #12]
 594 003a 9B6B     		ldr	r3, [r3, #56]
 595              		.loc 1 1025 17
 596 003c 43F48032 		orr	r2, r3, #65536
 597 0040 FB68     		ldr	r3, [r7, #12]
 598 0042 9A63     		str	r2, [r3, #56]
 599              	.L22:
1026:Drivers/STM32F4xx_HAL_Driver/Src/stm32f4xx_hal_pcd.c ****   }
1027:Drivers/STM32F4xx_HAL_Driver/Src/stm32f4xx_hal_pcd.c **** 
1028:Drivers/STM32F4xx_HAL_Driver/Src/stm32f4xx_hal_pcd.c ****   __HAL_PCD_ENABLE(hpcd);
 600              		.loc 1 1028 3
 601 0044 7B68     		ldr	r3, [r7, #4]
 602 0046 1B68     		ldr	r3, [r3]
 603 0048 1846     		mov	r0, r3
 604 004a FFF7FEFF 		bl	USB_EnableGlobalInt
1029:Drivers/STM32F4xx_HAL_Driver/Src/stm32f4xx_hal_pcd.c ****   (void)USB_DevConnect(hpcd->Instance);
 605              		.loc 1 1029 28
 606 004e 7B68     		ldr	r3, [r7, #4]
 607 0050 1B68     		ldr	r3, [r3]
 608              		.loc 1 1029 9
 609 0052 1846     		mov	r0, r3
 610 0054 FFF7FEFF 		bl	USB_DevConnect
1030:Drivers/STM32F4xx_HAL_Driver/Src/stm32f4xx_hal_pcd.c ****   __HAL_UNLOCK(hpcd);
 611              		.loc 1 1030 3
 612 0058 7B68     		ldr	r3, [r7, #4]
 613 005a 0022     		movs	r2, #0
 614 005c 83F89424 		strb	r2, [r3, #1172]
1031:Drivers/STM32F4xx_HAL_Driver/Src/stm32f4xx_hal_pcd.c **** 
1032:Drivers/STM32F4xx_HAL_Driver/Src/stm32f4xx_hal_pcd.c ****   return HAL_OK;
 615              		.loc 1 1032 10
 616 0060 0023     		movs	r3, #0
 617              	.L21:
1033:Drivers/STM32F4xx_HAL_Driver/Src/stm32f4xx_hal_pcd.c **** }
 618              		.loc 1 1033 1
 619 0062 1846     		mov	r0, r3
 620 0064 1037     		adds	r7, r7, #16
 621              	.LCFI25:
 622              		.cfi_def_cfa_offset 8
ARM GAS  C:\Users\DAELT-~1\AppData\Local\Temp\cc8H7Tyn.s 			page 30


 623 0066 BD46     		mov	sp, r7
 624              	.LCFI26:
 625              		.cfi_def_cfa_register 13
 626              		@ sp needed
 627 0068 80BD     		pop	{r7, pc}
 628              		.cfi_endproc
 629              	.LFE224:
 631              		.section	.text.HAL_PCD_Stop,"ax",%progbits
 632              		.align	1
 633              		.global	HAL_PCD_Stop
 634              		.syntax unified
 635              		.thumb
 636              		.thumb_func
 638              	HAL_PCD_Stop:
 639              	.LFB225:
1034:Drivers/STM32F4xx_HAL_Driver/Src/stm32f4xx_hal_pcd.c **** 
1035:Drivers/STM32F4xx_HAL_Driver/Src/stm32f4xx_hal_pcd.c **** /**
1036:Drivers/STM32F4xx_HAL_Driver/Src/stm32f4xx_hal_pcd.c ****   * @brief  Stop the USB device.
1037:Drivers/STM32F4xx_HAL_Driver/Src/stm32f4xx_hal_pcd.c ****   * @param  hpcd PCD handle
1038:Drivers/STM32F4xx_HAL_Driver/Src/stm32f4xx_hal_pcd.c ****   * @retval HAL status
1039:Drivers/STM32F4xx_HAL_Driver/Src/stm32f4xx_hal_pcd.c ****   */
1040:Drivers/STM32F4xx_HAL_Driver/Src/stm32f4xx_hal_pcd.c **** HAL_StatusTypeDef HAL_PCD_Stop(PCD_HandleTypeDef *hpcd)
1041:Drivers/STM32F4xx_HAL_Driver/Src/stm32f4xx_hal_pcd.c **** {
 640              		.loc 1 1041 1
 641              		.cfi_startproc
 642              		@ args = 0, pretend = 0, frame = 16
 643              		@ frame_needed = 1, uses_anonymous_args = 0
 644 0000 80B5     		push	{r7, lr}
 645              	.LCFI27:
 646              		.cfi_def_cfa_offset 8
 647              		.cfi_offset 7, -8
 648              		.cfi_offset 14, -4
 649 0002 84B0     		sub	sp, sp, #16
 650              	.LCFI28:
 651              		.cfi_def_cfa_offset 24
 652 0004 00AF     		add	r7, sp, #0
 653              	.LCFI29:
 654              		.cfi_def_cfa_register 7
 655 0006 7860     		str	r0, [r7, #4]
1042:Drivers/STM32F4xx_HAL_Driver/Src/stm32f4xx_hal_pcd.c ****   USB_OTG_GlobalTypeDef *USBx = hpcd->Instance;
 656              		.loc 1 1042 26
 657 0008 7B68     		ldr	r3, [r7, #4]
 658 000a 1B68     		ldr	r3, [r3]
 659 000c FB60     		str	r3, [r7, #12]
1043:Drivers/STM32F4xx_HAL_Driver/Src/stm32f4xx_hal_pcd.c **** 
1044:Drivers/STM32F4xx_HAL_Driver/Src/stm32f4xx_hal_pcd.c ****   __HAL_LOCK(hpcd);
 660              		.loc 1 1044 3
 661 000e 7B68     		ldr	r3, [r7, #4]
 662 0010 93F89434 		ldrb	r3, [r3, #1172]	@ zero_extendqisi2
 663 0014 012B     		cmp	r3, #1
 664 0016 01D1     		bne	.L24
 665              		.loc 1 1044 3 is_stmt 0 discriminator 1
 666 0018 0223     		movs	r3, #2
 667              		.loc 1 1044 3
 668 001a 28E0     		b	.L25
 669              	.L24:
 670              		.loc 1 1044 3 discriminator 2
ARM GAS  C:\Users\DAELT-~1\AppData\Local\Temp\cc8H7Tyn.s 			page 31


 671 001c 7B68     		ldr	r3, [r7, #4]
 672 001e 0122     		movs	r2, #1
 673 0020 83F89424 		strb	r2, [r3, #1172]
1045:Drivers/STM32F4xx_HAL_Driver/Src/stm32f4xx_hal_pcd.c ****   __HAL_PCD_DISABLE(hpcd);
 674              		.loc 1 1045 3 is_stmt 1
 675 0024 7B68     		ldr	r3, [r7, #4]
 676 0026 1B68     		ldr	r3, [r3]
 677 0028 1846     		mov	r0, r3
 678 002a FFF7FEFF 		bl	USB_DisableGlobalInt
1046:Drivers/STM32F4xx_HAL_Driver/Src/stm32f4xx_hal_pcd.c ****   (void)USB_DevDisconnect(hpcd->Instance);
 679              		.loc 1 1046 31
 680 002e 7B68     		ldr	r3, [r7, #4]
 681 0030 1B68     		ldr	r3, [r3]
 682              		.loc 1 1046 9
 683 0032 1846     		mov	r0, r3
 684 0034 FFF7FEFF 		bl	USB_DevDisconnect
1047:Drivers/STM32F4xx_HAL_Driver/Src/stm32f4xx_hal_pcd.c **** 
1048:Drivers/STM32F4xx_HAL_Driver/Src/stm32f4xx_hal_pcd.c ****   (void)USB_FlushTxFifo(hpcd->Instance, 0x10U);
 685              		.loc 1 1048 29
 686 0038 7B68     		ldr	r3, [r7, #4]
 687 003a 1B68     		ldr	r3, [r3]
 688              		.loc 1 1048 9
 689 003c 1021     		movs	r1, #16
 690 003e 1846     		mov	r0, r3
 691 0040 FFF7FEFF 		bl	USB_FlushTxFifo
1049:Drivers/STM32F4xx_HAL_Driver/Src/stm32f4xx_hal_pcd.c **** 
1050:Drivers/STM32F4xx_HAL_Driver/Src/stm32f4xx_hal_pcd.c ****   if (((USBx->GUSBCFG & USB_OTG_GUSBCFG_PHYSEL) != 0U) &&
 692              		.loc 1 1050 13
 693 0044 FB68     		ldr	r3, [r7, #12]
 694 0046 DB68     		ldr	r3, [r3, #12]
 695              		.loc 1 1050 23
 696 0048 03F04003 		and	r3, r3, #64
 697              		.loc 1 1050 6
 698 004c 002B     		cmp	r3, #0
 699 004e 09D0     		beq	.L26
1051:Drivers/STM32F4xx_HAL_Driver/Src/stm32f4xx_hal_pcd.c ****       (hpcd->Init.battery_charging_enable == 1U))
 700              		.loc 1 1051 18
 701 0050 7B68     		ldr	r3, [r7, #4]
 702 0052 5B7B     		ldrb	r3, [r3, #13]	@ zero_extendqisi2
1050:Drivers/STM32F4xx_HAL_Driver/Src/stm32f4xx_hal_pcd.c ****       (hpcd->Init.battery_charging_enable == 1U))
 703              		.loc 1 1050 56 discriminator 1
 704 0054 012B     		cmp	r3, #1
 705 0056 05D1     		bne	.L26
1052:Drivers/STM32F4xx_HAL_Driver/Src/stm32f4xx_hal_pcd.c ****   {
1053:Drivers/STM32F4xx_HAL_Driver/Src/stm32f4xx_hal_pcd.c ****     /* Disable USB Transceiver */
1054:Drivers/STM32F4xx_HAL_Driver/Src/stm32f4xx_hal_pcd.c ****     USBx->GCCFG &= ~(USB_OTG_GCCFG_PWRDWN);
 706              		.loc 1 1054 9
 707 0058 FB68     		ldr	r3, [r7, #12]
 708 005a 9B6B     		ldr	r3, [r3, #56]
 709              		.loc 1 1054 17
 710 005c 23F48032 		bic	r2, r3, #65536
 711 0060 FB68     		ldr	r3, [r7, #12]
 712 0062 9A63     		str	r2, [r3, #56]
 713              	.L26:
1055:Drivers/STM32F4xx_HAL_Driver/Src/stm32f4xx_hal_pcd.c ****   }
1056:Drivers/STM32F4xx_HAL_Driver/Src/stm32f4xx_hal_pcd.c **** 
1057:Drivers/STM32F4xx_HAL_Driver/Src/stm32f4xx_hal_pcd.c ****   __HAL_UNLOCK(hpcd);
ARM GAS  C:\Users\DAELT-~1\AppData\Local\Temp\cc8H7Tyn.s 			page 32


 714              		.loc 1 1057 3
 715 0064 7B68     		ldr	r3, [r7, #4]
 716 0066 0022     		movs	r2, #0
 717 0068 83F89424 		strb	r2, [r3, #1172]
1058:Drivers/STM32F4xx_HAL_Driver/Src/stm32f4xx_hal_pcd.c **** 
1059:Drivers/STM32F4xx_HAL_Driver/Src/stm32f4xx_hal_pcd.c ****   return HAL_OK;
 718              		.loc 1 1059 10
 719 006c 0023     		movs	r3, #0
 720              	.L25:
1060:Drivers/STM32F4xx_HAL_Driver/Src/stm32f4xx_hal_pcd.c **** }
 721              		.loc 1 1060 1
 722 006e 1846     		mov	r0, r3
 723 0070 1037     		adds	r7, r7, #16
 724              	.LCFI30:
 725              		.cfi_def_cfa_offset 8
 726 0072 BD46     		mov	sp, r7
 727              	.LCFI31:
 728              		.cfi_def_cfa_register 13
 729              		@ sp needed
 730 0074 80BD     		pop	{r7, pc}
 731              		.cfi_endproc
 732              	.LFE225:
 734              		.section	.text.HAL_PCD_IRQHandler,"ax",%progbits
 735              		.align	1
 736              		.global	HAL_PCD_IRQHandler
 737              		.syntax unified
 738              		.thumb
 739              		.thumb_func
 741              	HAL_PCD_IRQHandler:
 742              	.LFB226:
1061:Drivers/STM32F4xx_HAL_Driver/Src/stm32f4xx_hal_pcd.c **** 
1062:Drivers/STM32F4xx_HAL_Driver/Src/stm32f4xx_hal_pcd.c **** #if defined (USB_OTG_FS) || defined (USB_OTG_HS)
1063:Drivers/STM32F4xx_HAL_Driver/Src/stm32f4xx_hal_pcd.c **** /**
1064:Drivers/STM32F4xx_HAL_Driver/Src/stm32f4xx_hal_pcd.c ****   * @brief  Handles PCD interrupt request.
1065:Drivers/STM32F4xx_HAL_Driver/Src/stm32f4xx_hal_pcd.c ****   * @param  hpcd PCD handle
1066:Drivers/STM32F4xx_HAL_Driver/Src/stm32f4xx_hal_pcd.c ****   * @retval HAL status
1067:Drivers/STM32F4xx_HAL_Driver/Src/stm32f4xx_hal_pcd.c ****   */
1068:Drivers/STM32F4xx_HAL_Driver/Src/stm32f4xx_hal_pcd.c **** void HAL_PCD_IRQHandler(PCD_HandleTypeDef *hpcd)
1069:Drivers/STM32F4xx_HAL_Driver/Src/stm32f4xx_hal_pcd.c **** {
 743              		.loc 1 1069 1
 744              		.cfi_startproc
 745              		@ args = 0, pretend = 0, frame = 48
 746              		@ frame_needed = 1, uses_anonymous_args = 0
 747 0000 90B5     		push	{r4, r7, lr}
 748              	.LCFI32:
 749              		.cfi_def_cfa_offset 12
 750              		.cfi_offset 4, -12
 751              		.cfi_offset 7, -8
 752              		.cfi_offset 14, -4
 753 0002 8DB0     		sub	sp, sp, #52
 754              	.LCFI33:
 755              		.cfi_def_cfa_offset 64
 756 0004 00AF     		add	r7, sp, #0
 757              	.LCFI34:
 758              		.cfi_def_cfa_register 7
 759 0006 7860     		str	r0, [r7, #4]
1070:Drivers/STM32F4xx_HAL_Driver/Src/stm32f4xx_hal_pcd.c ****   USB_OTG_GlobalTypeDef *USBx = hpcd->Instance;
ARM GAS  C:\Users\DAELT-~1\AppData\Local\Temp\cc8H7Tyn.s 			page 33


 760              		.loc 1 1070 26
 761 0008 7B68     		ldr	r3, [r7, #4]
 762 000a 1B68     		ldr	r3, [r3]
 763 000c 3B62     		str	r3, [r7, #32]
1071:Drivers/STM32F4xx_HAL_Driver/Src/stm32f4xx_hal_pcd.c ****   uint32_t USBx_BASE = (uint32_t)USBx;
 764              		.loc 1 1071 12
 765 000e 3B6A     		ldr	r3, [r7, #32]
 766 0010 FB61     		str	r3, [r7, #28]
1072:Drivers/STM32F4xx_HAL_Driver/Src/stm32f4xx_hal_pcd.c ****   USB_OTG_EPTypeDef *ep;
1073:Drivers/STM32F4xx_HAL_Driver/Src/stm32f4xx_hal_pcd.c ****   uint32_t i;
1074:Drivers/STM32F4xx_HAL_Driver/Src/stm32f4xx_hal_pcd.c ****   uint32_t ep_intr;
1075:Drivers/STM32F4xx_HAL_Driver/Src/stm32f4xx_hal_pcd.c ****   uint32_t epint;
1076:Drivers/STM32F4xx_HAL_Driver/Src/stm32f4xx_hal_pcd.c ****   uint32_t epnum;
1077:Drivers/STM32F4xx_HAL_Driver/Src/stm32f4xx_hal_pcd.c ****   uint32_t fifoemptymsk;
1078:Drivers/STM32F4xx_HAL_Driver/Src/stm32f4xx_hal_pcd.c ****   uint32_t RegVal;
1079:Drivers/STM32F4xx_HAL_Driver/Src/stm32f4xx_hal_pcd.c **** 
1080:Drivers/STM32F4xx_HAL_Driver/Src/stm32f4xx_hal_pcd.c ****   /* ensure that we are in device mode */
1081:Drivers/STM32F4xx_HAL_Driver/Src/stm32f4xx_hal_pcd.c ****   if (USB_GetMode(hpcd->Instance) == USB_OTG_MODE_DEVICE)
 767              		.loc 1 1081 23
 768 0012 7B68     		ldr	r3, [r7, #4]
 769 0014 1B68     		ldr	r3, [r3]
 770              		.loc 1 1081 7
 771 0016 1846     		mov	r0, r3
 772 0018 FFF7FEFF 		bl	USB_GetMode
 773 001c 0346     		mov	r3, r0
 774              		.loc 1 1081 6 discriminator 1
 775 001e 002B     		cmp	r3, #0
 776 0020 40F08C84 		bne	.L27
1082:Drivers/STM32F4xx_HAL_Driver/Src/stm32f4xx_hal_pcd.c ****   {
1083:Drivers/STM32F4xx_HAL_Driver/Src/stm32f4xx_hal_pcd.c ****     /* avoid spurious interrupt */
1084:Drivers/STM32F4xx_HAL_Driver/Src/stm32f4xx_hal_pcd.c ****     if (__HAL_PCD_IS_INVALID_INTERRUPT(hpcd))
 777              		.loc 1 1084 9
 778 0024 7B68     		ldr	r3, [r7, #4]
 779 0026 1B68     		ldr	r3, [r3]
 780 0028 1846     		mov	r0, r3
 781 002a FFF7FEFF 		bl	USB_ReadInterrupts
 782 002e 0346     		mov	r3, r0
 783              		.loc 1 1084 8 discriminator 1
 784 0030 002B     		cmp	r3, #0
 785 0032 00F08284 		beq	.L83
1085:Drivers/STM32F4xx_HAL_Driver/Src/stm32f4xx_hal_pcd.c ****     {
1086:Drivers/STM32F4xx_HAL_Driver/Src/stm32f4xx_hal_pcd.c ****       return;
1087:Drivers/STM32F4xx_HAL_Driver/Src/stm32f4xx_hal_pcd.c ****     }
1088:Drivers/STM32F4xx_HAL_Driver/Src/stm32f4xx_hal_pcd.c **** 
1089:Drivers/STM32F4xx_HAL_Driver/Src/stm32f4xx_hal_pcd.c ****     /* store current frame number */
1090:Drivers/STM32F4xx_HAL_Driver/Src/stm32f4xx_hal_pcd.c ****     hpcd->FrameNumber = (USBx_DEVICE->DSTS & USB_OTG_DSTS_FNSOF_Msk) >> USB_OTG_DSTS_FNSOF_Pos;
 786              		.loc 1 1090 26
 787 0036 FB69     		ldr	r3, [r7, #28]
 788 0038 03F50063 		add	r3, r3, #2048
 789              		.loc 1 1090 37
 790 003c 9B68     		ldr	r3, [r3, #8]
 791              		.loc 1 1090 70
 792 003e 1B0A     		lsrs	r3, r3, #8
 793 0040 C3F30D02 		ubfx	r2, r3, #0, #14
 794              		.loc 1 1090 23
 795 0044 7B68     		ldr	r3, [r7, #4]
 796 0046 C3F8D424 		str	r2, [r3, #1236]
ARM GAS  C:\Users\DAELT-~1\AppData\Local\Temp\cc8H7Tyn.s 			page 34


1091:Drivers/STM32F4xx_HAL_Driver/Src/stm32f4xx_hal_pcd.c **** 
1092:Drivers/STM32F4xx_HAL_Driver/Src/stm32f4xx_hal_pcd.c ****     if (__HAL_PCD_GET_FLAG(hpcd, USB_OTG_GINTSTS_MMIS))
 797              		.loc 1 1092 9
 798 004a 7B68     		ldr	r3, [r7, #4]
 799 004c 1B68     		ldr	r3, [r3]
 800 004e 1846     		mov	r0, r3
 801 0050 FFF7FEFF 		bl	USB_ReadInterrupts
 802 0054 0346     		mov	r3, r0
 803              		.loc 1 1092 9 is_stmt 0 discriminator 1
 804 0056 03F00203 		and	r3, r3, #2
 805              		.loc 1 1092 8 is_stmt 1 discriminator 1
 806 005a 022B     		cmp	r3, #2
 807 005c 07D1     		bne	.L30
1093:Drivers/STM32F4xx_HAL_Driver/Src/stm32f4xx_hal_pcd.c ****     {
1094:Drivers/STM32F4xx_HAL_Driver/Src/stm32f4xx_hal_pcd.c ****       /* incorrect mode, acknowledge the interrupt */
1095:Drivers/STM32F4xx_HAL_Driver/Src/stm32f4xx_hal_pcd.c ****       __HAL_PCD_CLEAR_FLAG(hpcd, USB_OTG_GINTSTS_MMIS);
 808              		.loc 1 1095 7
 809 005e 7B68     		ldr	r3, [r7, #4]
 810 0060 1B68     		ldr	r3, [r3]
 811 0062 5A69     		ldr	r2, [r3, #20]
 812 0064 7B68     		ldr	r3, [r7, #4]
 813 0066 1B68     		ldr	r3, [r3]
 814 0068 02F00202 		and	r2, r2, #2
 815 006c 5A61     		str	r2, [r3, #20]
 816              	.L30:
1096:Drivers/STM32F4xx_HAL_Driver/Src/stm32f4xx_hal_pcd.c ****     }
1097:Drivers/STM32F4xx_HAL_Driver/Src/stm32f4xx_hal_pcd.c **** 
1098:Drivers/STM32F4xx_HAL_Driver/Src/stm32f4xx_hal_pcd.c ****     /* Handle RxQLevel Interrupt */
1099:Drivers/STM32F4xx_HAL_Driver/Src/stm32f4xx_hal_pcd.c ****     if (__HAL_PCD_GET_FLAG(hpcd, USB_OTG_GINTSTS_RXFLVL))
 817              		.loc 1 1099 9
 818 006e 7B68     		ldr	r3, [r7, #4]
 819 0070 1B68     		ldr	r3, [r3]
 820 0072 1846     		mov	r0, r3
 821 0074 FFF7FEFF 		bl	USB_ReadInterrupts
 822 0078 0346     		mov	r3, r0
 823              		.loc 1 1099 9 is_stmt 0 discriminator 1
 824 007a 03F01003 		and	r3, r3, #16
 825              		.loc 1 1099 8 is_stmt 1 discriminator 1
 826 007e 102B     		cmp	r3, #16
 827 0080 61D1     		bne	.L31
1100:Drivers/STM32F4xx_HAL_Driver/Src/stm32f4xx_hal_pcd.c ****     {
1101:Drivers/STM32F4xx_HAL_Driver/Src/stm32f4xx_hal_pcd.c ****       USB_MASK_INTERRUPT(hpcd->Instance, USB_OTG_GINTSTS_RXFLVL);
 828              		.loc 1 1101 7
 829 0082 7B68     		ldr	r3, [r7, #4]
 830 0084 1B68     		ldr	r3, [r3]
 831 0086 9A69     		ldr	r2, [r3, #24]
 832 0088 7B68     		ldr	r3, [r7, #4]
 833 008a 1B68     		ldr	r3, [r3]
 834 008c 22F01002 		bic	r2, r2, #16
 835 0090 9A61     		str	r2, [r3, #24]
1102:Drivers/STM32F4xx_HAL_Driver/Src/stm32f4xx_hal_pcd.c **** 
1103:Drivers/STM32F4xx_HAL_Driver/Src/stm32f4xx_hal_pcd.c ****       RegVal = USBx->GRXSTSP;
 836              		.loc 1 1103 14
 837 0092 3B6A     		ldr	r3, [r7, #32]
 838 0094 1B6A     		ldr	r3, [r3, #32]
 839 0096 BB61     		str	r3, [r7, #24]
1104:Drivers/STM32F4xx_HAL_Driver/Src/stm32f4xx_hal_pcd.c **** 
ARM GAS  C:\Users\DAELT-~1\AppData\Local\Temp\cc8H7Tyn.s 			page 35


1105:Drivers/STM32F4xx_HAL_Driver/Src/stm32f4xx_hal_pcd.c ****       ep = &hpcd->OUT_ep[RegVal & USB_OTG_GRXSTSP_EPNUM];
 840              		.loc 1 1105 33
 841 0098 BB69     		ldr	r3, [r7, #24]
 842 009a 03F00F02 		and	r2, r3, #15
 843              		.loc 1 1105 10
 844 009e 1346     		mov	r3, r2
 845 00a0 DB00     		lsls	r3, r3, #3
 846 00a2 1344     		add	r3, r3, r2
 847 00a4 9B00     		lsls	r3, r3, #2
 848 00a6 03F51473 		add	r3, r3, #592
 849 00aa 7A68     		ldr	r2, [r7, #4]
 850 00ac 1344     		add	r3, r3, r2
 851 00ae 0433     		adds	r3, r3, #4
 852 00b0 7B61     		str	r3, [r7, #20]
1106:Drivers/STM32F4xx_HAL_Driver/Src/stm32f4xx_hal_pcd.c **** 
1107:Drivers/STM32F4xx_HAL_Driver/Src/stm32f4xx_hal_pcd.c ****       if (((RegVal & USB_OTG_GRXSTSP_PKTSTS) >> 17) ==  STS_DATA_UPDT)
 853              		.loc 1 1107 53
 854 00b2 BB69     		ldr	r3, [r7, #24]
 855 00b4 03F4F013 		and	r3, r3, #1966080
 856              		.loc 1 1107 10
 857 00b8 B3F5802F 		cmp	r3, #262144
 858 00bc 24D1     		bne	.L32
1108:Drivers/STM32F4xx_HAL_Driver/Src/stm32f4xx_hal_pcd.c ****       {
1109:Drivers/STM32F4xx_HAL_Driver/Src/stm32f4xx_hal_pcd.c ****         if ((RegVal & USB_OTG_GRXSTSP_BCNT) != 0U)
 859              		.loc 1 1109 21
 860 00be BA69     		ldr	r2, [r7, #24]
 861 00c0 47F6F073 		movw	r3, #32752
 862 00c4 1340     		ands	r3, r3, r2
 863              		.loc 1 1109 12
 864 00c6 002B     		cmp	r3, #0
 865 00c8 35D0     		beq	.L33
1110:Drivers/STM32F4xx_HAL_Driver/Src/stm32f4xx_hal_pcd.c ****         {
1111:Drivers/STM32F4xx_HAL_Driver/Src/stm32f4xx_hal_pcd.c ****           (void)USB_ReadPacket(USBx, ep->xfer_buff,
 866              		.loc 1 1111 17
 867 00ca 7B69     		ldr	r3, [r7, #20]
 868 00cc D968     		ldr	r1, [r3, #12]
1112:Drivers/STM32F4xx_HAL_Driver/Src/stm32f4xx_hal_pcd.c ****                                (uint16_t)((RegVal & USB_OTG_GRXSTSP_BCNT) >> 4));
 869              		.loc 1 1112 75
 870 00ce BB69     		ldr	r3, [r7, #24]
 871 00d0 1B09     		lsrs	r3, r3, #4
 872              		.loc 1 1112 32
 873 00d2 9BB2     		uxth	r3, r3
1111:Drivers/STM32F4xx_HAL_Driver/Src/stm32f4xx_hal_pcd.c ****                                (uint16_t)((RegVal & USB_OTG_GRXSTSP_BCNT) >> 4));
 874              		.loc 1 1111 17
 875 00d4 C3F30A03 		ubfx	r3, r3, #0, #11
 876 00d8 9BB2     		uxth	r3, r3
 877 00da 1A46     		mov	r2, r3
 878 00dc 386A     		ldr	r0, [r7, #32]
 879 00de FFF7FEFF 		bl	USB_ReadPacket
1113:Drivers/STM32F4xx_HAL_Driver/Src/stm32f4xx_hal_pcd.c **** 
1114:Drivers/STM32F4xx_HAL_Driver/Src/stm32f4xx_hal_pcd.c ****           ep->xfer_buff += (RegVal & USB_OTG_GRXSTSP_BCNT) >> 4;
 880              		.loc 1 1114 13
 881 00e2 7B69     		ldr	r3, [r7, #20]
 882 00e4 DA68     		ldr	r2, [r3, #12]
 883              		.loc 1 1114 60
 884 00e6 BB69     		ldr	r3, [r7, #24]
 885 00e8 1B09     		lsrs	r3, r3, #4
ARM GAS  C:\Users\DAELT-~1\AppData\Local\Temp\cc8H7Tyn.s 			page 36


 886 00ea C3F30A03 		ubfx	r3, r3, #0, #11
 887              		.loc 1 1114 25
 888 00ee 1A44     		add	r2, r2, r3
 889 00f0 7B69     		ldr	r3, [r7, #20]
 890 00f2 DA60     		str	r2, [r3, #12]
1115:Drivers/STM32F4xx_HAL_Driver/Src/stm32f4xx_hal_pcd.c ****           ep->xfer_count += (RegVal & USB_OTG_GRXSTSP_BCNT) >> 4;
 891              		.loc 1 1115 13
 892 00f4 7B69     		ldr	r3, [r7, #20]
 893 00f6 5A69     		ldr	r2, [r3, #20]
 894              		.loc 1 1115 61
 895 00f8 BB69     		ldr	r3, [r7, #24]
 896 00fa 1B09     		lsrs	r3, r3, #4
 897 00fc C3F30A03 		ubfx	r3, r3, #0, #11
 898              		.loc 1 1115 26
 899 0100 1A44     		add	r2, r2, r3
 900 0102 7B69     		ldr	r3, [r7, #20]
 901 0104 5A61     		str	r2, [r3, #20]
 902 0106 16E0     		b	.L33
 903              	.L32:
1116:Drivers/STM32F4xx_HAL_Driver/Src/stm32f4xx_hal_pcd.c ****         }
1117:Drivers/STM32F4xx_HAL_Driver/Src/stm32f4xx_hal_pcd.c ****       }
1118:Drivers/STM32F4xx_HAL_Driver/Src/stm32f4xx_hal_pcd.c ****       else if (((RegVal & USB_OTG_GRXSTSP_PKTSTS) >> 17) == STS_SETUP_UPDT)
 904              		.loc 1 1118 58
 905 0108 BB69     		ldr	r3, [r7, #24]
 906 010a 03F4F013 		and	r3, r3, #1966080
 907              		.loc 1 1118 15
 908 010e B3F5402F 		cmp	r3, #786432
 909 0112 10D1     		bne	.L33
1119:Drivers/STM32F4xx_HAL_Driver/Src/stm32f4xx_hal_pcd.c ****       {
1120:Drivers/STM32F4xx_HAL_Driver/Src/stm32f4xx_hal_pcd.c ****         (void)USB_ReadPacket(USBx, (uint8_t *)hpcd->Setup, 8U);
 910              		.loc 1 1120 47
 911 0114 7B68     		ldr	r3, [r7, #4]
 912 0116 03F29C43 		addw	r3, r3, #1180
 913              		.loc 1 1120 15
 914 011a 0822     		movs	r2, #8
 915 011c 1946     		mov	r1, r3
 916 011e 386A     		ldr	r0, [r7, #32]
 917 0120 FFF7FEFF 		bl	USB_ReadPacket
1121:Drivers/STM32F4xx_HAL_Driver/Src/stm32f4xx_hal_pcd.c ****         ep->xfer_count += (RegVal & USB_OTG_GRXSTSP_BCNT) >> 4;
 918              		.loc 1 1121 11
 919 0124 7B69     		ldr	r3, [r7, #20]
 920 0126 5A69     		ldr	r2, [r3, #20]
 921              		.loc 1 1121 59
 922 0128 BB69     		ldr	r3, [r7, #24]
 923 012a 1B09     		lsrs	r3, r3, #4
 924 012c C3F30A03 		ubfx	r3, r3, #0, #11
 925              		.loc 1 1121 24
 926 0130 1A44     		add	r2, r2, r3
 927 0132 7B69     		ldr	r3, [r7, #20]
 928 0134 5A61     		str	r2, [r3, #20]
 929              	.L33:
1122:Drivers/STM32F4xx_HAL_Driver/Src/stm32f4xx_hal_pcd.c ****       }
1123:Drivers/STM32F4xx_HAL_Driver/Src/stm32f4xx_hal_pcd.c ****       else
1124:Drivers/STM32F4xx_HAL_Driver/Src/stm32f4xx_hal_pcd.c ****       {
1125:Drivers/STM32F4xx_HAL_Driver/Src/stm32f4xx_hal_pcd.c ****         /* ... */
1126:Drivers/STM32F4xx_HAL_Driver/Src/stm32f4xx_hal_pcd.c ****       }
1127:Drivers/STM32F4xx_HAL_Driver/Src/stm32f4xx_hal_pcd.c **** 
ARM GAS  C:\Users\DAELT-~1\AppData\Local\Temp\cc8H7Tyn.s 			page 37


1128:Drivers/STM32F4xx_HAL_Driver/Src/stm32f4xx_hal_pcd.c ****       USB_UNMASK_INTERRUPT(hpcd->Instance, USB_OTG_GINTSTS_RXFLVL);
 930              		.loc 1 1128 7
 931 0136 7B68     		ldr	r3, [r7, #4]
 932 0138 1B68     		ldr	r3, [r3]
 933 013a 9A69     		ldr	r2, [r3, #24]
 934 013c 7B68     		ldr	r3, [r7, #4]
 935 013e 1B68     		ldr	r3, [r3]
 936 0140 42F01002 		orr	r2, r2, #16
 937 0144 9A61     		str	r2, [r3, #24]
 938              	.L31:
1129:Drivers/STM32F4xx_HAL_Driver/Src/stm32f4xx_hal_pcd.c ****     }
1130:Drivers/STM32F4xx_HAL_Driver/Src/stm32f4xx_hal_pcd.c **** 
1131:Drivers/STM32F4xx_HAL_Driver/Src/stm32f4xx_hal_pcd.c ****     if (__HAL_PCD_GET_FLAG(hpcd, USB_OTG_GINTSTS_OEPINT))
 939              		.loc 1 1131 9
 940 0146 7B68     		ldr	r3, [r7, #4]
 941 0148 1B68     		ldr	r3, [r3]
 942 014a 1846     		mov	r0, r3
 943 014c FFF7FEFF 		bl	USB_ReadInterrupts
 944 0150 0346     		mov	r3, r0
 945              		.loc 1 1131 9 is_stmt 0 discriminator 1
 946 0152 03F40023 		and	r3, r3, #524288
 947              		.loc 1 1131 8 is_stmt 1 discriminator 1
 948 0156 B3F5002F 		cmp	r3, #524288
 949 015a 40F0A780 		bne	.L34
1132:Drivers/STM32F4xx_HAL_Driver/Src/stm32f4xx_hal_pcd.c ****     {
1133:Drivers/STM32F4xx_HAL_Driver/Src/stm32f4xx_hal_pcd.c ****       epnum = 0U;
 950              		.loc 1 1133 13
 951 015e 0023     		movs	r3, #0
 952 0160 7B62     		str	r3, [r7, #36]
1134:Drivers/STM32F4xx_HAL_Driver/Src/stm32f4xx_hal_pcd.c **** 
1135:Drivers/STM32F4xx_HAL_Driver/Src/stm32f4xx_hal_pcd.c ****       /* Read in the device interrupt bits */
1136:Drivers/STM32F4xx_HAL_Driver/Src/stm32f4xx_hal_pcd.c ****       ep_intr = USB_ReadDevAllOutEpInterrupt(hpcd->Instance);
 953              		.loc 1 1136 50
 954 0162 7B68     		ldr	r3, [r7, #4]
 955 0164 1B68     		ldr	r3, [r3]
 956              		.loc 1 1136 17
 957 0166 1846     		mov	r0, r3
 958 0168 FFF7FEFF 		bl	USB_ReadDevAllOutEpInterrupt
 959 016c B862     		str	r0, [r7, #40]
1137:Drivers/STM32F4xx_HAL_Driver/Src/stm32f4xx_hal_pcd.c **** 
1138:Drivers/STM32F4xx_HAL_Driver/Src/stm32f4xx_hal_pcd.c ****       while (ep_intr != 0U)
 960              		.loc 1 1138 13
 961 016e 99E0     		b	.L35
 962              	.L44:
1139:Drivers/STM32F4xx_HAL_Driver/Src/stm32f4xx_hal_pcd.c ****       {
1140:Drivers/STM32F4xx_HAL_Driver/Src/stm32f4xx_hal_pcd.c ****         if ((ep_intr & 0x1U) != 0U)
 963              		.loc 1 1140 22
 964 0170 BB6A     		ldr	r3, [r7, #40]
 965 0172 03F00103 		and	r3, r3, #1
 966              		.loc 1 1140 12
 967 0176 002B     		cmp	r3, #0
 968 0178 00F08E80 		beq	.L36
1141:Drivers/STM32F4xx_HAL_Driver/Src/stm32f4xx_hal_pcd.c ****         {
1142:Drivers/STM32F4xx_HAL_Driver/Src/stm32f4xx_hal_pcd.c ****           epint = USB_ReadDevOutEPInterrupt(hpcd->Instance, (uint8_t)epnum);
 969              		.loc 1 1142 49
 970 017c 7B68     		ldr	r3, [r7, #4]
 971 017e 1B68     		ldr	r3, [r3]
ARM GAS  C:\Users\DAELT-~1\AppData\Local\Temp\cc8H7Tyn.s 			page 38


 972              		.loc 1 1142 19
 973 0180 7A6A     		ldr	r2, [r7, #36]
 974 0182 D2B2     		uxtb	r2, r2
 975 0184 1146     		mov	r1, r2
 976 0186 1846     		mov	r0, r3
 977 0188 FFF7FEFF 		bl	USB_ReadDevOutEPInterrupt
 978 018c 3861     		str	r0, [r7, #16]
1143:Drivers/STM32F4xx_HAL_Driver/Src/stm32f4xx_hal_pcd.c **** 
1144:Drivers/STM32F4xx_HAL_Driver/Src/stm32f4xx_hal_pcd.c ****           if ((epint & USB_OTG_DOEPINT_XFRC) == USB_OTG_DOEPINT_XFRC)
 979              		.loc 1 1144 22
 980 018e 3B69     		ldr	r3, [r7, #16]
 981 0190 03F00103 		and	r3, r3, #1
 982              		.loc 1 1144 14
 983 0194 002B     		cmp	r3, #0
 984 0196 0CD0     		beq	.L37
1145:Drivers/STM32F4xx_HAL_Driver/Src/stm32f4xx_hal_pcd.c ****           {
1146:Drivers/STM32F4xx_HAL_Driver/Src/stm32f4xx_hal_pcd.c ****             CLEAR_OUT_EP_INTR(epnum, USB_OTG_DOEPINT_XFRC);
 985              		.loc 1 1146 13
 986 0198 7B6A     		ldr	r3, [r7, #36]
 987 019a 5A01     		lsls	r2, r3, #5
 988 019c FB69     		ldr	r3, [r7, #28]
 989 019e 1344     		add	r3, r3, r2
 990 01a0 03F53063 		add	r3, r3, #2816
 991 01a4 1A46     		mov	r2, r3
 992 01a6 0123     		movs	r3, #1
 993 01a8 9360     		str	r3, [r2, #8]
1147:Drivers/STM32F4xx_HAL_Driver/Src/stm32f4xx_hal_pcd.c ****             (void)PCD_EP_OutXfrComplete_int(hpcd, epnum);
 994              		.loc 1 1147 19
 995 01aa 796A     		ldr	r1, [r7, #36]
 996 01ac 7868     		ldr	r0, [r7, #4]
 997 01ae FFF7FEFF 		bl	PCD_EP_OutXfrComplete_int
 998              	.L37:
1148:Drivers/STM32F4xx_HAL_Driver/Src/stm32f4xx_hal_pcd.c ****           }
1149:Drivers/STM32F4xx_HAL_Driver/Src/stm32f4xx_hal_pcd.c **** 
1150:Drivers/STM32F4xx_HAL_Driver/Src/stm32f4xx_hal_pcd.c ****           if ((epint & USB_OTG_DOEPINT_STUP) == USB_OTG_DOEPINT_STUP)
 999              		.loc 1 1150 22
 1000 01b2 3B69     		ldr	r3, [r7, #16]
 1001 01b4 03F00803 		and	r3, r3, #8
 1002              		.loc 1 1150 14
 1003 01b8 002B     		cmp	r3, #0
 1004 01ba 0CD0     		beq	.L38
1151:Drivers/STM32F4xx_HAL_Driver/Src/stm32f4xx_hal_pcd.c ****           {
1152:Drivers/STM32F4xx_HAL_Driver/Src/stm32f4xx_hal_pcd.c ****             CLEAR_OUT_EP_INTR(epnum, USB_OTG_DOEPINT_STUP);
 1005              		.loc 1 1152 13
 1006 01bc 7B6A     		ldr	r3, [r7, #36]
 1007 01be 5A01     		lsls	r2, r3, #5
 1008 01c0 FB69     		ldr	r3, [r7, #28]
 1009 01c2 1344     		add	r3, r3, r2
 1010 01c4 03F53063 		add	r3, r3, #2816
 1011 01c8 1A46     		mov	r2, r3
 1012 01ca 0823     		movs	r3, #8
 1013 01cc 9360     		str	r3, [r2, #8]
1153:Drivers/STM32F4xx_HAL_Driver/Src/stm32f4xx_hal_pcd.c ****             /* Class B setup phase done for previous decoded setup */
1154:Drivers/STM32F4xx_HAL_Driver/Src/stm32f4xx_hal_pcd.c ****             (void)PCD_EP_OutSetupPacket_int(hpcd, epnum);
 1014              		.loc 1 1154 19
 1015 01ce 796A     		ldr	r1, [r7, #36]
 1016 01d0 7868     		ldr	r0, [r7, #4]
ARM GAS  C:\Users\DAELT-~1\AppData\Local\Temp\cc8H7Tyn.s 			page 39


 1017 01d2 FFF7FEFF 		bl	PCD_EP_OutSetupPacket_int
 1018              	.L38:
1155:Drivers/STM32F4xx_HAL_Driver/Src/stm32f4xx_hal_pcd.c ****           }
1156:Drivers/STM32F4xx_HAL_Driver/Src/stm32f4xx_hal_pcd.c **** 
1157:Drivers/STM32F4xx_HAL_Driver/Src/stm32f4xx_hal_pcd.c ****           if ((epint & USB_OTG_DOEPINT_OTEPDIS) == USB_OTG_DOEPINT_OTEPDIS)
 1019              		.loc 1 1157 22
 1020 01d6 3B69     		ldr	r3, [r7, #16]
 1021 01d8 03F01003 		and	r3, r3, #16
 1022              		.loc 1 1157 14
 1023 01dc 002B     		cmp	r3, #0
 1024 01de 08D0     		beq	.L39
1158:Drivers/STM32F4xx_HAL_Driver/Src/stm32f4xx_hal_pcd.c ****           {
1159:Drivers/STM32F4xx_HAL_Driver/Src/stm32f4xx_hal_pcd.c ****             CLEAR_OUT_EP_INTR(epnum, USB_OTG_DOEPINT_OTEPDIS);
 1025              		.loc 1 1159 13
 1026 01e0 7B6A     		ldr	r3, [r7, #36]
 1027 01e2 5A01     		lsls	r2, r3, #5
 1028 01e4 FB69     		ldr	r3, [r7, #28]
 1029 01e6 1344     		add	r3, r3, r2
 1030 01e8 03F53063 		add	r3, r3, #2816
 1031 01ec 1A46     		mov	r2, r3
 1032 01ee 1023     		movs	r3, #16
 1033 01f0 9360     		str	r3, [r2, #8]
 1034              	.L39:
1160:Drivers/STM32F4xx_HAL_Driver/Src/stm32f4xx_hal_pcd.c ****           }
1161:Drivers/STM32F4xx_HAL_Driver/Src/stm32f4xx_hal_pcd.c **** 
1162:Drivers/STM32F4xx_HAL_Driver/Src/stm32f4xx_hal_pcd.c ****           /* Clear OUT Endpoint disable interrupt */
1163:Drivers/STM32F4xx_HAL_Driver/Src/stm32f4xx_hal_pcd.c ****           if ((epint & USB_OTG_DOEPINT_EPDISD) == USB_OTG_DOEPINT_EPDISD)
 1035              		.loc 1 1163 22
 1036 01f2 3B69     		ldr	r3, [r7, #16]
 1037 01f4 03F00203 		and	r3, r3, #2
 1038              		.loc 1 1163 14
 1039 01f8 002B     		cmp	r3, #0
 1040 01fa 30D0     		beq	.L40
1164:Drivers/STM32F4xx_HAL_Driver/Src/stm32f4xx_hal_pcd.c ****           {
1165:Drivers/STM32F4xx_HAL_Driver/Src/stm32f4xx_hal_pcd.c ****             if ((USBx->GINTSTS & USB_OTG_GINTSTS_BOUTNAKEFF) == USB_OTG_GINTSTS_BOUTNAKEFF)
 1041              		.loc 1 1165 22
 1042 01fc 3B6A     		ldr	r3, [r7, #32]
 1043 01fe 5B69     		ldr	r3, [r3, #20]
 1044              		.loc 1 1165 32
 1045 0200 03F08003 		and	r3, r3, #128
 1046              		.loc 1 1165 16
 1047 0204 802B     		cmp	r3, #128
 1048 0206 09D1     		bne	.L41
1166:Drivers/STM32F4xx_HAL_Driver/Src/stm32f4xx_hal_pcd.c ****             {
1167:Drivers/STM32F4xx_HAL_Driver/Src/stm32f4xx_hal_pcd.c ****               USBx_DEVICE->DCTL |= USB_OTG_DCTL_CGONAK;
 1049              		.loc 1 1167 26
 1050 0208 FB69     		ldr	r3, [r7, #28]
 1051 020a 03F50063 		add	r3, r3, #2048
 1052 020e 5B68     		ldr	r3, [r3, #4]
 1053 0210 FA69     		ldr	r2, [r7, #28]
 1054 0212 02F50062 		add	r2, r2, #2048
 1055              		.loc 1 1167 33
 1056 0216 43F48063 		orr	r3, r3, #1024
 1057 021a 5360     		str	r3, [r2, #4]
 1058              	.L41:
1168:Drivers/STM32F4xx_HAL_Driver/Src/stm32f4xx_hal_pcd.c ****             }
1169:Drivers/STM32F4xx_HAL_Driver/Src/stm32f4xx_hal_pcd.c **** 
ARM GAS  C:\Users\DAELT-~1\AppData\Local\Temp\cc8H7Tyn.s 			page 40


1170:Drivers/STM32F4xx_HAL_Driver/Src/stm32f4xx_hal_pcd.c ****             ep = &hpcd->OUT_ep[epnum];
 1059              		.loc 1 1170 16
 1060 021c 7A6A     		ldr	r2, [r7, #36]
 1061 021e 1346     		mov	r3, r2
 1062 0220 DB00     		lsls	r3, r3, #3
 1063 0222 1344     		add	r3, r3, r2
 1064 0224 9B00     		lsls	r3, r3, #2
 1065 0226 03F51473 		add	r3, r3, #592
 1066 022a 7A68     		ldr	r2, [r7, #4]
 1067 022c 1344     		add	r3, r3, r2
 1068 022e 0433     		adds	r3, r3, #4
 1069 0230 7B61     		str	r3, [r7, #20]
1171:Drivers/STM32F4xx_HAL_Driver/Src/stm32f4xx_hal_pcd.c **** 
1172:Drivers/STM32F4xx_HAL_Driver/Src/stm32f4xx_hal_pcd.c ****             if (ep->is_iso_incomplete == 1U)
 1070              		.loc 1 1172 19
 1071 0232 7B69     		ldr	r3, [r7, #20]
 1072 0234 DB78     		ldrb	r3, [r3, #3]	@ zero_extendqisi2
 1073              		.loc 1 1172 16
 1074 0236 012B     		cmp	r3, #1
 1075 0238 08D1     		bne	.L42
1173:Drivers/STM32F4xx_HAL_Driver/Src/stm32f4xx_hal_pcd.c ****             {
1174:Drivers/STM32F4xx_HAL_Driver/Src/stm32f4xx_hal_pcd.c ****               ep->is_iso_incomplete = 0U;
 1076              		.loc 1 1174 37
 1077 023a 7B69     		ldr	r3, [r7, #20]
 1078 023c 0022     		movs	r2, #0
 1079 023e DA70     		strb	r2, [r3, #3]
1175:Drivers/STM32F4xx_HAL_Driver/Src/stm32f4xx_hal_pcd.c **** 
1176:Drivers/STM32F4xx_HAL_Driver/Src/stm32f4xx_hal_pcd.c **** #if (USE_HAL_PCD_REGISTER_CALLBACKS == 1U)
1177:Drivers/STM32F4xx_HAL_Driver/Src/stm32f4xx_hal_pcd.c ****               hpcd->ISOOUTIncompleteCallback(hpcd, (uint8_t)epnum);
1178:Drivers/STM32F4xx_HAL_Driver/Src/stm32f4xx_hal_pcd.c **** #else
1179:Drivers/STM32F4xx_HAL_Driver/Src/stm32f4xx_hal_pcd.c ****               HAL_PCD_ISOOUTIncompleteCallback(hpcd, (uint8_t)epnum);
 1080              		.loc 1 1179 15
 1081 0240 7B6A     		ldr	r3, [r7, #36]
 1082 0242 DBB2     		uxtb	r3, r3
 1083 0244 1946     		mov	r1, r3
 1084 0246 7868     		ldr	r0, [r7, #4]
 1085 0248 FFF7FEFF 		bl	HAL_PCD_ISOOUTIncompleteCallback
 1086              	.L42:
1180:Drivers/STM32F4xx_HAL_Driver/Src/stm32f4xx_hal_pcd.c **** #endif /* USE_HAL_PCD_REGISTER_CALLBACKS */
1181:Drivers/STM32F4xx_HAL_Driver/Src/stm32f4xx_hal_pcd.c ****             }
1182:Drivers/STM32F4xx_HAL_Driver/Src/stm32f4xx_hal_pcd.c **** 
1183:Drivers/STM32F4xx_HAL_Driver/Src/stm32f4xx_hal_pcd.c ****             CLEAR_OUT_EP_INTR(epnum, USB_OTG_DOEPINT_EPDISD);
 1087              		.loc 1 1183 13
 1088 024c 7B6A     		ldr	r3, [r7, #36]
 1089 024e 5A01     		lsls	r2, r3, #5
 1090 0250 FB69     		ldr	r3, [r7, #28]
 1091 0252 1344     		add	r3, r3, r2
 1092 0254 03F53063 		add	r3, r3, #2816
 1093 0258 1A46     		mov	r2, r3
 1094 025a 0223     		movs	r3, #2
 1095 025c 9360     		str	r3, [r2, #8]
 1096              	.L40:
1184:Drivers/STM32F4xx_HAL_Driver/Src/stm32f4xx_hal_pcd.c ****           }
1185:Drivers/STM32F4xx_HAL_Driver/Src/stm32f4xx_hal_pcd.c **** 
1186:Drivers/STM32F4xx_HAL_Driver/Src/stm32f4xx_hal_pcd.c ****           /* Clear Status Phase Received interrupt */
1187:Drivers/STM32F4xx_HAL_Driver/Src/stm32f4xx_hal_pcd.c ****           if ((epint & USB_OTG_DOEPINT_OTEPSPR) == USB_OTG_DOEPINT_OTEPSPR)
 1097              		.loc 1 1187 22
ARM GAS  C:\Users\DAELT-~1\AppData\Local\Temp\cc8H7Tyn.s 			page 41


 1098 025e 3B69     		ldr	r3, [r7, #16]
 1099 0260 03F02003 		and	r3, r3, #32
 1100              		.loc 1 1187 14
 1101 0264 002B     		cmp	r3, #0
 1102 0266 08D0     		beq	.L43
1188:Drivers/STM32F4xx_HAL_Driver/Src/stm32f4xx_hal_pcd.c ****           {
1189:Drivers/STM32F4xx_HAL_Driver/Src/stm32f4xx_hal_pcd.c ****             CLEAR_OUT_EP_INTR(epnum, USB_OTG_DOEPINT_OTEPSPR);
 1103              		.loc 1 1189 13
 1104 0268 7B6A     		ldr	r3, [r7, #36]
 1105 026a 5A01     		lsls	r2, r3, #5
 1106 026c FB69     		ldr	r3, [r7, #28]
 1107 026e 1344     		add	r3, r3, r2
 1108 0270 03F53063 		add	r3, r3, #2816
 1109 0274 1A46     		mov	r2, r3
 1110 0276 2023     		movs	r3, #32
 1111 0278 9360     		str	r3, [r2, #8]
 1112              	.L43:
1190:Drivers/STM32F4xx_HAL_Driver/Src/stm32f4xx_hal_pcd.c ****           }
1191:Drivers/STM32F4xx_HAL_Driver/Src/stm32f4xx_hal_pcd.c **** 
1192:Drivers/STM32F4xx_HAL_Driver/Src/stm32f4xx_hal_pcd.c ****           /* Clear OUT NAK interrupt */
1193:Drivers/STM32F4xx_HAL_Driver/Src/stm32f4xx_hal_pcd.c ****           if ((epint & USB_OTG_DOEPINT_NAK) == USB_OTG_DOEPINT_NAK)
 1113              		.loc 1 1193 22
 1114 027a 3B69     		ldr	r3, [r7, #16]
 1115 027c 03F40053 		and	r3, r3, #8192
 1116              		.loc 1 1193 14
 1117 0280 002B     		cmp	r3, #0
 1118 0282 09D0     		beq	.L36
1194:Drivers/STM32F4xx_HAL_Driver/Src/stm32f4xx_hal_pcd.c ****           {
1195:Drivers/STM32F4xx_HAL_Driver/Src/stm32f4xx_hal_pcd.c ****             CLEAR_OUT_EP_INTR(epnum, USB_OTG_DOEPINT_NAK);
 1119              		.loc 1 1195 13
 1120 0284 7B6A     		ldr	r3, [r7, #36]
 1121 0286 5A01     		lsls	r2, r3, #5
 1122 0288 FB69     		ldr	r3, [r7, #28]
 1123 028a 1344     		add	r3, r3, r2
 1124 028c 03F53063 		add	r3, r3, #2816
 1125 0290 1A46     		mov	r2, r3
 1126 0292 4FF40053 		mov	r3, #8192
 1127 0296 9360     		str	r3, [r2, #8]
 1128              	.L36:
1196:Drivers/STM32F4xx_HAL_Driver/Src/stm32f4xx_hal_pcd.c ****           }
1197:Drivers/STM32F4xx_HAL_Driver/Src/stm32f4xx_hal_pcd.c ****         }
1198:Drivers/STM32F4xx_HAL_Driver/Src/stm32f4xx_hal_pcd.c ****         epnum++;
 1129              		.loc 1 1198 14
 1130 0298 7B6A     		ldr	r3, [r7, #36]
 1131 029a 0133     		adds	r3, r3, #1
 1132 029c 7B62     		str	r3, [r7, #36]
1199:Drivers/STM32F4xx_HAL_Driver/Src/stm32f4xx_hal_pcd.c ****         ep_intr >>= 1U;
 1133              		.loc 1 1199 17
 1134 029e BB6A     		ldr	r3, [r7, #40]
 1135 02a0 5B08     		lsrs	r3, r3, #1
 1136 02a2 BB62     		str	r3, [r7, #40]
 1137              	.L35:
1138:Drivers/STM32F4xx_HAL_Driver/Src/stm32f4xx_hal_pcd.c ****       {
 1138              		.loc 1 1138 22
 1139 02a4 BB6A     		ldr	r3, [r7, #40]
 1140 02a6 002B     		cmp	r3, #0
 1141 02a8 7FF462AF 		bne	.L44
ARM GAS  C:\Users\DAELT-~1\AppData\Local\Temp\cc8H7Tyn.s 			page 42


 1142              	.L34:
1200:Drivers/STM32F4xx_HAL_Driver/Src/stm32f4xx_hal_pcd.c ****       }
1201:Drivers/STM32F4xx_HAL_Driver/Src/stm32f4xx_hal_pcd.c ****     }
1202:Drivers/STM32F4xx_HAL_Driver/Src/stm32f4xx_hal_pcd.c **** 
1203:Drivers/STM32F4xx_HAL_Driver/Src/stm32f4xx_hal_pcd.c ****     if (__HAL_PCD_GET_FLAG(hpcd, USB_OTG_GINTSTS_IEPINT))
 1143              		.loc 1 1203 9
 1144 02ac 7B68     		ldr	r3, [r7, #4]
 1145 02ae 1B68     		ldr	r3, [r3]
 1146 02b0 1846     		mov	r0, r3
 1147 02b2 FFF7FEFF 		bl	USB_ReadInterrupts
 1148 02b6 0346     		mov	r3, r0
 1149              		.loc 1 1203 9 is_stmt 0 discriminator 1
 1150 02b8 03F48023 		and	r3, r3, #262144
 1151              		.loc 1 1203 8 is_stmt 1 discriminator 1
 1152 02bc B3F5802F 		cmp	r3, #262144
 1153 02c0 40F0DB80 		bne	.L45
1204:Drivers/STM32F4xx_HAL_Driver/Src/stm32f4xx_hal_pcd.c ****     {
1205:Drivers/STM32F4xx_HAL_Driver/Src/stm32f4xx_hal_pcd.c ****       /* Read in the device interrupt bits */
1206:Drivers/STM32F4xx_HAL_Driver/Src/stm32f4xx_hal_pcd.c ****       ep_intr = USB_ReadDevAllInEpInterrupt(hpcd->Instance);
 1154              		.loc 1 1206 49
 1155 02c4 7B68     		ldr	r3, [r7, #4]
 1156 02c6 1B68     		ldr	r3, [r3]
 1157              		.loc 1 1206 17
 1158 02c8 1846     		mov	r0, r3
 1159 02ca FFF7FEFF 		bl	USB_ReadDevAllInEpInterrupt
 1160 02ce B862     		str	r0, [r7, #40]
1207:Drivers/STM32F4xx_HAL_Driver/Src/stm32f4xx_hal_pcd.c **** 
1208:Drivers/STM32F4xx_HAL_Driver/Src/stm32f4xx_hal_pcd.c ****       epnum = 0U;
 1161              		.loc 1 1208 13
 1162 02d0 0023     		movs	r3, #0
 1163 02d2 7B62     		str	r3, [r7, #36]
1209:Drivers/STM32F4xx_HAL_Driver/Src/stm32f4xx_hal_pcd.c **** 
1210:Drivers/STM32F4xx_HAL_Driver/Src/stm32f4xx_hal_pcd.c ****       while (ep_intr != 0U)
 1164              		.loc 1 1210 13
 1165 02d4 CDE0     		b	.L46
 1166              	.L55:
1211:Drivers/STM32F4xx_HAL_Driver/Src/stm32f4xx_hal_pcd.c ****       {
1212:Drivers/STM32F4xx_HAL_Driver/Src/stm32f4xx_hal_pcd.c ****         if ((ep_intr & 0x1U) != 0U) /* In ITR */
 1167              		.loc 1 1212 22
 1168 02d6 BB6A     		ldr	r3, [r7, #40]
 1169 02d8 03F00103 		and	r3, r3, #1
 1170              		.loc 1 1212 12
 1171 02dc 002B     		cmp	r3, #0
 1172 02de 00F0C280 		beq	.L47
1213:Drivers/STM32F4xx_HAL_Driver/Src/stm32f4xx_hal_pcd.c ****         {
1214:Drivers/STM32F4xx_HAL_Driver/Src/stm32f4xx_hal_pcd.c ****           epint = USB_ReadDevInEPInterrupt(hpcd->Instance, (uint8_t)epnum);
 1173              		.loc 1 1214 48
 1174 02e2 7B68     		ldr	r3, [r7, #4]
 1175 02e4 1B68     		ldr	r3, [r3]
 1176              		.loc 1 1214 19
 1177 02e6 7A6A     		ldr	r2, [r7, #36]
 1178 02e8 D2B2     		uxtb	r2, r2
 1179 02ea 1146     		mov	r1, r2
 1180 02ec 1846     		mov	r0, r3
 1181 02ee FFF7FEFF 		bl	USB_ReadDevInEPInterrupt
 1182 02f2 3861     		str	r0, [r7, #16]
1215:Drivers/STM32F4xx_HAL_Driver/Src/stm32f4xx_hal_pcd.c **** 
ARM GAS  C:\Users\DAELT-~1\AppData\Local\Temp\cc8H7Tyn.s 			page 43


1216:Drivers/STM32F4xx_HAL_Driver/Src/stm32f4xx_hal_pcd.c ****           if ((epint & USB_OTG_DIEPINT_XFRC) == USB_OTG_DIEPINT_XFRC)
 1183              		.loc 1 1216 22
 1184 02f4 3B69     		ldr	r3, [r7, #16]
 1185 02f6 03F00103 		and	r3, r3, #1
 1186              		.loc 1 1216 14
 1187 02fa 002B     		cmp	r3, #0
 1188 02fc 57D0     		beq	.L48
1217:Drivers/STM32F4xx_HAL_Driver/Src/stm32f4xx_hal_pcd.c ****           {
1218:Drivers/STM32F4xx_HAL_Driver/Src/stm32f4xx_hal_pcd.c ****             fifoemptymsk = (uint32_t)(0x1UL << (epnum & EP_ADDR_MSK));
 1189              		.loc 1 1218 55
 1190 02fe 7B6A     		ldr	r3, [r7, #36]
 1191 0300 03F00F03 		and	r3, r3, #15
 1192              		.loc 1 1218 26
 1193 0304 0122     		movs	r2, #1
 1194 0306 02FA03F3 		lsl	r3, r2, r3
 1195 030a FB60     		str	r3, [r7, #12]
1219:Drivers/STM32F4xx_HAL_Driver/Src/stm32f4xx_hal_pcd.c ****             USBx_DEVICE->DIEPEMPMSK &= ~fifoemptymsk;
 1196              		.loc 1 1219 24
 1197 030c FB69     		ldr	r3, [r7, #28]
 1198 030e 03F50063 		add	r3, r3, #2048
 1199 0312 5A6B     		ldr	r2, [r3, #52]
 1200              		.loc 1 1219 40
 1201 0314 FB68     		ldr	r3, [r7, #12]
 1202 0316 DB43     		mvns	r3, r3
 1203              		.loc 1 1219 24
 1204 0318 F969     		ldr	r1, [r7, #28]
 1205 031a 01F50061 		add	r1, r1, #2048
 1206              		.loc 1 1219 37
 1207 031e 1340     		ands	r3, r3, r2
 1208 0320 4B63     		str	r3, [r1, #52]
1220:Drivers/STM32F4xx_HAL_Driver/Src/stm32f4xx_hal_pcd.c **** 
1221:Drivers/STM32F4xx_HAL_Driver/Src/stm32f4xx_hal_pcd.c ****             CLEAR_IN_EP_INTR(epnum, USB_OTG_DIEPINT_XFRC);
 1209              		.loc 1 1221 13
 1210 0322 7B6A     		ldr	r3, [r7, #36]
 1211 0324 5A01     		lsls	r2, r3, #5
 1212 0326 FB69     		ldr	r3, [r7, #28]
 1213 0328 1344     		add	r3, r3, r2
 1214 032a 03F51063 		add	r3, r3, #2304
 1215 032e 1A46     		mov	r2, r3
 1216 0330 0123     		movs	r3, #1
 1217 0332 9360     		str	r3, [r2, #8]
1222:Drivers/STM32F4xx_HAL_Driver/Src/stm32f4xx_hal_pcd.c **** 
1223:Drivers/STM32F4xx_HAL_Driver/Src/stm32f4xx_hal_pcd.c ****             if (hpcd->Init.dma_enable == 1U)
 1218              		.loc 1 1223 27
 1219 0334 7B68     		ldr	r3, [r7, #4]
 1220 0336 9B79     		ldrb	r3, [r3, #6]	@ zero_extendqisi2
 1221              		.loc 1 1223 16
 1222 0338 012B     		cmp	r3, #1
 1223 033a 32D1     		bne	.L49
1224:Drivers/STM32F4xx_HAL_Driver/Src/stm32f4xx_hal_pcd.c ****             {
1225:Drivers/STM32F4xx_HAL_Driver/Src/stm32f4xx_hal_pcd.c ****               hpcd->IN_ep[epnum].xfer_buff += hpcd->IN_ep[epnum].maxpacket;
 1224              		.loc 1 1225 33
 1225 033c 7968     		ldr	r1, [r7, #4]
 1226 033e 7A6A     		ldr	r2, [r7, #36]
 1227 0340 1346     		mov	r3, r2
 1228 0342 DB00     		lsls	r3, r3, #3
 1229 0344 1344     		add	r3, r3, r2
ARM GAS  C:\Users\DAELT-~1\AppData\Local\Temp\cc8H7Tyn.s 			page 44


 1230 0346 9B00     		lsls	r3, r3, #2
 1231 0348 0B44     		add	r3, r3, r1
 1232 034a 2033     		adds	r3, r3, #32
 1233 034c 1968     		ldr	r1, [r3]
 1234              		.loc 1 1225 65
 1235 034e 7868     		ldr	r0, [r7, #4]
 1236 0350 7A6A     		ldr	r2, [r7, #36]
 1237 0352 1346     		mov	r3, r2
 1238 0354 DB00     		lsls	r3, r3, #3
 1239 0356 1344     		add	r3, r3, r2
 1240 0358 9B00     		lsls	r3, r3, #2
 1241 035a 0344     		add	r3, r3, r0
 1242 035c 1C33     		adds	r3, r3, #28
 1243 035e 1B68     		ldr	r3, [r3]
 1244              		.loc 1 1225 44
 1245 0360 1944     		add	r1, r1, r3
 1246 0362 7868     		ldr	r0, [r7, #4]
 1247 0364 7A6A     		ldr	r2, [r7, #36]
 1248 0366 1346     		mov	r3, r2
 1249 0368 DB00     		lsls	r3, r3, #3
 1250 036a 1344     		add	r3, r3, r2
 1251 036c 9B00     		lsls	r3, r3, #2
 1252 036e 0344     		add	r3, r3, r0
 1253 0370 2033     		adds	r3, r3, #32
 1254 0372 1960     		str	r1, [r3]
1226:Drivers/STM32F4xx_HAL_Driver/Src/stm32f4xx_hal_pcd.c **** 
1227:Drivers/STM32F4xx_HAL_Driver/Src/stm32f4xx_hal_pcd.c ****               /* this is ZLP, so prepare EP0 for next setup */
1228:Drivers/STM32F4xx_HAL_Driver/Src/stm32f4xx_hal_pcd.c ****               if ((epnum == 0U) && (hpcd->IN_ep[epnum].xfer_len == 0U))
 1255              		.loc 1 1228 18
 1256 0374 7B6A     		ldr	r3, [r7, #36]
 1257 0376 002B     		cmp	r3, #0
 1258 0378 13D1     		bne	.L49
 1259              		.loc 1 1228 55 discriminator 1
 1260 037a 7968     		ldr	r1, [r7, #4]
 1261 037c 7A6A     		ldr	r2, [r7, #36]
 1262 037e 1346     		mov	r3, r2
 1263 0380 DB00     		lsls	r3, r3, #3
 1264 0382 1344     		add	r3, r3, r2
 1265 0384 9B00     		lsls	r3, r3, #2
 1266 0386 0B44     		add	r3, r3, r1
 1267 0388 2433     		adds	r3, r3, #36
 1268 038a 1B68     		ldr	r3, [r3]
 1269              		.loc 1 1228 33 discriminator 1
 1270 038c 002B     		cmp	r3, #0
 1271 038e 08D1     		bne	.L49
1229:Drivers/STM32F4xx_HAL_Driver/Src/stm32f4xx_hal_pcd.c ****               {
1230:Drivers/STM32F4xx_HAL_Driver/Src/stm32f4xx_hal_pcd.c ****                 /* prepare to rx more setup packets */
1231:Drivers/STM32F4xx_HAL_Driver/Src/stm32f4xx_hal_pcd.c ****                 (void)USB_EP0_OutStart(hpcd->Instance, 1U, (uint8_t *)hpcd->Setup);
 1272              		.loc 1 1231 44
 1273 0390 7B68     		ldr	r3, [r7, #4]
 1274 0392 1868     		ldr	r0, [r3]
 1275              		.loc 1 1231 71
 1276 0394 7B68     		ldr	r3, [r7, #4]
 1277 0396 03F29C43 		addw	r3, r3, #1180
 1278              		.loc 1 1231 23
 1279 039a 1A46     		mov	r2, r3
 1280 039c 0121     		movs	r1, #1
ARM GAS  C:\Users\DAELT-~1\AppData\Local\Temp\cc8H7Tyn.s 			page 45


 1281 039e FFF7FEFF 		bl	USB_EP0_OutStart
 1282              	.L49:
1232:Drivers/STM32F4xx_HAL_Driver/Src/stm32f4xx_hal_pcd.c ****               }
1233:Drivers/STM32F4xx_HAL_Driver/Src/stm32f4xx_hal_pcd.c ****             }
1234:Drivers/STM32F4xx_HAL_Driver/Src/stm32f4xx_hal_pcd.c **** 
1235:Drivers/STM32F4xx_HAL_Driver/Src/stm32f4xx_hal_pcd.c **** #if (USE_HAL_PCD_REGISTER_CALLBACKS == 1U)
1236:Drivers/STM32F4xx_HAL_Driver/Src/stm32f4xx_hal_pcd.c ****             hpcd->DataInStageCallback(hpcd, (uint8_t)epnum);
1237:Drivers/STM32F4xx_HAL_Driver/Src/stm32f4xx_hal_pcd.c **** #else
1238:Drivers/STM32F4xx_HAL_Driver/Src/stm32f4xx_hal_pcd.c ****             HAL_PCD_DataInStageCallback(hpcd, (uint8_t)epnum);
 1283              		.loc 1 1238 13
 1284 03a2 7B6A     		ldr	r3, [r7, #36]
 1285 03a4 DBB2     		uxtb	r3, r3
 1286 03a6 1946     		mov	r1, r3
 1287 03a8 7868     		ldr	r0, [r7, #4]
 1288 03aa FFF7FEFF 		bl	HAL_PCD_DataInStageCallback
 1289              	.L48:
1239:Drivers/STM32F4xx_HAL_Driver/Src/stm32f4xx_hal_pcd.c **** #endif /* USE_HAL_PCD_REGISTER_CALLBACKS */
1240:Drivers/STM32F4xx_HAL_Driver/Src/stm32f4xx_hal_pcd.c ****           }
1241:Drivers/STM32F4xx_HAL_Driver/Src/stm32f4xx_hal_pcd.c ****           if ((epint & USB_OTG_DIEPINT_TOC) == USB_OTG_DIEPINT_TOC)
 1290              		.loc 1 1241 22
 1291 03ae 3B69     		ldr	r3, [r7, #16]
 1292 03b0 03F00803 		and	r3, r3, #8
 1293              		.loc 1 1241 14
 1294 03b4 002B     		cmp	r3, #0
 1295 03b6 08D0     		beq	.L50
1242:Drivers/STM32F4xx_HAL_Driver/Src/stm32f4xx_hal_pcd.c ****           {
1243:Drivers/STM32F4xx_HAL_Driver/Src/stm32f4xx_hal_pcd.c ****             CLEAR_IN_EP_INTR(epnum, USB_OTG_DIEPINT_TOC);
 1296              		.loc 1 1243 13
 1297 03b8 7B6A     		ldr	r3, [r7, #36]
 1298 03ba 5A01     		lsls	r2, r3, #5
 1299 03bc FB69     		ldr	r3, [r7, #28]
 1300 03be 1344     		add	r3, r3, r2
 1301 03c0 03F51063 		add	r3, r3, #2304
 1302 03c4 1A46     		mov	r2, r3
 1303 03c6 0823     		movs	r3, #8
 1304 03c8 9360     		str	r3, [r2, #8]
 1305              	.L50:
1244:Drivers/STM32F4xx_HAL_Driver/Src/stm32f4xx_hal_pcd.c ****           }
1245:Drivers/STM32F4xx_HAL_Driver/Src/stm32f4xx_hal_pcd.c ****           if ((epint & USB_OTG_DIEPINT_ITTXFE) == USB_OTG_DIEPINT_ITTXFE)
 1306              		.loc 1 1245 22
 1307 03ca 3B69     		ldr	r3, [r7, #16]
 1308 03cc 03F01003 		and	r3, r3, #16
 1309              		.loc 1 1245 14
 1310 03d0 002B     		cmp	r3, #0
 1311 03d2 08D0     		beq	.L51
1246:Drivers/STM32F4xx_HAL_Driver/Src/stm32f4xx_hal_pcd.c ****           {
1247:Drivers/STM32F4xx_HAL_Driver/Src/stm32f4xx_hal_pcd.c ****             CLEAR_IN_EP_INTR(epnum, USB_OTG_DIEPINT_ITTXFE);
 1312              		.loc 1 1247 13
 1313 03d4 7B6A     		ldr	r3, [r7, #36]
 1314 03d6 5A01     		lsls	r2, r3, #5
 1315 03d8 FB69     		ldr	r3, [r7, #28]
 1316 03da 1344     		add	r3, r3, r2
 1317 03dc 03F51063 		add	r3, r3, #2304
 1318 03e0 1A46     		mov	r2, r3
 1319 03e2 1023     		movs	r3, #16
 1320 03e4 9360     		str	r3, [r2, #8]
 1321              	.L51:
ARM GAS  C:\Users\DAELT-~1\AppData\Local\Temp\cc8H7Tyn.s 			page 46


1248:Drivers/STM32F4xx_HAL_Driver/Src/stm32f4xx_hal_pcd.c ****           }
1249:Drivers/STM32F4xx_HAL_Driver/Src/stm32f4xx_hal_pcd.c ****           if ((epint & USB_OTG_DIEPINT_INEPNE) == USB_OTG_DIEPINT_INEPNE)
 1322              		.loc 1 1249 22
 1323 03e6 3B69     		ldr	r3, [r7, #16]
 1324 03e8 03F04003 		and	r3, r3, #64
 1325              		.loc 1 1249 14
 1326 03ec 002B     		cmp	r3, #0
 1327 03ee 08D0     		beq	.L52
1250:Drivers/STM32F4xx_HAL_Driver/Src/stm32f4xx_hal_pcd.c ****           {
1251:Drivers/STM32F4xx_HAL_Driver/Src/stm32f4xx_hal_pcd.c ****             CLEAR_IN_EP_INTR(epnum, USB_OTG_DIEPINT_INEPNE);
 1328              		.loc 1 1251 13
 1329 03f0 7B6A     		ldr	r3, [r7, #36]
 1330 03f2 5A01     		lsls	r2, r3, #5
 1331 03f4 FB69     		ldr	r3, [r7, #28]
 1332 03f6 1344     		add	r3, r3, r2
 1333 03f8 03F51063 		add	r3, r3, #2304
 1334 03fc 1A46     		mov	r2, r3
 1335 03fe 4023     		movs	r3, #64
 1336 0400 9360     		str	r3, [r2, #8]
 1337              	.L52:
1252:Drivers/STM32F4xx_HAL_Driver/Src/stm32f4xx_hal_pcd.c ****           }
1253:Drivers/STM32F4xx_HAL_Driver/Src/stm32f4xx_hal_pcd.c ****           if ((epint & USB_OTG_DIEPINT_EPDISD) == USB_OTG_DIEPINT_EPDISD)
 1338              		.loc 1 1253 22
 1339 0402 3B69     		ldr	r3, [r7, #16]
 1340 0404 03F00203 		and	r3, r3, #2
 1341              		.loc 1 1253 14
 1342 0408 002B     		cmp	r3, #0
 1343 040a 23D0     		beq	.L53
1254:Drivers/STM32F4xx_HAL_Driver/Src/stm32f4xx_hal_pcd.c ****           {
1255:Drivers/STM32F4xx_HAL_Driver/Src/stm32f4xx_hal_pcd.c ****             (void)USB_FlushTxFifo(USBx, epnum);
 1344              		.loc 1 1255 19
 1345 040c 796A     		ldr	r1, [r7, #36]
 1346 040e 386A     		ldr	r0, [r7, #32]
 1347 0410 FFF7FEFF 		bl	USB_FlushTxFifo
1256:Drivers/STM32F4xx_HAL_Driver/Src/stm32f4xx_hal_pcd.c **** 
1257:Drivers/STM32F4xx_HAL_Driver/Src/stm32f4xx_hal_pcd.c ****             ep = &hpcd->IN_ep[epnum];
 1348              		.loc 1 1257 16
 1349 0414 7A6A     		ldr	r2, [r7, #36]
 1350 0416 1346     		mov	r3, r2
 1351 0418 DB00     		lsls	r3, r3, #3
 1352 041a 1344     		add	r3, r3, r2
 1353 041c 9B00     		lsls	r3, r3, #2
 1354 041e 1033     		adds	r3, r3, #16
 1355 0420 7A68     		ldr	r2, [r7, #4]
 1356 0422 1344     		add	r3, r3, r2
 1357 0424 0433     		adds	r3, r3, #4
 1358 0426 7B61     		str	r3, [r7, #20]
1258:Drivers/STM32F4xx_HAL_Driver/Src/stm32f4xx_hal_pcd.c **** 
1259:Drivers/STM32F4xx_HAL_Driver/Src/stm32f4xx_hal_pcd.c ****             if (ep->is_iso_incomplete == 1U)
 1359              		.loc 1 1259 19
 1360 0428 7B69     		ldr	r3, [r7, #20]
 1361 042a DB78     		ldrb	r3, [r3, #3]	@ zero_extendqisi2
 1362              		.loc 1 1259 16
 1363 042c 012B     		cmp	r3, #1
 1364 042e 08D1     		bne	.L54
1260:Drivers/STM32F4xx_HAL_Driver/Src/stm32f4xx_hal_pcd.c ****             {
1261:Drivers/STM32F4xx_HAL_Driver/Src/stm32f4xx_hal_pcd.c ****               ep->is_iso_incomplete = 0U;
ARM GAS  C:\Users\DAELT-~1\AppData\Local\Temp\cc8H7Tyn.s 			page 47


 1365              		.loc 1 1261 37
 1366 0430 7B69     		ldr	r3, [r7, #20]
 1367 0432 0022     		movs	r2, #0
 1368 0434 DA70     		strb	r2, [r3, #3]
1262:Drivers/STM32F4xx_HAL_Driver/Src/stm32f4xx_hal_pcd.c **** 
1263:Drivers/STM32F4xx_HAL_Driver/Src/stm32f4xx_hal_pcd.c **** #if (USE_HAL_PCD_REGISTER_CALLBACKS == 1U)
1264:Drivers/STM32F4xx_HAL_Driver/Src/stm32f4xx_hal_pcd.c ****               hpcd->ISOINIncompleteCallback(hpcd, (uint8_t)epnum);
1265:Drivers/STM32F4xx_HAL_Driver/Src/stm32f4xx_hal_pcd.c **** #else
1266:Drivers/STM32F4xx_HAL_Driver/Src/stm32f4xx_hal_pcd.c ****               HAL_PCD_ISOINIncompleteCallback(hpcd, (uint8_t)epnum);
 1369              		.loc 1 1266 15
 1370 0436 7B6A     		ldr	r3, [r7, #36]
 1371 0438 DBB2     		uxtb	r3, r3
 1372 043a 1946     		mov	r1, r3
 1373 043c 7868     		ldr	r0, [r7, #4]
 1374 043e FFF7FEFF 		bl	HAL_PCD_ISOINIncompleteCallback
 1375              	.L54:
1267:Drivers/STM32F4xx_HAL_Driver/Src/stm32f4xx_hal_pcd.c **** #endif /* USE_HAL_PCD_REGISTER_CALLBACKS */
1268:Drivers/STM32F4xx_HAL_Driver/Src/stm32f4xx_hal_pcd.c ****             }
1269:Drivers/STM32F4xx_HAL_Driver/Src/stm32f4xx_hal_pcd.c **** 
1270:Drivers/STM32F4xx_HAL_Driver/Src/stm32f4xx_hal_pcd.c ****             CLEAR_IN_EP_INTR(epnum, USB_OTG_DIEPINT_EPDISD);
 1376              		.loc 1 1270 13
 1377 0442 7B6A     		ldr	r3, [r7, #36]
 1378 0444 5A01     		lsls	r2, r3, #5
 1379 0446 FB69     		ldr	r3, [r7, #28]
 1380 0448 1344     		add	r3, r3, r2
 1381 044a 03F51063 		add	r3, r3, #2304
 1382 044e 1A46     		mov	r2, r3
 1383 0450 0223     		movs	r3, #2
 1384 0452 9360     		str	r3, [r2, #8]
 1385              	.L53:
1271:Drivers/STM32F4xx_HAL_Driver/Src/stm32f4xx_hal_pcd.c ****           }
1272:Drivers/STM32F4xx_HAL_Driver/Src/stm32f4xx_hal_pcd.c ****           if ((epint & USB_OTG_DIEPINT_TXFE) == USB_OTG_DIEPINT_TXFE)
 1386              		.loc 1 1272 22
 1387 0454 3B69     		ldr	r3, [r7, #16]
 1388 0456 03F08003 		and	r3, r3, #128
 1389              		.loc 1 1272 14
 1390 045a 002B     		cmp	r3, #0
 1391 045c 03D0     		beq	.L47
1273:Drivers/STM32F4xx_HAL_Driver/Src/stm32f4xx_hal_pcd.c ****           {
1274:Drivers/STM32F4xx_HAL_Driver/Src/stm32f4xx_hal_pcd.c ****             (void)PCD_WriteEmptyTxFifo(hpcd, epnum);
 1392              		.loc 1 1274 19
 1393 045e 796A     		ldr	r1, [r7, #36]
 1394 0460 7868     		ldr	r0, [r7, #4]
 1395 0462 FFF7FEFF 		bl	PCD_WriteEmptyTxFifo
 1396              	.L47:
1275:Drivers/STM32F4xx_HAL_Driver/Src/stm32f4xx_hal_pcd.c ****           }
1276:Drivers/STM32F4xx_HAL_Driver/Src/stm32f4xx_hal_pcd.c ****         }
1277:Drivers/STM32F4xx_HAL_Driver/Src/stm32f4xx_hal_pcd.c ****         epnum++;
 1397              		.loc 1 1277 14
 1398 0466 7B6A     		ldr	r3, [r7, #36]
 1399 0468 0133     		adds	r3, r3, #1
 1400 046a 7B62     		str	r3, [r7, #36]
1278:Drivers/STM32F4xx_HAL_Driver/Src/stm32f4xx_hal_pcd.c ****         ep_intr >>= 1U;
 1401              		.loc 1 1278 17
 1402 046c BB6A     		ldr	r3, [r7, #40]
 1403 046e 5B08     		lsrs	r3, r3, #1
 1404 0470 BB62     		str	r3, [r7, #40]
ARM GAS  C:\Users\DAELT-~1\AppData\Local\Temp\cc8H7Tyn.s 			page 48


 1405              	.L46:
1210:Drivers/STM32F4xx_HAL_Driver/Src/stm32f4xx_hal_pcd.c ****       {
 1406              		.loc 1 1210 22
 1407 0472 BB6A     		ldr	r3, [r7, #40]
 1408 0474 002B     		cmp	r3, #0
 1409 0476 7FF42EAF 		bne	.L55
 1410              	.L45:
1279:Drivers/STM32F4xx_HAL_Driver/Src/stm32f4xx_hal_pcd.c ****       }
1280:Drivers/STM32F4xx_HAL_Driver/Src/stm32f4xx_hal_pcd.c ****     }
1281:Drivers/STM32F4xx_HAL_Driver/Src/stm32f4xx_hal_pcd.c **** 
1282:Drivers/STM32F4xx_HAL_Driver/Src/stm32f4xx_hal_pcd.c ****     /* Handle Resume Interrupt */
1283:Drivers/STM32F4xx_HAL_Driver/Src/stm32f4xx_hal_pcd.c ****     if (__HAL_PCD_GET_FLAG(hpcd, USB_OTG_GINTSTS_WKUINT))
 1411              		.loc 1 1283 9
 1412 047a 7B68     		ldr	r3, [r7, #4]
 1413 047c 1B68     		ldr	r3, [r3]
 1414 047e 1846     		mov	r0, r3
 1415 0480 FFF7FEFF 		bl	USB_ReadInterrupts
 1416 0484 0346     		mov	r3, r0
 1417              		.loc 1 1283 9 is_stmt 0 discriminator 1
 1418 0486 03F00043 		and	r3, r3, #-2147483648
 1419              		.loc 1 1283 8 is_stmt 1 discriminator 1
 1420 048a B3F1004F 		cmp	r3, #-2147483648
 1421 048e 22D1     		bne	.L56
1284:Drivers/STM32F4xx_HAL_Driver/Src/stm32f4xx_hal_pcd.c ****     {
1285:Drivers/STM32F4xx_HAL_Driver/Src/stm32f4xx_hal_pcd.c ****       /* Clear the Remote Wake-up Signaling */
1286:Drivers/STM32F4xx_HAL_Driver/Src/stm32f4xx_hal_pcd.c ****       USBx_DEVICE->DCTL &= ~USB_OTG_DCTL_RWUSIG;
 1422              		.loc 1 1286 18
 1423 0490 FB69     		ldr	r3, [r7, #28]
 1424 0492 03F50063 		add	r3, r3, #2048
 1425 0496 5B68     		ldr	r3, [r3, #4]
 1426 0498 FA69     		ldr	r2, [r7, #28]
 1427 049a 02F50062 		add	r2, r2, #2048
 1428              		.loc 1 1286 25
 1429 049e 23F00103 		bic	r3, r3, #1
 1430 04a2 5360     		str	r3, [r2, #4]
1287:Drivers/STM32F4xx_HAL_Driver/Src/stm32f4xx_hal_pcd.c **** 
1288:Drivers/STM32F4xx_HAL_Driver/Src/stm32f4xx_hal_pcd.c ****       if (hpcd->LPM_State == LPM_L1)
 1431              		.loc 1 1288 15
 1432 04a4 7B68     		ldr	r3, [r7, #4]
 1433 04a6 93F8CC34 		ldrb	r3, [r3, #1228]	@ zero_extendqisi2
 1434              		.loc 1 1288 10
 1435 04aa 012B     		cmp	r3, #1
 1436 04ac 08D1     		bne	.L57
1289:Drivers/STM32F4xx_HAL_Driver/Src/stm32f4xx_hal_pcd.c ****       {
1290:Drivers/STM32F4xx_HAL_Driver/Src/stm32f4xx_hal_pcd.c ****         hpcd->LPM_State = LPM_L0;
 1437              		.loc 1 1290 25
 1438 04ae 7B68     		ldr	r3, [r7, #4]
 1439 04b0 0022     		movs	r2, #0
 1440 04b2 83F8CC24 		strb	r2, [r3, #1228]
1291:Drivers/STM32F4xx_HAL_Driver/Src/stm32f4xx_hal_pcd.c **** 
1292:Drivers/STM32F4xx_HAL_Driver/Src/stm32f4xx_hal_pcd.c **** #if (USE_HAL_PCD_REGISTER_CALLBACKS == 1U)
1293:Drivers/STM32F4xx_HAL_Driver/Src/stm32f4xx_hal_pcd.c ****         hpcd->LPMCallback(hpcd, PCD_LPM_L0_ACTIVE);
1294:Drivers/STM32F4xx_HAL_Driver/Src/stm32f4xx_hal_pcd.c **** #else
1295:Drivers/STM32F4xx_HAL_Driver/Src/stm32f4xx_hal_pcd.c ****         HAL_PCDEx_LPM_Callback(hpcd, PCD_LPM_L0_ACTIVE);
 1441              		.loc 1 1295 9
 1442 04b6 0021     		movs	r1, #0
 1443 04b8 7868     		ldr	r0, [r7, #4]
ARM GAS  C:\Users\DAELT-~1\AppData\Local\Temp\cc8H7Tyn.s 			page 49


 1444 04ba FFF7FEFF 		bl	HAL_PCDEx_LPM_Callback
 1445 04be 02E0     		b	.L58
 1446              	.L57:
1296:Drivers/STM32F4xx_HAL_Driver/Src/stm32f4xx_hal_pcd.c **** #endif /* USE_HAL_PCD_REGISTER_CALLBACKS */
1297:Drivers/STM32F4xx_HAL_Driver/Src/stm32f4xx_hal_pcd.c ****       }
1298:Drivers/STM32F4xx_HAL_Driver/Src/stm32f4xx_hal_pcd.c ****       else
1299:Drivers/STM32F4xx_HAL_Driver/Src/stm32f4xx_hal_pcd.c ****       {
1300:Drivers/STM32F4xx_HAL_Driver/Src/stm32f4xx_hal_pcd.c **** #if (USE_HAL_PCD_REGISTER_CALLBACKS == 1U)
1301:Drivers/STM32F4xx_HAL_Driver/Src/stm32f4xx_hal_pcd.c ****         hpcd->ResumeCallback(hpcd);
1302:Drivers/STM32F4xx_HAL_Driver/Src/stm32f4xx_hal_pcd.c **** #else
1303:Drivers/STM32F4xx_HAL_Driver/Src/stm32f4xx_hal_pcd.c ****         HAL_PCD_ResumeCallback(hpcd);
 1447              		.loc 1 1303 9
 1448 04c0 7868     		ldr	r0, [r7, #4]
 1449 04c2 FFF7FEFF 		bl	HAL_PCD_ResumeCallback
 1450              	.L58:
1304:Drivers/STM32F4xx_HAL_Driver/Src/stm32f4xx_hal_pcd.c **** #endif /* USE_HAL_PCD_REGISTER_CALLBACKS */
1305:Drivers/STM32F4xx_HAL_Driver/Src/stm32f4xx_hal_pcd.c ****       }
1306:Drivers/STM32F4xx_HAL_Driver/Src/stm32f4xx_hal_pcd.c **** 
1307:Drivers/STM32F4xx_HAL_Driver/Src/stm32f4xx_hal_pcd.c ****       __HAL_PCD_CLEAR_FLAG(hpcd, USB_OTG_GINTSTS_WKUINT);
 1451              		.loc 1 1307 7
 1452 04c6 7B68     		ldr	r3, [r7, #4]
 1453 04c8 1B68     		ldr	r3, [r3]
 1454 04ca 5A69     		ldr	r2, [r3, #20]
 1455 04cc 7B68     		ldr	r3, [r7, #4]
 1456 04ce 1B68     		ldr	r3, [r3]
 1457 04d0 02F00042 		and	r2, r2, #-2147483648
 1458 04d4 5A61     		str	r2, [r3, #20]
 1459              	.L56:
1308:Drivers/STM32F4xx_HAL_Driver/Src/stm32f4xx_hal_pcd.c ****     }
1309:Drivers/STM32F4xx_HAL_Driver/Src/stm32f4xx_hal_pcd.c **** 
1310:Drivers/STM32F4xx_HAL_Driver/Src/stm32f4xx_hal_pcd.c ****     /* Handle Suspend Interrupt */
1311:Drivers/STM32F4xx_HAL_Driver/Src/stm32f4xx_hal_pcd.c ****     if (__HAL_PCD_GET_FLAG(hpcd, USB_OTG_GINTSTS_USBSUSP))
 1460              		.loc 1 1311 9
 1461 04d6 7B68     		ldr	r3, [r7, #4]
 1462 04d8 1B68     		ldr	r3, [r3]
 1463 04da 1846     		mov	r0, r3
 1464 04dc FFF7FEFF 		bl	USB_ReadInterrupts
 1465 04e0 0346     		mov	r3, r0
 1466              		.loc 1 1311 9 is_stmt 0 discriminator 1
 1467 04e2 03F40063 		and	r3, r3, #2048
 1468              		.loc 1 1311 8 is_stmt 1 discriminator 1
 1469 04e6 B3F5006F 		cmp	r3, #2048
 1470 04ea 12D1     		bne	.L59
1312:Drivers/STM32F4xx_HAL_Driver/Src/stm32f4xx_hal_pcd.c ****     {
1313:Drivers/STM32F4xx_HAL_Driver/Src/stm32f4xx_hal_pcd.c ****       if ((USBx_DEVICE->DSTS & USB_OTG_DSTS_SUSPSTS) == USB_OTG_DSTS_SUSPSTS)
 1471              		.loc 1 1313 12
 1472 04ec FB69     		ldr	r3, [r7, #28]
 1473 04ee 03F50063 		add	r3, r3, #2048
 1474              		.loc 1 1313 23
 1475 04f2 9B68     		ldr	r3, [r3, #8]
 1476              		.loc 1 1313 30
 1477 04f4 03F00103 		and	r3, r3, #1
 1478              		.loc 1 1313 10
 1479 04f8 012B     		cmp	r3, #1
 1480 04fa 02D1     		bne	.L60
1314:Drivers/STM32F4xx_HAL_Driver/Src/stm32f4xx_hal_pcd.c ****       {
1315:Drivers/STM32F4xx_HAL_Driver/Src/stm32f4xx_hal_pcd.c **** #if (USE_HAL_PCD_REGISTER_CALLBACKS == 1U)
ARM GAS  C:\Users\DAELT-~1\AppData\Local\Temp\cc8H7Tyn.s 			page 50


1316:Drivers/STM32F4xx_HAL_Driver/Src/stm32f4xx_hal_pcd.c ****         hpcd->SuspendCallback(hpcd);
1317:Drivers/STM32F4xx_HAL_Driver/Src/stm32f4xx_hal_pcd.c **** #else
1318:Drivers/STM32F4xx_HAL_Driver/Src/stm32f4xx_hal_pcd.c ****         HAL_PCD_SuspendCallback(hpcd);
 1481              		.loc 1 1318 9
 1482 04fc 7868     		ldr	r0, [r7, #4]
 1483 04fe FFF7FEFF 		bl	HAL_PCD_SuspendCallback
 1484              	.L60:
1319:Drivers/STM32F4xx_HAL_Driver/Src/stm32f4xx_hal_pcd.c **** #endif /* USE_HAL_PCD_REGISTER_CALLBACKS */
1320:Drivers/STM32F4xx_HAL_Driver/Src/stm32f4xx_hal_pcd.c ****       }
1321:Drivers/STM32F4xx_HAL_Driver/Src/stm32f4xx_hal_pcd.c ****       __HAL_PCD_CLEAR_FLAG(hpcd, USB_OTG_GINTSTS_USBSUSP);
 1485              		.loc 1 1321 7
 1486 0502 7B68     		ldr	r3, [r7, #4]
 1487 0504 1B68     		ldr	r3, [r3]
 1488 0506 5A69     		ldr	r2, [r3, #20]
 1489 0508 7B68     		ldr	r3, [r7, #4]
 1490 050a 1B68     		ldr	r3, [r3]
 1491 050c 02F40062 		and	r2, r2, #2048
 1492 0510 5A61     		str	r2, [r3, #20]
 1493              	.L59:
1322:Drivers/STM32F4xx_HAL_Driver/Src/stm32f4xx_hal_pcd.c ****     }
1323:Drivers/STM32F4xx_HAL_Driver/Src/stm32f4xx_hal_pcd.c **** #if defined(STM32F446xx) || defined(STM32F469xx) || defined(STM32F479xx) || defined(STM32F412Zx) \
1324:Drivers/STM32F4xx_HAL_Driver/Src/stm32f4xx_hal_pcd.c ****  || defined(STM32F412Vx) || defined(STM32F412Rx) || defined(STM32F412Cx) || defined(STM32F413xx) \
1325:Drivers/STM32F4xx_HAL_Driver/Src/stm32f4xx_hal_pcd.c ****  || defined(STM32F423xx)
1326:Drivers/STM32F4xx_HAL_Driver/Src/stm32f4xx_hal_pcd.c ****     /* Handle LPM Interrupt */
1327:Drivers/STM32F4xx_HAL_Driver/Src/stm32f4xx_hal_pcd.c ****     if (__HAL_PCD_GET_FLAG(hpcd, USB_OTG_GINTSTS_LPMINT))
1328:Drivers/STM32F4xx_HAL_Driver/Src/stm32f4xx_hal_pcd.c ****     {
1329:Drivers/STM32F4xx_HAL_Driver/Src/stm32f4xx_hal_pcd.c ****       __HAL_PCD_CLEAR_FLAG(hpcd, USB_OTG_GINTSTS_LPMINT);
1330:Drivers/STM32F4xx_HAL_Driver/Src/stm32f4xx_hal_pcd.c **** 
1331:Drivers/STM32F4xx_HAL_Driver/Src/stm32f4xx_hal_pcd.c ****       if (hpcd->LPM_State == LPM_L0)
1332:Drivers/STM32F4xx_HAL_Driver/Src/stm32f4xx_hal_pcd.c ****       {
1333:Drivers/STM32F4xx_HAL_Driver/Src/stm32f4xx_hal_pcd.c ****         hpcd->LPM_State = LPM_L1;
1334:Drivers/STM32F4xx_HAL_Driver/Src/stm32f4xx_hal_pcd.c ****         hpcd->BESL = (hpcd->Instance->GLPMCFG & USB_OTG_GLPMCFG_BESL) >> 2U;
1335:Drivers/STM32F4xx_HAL_Driver/Src/stm32f4xx_hal_pcd.c **** 
1336:Drivers/STM32F4xx_HAL_Driver/Src/stm32f4xx_hal_pcd.c **** #if (USE_HAL_PCD_REGISTER_CALLBACKS == 1U)
1337:Drivers/STM32F4xx_HAL_Driver/Src/stm32f4xx_hal_pcd.c ****         hpcd->LPMCallback(hpcd, PCD_LPM_L1_ACTIVE);
1338:Drivers/STM32F4xx_HAL_Driver/Src/stm32f4xx_hal_pcd.c **** #else
1339:Drivers/STM32F4xx_HAL_Driver/Src/stm32f4xx_hal_pcd.c ****         HAL_PCDEx_LPM_Callback(hpcd, PCD_LPM_L1_ACTIVE);
1340:Drivers/STM32F4xx_HAL_Driver/Src/stm32f4xx_hal_pcd.c **** #endif /* USE_HAL_PCD_REGISTER_CALLBACKS */
1341:Drivers/STM32F4xx_HAL_Driver/Src/stm32f4xx_hal_pcd.c ****       }
1342:Drivers/STM32F4xx_HAL_Driver/Src/stm32f4xx_hal_pcd.c ****       else
1343:Drivers/STM32F4xx_HAL_Driver/Src/stm32f4xx_hal_pcd.c ****       {
1344:Drivers/STM32F4xx_HAL_Driver/Src/stm32f4xx_hal_pcd.c **** #if (USE_HAL_PCD_REGISTER_CALLBACKS == 1U)
1345:Drivers/STM32F4xx_HAL_Driver/Src/stm32f4xx_hal_pcd.c ****         hpcd->SuspendCallback(hpcd);
1346:Drivers/STM32F4xx_HAL_Driver/Src/stm32f4xx_hal_pcd.c **** #else
1347:Drivers/STM32F4xx_HAL_Driver/Src/stm32f4xx_hal_pcd.c ****         HAL_PCD_SuspendCallback(hpcd);
1348:Drivers/STM32F4xx_HAL_Driver/Src/stm32f4xx_hal_pcd.c **** #endif /* USE_HAL_PCD_REGISTER_CALLBACKS */
1349:Drivers/STM32F4xx_HAL_Driver/Src/stm32f4xx_hal_pcd.c ****       }
1350:Drivers/STM32F4xx_HAL_Driver/Src/stm32f4xx_hal_pcd.c ****     }
1351:Drivers/STM32F4xx_HAL_Driver/Src/stm32f4xx_hal_pcd.c **** #endif /* defined(STM32F446xx) || defined(STM32F469xx) || defined(STM32F479xx) || defined(STM32F412
1352:Drivers/STM32F4xx_HAL_Driver/Src/stm32f4xx_hal_pcd.c ****           defined(STM32F412Vx) || defined(STM32F412Rx) || defined(STM32F412Cx) || defined(STM32F413
1353:Drivers/STM32F4xx_HAL_Driver/Src/stm32f4xx_hal_pcd.c ****           defined(STM32F423xx) */
1354:Drivers/STM32F4xx_HAL_Driver/Src/stm32f4xx_hal_pcd.c ****     /* Handle Reset Interrupt */
1355:Drivers/STM32F4xx_HAL_Driver/Src/stm32f4xx_hal_pcd.c ****     if (__HAL_PCD_GET_FLAG(hpcd, USB_OTG_GINTSTS_USBRST))
 1494              		.loc 1 1355 9
 1495 0512 7B68     		ldr	r3, [r7, #4]
 1496 0514 1B68     		ldr	r3, [r3]
 1497 0516 1846     		mov	r0, r3
ARM GAS  C:\Users\DAELT-~1\AppData\Local\Temp\cc8H7Tyn.s 			page 51


 1498 0518 FFF7FEFF 		bl	USB_ReadInterrupts
 1499 051c 0346     		mov	r3, r0
 1500              		.loc 1 1355 9 is_stmt 0 discriminator 1
 1501 051e 03F48053 		and	r3, r3, #4096
 1502              		.loc 1 1355 8 is_stmt 1 discriminator 1
 1503 0522 B3F5805F 		cmp	r3, #4096
 1504 0526 40F0B780 		bne	.L61
1356:Drivers/STM32F4xx_HAL_Driver/Src/stm32f4xx_hal_pcd.c ****     {
1357:Drivers/STM32F4xx_HAL_Driver/Src/stm32f4xx_hal_pcd.c ****       USBx_DEVICE->DCTL &= ~USB_OTG_DCTL_RWUSIG;
 1505              		.loc 1 1357 18
 1506 052a FB69     		ldr	r3, [r7, #28]
 1507 052c 03F50063 		add	r3, r3, #2048
 1508 0530 5B68     		ldr	r3, [r3, #4]
 1509 0532 FA69     		ldr	r2, [r7, #28]
 1510 0534 02F50062 		add	r2, r2, #2048
 1511              		.loc 1 1357 25
 1512 0538 23F00103 		bic	r3, r3, #1
 1513 053c 5360     		str	r3, [r2, #4]
1358:Drivers/STM32F4xx_HAL_Driver/Src/stm32f4xx_hal_pcd.c ****       (void)USB_FlushTxFifo(hpcd->Instance, 0x10U);
 1514              		.loc 1 1358 33
 1515 053e 7B68     		ldr	r3, [r7, #4]
 1516 0540 1B68     		ldr	r3, [r3]
 1517              		.loc 1 1358 13
 1518 0542 1021     		movs	r1, #16
 1519 0544 1846     		mov	r0, r3
 1520 0546 FFF7FEFF 		bl	USB_FlushTxFifo
1359:Drivers/STM32F4xx_HAL_Driver/Src/stm32f4xx_hal_pcd.c **** 
1360:Drivers/STM32F4xx_HAL_Driver/Src/stm32f4xx_hal_pcd.c ****       for (i = 0U; i < hpcd->Init.dev_endpoints; i++)
 1521              		.loc 1 1360 14
 1522 054a 0023     		movs	r3, #0
 1523 054c FB62     		str	r3, [r7, #44]
 1524              		.loc 1 1360 7
 1525 054e 46E0     		b	.L62
 1526              	.L63:
1361:Drivers/STM32F4xx_HAL_Driver/Src/stm32f4xx_hal_pcd.c ****       {
1362:Drivers/STM32F4xx_HAL_Driver/Src/stm32f4xx_hal_pcd.c ****         USBx_INEP(i)->DIEPINT = 0xFB7FU;
 1527              		.loc 1 1362 9
 1528 0550 FB6A     		ldr	r3, [r7, #44]
 1529 0552 5A01     		lsls	r2, r3, #5
 1530 0554 FB69     		ldr	r3, [r7, #28]
 1531 0556 1344     		add	r3, r3, r2
 1532 0558 03F51063 		add	r3, r3, #2304
 1533 055c 1A46     		mov	r2, r3
 1534              		.loc 1 1362 31
 1535 055e 4FF67F33 		movw	r3, #64383
 1536 0562 9360     		str	r3, [r2, #8]
1363:Drivers/STM32F4xx_HAL_Driver/Src/stm32f4xx_hal_pcd.c ****         USBx_INEP(i)->DIEPCTL &= ~USB_OTG_DIEPCTL_STALL;
 1537              		.loc 1 1363 21
 1538 0564 FB6A     		ldr	r3, [r7, #44]
 1539 0566 5A01     		lsls	r2, r3, #5
 1540 0568 FB69     		ldr	r3, [r7, #28]
 1541 056a 1344     		add	r3, r3, r2
 1542 056c 03F51063 		add	r3, r3, #2304
 1543 0570 1B68     		ldr	r3, [r3]
 1544 0572 FA6A     		ldr	r2, [r7, #44]
 1545 0574 5101     		lsls	r1, r2, #5
 1546 0576 FA69     		ldr	r2, [r7, #28]
ARM GAS  C:\Users\DAELT-~1\AppData\Local\Temp\cc8H7Tyn.s 			page 52


 1547 0578 0A44     		add	r2, r2, r1
 1548 057a 02F51062 		add	r2, r2, #2304
 1549              		.loc 1 1363 31
 1550 057e 23F40013 		bic	r3, r3, #2097152
 1551 0582 1360     		str	r3, [r2]
1364:Drivers/STM32F4xx_HAL_Driver/Src/stm32f4xx_hal_pcd.c ****         USBx_OUTEP(i)->DOEPINT = 0xFB7FU;
 1552              		.loc 1 1364 9
 1553 0584 FB6A     		ldr	r3, [r7, #44]
 1554 0586 5A01     		lsls	r2, r3, #5
 1555 0588 FB69     		ldr	r3, [r7, #28]
 1556 058a 1344     		add	r3, r3, r2
 1557 058c 03F53063 		add	r3, r3, #2816
 1558 0590 1A46     		mov	r2, r3
 1559              		.loc 1 1364 32
 1560 0592 4FF67F33 		movw	r3, #64383
 1561 0596 9360     		str	r3, [r2, #8]
1365:Drivers/STM32F4xx_HAL_Driver/Src/stm32f4xx_hal_pcd.c ****         USBx_OUTEP(i)->DOEPCTL &= ~USB_OTG_DOEPCTL_STALL;
 1562              		.loc 1 1365 22
 1563 0598 FB6A     		ldr	r3, [r7, #44]
 1564 059a 5A01     		lsls	r2, r3, #5
 1565 059c FB69     		ldr	r3, [r7, #28]
 1566 059e 1344     		add	r3, r3, r2
 1567 05a0 03F53063 		add	r3, r3, #2816
 1568 05a4 1B68     		ldr	r3, [r3]
 1569 05a6 FA6A     		ldr	r2, [r7, #44]
 1570 05a8 5101     		lsls	r1, r2, #5
 1571 05aa FA69     		ldr	r2, [r7, #28]
 1572 05ac 0A44     		add	r2, r2, r1
 1573 05ae 02F53062 		add	r2, r2, #2816
 1574              		.loc 1 1365 32
 1575 05b2 23F40013 		bic	r3, r3, #2097152
 1576 05b6 1360     		str	r3, [r2]
1366:Drivers/STM32F4xx_HAL_Driver/Src/stm32f4xx_hal_pcd.c ****         USBx_OUTEP(i)->DOEPCTL |= USB_OTG_DOEPCTL_SNAK;
 1577              		.loc 1 1366 22
 1578 05b8 FB6A     		ldr	r3, [r7, #44]
 1579 05ba 5A01     		lsls	r2, r3, #5
 1580 05bc FB69     		ldr	r3, [r7, #28]
 1581 05be 1344     		add	r3, r3, r2
 1582 05c0 03F53063 		add	r3, r3, #2816
 1583 05c4 1B68     		ldr	r3, [r3]
 1584 05c6 FA6A     		ldr	r2, [r7, #44]
 1585 05c8 5101     		lsls	r1, r2, #5
 1586 05ca FA69     		ldr	r2, [r7, #28]
 1587 05cc 0A44     		add	r2, r2, r1
 1588 05ce 02F53062 		add	r2, r2, #2816
 1589              		.loc 1 1366 32
 1590 05d2 43F00063 		orr	r3, r3, #134217728
 1591 05d6 1360     		str	r3, [r2]
1360:Drivers/STM32F4xx_HAL_Driver/Src/stm32f4xx_hal_pcd.c ****       {
 1592              		.loc 1 1360 51 discriminator 3
 1593 05d8 FB6A     		ldr	r3, [r7, #44]
 1594 05da 0133     		adds	r3, r3, #1
 1595 05dc FB62     		str	r3, [r7, #44]
 1596              	.L62:
1360:Drivers/STM32F4xx_HAL_Driver/Src/stm32f4xx_hal_pcd.c ****       {
 1597              		.loc 1 1360 34 discriminator 1
 1598 05de 7B68     		ldr	r3, [r7, #4]
ARM GAS  C:\Users\DAELT-~1\AppData\Local\Temp\cc8H7Tyn.s 			page 53


 1599 05e0 1B79     		ldrb	r3, [r3, #4]	@ zero_extendqisi2
 1600 05e2 1A46     		mov	r2, r3
1360:Drivers/STM32F4xx_HAL_Driver/Src/stm32f4xx_hal_pcd.c ****       {
 1601              		.loc 1 1360 22 discriminator 1
 1602 05e4 FB6A     		ldr	r3, [r7, #44]
 1603 05e6 9342     		cmp	r3, r2
 1604 05e8 B2D3     		bcc	.L63
1367:Drivers/STM32F4xx_HAL_Driver/Src/stm32f4xx_hal_pcd.c ****       }
1368:Drivers/STM32F4xx_HAL_Driver/Src/stm32f4xx_hal_pcd.c ****       USBx_DEVICE->DAINTMSK |= 0x10001U;
 1605              		.loc 1 1368 18
 1606 05ea FB69     		ldr	r3, [r7, #28]
 1607 05ec 03F50063 		add	r3, r3, #2048
 1608 05f0 DB69     		ldr	r3, [r3, #28]
 1609 05f2 FA69     		ldr	r2, [r7, #28]
 1610 05f4 02F50062 		add	r2, r2, #2048
 1611              		.loc 1 1368 29
 1612 05f8 43F00113 		orr	r3, r3, #65537
 1613 05fc D361     		str	r3, [r2, #28]
1369:Drivers/STM32F4xx_HAL_Driver/Src/stm32f4xx_hal_pcd.c **** 
1370:Drivers/STM32F4xx_HAL_Driver/Src/stm32f4xx_hal_pcd.c ****       if (hpcd->Init.use_dedicated_ep1 != 0U)
 1614              		.loc 1 1370 21
 1615 05fe 7B68     		ldr	r3, [r7, #4]
 1616 0600 DB7B     		ldrb	r3, [r3, #15]	@ zero_extendqisi2
 1617              		.loc 1 1370 10
 1618 0602 002B     		cmp	r3, #0
 1619 0604 16D0     		beq	.L64
1371:Drivers/STM32F4xx_HAL_Driver/Src/stm32f4xx_hal_pcd.c ****       {
1372:Drivers/STM32F4xx_HAL_Driver/Src/stm32f4xx_hal_pcd.c ****         USBx_DEVICE->DOUTEP1MSK |= USB_OTG_DOEPMSK_STUPM |
 1620              		.loc 1 1372 20
 1621 0606 FB69     		ldr	r3, [r7, #28]
 1622 0608 03F50063 		add	r3, r3, #2048
 1623 060c D3F88430 		ldr	r3, [r3, #132]
 1624 0610 FA69     		ldr	r2, [r7, #28]
 1625 0612 02F50062 		add	r2, r2, #2048
 1626              		.loc 1 1372 33
 1627 0616 43F00B03 		orr	r3, r3, #11
 1628 061a C2F88430 		str	r3, [r2, #132]
1373:Drivers/STM32F4xx_HAL_Driver/Src/stm32f4xx_hal_pcd.c ****                                    USB_OTG_DOEPMSK_XFRCM |
1374:Drivers/STM32F4xx_HAL_Driver/Src/stm32f4xx_hal_pcd.c ****                                    USB_OTG_DOEPMSK_EPDM;
1375:Drivers/STM32F4xx_HAL_Driver/Src/stm32f4xx_hal_pcd.c **** 
1376:Drivers/STM32F4xx_HAL_Driver/Src/stm32f4xx_hal_pcd.c ****         USBx_DEVICE->DINEP1MSK |= USB_OTG_DIEPMSK_TOM |
 1629              		.loc 1 1376 20
 1630 061e FB69     		ldr	r3, [r7, #28]
 1631 0620 03F50063 		add	r3, r3, #2048
 1632 0624 5B6C     		ldr	r3, [r3, #68]
 1633 0626 FA69     		ldr	r2, [r7, #28]
 1634 0628 02F50062 		add	r2, r2, #2048
 1635              		.loc 1 1376 32
 1636 062c 43F00B03 		orr	r3, r3, #11
 1637 0630 5364     		str	r3, [r2, #68]
 1638 0632 15E0     		b	.L65
 1639              	.L64:
1377:Drivers/STM32F4xx_HAL_Driver/Src/stm32f4xx_hal_pcd.c ****                                   USB_OTG_DIEPMSK_XFRCM |
1378:Drivers/STM32F4xx_HAL_Driver/Src/stm32f4xx_hal_pcd.c ****                                   USB_OTG_DIEPMSK_EPDM;
1379:Drivers/STM32F4xx_HAL_Driver/Src/stm32f4xx_hal_pcd.c ****       }
1380:Drivers/STM32F4xx_HAL_Driver/Src/stm32f4xx_hal_pcd.c ****       else
1381:Drivers/STM32F4xx_HAL_Driver/Src/stm32f4xx_hal_pcd.c ****       {
ARM GAS  C:\Users\DAELT-~1\AppData\Local\Temp\cc8H7Tyn.s 			page 54


1382:Drivers/STM32F4xx_HAL_Driver/Src/stm32f4xx_hal_pcd.c ****         USBx_DEVICE->DOEPMSK |= USB_OTG_DOEPMSK_STUPM |
 1640              		.loc 1 1382 20
 1641 0634 FB69     		ldr	r3, [r7, #28]
 1642 0636 03F50063 		add	r3, r3, #2048
 1643 063a 5B69     		ldr	r3, [r3, #20]
 1644 063c FA69     		ldr	r2, [r7, #28]
 1645 063e 02F50062 		add	r2, r2, #2048
 1646              		.loc 1 1382 30
 1647 0642 43F40053 		orr	r3, r3, #8192
 1648 0646 43F02B03 		orr	r3, r3, #43
 1649 064a 5361     		str	r3, [r2, #20]
1383:Drivers/STM32F4xx_HAL_Driver/Src/stm32f4xx_hal_pcd.c ****                                 USB_OTG_DOEPMSK_XFRCM |
1384:Drivers/STM32F4xx_HAL_Driver/Src/stm32f4xx_hal_pcd.c ****                                 USB_OTG_DOEPMSK_EPDM |
1385:Drivers/STM32F4xx_HAL_Driver/Src/stm32f4xx_hal_pcd.c ****                                 USB_OTG_DOEPMSK_OTEPSPRM |
1386:Drivers/STM32F4xx_HAL_Driver/Src/stm32f4xx_hal_pcd.c ****                                 USB_OTG_DOEPMSK_NAKM;
1387:Drivers/STM32F4xx_HAL_Driver/Src/stm32f4xx_hal_pcd.c **** 
1388:Drivers/STM32F4xx_HAL_Driver/Src/stm32f4xx_hal_pcd.c ****         USBx_DEVICE->DIEPMSK |= USB_OTG_DIEPMSK_TOM |
 1650              		.loc 1 1388 20
 1651 064c FB69     		ldr	r3, [r7, #28]
 1652 064e 03F50063 		add	r3, r3, #2048
 1653 0652 1B69     		ldr	r3, [r3, #16]
 1654 0654 FA69     		ldr	r2, [r7, #28]
 1655 0656 02F50062 		add	r2, r2, #2048
 1656              		.loc 1 1388 30
 1657 065a 43F00B03 		orr	r3, r3, #11
 1658 065e 1361     		str	r3, [r2, #16]
 1659              	.L65:
1389:Drivers/STM32F4xx_HAL_Driver/Src/stm32f4xx_hal_pcd.c ****                                 USB_OTG_DIEPMSK_XFRCM |
1390:Drivers/STM32F4xx_HAL_Driver/Src/stm32f4xx_hal_pcd.c ****                                 USB_OTG_DIEPMSK_EPDM;
1391:Drivers/STM32F4xx_HAL_Driver/Src/stm32f4xx_hal_pcd.c ****       }
1392:Drivers/STM32F4xx_HAL_Driver/Src/stm32f4xx_hal_pcd.c **** 
1393:Drivers/STM32F4xx_HAL_Driver/Src/stm32f4xx_hal_pcd.c ****       /* Set Default Address to 0 */
1394:Drivers/STM32F4xx_HAL_Driver/Src/stm32f4xx_hal_pcd.c ****       USBx_DEVICE->DCFG &= ~USB_OTG_DCFG_DAD;
 1660              		.loc 1 1394 18
 1661 0660 FB69     		ldr	r3, [r7, #28]
 1662 0662 03F50063 		add	r3, r3, #2048
 1663 0666 1B68     		ldr	r3, [r3]
 1664 0668 FA69     		ldr	r2, [r7, #28]
 1665 066a 02F50062 		add	r2, r2, #2048
 1666              		.loc 1 1394 25
 1667 066e 23F4FE63 		bic	r3, r3, #2032
 1668 0672 1360     		str	r3, [r2]
1395:Drivers/STM32F4xx_HAL_Driver/Src/stm32f4xx_hal_pcd.c **** 
1396:Drivers/STM32F4xx_HAL_Driver/Src/stm32f4xx_hal_pcd.c ****       /* setup EP0 to receive SETUP packets */
1397:Drivers/STM32F4xx_HAL_Driver/Src/stm32f4xx_hal_pcd.c ****       (void)USB_EP0_OutStart(hpcd->Instance, (uint8_t)hpcd->Init.dma_enable,
 1669              		.loc 1 1397 34
 1670 0674 7B68     		ldr	r3, [r7, #4]
 1671 0676 1868     		ldr	r0, [r3]
 1672              		.loc 1 1397 65
 1673 0678 7B68     		ldr	r3, [r7, #4]
 1674 067a 9979     		ldrb	r1, [r3, #6]	@ zero_extendqisi2
1398:Drivers/STM32F4xx_HAL_Driver/Src/stm32f4xx_hal_pcd.c ****                              (uint8_t *)hpcd->Setup);
 1675              		.loc 1 1398 41
 1676 067c 7B68     		ldr	r3, [r7, #4]
 1677 067e 03F29C43 		addw	r3, r3, #1180
1397:Drivers/STM32F4xx_HAL_Driver/Src/stm32f4xx_hal_pcd.c ****                              (uint8_t *)hpcd->Setup);
 1678              		.loc 1 1397 13
ARM GAS  C:\Users\DAELT-~1\AppData\Local\Temp\cc8H7Tyn.s 			page 55


 1679 0682 1A46     		mov	r2, r3
 1680 0684 FFF7FEFF 		bl	USB_EP0_OutStart
1399:Drivers/STM32F4xx_HAL_Driver/Src/stm32f4xx_hal_pcd.c **** 
1400:Drivers/STM32F4xx_HAL_Driver/Src/stm32f4xx_hal_pcd.c ****       __HAL_PCD_CLEAR_FLAG(hpcd, USB_OTG_GINTSTS_USBRST);
 1681              		.loc 1 1400 7
 1682 0688 7B68     		ldr	r3, [r7, #4]
 1683 068a 1B68     		ldr	r3, [r3]
 1684 068c 5A69     		ldr	r2, [r3, #20]
 1685 068e 7B68     		ldr	r3, [r7, #4]
 1686 0690 1B68     		ldr	r3, [r3]
 1687 0692 02F48052 		and	r2, r2, #4096
 1688 0696 5A61     		str	r2, [r3, #20]
 1689              	.L61:
1401:Drivers/STM32F4xx_HAL_Driver/Src/stm32f4xx_hal_pcd.c ****     }
1402:Drivers/STM32F4xx_HAL_Driver/Src/stm32f4xx_hal_pcd.c **** 
1403:Drivers/STM32F4xx_HAL_Driver/Src/stm32f4xx_hal_pcd.c ****     /* Handle Enumeration done Interrupt */
1404:Drivers/STM32F4xx_HAL_Driver/Src/stm32f4xx_hal_pcd.c ****     if (__HAL_PCD_GET_FLAG(hpcd, USB_OTG_GINTSTS_ENUMDNE))
 1690              		.loc 1 1404 9
 1691 0698 7B68     		ldr	r3, [r7, #4]
 1692 069a 1B68     		ldr	r3, [r3]
 1693 069c 1846     		mov	r0, r3
 1694 069e FFF7FEFF 		bl	USB_ReadInterrupts
 1695 06a2 0346     		mov	r3, r0
 1696              		.loc 1 1404 9 is_stmt 0 discriminator 1
 1697 06a4 03F40053 		and	r3, r3, #8192
 1698              		.loc 1 1404 8 is_stmt 1 discriminator 1
 1699 06a8 B3F5005F 		cmp	r3, #8192
 1700 06ac 23D1     		bne	.L66
1405:Drivers/STM32F4xx_HAL_Driver/Src/stm32f4xx_hal_pcd.c ****     {
1406:Drivers/STM32F4xx_HAL_Driver/Src/stm32f4xx_hal_pcd.c ****       (void)USB_ActivateSetup(hpcd->Instance);
 1701              		.loc 1 1406 35
 1702 06ae 7B68     		ldr	r3, [r7, #4]
 1703 06b0 1B68     		ldr	r3, [r3]
 1704              		.loc 1 1406 13
 1705 06b2 1846     		mov	r0, r3
 1706 06b4 FFF7FEFF 		bl	USB_ActivateSetup
1407:Drivers/STM32F4xx_HAL_Driver/Src/stm32f4xx_hal_pcd.c ****       hpcd->Init.speed = USB_GetDevSpeed(hpcd->Instance);
 1707              		.loc 1 1407 46
 1708 06b8 7B68     		ldr	r3, [r7, #4]
 1709 06ba 1B68     		ldr	r3, [r3]
 1710              		.loc 1 1407 26
 1711 06bc 1846     		mov	r0, r3
 1712 06be FFF7FEFF 		bl	USB_GetDevSpeed
 1713 06c2 0346     		mov	r3, r0
 1714 06c4 1A46     		mov	r2, r3
 1715              		.loc 1 1407 24 discriminator 1
 1716 06c6 7B68     		ldr	r3, [r7, #4]
 1717 06c8 DA71     		strb	r2, [r3, #7]
1408:Drivers/STM32F4xx_HAL_Driver/Src/stm32f4xx_hal_pcd.c **** 
1409:Drivers/STM32F4xx_HAL_Driver/Src/stm32f4xx_hal_pcd.c ****       /* Set USB Turnaround time */
1410:Drivers/STM32F4xx_HAL_Driver/Src/stm32f4xx_hal_pcd.c ****       (void)USB_SetTurnaroundTime(hpcd->Instance,
 1718              		.loc 1 1410 39
 1719 06ca 7B68     		ldr	r3, [r7, #4]
 1720 06cc 1C68     		ldr	r4, [r3]
 1721              		.loc 1 1410 13
 1722 06ce FFF7FEFF 		bl	HAL_RCC_GetHCLKFreq
 1723 06d2 0146     		mov	r1, r0
ARM GAS  C:\Users\DAELT-~1\AppData\Local\Temp\cc8H7Tyn.s 			page 56


1411:Drivers/STM32F4xx_HAL_Driver/Src/stm32f4xx_hal_pcd.c ****                                   HAL_RCC_GetHCLKFreq(),
1412:Drivers/STM32F4xx_HAL_Driver/Src/stm32f4xx_hal_pcd.c ****                                   (uint8_t)hpcd->Init.speed);
 1724              		.loc 1 1412 54
 1725 06d4 7B68     		ldr	r3, [r7, #4]
 1726 06d6 DB79     		ldrb	r3, [r3, #7]	@ zero_extendqisi2
1410:Drivers/STM32F4xx_HAL_Driver/Src/stm32f4xx_hal_pcd.c ****                                   HAL_RCC_GetHCLKFreq(),
 1727              		.loc 1 1410 13
 1728 06d8 1A46     		mov	r2, r3
 1729 06da 2046     		mov	r0, r4
 1730 06dc FFF7FEFF 		bl	USB_SetTurnaroundTime
1413:Drivers/STM32F4xx_HAL_Driver/Src/stm32f4xx_hal_pcd.c **** 
1414:Drivers/STM32F4xx_HAL_Driver/Src/stm32f4xx_hal_pcd.c **** #if (USE_HAL_PCD_REGISTER_CALLBACKS == 1U)
1415:Drivers/STM32F4xx_HAL_Driver/Src/stm32f4xx_hal_pcd.c ****       hpcd->ResetCallback(hpcd);
1416:Drivers/STM32F4xx_HAL_Driver/Src/stm32f4xx_hal_pcd.c **** #else
1417:Drivers/STM32F4xx_HAL_Driver/Src/stm32f4xx_hal_pcd.c ****       HAL_PCD_ResetCallback(hpcd);
 1731              		.loc 1 1417 7
 1732 06e0 7868     		ldr	r0, [r7, #4]
 1733 06e2 FFF7FEFF 		bl	HAL_PCD_ResetCallback
1418:Drivers/STM32F4xx_HAL_Driver/Src/stm32f4xx_hal_pcd.c **** #endif /* USE_HAL_PCD_REGISTER_CALLBACKS */
1419:Drivers/STM32F4xx_HAL_Driver/Src/stm32f4xx_hal_pcd.c **** 
1420:Drivers/STM32F4xx_HAL_Driver/Src/stm32f4xx_hal_pcd.c ****       __HAL_PCD_CLEAR_FLAG(hpcd, USB_OTG_GINTSTS_ENUMDNE);
 1734              		.loc 1 1420 7
 1735 06e6 7B68     		ldr	r3, [r7, #4]
 1736 06e8 1B68     		ldr	r3, [r3]
 1737 06ea 5A69     		ldr	r2, [r3, #20]
 1738 06ec 7B68     		ldr	r3, [r7, #4]
 1739 06ee 1B68     		ldr	r3, [r3]
 1740 06f0 02F40052 		and	r2, r2, #8192
 1741 06f4 5A61     		str	r2, [r3, #20]
 1742              	.L66:
1421:Drivers/STM32F4xx_HAL_Driver/Src/stm32f4xx_hal_pcd.c ****     }
1422:Drivers/STM32F4xx_HAL_Driver/Src/stm32f4xx_hal_pcd.c **** 
1423:Drivers/STM32F4xx_HAL_Driver/Src/stm32f4xx_hal_pcd.c ****     /* Handle SOF Interrupt */
1424:Drivers/STM32F4xx_HAL_Driver/Src/stm32f4xx_hal_pcd.c ****     if (__HAL_PCD_GET_FLAG(hpcd, USB_OTG_GINTSTS_SOF))
 1743              		.loc 1 1424 9
 1744 06f6 7B68     		ldr	r3, [r7, #4]
 1745 06f8 1B68     		ldr	r3, [r3]
 1746 06fa 1846     		mov	r0, r3
 1747 06fc FFF7FEFF 		bl	USB_ReadInterrupts
 1748 0700 0346     		mov	r3, r0
 1749              		.loc 1 1424 9 is_stmt 0 discriminator 1
 1750 0702 03F00803 		and	r3, r3, #8
 1751              		.loc 1 1424 8 is_stmt 1 discriminator 1
 1752 0706 082B     		cmp	r3, #8
 1753 0708 0AD1     		bne	.L67
1425:Drivers/STM32F4xx_HAL_Driver/Src/stm32f4xx_hal_pcd.c ****     {
1426:Drivers/STM32F4xx_HAL_Driver/Src/stm32f4xx_hal_pcd.c **** #if (USE_HAL_PCD_REGISTER_CALLBACKS == 1U)
1427:Drivers/STM32F4xx_HAL_Driver/Src/stm32f4xx_hal_pcd.c ****       hpcd->SOFCallback(hpcd);
1428:Drivers/STM32F4xx_HAL_Driver/Src/stm32f4xx_hal_pcd.c **** #else
1429:Drivers/STM32F4xx_HAL_Driver/Src/stm32f4xx_hal_pcd.c ****       HAL_PCD_SOFCallback(hpcd);
 1754              		.loc 1 1429 7
 1755 070a 7868     		ldr	r0, [r7, #4]
 1756 070c FFF7FEFF 		bl	HAL_PCD_SOFCallback
1430:Drivers/STM32F4xx_HAL_Driver/Src/stm32f4xx_hal_pcd.c **** #endif /* USE_HAL_PCD_REGISTER_CALLBACKS */
1431:Drivers/STM32F4xx_HAL_Driver/Src/stm32f4xx_hal_pcd.c **** 
1432:Drivers/STM32F4xx_HAL_Driver/Src/stm32f4xx_hal_pcd.c ****       __HAL_PCD_CLEAR_FLAG(hpcd, USB_OTG_GINTSTS_SOF);
 1757              		.loc 1 1432 7
ARM GAS  C:\Users\DAELT-~1\AppData\Local\Temp\cc8H7Tyn.s 			page 57


 1758 0710 7B68     		ldr	r3, [r7, #4]
 1759 0712 1B68     		ldr	r3, [r3]
 1760 0714 5A69     		ldr	r2, [r3, #20]
 1761 0716 7B68     		ldr	r3, [r7, #4]
 1762 0718 1B68     		ldr	r3, [r3]
 1763 071a 02F00802 		and	r2, r2, #8
 1764 071e 5A61     		str	r2, [r3, #20]
 1765              	.L67:
1433:Drivers/STM32F4xx_HAL_Driver/Src/stm32f4xx_hal_pcd.c ****     }
1434:Drivers/STM32F4xx_HAL_Driver/Src/stm32f4xx_hal_pcd.c **** 
1435:Drivers/STM32F4xx_HAL_Driver/Src/stm32f4xx_hal_pcd.c ****     /* Handle Global OUT NAK effective Interrupt */
1436:Drivers/STM32F4xx_HAL_Driver/Src/stm32f4xx_hal_pcd.c ****     if (__HAL_PCD_GET_FLAG(hpcd, USB_OTG_GINTSTS_BOUTNAKEFF))
 1766              		.loc 1 1436 9
 1767 0720 7B68     		ldr	r3, [r7, #4]
 1768 0722 1B68     		ldr	r3, [r3]
 1769 0724 1846     		mov	r0, r3
 1770 0726 FFF7FEFF 		bl	USB_ReadInterrupts
 1771 072a 0346     		mov	r3, r0
 1772              		.loc 1 1436 9 is_stmt 0 discriminator 1
 1773 072c 03F08003 		and	r3, r3, #128
 1774              		.loc 1 1436 8 is_stmt 1 discriminator 1
 1775 0730 802B     		cmp	r3, #128
 1776 0732 23D1     		bne	.L68
1437:Drivers/STM32F4xx_HAL_Driver/Src/stm32f4xx_hal_pcd.c ****     {
1438:Drivers/STM32F4xx_HAL_Driver/Src/stm32f4xx_hal_pcd.c ****       USBx->GINTMSK &= ~USB_OTG_GINTMSK_GONAKEFFM;
 1777              		.loc 1 1438 11
 1778 0734 3B6A     		ldr	r3, [r7, #32]
 1779 0736 9B69     		ldr	r3, [r3, #24]
 1780              		.loc 1 1438 21
 1781 0738 23F08002 		bic	r2, r3, #128
 1782 073c 3B6A     		ldr	r3, [r7, #32]
 1783 073e 9A61     		str	r2, [r3, #24]
1439:Drivers/STM32F4xx_HAL_Driver/Src/stm32f4xx_hal_pcd.c **** 
1440:Drivers/STM32F4xx_HAL_Driver/Src/stm32f4xx_hal_pcd.c ****       for (epnum = 1U; epnum < hpcd->Init.dev_endpoints; epnum++)
 1784              		.loc 1 1440 18
 1785 0740 0123     		movs	r3, #1
 1786 0742 7B62     		str	r3, [r7, #36]
 1787              		.loc 1 1440 7
 1788 0744 14E0     		b	.L69
 1789              	.L71:
1441:Drivers/STM32F4xx_HAL_Driver/Src/stm32f4xx_hal_pcd.c ****       {
1442:Drivers/STM32F4xx_HAL_Driver/Src/stm32f4xx_hal_pcd.c ****         if (hpcd->OUT_ep[epnum].is_iso_incomplete == 1U)
 1790              		.loc 1 1442 32
 1791 0746 7968     		ldr	r1, [r7, #4]
 1792 0748 7A6A     		ldr	r2, [r7, #36]
 1793 074a 1346     		mov	r3, r2
 1794 074c DB00     		lsls	r3, r3, #3
 1795 074e 1344     		add	r3, r3, r2
 1796 0750 9B00     		lsls	r3, r3, #2
 1797 0752 0B44     		add	r3, r3, r1
 1798 0754 03F25723 		addw	r3, r3, #599
 1799 0758 1B78     		ldrb	r3, [r3]	@ zero_extendqisi2
 1800              		.loc 1 1442 12
 1801 075a 012B     		cmp	r3, #1
 1802 075c 05D1     		bne	.L70
1443:Drivers/STM32F4xx_HAL_Driver/Src/stm32f4xx_hal_pcd.c ****         {
1444:Drivers/STM32F4xx_HAL_Driver/Src/stm32f4xx_hal_pcd.c ****           /* Abort current transaction and disable the EP */
ARM GAS  C:\Users\DAELT-~1\AppData\Local\Temp\cc8H7Tyn.s 			page 58


1445:Drivers/STM32F4xx_HAL_Driver/Src/stm32f4xx_hal_pcd.c ****           (void)HAL_PCD_EP_Abort(hpcd, (uint8_t)epnum);
 1803              		.loc 1 1445 17
 1804 075e 7B6A     		ldr	r3, [r7, #36]
 1805 0760 DBB2     		uxtb	r3, r3
 1806 0762 1946     		mov	r1, r3
 1807 0764 7868     		ldr	r0, [r7, #4]
 1808 0766 FFF7FEFF 		bl	HAL_PCD_EP_Abort
 1809              	.L70:
1440:Drivers/STM32F4xx_HAL_Driver/Src/stm32f4xx_hal_pcd.c ****       {
 1810              		.loc 1 1440 63 discriminator 2
 1811 076a 7B6A     		ldr	r3, [r7, #36]
 1812 076c 0133     		adds	r3, r3, #1
 1813 076e 7B62     		str	r3, [r7, #36]
 1814              	.L69:
1440:Drivers/STM32F4xx_HAL_Driver/Src/stm32f4xx_hal_pcd.c ****       {
 1815              		.loc 1 1440 42 discriminator 1
 1816 0770 7B68     		ldr	r3, [r7, #4]
 1817 0772 1B79     		ldrb	r3, [r3, #4]	@ zero_extendqisi2
 1818 0774 1A46     		mov	r2, r3
1440:Drivers/STM32F4xx_HAL_Driver/Src/stm32f4xx_hal_pcd.c ****       {
 1819              		.loc 1 1440 30 discriminator 1
 1820 0776 7B6A     		ldr	r3, [r7, #36]
 1821 0778 9342     		cmp	r3, r2
 1822 077a E4D3     		bcc	.L71
 1823              	.L68:
1446:Drivers/STM32F4xx_HAL_Driver/Src/stm32f4xx_hal_pcd.c ****         }
1447:Drivers/STM32F4xx_HAL_Driver/Src/stm32f4xx_hal_pcd.c ****       }
1448:Drivers/STM32F4xx_HAL_Driver/Src/stm32f4xx_hal_pcd.c ****     }
1449:Drivers/STM32F4xx_HAL_Driver/Src/stm32f4xx_hal_pcd.c **** 
1450:Drivers/STM32F4xx_HAL_Driver/Src/stm32f4xx_hal_pcd.c ****     /* Handle Incomplete ISO IN Interrupt */
1451:Drivers/STM32F4xx_HAL_Driver/Src/stm32f4xx_hal_pcd.c ****     if (__HAL_PCD_GET_FLAG(hpcd, USB_OTG_GINTSTS_IISOIXFR))
 1824              		.loc 1 1451 9
 1825 077c 7B68     		ldr	r3, [r7, #4]
 1826 077e 1B68     		ldr	r3, [r3]
 1827 0780 1846     		mov	r0, r3
 1828 0782 FFF7FEFF 		bl	USB_ReadInterrupts
 1829 0786 0346     		mov	r3, r0
 1830              		.loc 1 1451 9 is_stmt 0 discriminator 1
 1831 0788 03F48013 		and	r3, r3, #1048576
 1832              		.loc 1 1451 8 is_stmt 1 discriminator 1
 1833 078c B3F5801F 		cmp	r3, #1048576
 1834 0790 3CD1     		bne	.L72
1452:Drivers/STM32F4xx_HAL_Driver/Src/stm32f4xx_hal_pcd.c ****     {
1453:Drivers/STM32F4xx_HAL_Driver/Src/stm32f4xx_hal_pcd.c ****       for (epnum = 1U; epnum < hpcd->Init.dev_endpoints; epnum++)
 1835              		.loc 1 1453 18
 1836 0792 0123     		movs	r3, #1
 1837 0794 7B62     		str	r3, [r7, #36]
 1838              		.loc 1 1453 7
 1839 0796 2BE0     		b	.L73
 1840              	.L75:
1454:Drivers/STM32F4xx_HAL_Driver/Src/stm32f4xx_hal_pcd.c ****       {
1455:Drivers/STM32F4xx_HAL_Driver/Src/stm32f4xx_hal_pcd.c ****         RegVal = USBx_INEP(epnum)->DIEPCTL;
 1841              		.loc 1 1455 18
 1842 0798 7B6A     		ldr	r3, [r7, #36]
 1843 079a 5A01     		lsls	r2, r3, #5
 1844 079c FB69     		ldr	r3, [r7, #28]
 1845 079e 1344     		add	r3, r3, r2
ARM GAS  C:\Users\DAELT-~1\AppData\Local\Temp\cc8H7Tyn.s 			page 59


 1846 07a0 03F51063 		add	r3, r3, #2304
 1847              		.loc 1 1455 16
 1848 07a4 1B68     		ldr	r3, [r3]
 1849 07a6 BB61     		str	r3, [r7, #24]
1456:Drivers/STM32F4xx_HAL_Driver/Src/stm32f4xx_hal_pcd.c **** 
1457:Drivers/STM32F4xx_HAL_Driver/Src/stm32f4xx_hal_pcd.c ****         if ((hpcd->IN_ep[epnum].type == EP_TYPE_ISOC) &&
 1850              		.loc 1 1457 32
 1851 07a8 7968     		ldr	r1, [r7, #4]
 1852 07aa 7A6A     		ldr	r2, [r7, #36]
 1853 07ac 1346     		mov	r3, r2
 1854 07ae DB00     		lsls	r3, r3, #3
 1855 07b0 1344     		add	r3, r3, r2
 1856 07b2 9B00     		lsls	r3, r3, #2
 1857 07b4 0B44     		add	r3, r3, r1
 1858 07b6 1833     		adds	r3, r3, #24
 1859 07b8 1B78     		ldrb	r3, [r3]	@ zero_extendqisi2
 1860              		.loc 1 1457 12
 1861 07ba 012B     		cmp	r3, #1
 1862 07bc 15D1     		bne	.L74
1458:Drivers/STM32F4xx_HAL_Driver/Src/stm32f4xx_hal_pcd.c ****             ((RegVal & USB_OTG_DIEPCTL_EPENA) == USB_OTG_DIEPCTL_EPENA))
 1863              		.loc 1 1458 47
 1864 07be BB69     		ldr	r3, [r7, #24]
1457:Drivers/STM32F4xx_HAL_Driver/Src/stm32f4xx_hal_pcd.c ****             ((RegVal & USB_OTG_DIEPCTL_EPENA) == USB_OTG_DIEPCTL_EPENA))
 1865              		.loc 1 1457 55 discriminator 1
 1866 07c0 002B     		cmp	r3, #0
 1867 07c2 12DA     		bge	.L74
1459:Drivers/STM32F4xx_HAL_Driver/Src/stm32f4xx_hal_pcd.c ****         {
1460:Drivers/STM32F4xx_HAL_Driver/Src/stm32f4xx_hal_pcd.c ****           hpcd->IN_ep[epnum].is_iso_incomplete = 1U;
 1868              		.loc 1 1460 48
 1869 07c4 7968     		ldr	r1, [r7, #4]
 1870 07c6 7A6A     		ldr	r2, [r7, #36]
 1871 07c8 1346     		mov	r3, r2
 1872 07ca DB00     		lsls	r3, r3, #3
 1873 07cc 1344     		add	r3, r3, r2
 1874 07ce 9B00     		lsls	r3, r3, #2
 1875 07d0 0B44     		add	r3, r3, r1
 1876 07d2 1733     		adds	r3, r3, #23
 1877 07d4 0122     		movs	r2, #1
 1878 07d6 1A70     		strb	r2, [r3]
1461:Drivers/STM32F4xx_HAL_Driver/Src/stm32f4xx_hal_pcd.c **** 
1462:Drivers/STM32F4xx_HAL_Driver/Src/stm32f4xx_hal_pcd.c ****           /* Abort current transaction and disable the EP */
1463:Drivers/STM32F4xx_HAL_Driver/Src/stm32f4xx_hal_pcd.c ****           (void)HAL_PCD_EP_Abort(hpcd, (uint8_t)(epnum | 0x80U));
 1879              		.loc 1 1463 17
 1880 07d8 7B6A     		ldr	r3, [r7, #36]
 1881 07da DBB2     		uxtb	r3, r3
 1882 07dc 63F07F03 		orn	r3, r3, #127
 1883 07e0 DBB2     		uxtb	r3, r3
 1884 07e2 1946     		mov	r1, r3
 1885 07e4 7868     		ldr	r0, [r7, #4]
 1886 07e6 FFF7FEFF 		bl	HAL_PCD_EP_Abort
 1887              	.L74:
1453:Drivers/STM32F4xx_HAL_Driver/Src/stm32f4xx_hal_pcd.c ****       {
 1888              		.loc 1 1453 63 discriminator 2
 1889 07ea 7B6A     		ldr	r3, [r7, #36]
 1890 07ec 0133     		adds	r3, r3, #1
 1891 07ee 7B62     		str	r3, [r7, #36]
 1892              	.L73:
ARM GAS  C:\Users\DAELT-~1\AppData\Local\Temp\cc8H7Tyn.s 			page 60


1453:Drivers/STM32F4xx_HAL_Driver/Src/stm32f4xx_hal_pcd.c ****       {
 1893              		.loc 1 1453 42 discriminator 1
 1894 07f0 7B68     		ldr	r3, [r7, #4]
 1895 07f2 1B79     		ldrb	r3, [r3, #4]	@ zero_extendqisi2
 1896 07f4 1A46     		mov	r2, r3
1453:Drivers/STM32F4xx_HAL_Driver/Src/stm32f4xx_hal_pcd.c ****       {
 1897              		.loc 1 1453 30 discriminator 1
 1898 07f6 7B6A     		ldr	r3, [r7, #36]
 1899 07f8 9342     		cmp	r3, r2
 1900 07fa CDD3     		bcc	.L75
1464:Drivers/STM32F4xx_HAL_Driver/Src/stm32f4xx_hal_pcd.c ****         }
1465:Drivers/STM32F4xx_HAL_Driver/Src/stm32f4xx_hal_pcd.c ****       }
1466:Drivers/STM32F4xx_HAL_Driver/Src/stm32f4xx_hal_pcd.c **** 
1467:Drivers/STM32F4xx_HAL_Driver/Src/stm32f4xx_hal_pcd.c ****       __HAL_PCD_CLEAR_FLAG(hpcd, USB_OTG_GINTSTS_IISOIXFR);
 1901              		.loc 1 1467 7
 1902 07fc 7B68     		ldr	r3, [r7, #4]
 1903 07fe 1B68     		ldr	r3, [r3]
 1904 0800 5A69     		ldr	r2, [r3, #20]
 1905 0802 7B68     		ldr	r3, [r7, #4]
 1906 0804 1B68     		ldr	r3, [r3]
 1907 0806 02F48012 		and	r2, r2, #1048576
 1908 080a 5A61     		str	r2, [r3, #20]
 1909              	.L72:
1468:Drivers/STM32F4xx_HAL_Driver/Src/stm32f4xx_hal_pcd.c ****     }
1469:Drivers/STM32F4xx_HAL_Driver/Src/stm32f4xx_hal_pcd.c **** 
1470:Drivers/STM32F4xx_HAL_Driver/Src/stm32f4xx_hal_pcd.c ****     /* Handle Incomplete ISO OUT Interrupt */
1471:Drivers/STM32F4xx_HAL_Driver/Src/stm32f4xx_hal_pcd.c ****     if (__HAL_PCD_GET_FLAG(hpcd, USB_OTG_GINTSTS_PXFR_INCOMPISOOUT))
 1910              		.loc 1 1471 9
 1911 080c 7B68     		ldr	r3, [r7, #4]
 1912 080e 1B68     		ldr	r3, [r3]
 1913 0810 1846     		mov	r0, r3
 1914 0812 FFF7FEFF 		bl	USB_ReadInterrupts
 1915 0816 0346     		mov	r3, r0
 1916              		.loc 1 1471 9 is_stmt 0 discriminator 1
 1917 0818 03F40013 		and	r3, r3, #2097152
 1918              		.loc 1 1471 8 is_stmt 1 discriminator 1
 1919 081c B3F5001F 		cmp	r3, #2097152
 1920 0820 56D1     		bne	.L76
1472:Drivers/STM32F4xx_HAL_Driver/Src/stm32f4xx_hal_pcd.c ****     {
1473:Drivers/STM32F4xx_HAL_Driver/Src/stm32f4xx_hal_pcd.c ****       for (epnum = 1U; epnum < hpcd->Init.dev_endpoints; epnum++)
 1921              		.loc 1 1473 18
 1922 0822 0123     		movs	r3, #1
 1923 0824 7B62     		str	r3, [r7, #36]
 1924              		.loc 1 1473 7
 1925 0826 45E0     		b	.L77
 1926              	.L80:
1474:Drivers/STM32F4xx_HAL_Driver/Src/stm32f4xx_hal_pcd.c ****       {
1475:Drivers/STM32F4xx_HAL_Driver/Src/stm32f4xx_hal_pcd.c ****         RegVal = USBx_OUTEP(epnum)->DOEPCTL;
 1927              		.loc 1 1475 18
 1928 0828 7B6A     		ldr	r3, [r7, #36]
 1929 082a 5A01     		lsls	r2, r3, #5
 1930 082c FB69     		ldr	r3, [r7, #28]
 1931 082e 1344     		add	r3, r3, r2
 1932 0830 03F53063 		add	r3, r3, #2816
 1933              		.loc 1 1475 16
 1934 0834 1B68     		ldr	r3, [r3]
 1935 0836 BB61     		str	r3, [r7, #24]
ARM GAS  C:\Users\DAELT-~1\AppData\Local\Temp\cc8H7Tyn.s 			page 61


1476:Drivers/STM32F4xx_HAL_Driver/Src/stm32f4xx_hal_pcd.c **** 
1477:Drivers/STM32F4xx_HAL_Driver/Src/stm32f4xx_hal_pcd.c ****         if ((hpcd->OUT_ep[epnum].type == EP_TYPE_ISOC) &&
 1936              		.loc 1 1477 33
 1937 0838 7968     		ldr	r1, [r7, #4]
 1938 083a 7A6A     		ldr	r2, [r7, #36]
 1939 083c 1346     		mov	r3, r2
 1940 083e DB00     		lsls	r3, r3, #3
 1941 0840 1344     		add	r3, r3, r2
 1942 0842 9B00     		lsls	r3, r3, #2
 1943 0844 0B44     		add	r3, r3, r1
 1944 0846 03F51673 		add	r3, r3, #600
 1945 084a 1B78     		ldrb	r3, [r3]	@ zero_extendqisi2
 1946              		.loc 1 1477 12
 1947 084c 012B     		cmp	r3, #1
 1948 084e 2ED1     		bne	.L78
1478:Drivers/STM32F4xx_HAL_Driver/Src/stm32f4xx_hal_pcd.c ****             ((RegVal & USB_OTG_DOEPCTL_EPENA) == USB_OTG_DOEPCTL_EPENA) &&
 1949              		.loc 1 1478 47
 1950 0850 BB69     		ldr	r3, [r7, #24]
1477:Drivers/STM32F4xx_HAL_Driver/Src/stm32f4xx_hal_pcd.c ****             ((RegVal & USB_OTG_DOEPCTL_EPENA) == USB_OTG_DOEPCTL_EPENA) &&
 1951              		.loc 1 1477 56 discriminator 1
 1952 0852 002B     		cmp	r3, #0
 1953 0854 2BDA     		bge	.L78
1479:Drivers/STM32F4xx_HAL_Driver/Src/stm32f4xx_hal_pcd.c ****             (((RegVal & (0x1U << 16)) >> 16U) == (hpcd->FrameNumber & 0x1U)))
 1954              		.loc 1 1479 39
 1955 0856 BB69     		ldr	r3, [r7, #24]
 1956 0858 1A0C     		lsrs	r2, r3, #16
 1957              		.loc 1 1479 55
 1958 085a 7B68     		ldr	r3, [r7, #4]
 1959 085c D3F8D434 		ldr	r3, [r3, #1236]
 1960              		.loc 1 1479 47
 1961 0860 5340     		eors	r3, r3, r2
 1962 0862 03F00103 		and	r3, r3, #1
1478:Drivers/STM32F4xx_HAL_Driver/Src/stm32f4xx_hal_pcd.c ****             ((RegVal & USB_OTG_DOEPCTL_EPENA) == USB_OTG_DOEPCTL_EPENA) &&
 1963              		.loc 1 1478 73
 1964 0866 002B     		cmp	r3, #0
 1965 0868 21D1     		bne	.L78
1480:Drivers/STM32F4xx_HAL_Driver/Src/stm32f4xx_hal_pcd.c ****         {
1481:Drivers/STM32F4xx_HAL_Driver/Src/stm32f4xx_hal_pcd.c ****           hpcd->OUT_ep[epnum].is_iso_incomplete = 1U;
 1966              		.loc 1 1481 49
 1967 086a 7968     		ldr	r1, [r7, #4]
 1968 086c 7A6A     		ldr	r2, [r7, #36]
 1969 086e 1346     		mov	r3, r2
 1970 0870 DB00     		lsls	r3, r3, #3
 1971 0872 1344     		add	r3, r3, r2
 1972 0874 9B00     		lsls	r3, r3, #2
 1973 0876 0B44     		add	r3, r3, r1
 1974 0878 03F25723 		addw	r3, r3, #599
 1975 087c 0122     		movs	r2, #1
 1976 087e 1A70     		strb	r2, [r3]
1482:Drivers/STM32F4xx_HAL_Driver/Src/stm32f4xx_hal_pcd.c **** 
1483:Drivers/STM32F4xx_HAL_Driver/Src/stm32f4xx_hal_pcd.c ****           USBx->GINTMSK |= USB_OTG_GINTMSK_GONAKEFFM;
 1977              		.loc 1 1483 15
 1978 0880 3B6A     		ldr	r3, [r7, #32]
 1979 0882 9B69     		ldr	r3, [r3, #24]
 1980              		.loc 1 1483 25
 1981 0884 43F08002 		orr	r2, r3, #128
 1982 0888 3B6A     		ldr	r3, [r7, #32]
ARM GAS  C:\Users\DAELT-~1\AppData\Local\Temp\cc8H7Tyn.s 			page 62


 1983 088a 9A61     		str	r2, [r3, #24]
1484:Drivers/STM32F4xx_HAL_Driver/Src/stm32f4xx_hal_pcd.c **** 
1485:Drivers/STM32F4xx_HAL_Driver/Src/stm32f4xx_hal_pcd.c ****           if ((USBx->GINTSTS & USB_OTG_GINTSTS_BOUTNAKEFF) == 0U)
 1984              		.loc 1 1485 20
 1985 088c 3B6A     		ldr	r3, [r7, #32]
 1986 088e 5B69     		ldr	r3, [r3, #20]
 1987              		.loc 1 1485 30
 1988 0890 03F08003 		and	r3, r3, #128
 1989              		.loc 1 1485 14
 1990 0894 002B     		cmp	r3, #0
 1991 0896 0AD1     		bne	.L78
1486:Drivers/STM32F4xx_HAL_Driver/Src/stm32f4xx_hal_pcd.c ****           {
1487:Drivers/STM32F4xx_HAL_Driver/Src/stm32f4xx_hal_pcd.c ****             USBx_DEVICE->DCTL |= USB_OTG_DCTL_SGONAK;
 1992              		.loc 1 1487 24
 1993 0898 FB69     		ldr	r3, [r7, #28]
 1994 089a 03F50063 		add	r3, r3, #2048
 1995 089e 5B68     		ldr	r3, [r3, #4]
 1996 08a0 FA69     		ldr	r2, [r7, #28]
 1997 08a2 02F50062 		add	r2, r2, #2048
 1998              		.loc 1 1487 31
 1999 08a6 43F40073 		orr	r3, r3, #512
 2000 08aa 5360     		str	r3, [r2, #4]
1488:Drivers/STM32F4xx_HAL_Driver/Src/stm32f4xx_hal_pcd.c ****             break;
 2001              		.loc 1 1488 13
 2002 08ac 08E0     		b	.L79
 2003              	.L78:
1473:Drivers/STM32F4xx_HAL_Driver/Src/stm32f4xx_hal_pcd.c ****       {
 2004              		.loc 1 1473 63 discriminator 2
 2005 08ae 7B6A     		ldr	r3, [r7, #36]
 2006 08b0 0133     		adds	r3, r3, #1
 2007 08b2 7B62     		str	r3, [r7, #36]
 2008              	.L77:
1473:Drivers/STM32F4xx_HAL_Driver/Src/stm32f4xx_hal_pcd.c ****       {
 2009              		.loc 1 1473 42 discriminator 1
 2010 08b4 7B68     		ldr	r3, [r7, #4]
 2011 08b6 1B79     		ldrb	r3, [r3, #4]	@ zero_extendqisi2
 2012 08b8 1A46     		mov	r2, r3
1473:Drivers/STM32F4xx_HAL_Driver/Src/stm32f4xx_hal_pcd.c ****       {
 2013              		.loc 1 1473 30 discriminator 1
 2014 08ba 7B6A     		ldr	r3, [r7, #36]
 2015 08bc 9342     		cmp	r3, r2
 2016 08be B3D3     		bcc	.L80
 2017              	.L79:
1489:Drivers/STM32F4xx_HAL_Driver/Src/stm32f4xx_hal_pcd.c ****           }
1490:Drivers/STM32F4xx_HAL_Driver/Src/stm32f4xx_hal_pcd.c ****         }
1491:Drivers/STM32F4xx_HAL_Driver/Src/stm32f4xx_hal_pcd.c ****       }
1492:Drivers/STM32F4xx_HAL_Driver/Src/stm32f4xx_hal_pcd.c **** 
1493:Drivers/STM32F4xx_HAL_Driver/Src/stm32f4xx_hal_pcd.c ****       __HAL_PCD_CLEAR_FLAG(hpcd, USB_OTG_GINTSTS_PXFR_INCOMPISOOUT);
 2018              		.loc 1 1493 7
 2019 08c0 7B68     		ldr	r3, [r7, #4]
 2020 08c2 1B68     		ldr	r3, [r3]
 2021 08c4 5A69     		ldr	r2, [r3, #20]
 2022 08c6 7B68     		ldr	r3, [r7, #4]
 2023 08c8 1B68     		ldr	r3, [r3]
 2024 08ca 02F40012 		and	r2, r2, #2097152
 2025 08ce 5A61     		str	r2, [r3, #20]
 2026              	.L76:
ARM GAS  C:\Users\DAELT-~1\AppData\Local\Temp\cc8H7Tyn.s 			page 63


1494:Drivers/STM32F4xx_HAL_Driver/Src/stm32f4xx_hal_pcd.c ****     }
1495:Drivers/STM32F4xx_HAL_Driver/Src/stm32f4xx_hal_pcd.c **** 
1496:Drivers/STM32F4xx_HAL_Driver/Src/stm32f4xx_hal_pcd.c ****     /* Handle Connection event Interrupt */
1497:Drivers/STM32F4xx_HAL_Driver/Src/stm32f4xx_hal_pcd.c ****     if (__HAL_PCD_GET_FLAG(hpcd, USB_OTG_GINTSTS_SRQINT))
 2027              		.loc 1 1497 9
 2028 08d0 7B68     		ldr	r3, [r7, #4]
 2029 08d2 1B68     		ldr	r3, [r3]
 2030 08d4 1846     		mov	r0, r3
 2031 08d6 FFF7FEFF 		bl	USB_ReadInterrupts
 2032 08da 0346     		mov	r3, r0
 2033              		.loc 1 1497 9 is_stmt 0 discriminator 1
 2034 08dc 03F08043 		and	r3, r3, #1073741824
 2035              		.loc 1 1497 8 is_stmt 1 discriminator 1
 2036 08e0 B3F1804F 		cmp	r3, #1073741824
 2037 08e4 0AD1     		bne	.L81
1498:Drivers/STM32F4xx_HAL_Driver/Src/stm32f4xx_hal_pcd.c ****     {
1499:Drivers/STM32F4xx_HAL_Driver/Src/stm32f4xx_hal_pcd.c **** #if (USE_HAL_PCD_REGISTER_CALLBACKS == 1U)
1500:Drivers/STM32F4xx_HAL_Driver/Src/stm32f4xx_hal_pcd.c ****       hpcd->ConnectCallback(hpcd);
1501:Drivers/STM32F4xx_HAL_Driver/Src/stm32f4xx_hal_pcd.c **** #else
1502:Drivers/STM32F4xx_HAL_Driver/Src/stm32f4xx_hal_pcd.c ****       HAL_PCD_ConnectCallback(hpcd);
 2038              		.loc 1 1502 7
 2039 08e6 7868     		ldr	r0, [r7, #4]
 2040 08e8 FFF7FEFF 		bl	HAL_PCD_ConnectCallback
1503:Drivers/STM32F4xx_HAL_Driver/Src/stm32f4xx_hal_pcd.c **** #endif /* USE_HAL_PCD_REGISTER_CALLBACKS */
1504:Drivers/STM32F4xx_HAL_Driver/Src/stm32f4xx_hal_pcd.c **** 
1505:Drivers/STM32F4xx_HAL_Driver/Src/stm32f4xx_hal_pcd.c ****       __HAL_PCD_CLEAR_FLAG(hpcd, USB_OTG_GINTSTS_SRQINT);
 2041              		.loc 1 1505 7
 2042 08ec 7B68     		ldr	r3, [r7, #4]
 2043 08ee 1B68     		ldr	r3, [r3]
 2044 08f0 5A69     		ldr	r2, [r3, #20]
 2045 08f2 7B68     		ldr	r3, [r7, #4]
 2046 08f4 1B68     		ldr	r3, [r3]
 2047 08f6 02F08042 		and	r2, r2, #1073741824
 2048 08fa 5A61     		str	r2, [r3, #20]
 2049              	.L81:
1506:Drivers/STM32F4xx_HAL_Driver/Src/stm32f4xx_hal_pcd.c ****     }
1507:Drivers/STM32F4xx_HAL_Driver/Src/stm32f4xx_hal_pcd.c **** 
1508:Drivers/STM32F4xx_HAL_Driver/Src/stm32f4xx_hal_pcd.c ****     /* Handle Disconnection event Interrupt */
1509:Drivers/STM32F4xx_HAL_Driver/Src/stm32f4xx_hal_pcd.c ****     if (__HAL_PCD_GET_FLAG(hpcd, USB_OTG_GINTSTS_OTGINT))
 2050              		.loc 1 1509 9
 2051 08fc 7B68     		ldr	r3, [r7, #4]
 2052 08fe 1B68     		ldr	r3, [r3]
 2053 0900 1846     		mov	r0, r3
 2054 0902 FFF7FEFF 		bl	USB_ReadInterrupts
 2055 0906 0346     		mov	r3, r0
 2056              		.loc 1 1509 9 is_stmt 0 discriminator 1
 2057 0908 03F00403 		and	r3, r3, #4
 2058              		.loc 1 1509 8 is_stmt 1 discriminator 1
 2059 090c 042B     		cmp	r3, #4
 2060 090e 15D1     		bne	.L27
1510:Drivers/STM32F4xx_HAL_Driver/Src/stm32f4xx_hal_pcd.c ****     {
1511:Drivers/STM32F4xx_HAL_Driver/Src/stm32f4xx_hal_pcd.c ****       RegVal = hpcd->Instance->GOTGINT;
 2061              		.loc 1 1511 20
 2062 0910 7B68     		ldr	r3, [r7, #4]
 2063 0912 1B68     		ldr	r3, [r3]
 2064              		.loc 1 1511 14
 2065 0914 5B68     		ldr	r3, [r3, #4]
ARM GAS  C:\Users\DAELT-~1\AppData\Local\Temp\cc8H7Tyn.s 			page 64


 2066 0916 BB61     		str	r3, [r7, #24]
1512:Drivers/STM32F4xx_HAL_Driver/Src/stm32f4xx_hal_pcd.c **** 
1513:Drivers/STM32F4xx_HAL_Driver/Src/stm32f4xx_hal_pcd.c ****       if ((RegVal & USB_OTG_GOTGINT_SEDET) == USB_OTG_GOTGINT_SEDET)
 2067              		.loc 1 1513 19
 2068 0918 BB69     		ldr	r3, [r7, #24]
 2069 091a 03F00403 		and	r3, r3, #4
 2070              		.loc 1 1513 10
 2071 091e 002B     		cmp	r3, #0
 2072 0920 02D0     		beq	.L82
1514:Drivers/STM32F4xx_HAL_Driver/Src/stm32f4xx_hal_pcd.c ****       {
1515:Drivers/STM32F4xx_HAL_Driver/Src/stm32f4xx_hal_pcd.c **** #if (USE_HAL_PCD_REGISTER_CALLBACKS == 1U)
1516:Drivers/STM32F4xx_HAL_Driver/Src/stm32f4xx_hal_pcd.c ****         hpcd->DisconnectCallback(hpcd);
1517:Drivers/STM32F4xx_HAL_Driver/Src/stm32f4xx_hal_pcd.c **** #else
1518:Drivers/STM32F4xx_HAL_Driver/Src/stm32f4xx_hal_pcd.c ****         HAL_PCD_DisconnectCallback(hpcd);
 2073              		.loc 1 1518 9
 2074 0922 7868     		ldr	r0, [r7, #4]
 2075 0924 FFF7FEFF 		bl	HAL_PCD_DisconnectCallback
 2076              	.L82:
1519:Drivers/STM32F4xx_HAL_Driver/Src/stm32f4xx_hal_pcd.c **** #endif /* USE_HAL_PCD_REGISTER_CALLBACKS */
1520:Drivers/STM32F4xx_HAL_Driver/Src/stm32f4xx_hal_pcd.c ****       }
1521:Drivers/STM32F4xx_HAL_Driver/Src/stm32f4xx_hal_pcd.c ****       hpcd->Instance->GOTGINT |= RegVal;
 2077              		.loc 1 1521 11
 2078 0928 7B68     		ldr	r3, [r7, #4]
 2079 092a 1B68     		ldr	r3, [r3]
 2080              		.loc 1 1521 21
 2081 092c 5968     		ldr	r1, [r3, #4]
 2082              		.loc 1 1521 11
 2083 092e 7B68     		ldr	r3, [r7, #4]
 2084 0930 1B68     		ldr	r3, [r3]
 2085              		.loc 1 1521 31
 2086 0932 BA69     		ldr	r2, [r7, #24]
 2087 0934 0A43     		orrs	r2, r2, r1
 2088 0936 5A60     		str	r2, [r3, #4]
 2089 0938 00E0     		b	.L27
 2090              	.L83:
1086:Drivers/STM32F4xx_HAL_Driver/Src/stm32f4xx_hal_pcd.c ****     }
 2091              		.loc 1 1086 7
 2092 093a 00BF     		nop
 2093              	.L27:
1522:Drivers/STM32F4xx_HAL_Driver/Src/stm32f4xx_hal_pcd.c ****     }
1523:Drivers/STM32F4xx_HAL_Driver/Src/stm32f4xx_hal_pcd.c ****   }
1524:Drivers/STM32F4xx_HAL_Driver/Src/stm32f4xx_hal_pcd.c **** }
 2094              		.loc 1 1524 1
 2095 093c 3437     		adds	r7, r7, #52
 2096              	.LCFI35:
 2097              		.cfi_def_cfa_offset 12
 2098 093e BD46     		mov	sp, r7
 2099              	.LCFI36:
 2100              		.cfi_def_cfa_register 13
 2101              		@ sp needed
 2102 0940 90BD     		pop	{r4, r7, pc}
 2103              		.cfi_endproc
 2104              	.LFE226:
 2106              		.section	.text.HAL_PCD_WKUP_IRQHandler,"ax",%progbits
 2107              		.align	1
 2108              		.global	HAL_PCD_WKUP_IRQHandler
 2109              		.syntax unified
ARM GAS  C:\Users\DAELT-~1\AppData\Local\Temp\cc8H7Tyn.s 			page 65


 2110              		.thumb
 2111              		.thumb_func
 2113              	HAL_PCD_WKUP_IRQHandler:
 2114              	.LFB227:
1525:Drivers/STM32F4xx_HAL_Driver/Src/stm32f4xx_hal_pcd.c **** 
1526:Drivers/STM32F4xx_HAL_Driver/Src/stm32f4xx_hal_pcd.c **** 
1527:Drivers/STM32F4xx_HAL_Driver/Src/stm32f4xx_hal_pcd.c **** /**
1528:Drivers/STM32F4xx_HAL_Driver/Src/stm32f4xx_hal_pcd.c ****   * @brief  Handles PCD Wakeup interrupt request.
1529:Drivers/STM32F4xx_HAL_Driver/Src/stm32f4xx_hal_pcd.c ****   * @param  hpcd PCD handle
1530:Drivers/STM32F4xx_HAL_Driver/Src/stm32f4xx_hal_pcd.c ****   * @retval HAL status
1531:Drivers/STM32F4xx_HAL_Driver/Src/stm32f4xx_hal_pcd.c ****   */
1532:Drivers/STM32F4xx_HAL_Driver/Src/stm32f4xx_hal_pcd.c **** void HAL_PCD_WKUP_IRQHandler(PCD_HandleTypeDef *hpcd)
1533:Drivers/STM32F4xx_HAL_Driver/Src/stm32f4xx_hal_pcd.c **** {
 2115              		.loc 1 1533 1
 2116              		.cfi_startproc
 2117              		@ args = 0, pretend = 0, frame = 16
 2118              		@ frame_needed = 1, uses_anonymous_args = 0
 2119              		@ link register save eliminated.
 2120 0000 80B4     		push	{r7}
 2121              	.LCFI37:
 2122              		.cfi_def_cfa_offset 4
 2123              		.cfi_offset 7, -4
 2124 0002 85B0     		sub	sp, sp, #20
 2125              	.LCFI38:
 2126              		.cfi_def_cfa_offset 24
 2127 0004 00AF     		add	r7, sp, #0
 2128              	.LCFI39:
 2129              		.cfi_def_cfa_register 7
 2130 0006 7860     		str	r0, [r7, #4]
1534:Drivers/STM32F4xx_HAL_Driver/Src/stm32f4xx_hal_pcd.c **** #if defined (USB_OTG_FS)
1535:Drivers/STM32F4xx_HAL_Driver/Src/stm32f4xx_hal_pcd.c ****   USB_OTG_GlobalTypeDef *USBx;
1536:Drivers/STM32F4xx_HAL_Driver/Src/stm32f4xx_hal_pcd.c ****   USBx = hpcd->Instance;
 2131              		.loc 1 1536 8
 2132 0008 7B68     		ldr	r3, [r7, #4]
 2133 000a 1B68     		ldr	r3, [r3]
 2134 000c FB60     		str	r3, [r7, #12]
1537:Drivers/STM32F4xx_HAL_Driver/Src/stm32f4xx_hal_pcd.c **** 
1538:Drivers/STM32F4xx_HAL_Driver/Src/stm32f4xx_hal_pcd.c ****   if (USBx == USB_OTG_FS)
 2135              		.loc 1 1538 6
 2136 000e FB68     		ldr	r3, [r7, #12]
 2137 0010 B3F1A04F 		cmp	r3, #1342177280
 2138 0014 04D1     		bne	.L85
1539:Drivers/STM32F4xx_HAL_Driver/Src/stm32f4xx_hal_pcd.c ****   {
1540:Drivers/STM32F4xx_HAL_Driver/Src/stm32f4xx_hal_pcd.c ****     /* Clear EXTI pending Bit */
1541:Drivers/STM32F4xx_HAL_Driver/Src/stm32f4xx_hal_pcd.c ****     __HAL_USB_OTG_FS_WAKEUP_EXTI_CLEAR_FLAG();
 2139              		.loc 1 1541 5
 2140 0016 074B     		ldr	r3, .L88
 2141 0018 4FF48022 		mov	r2, #262144
 2142 001c 5A61     		str	r2, [r3, #20]
1542:Drivers/STM32F4xx_HAL_Driver/Src/stm32f4xx_hal_pcd.c ****   }
1543:Drivers/STM32F4xx_HAL_Driver/Src/stm32f4xx_hal_pcd.c ****   else
1544:Drivers/STM32F4xx_HAL_Driver/Src/stm32f4xx_hal_pcd.c **** #endif /* defined (USB_OTG_FS) */
1545:Drivers/STM32F4xx_HAL_Driver/Src/stm32f4xx_hal_pcd.c ****   {
1546:Drivers/STM32F4xx_HAL_Driver/Src/stm32f4xx_hal_pcd.c ****     /* Clear EXTI pending Bit */
1547:Drivers/STM32F4xx_HAL_Driver/Src/stm32f4xx_hal_pcd.c ****     __HAL_USB_OTG_HS_WAKEUP_EXTI_CLEAR_FLAG();
1548:Drivers/STM32F4xx_HAL_Driver/Src/stm32f4xx_hal_pcd.c ****   }
1549:Drivers/STM32F4xx_HAL_Driver/Src/stm32f4xx_hal_pcd.c **** }
ARM GAS  C:\Users\DAELT-~1\AppData\Local\Temp\cc8H7Tyn.s 			page 66


 2143              		.loc 1 1549 1
 2144 001e 03E0     		b	.L87
 2145              	.L85:
1547:Drivers/STM32F4xx_HAL_Driver/Src/stm32f4xx_hal_pcd.c ****   }
 2146              		.loc 1 1547 5
 2147 0020 044B     		ldr	r3, .L88
 2148 0022 4FF48012 		mov	r2, #1048576
 2149 0026 5A61     		str	r2, [r3, #20]
 2150              	.L87:
 2151              		.loc 1 1549 1
 2152 0028 00BF     		nop
 2153 002a 1437     		adds	r7, r7, #20
 2154              	.LCFI40:
 2155              		.cfi_def_cfa_offset 4
 2156 002c BD46     		mov	sp, r7
 2157              	.LCFI41:
 2158              		.cfi_def_cfa_register 13
 2159              		@ sp needed
 2160 002e 5DF8047B 		ldr	r7, [sp], #4
 2161              	.LCFI42:
 2162              		.cfi_restore 7
 2163              		.cfi_def_cfa_offset 0
 2164 0032 7047     		bx	lr
 2165              	.L89:
 2166              		.align	2
 2167              	.L88:
 2168 0034 003C0140 		.word	1073822720
 2169              		.cfi_endproc
 2170              	.LFE227:
 2172              		.section	.text.HAL_PCD_DataOutStageCallback,"ax",%progbits
 2173              		.align	1
 2174              		.weak	HAL_PCD_DataOutStageCallback
 2175              		.syntax unified
 2176              		.thumb
 2177              		.thumb_func
 2179              	HAL_PCD_DataOutStageCallback:
 2180              	.LFB228:
1550:Drivers/STM32F4xx_HAL_Driver/Src/stm32f4xx_hal_pcd.c **** #endif /* defined (USB_OTG_FS) || defined (USB_OTG_HS) */
1551:Drivers/STM32F4xx_HAL_Driver/Src/stm32f4xx_hal_pcd.c **** 
1552:Drivers/STM32F4xx_HAL_Driver/Src/stm32f4xx_hal_pcd.c **** 
1553:Drivers/STM32F4xx_HAL_Driver/Src/stm32f4xx_hal_pcd.c **** /**
1554:Drivers/STM32F4xx_HAL_Driver/Src/stm32f4xx_hal_pcd.c ****   * @brief  Data OUT stage callback.
1555:Drivers/STM32F4xx_HAL_Driver/Src/stm32f4xx_hal_pcd.c ****   * @param  hpcd PCD handle
1556:Drivers/STM32F4xx_HAL_Driver/Src/stm32f4xx_hal_pcd.c ****   * @param  epnum endpoint number
1557:Drivers/STM32F4xx_HAL_Driver/Src/stm32f4xx_hal_pcd.c ****   * @retval None
1558:Drivers/STM32F4xx_HAL_Driver/Src/stm32f4xx_hal_pcd.c ****   */
1559:Drivers/STM32F4xx_HAL_Driver/Src/stm32f4xx_hal_pcd.c **** __weak void HAL_PCD_DataOutStageCallback(PCD_HandleTypeDef *hpcd, uint8_t epnum)
1560:Drivers/STM32F4xx_HAL_Driver/Src/stm32f4xx_hal_pcd.c **** {
 2181              		.loc 1 1560 1
 2182              		.cfi_startproc
 2183              		@ args = 0, pretend = 0, frame = 8
 2184              		@ frame_needed = 1, uses_anonymous_args = 0
 2185              		@ link register save eliminated.
 2186 0000 80B4     		push	{r7}
 2187              	.LCFI43:
 2188              		.cfi_def_cfa_offset 4
 2189              		.cfi_offset 7, -4
ARM GAS  C:\Users\DAELT-~1\AppData\Local\Temp\cc8H7Tyn.s 			page 67


 2190 0002 83B0     		sub	sp, sp, #12
 2191              	.LCFI44:
 2192              		.cfi_def_cfa_offset 16
 2193 0004 00AF     		add	r7, sp, #0
 2194              	.LCFI45:
 2195              		.cfi_def_cfa_register 7
 2196 0006 7860     		str	r0, [r7, #4]
 2197 0008 0B46     		mov	r3, r1
 2198 000a FB70     		strb	r3, [r7, #3]
1561:Drivers/STM32F4xx_HAL_Driver/Src/stm32f4xx_hal_pcd.c ****   /* Prevent unused argument(s) compilation warning */
1562:Drivers/STM32F4xx_HAL_Driver/Src/stm32f4xx_hal_pcd.c ****   UNUSED(hpcd);
1563:Drivers/STM32F4xx_HAL_Driver/Src/stm32f4xx_hal_pcd.c ****   UNUSED(epnum);
1564:Drivers/STM32F4xx_HAL_Driver/Src/stm32f4xx_hal_pcd.c **** 
1565:Drivers/STM32F4xx_HAL_Driver/Src/stm32f4xx_hal_pcd.c ****   /* NOTE : This function should not be modified, when the callback is needed,
1566:Drivers/STM32F4xx_HAL_Driver/Src/stm32f4xx_hal_pcd.c ****             the HAL_PCD_DataOutStageCallback could be implemented in the user file
1567:Drivers/STM32F4xx_HAL_Driver/Src/stm32f4xx_hal_pcd.c ****    */
1568:Drivers/STM32F4xx_HAL_Driver/Src/stm32f4xx_hal_pcd.c **** }
 2199              		.loc 1 1568 1
 2200 000c 00BF     		nop
 2201 000e 0C37     		adds	r7, r7, #12
 2202              	.LCFI46:
 2203              		.cfi_def_cfa_offset 4
 2204 0010 BD46     		mov	sp, r7
 2205              	.LCFI47:
 2206              		.cfi_def_cfa_register 13
 2207              		@ sp needed
 2208 0012 5DF8047B 		ldr	r7, [sp], #4
 2209              	.LCFI48:
 2210              		.cfi_restore 7
 2211              		.cfi_def_cfa_offset 0
 2212 0016 7047     		bx	lr
 2213              		.cfi_endproc
 2214              	.LFE228:
 2216              		.section	.text.HAL_PCD_DataInStageCallback,"ax",%progbits
 2217              		.align	1
 2218              		.weak	HAL_PCD_DataInStageCallback
 2219              		.syntax unified
 2220              		.thumb
 2221              		.thumb_func
 2223              	HAL_PCD_DataInStageCallback:
 2224              	.LFB229:
1569:Drivers/STM32F4xx_HAL_Driver/Src/stm32f4xx_hal_pcd.c **** 
1570:Drivers/STM32F4xx_HAL_Driver/Src/stm32f4xx_hal_pcd.c **** /**
1571:Drivers/STM32F4xx_HAL_Driver/Src/stm32f4xx_hal_pcd.c ****   * @brief  Data IN stage callback
1572:Drivers/STM32F4xx_HAL_Driver/Src/stm32f4xx_hal_pcd.c ****   * @param  hpcd PCD handle
1573:Drivers/STM32F4xx_HAL_Driver/Src/stm32f4xx_hal_pcd.c ****   * @param  epnum endpoint number
1574:Drivers/STM32F4xx_HAL_Driver/Src/stm32f4xx_hal_pcd.c ****   * @retval None
1575:Drivers/STM32F4xx_HAL_Driver/Src/stm32f4xx_hal_pcd.c ****   */
1576:Drivers/STM32F4xx_HAL_Driver/Src/stm32f4xx_hal_pcd.c **** __weak void HAL_PCD_DataInStageCallback(PCD_HandleTypeDef *hpcd, uint8_t epnum)
1577:Drivers/STM32F4xx_HAL_Driver/Src/stm32f4xx_hal_pcd.c **** {
 2225              		.loc 1 1577 1
 2226              		.cfi_startproc
 2227              		@ args = 0, pretend = 0, frame = 8
 2228              		@ frame_needed = 1, uses_anonymous_args = 0
 2229              		@ link register save eliminated.
 2230 0000 80B4     		push	{r7}
 2231              	.LCFI49:
ARM GAS  C:\Users\DAELT-~1\AppData\Local\Temp\cc8H7Tyn.s 			page 68


 2232              		.cfi_def_cfa_offset 4
 2233              		.cfi_offset 7, -4
 2234 0002 83B0     		sub	sp, sp, #12
 2235              	.LCFI50:
 2236              		.cfi_def_cfa_offset 16
 2237 0004 00AF     		add	r7, sp, #0
 2238              	.LCFI51:
 2239              		.cfi_def_cfa_register 7
 2240 0006 7860     		str	r0, [r7, #4]
 2241 0008 0B46     		mov	r3, r1
 2242 000a FB70     		strb	r3, [r7, #3]
1578:Drivers/STM32F4xx_HAL_Driver/Src/stm32f4xx_hal_pcd.c ****   /* Prevent unused argument(s) compilation warning */
1579:Drivers/STM32F4xx_HAL_Driver/Src/stm32f4xx_hal_pcd.c ****   UNUSED(hpcd);
1580:Drivers/STM32F4xx_HAL_Driver/Src/stm32f4xx_hal_pcd.c ****   UNUSED(epnum);
1581:Drivers/STM32F4xx_HAL_Driver/Src/stm32f4xx_hal_pcd.c **** 
1582:Drivers/STM32F4xx_HAL_Driver/Src/stm32f4xx_hal_pcd.c ****   /* NOTE : This function should not be modified, when the callback is needed,
1583:Drivers/STM32F4xx_HAL_Driver/Src/stm32f4xx_hal_pcd.c ****             the HAL_PCD_DataInStageCallback could be implemented in the user file
1584:Drivers/STM32F4xx_HAL_Driver/Src/stm32f4xx_hal_pcd.c ****    */
1585:Drivers/STM32F4xx_HAL_Driver/Src/stm32f4xx_hal_pcd.c **** }
 2243              		.loc 1 1585 1
 2244 000c 00BF     		nop
 2245 000e 0C37     		adds	r7, r7, #12
 2246              	.LCFI52:
 2247              		.cfi_def_cfa_offset 4
 2248 0010 BD46     		mov	sp, r7
 2249              	.LCFI53:
 2250              		.cfi_def_cfa_register 13
 2251              		@ sp needed
 2252 0012 5DF8047B 		ldr	r7, [sp], #4
 2253              	.LCFI54:
 2254              		.cfi_restore 7
 2255              		.cfi_def_cfa_offset 0
 2256 0016 7047     		bx	lr
 2257              		.cfi_endproc
 2258              	.LFE229:
 2260              		.section	.text.HAL_PCD_SetupStageCallback,"ax",%progbits
 2261              		.align	1
 2262              		.weak	HAL_PCD_SetupStageCallback
 2263              		.syntax unified
 2264              		.thumb
 2265              		.thumb_func
 2267              	HAL_PCD_SetupStageCallback:
 2268              	.LFB230:
1586:Drivers/STM32F4xx_HAL_Driver/Src/stm32f4xx_hal_pcd.c **** /**
1587:Drivers/STM32F4xx_HAL_Driver/Src/stm32f4xx_hal_pcd.c ****   * @brief  Setup stage callback
1588:Drivers/STM32F4xx_HAL_Driver/Src/stm32f4xx_hal_pcd.c ****   * @param  hpcd PCD handle
1589:Drivers/STM32F4xx_HAL_Driver/Src/stm32f4xx_hal_pcd.c ****   * @retval None
1590:Drivers/STM32F4xx_HAL_Driver/Src/stm32f4xx_hal_pcd.c ****   */
1591:Drivers/STM32F4xx_HAL_Driver/Src/stm32f4xx_hal_pcd.c **** __weak void HAL_PCD_SetupStageCallback(PCD_HandleTypeDef *hpcd)
1592:Drivers/STM32F4xx_HAL_Driver/Src/stm32f4xx_hal_pcd.c **** {
 2269              		.loc 1 1592 1
 2270              		.cfi_startproc
 2271              		@ args = 0, pretend = 0, frame = 8
 2272              		@ frame_needed = 1, uses_anonymous_args = 0
 2273              		@ link register save eliminated.
 2274 0000 80B4     		push	{r7}
 2275              	.LCFI55:
ARM GAS  C:\Users\DAELT-~1\AppData\Local\Temp\cc8H7Tyn.s 			page 69


 2276              		.cfi_def_cfa_offset 4
 2277              		.cfi_offset 7, -4
 2278 0002 83B0     		sub	sp, sp, #12
 2279              	.LCFI56:
 2280              		.cfi_def_cfa_offset 16
 2281 0004 00AF     		add	r7, sp, #0
 2282              	.LCFI57:
 2283              		.cfi_def_cfa_register 7
 2284 0006 7860     		str	r0, [r7, #4]
1593:Drivers/STM32F4xx_HAL_Driver/Src/stm32f4xx_hal_pcd.c ****   /* Prevent unused argument(s) compilation warning */
1594:Drivers/STM32F4xx_HAL_Driver/Src/stm32f4xx_hal_pcd.c ****   UNUSED(hpcd);
1595:Drivers/STM32F4xx_HAL_Driver/Src/stm32f4xx_hal_pcd.c **** 
1596:Drivers/STM32F4xx_HAL_Driver/Src/stm32f4xx_hal_pcd.c ****   /* NOTE : This function should not be modified, when the callback is needed,
1597:Drivers/STM32F4xx_HAL_Driver/Src/stm32f4xx_hal_pcd.c ****             the HAL_PCD_SetupStageCallback could be implemented in the user file
1598:Drivers/STM32F4xx_HAL_Driver/Src/stm32f4xx_hal_pcd.c ****    */
1599:Drivers/STM32F4xx_HAL_Driver/Src/stm32f4xx_hal_pcd.c **** }
 2285              		.loc 1 1599 1
 2286 0008 00BF     		nop
 2287 000a 0C37     		adds	r7, r7, #12
 2288              	.LCFI58:
 2289              		.cfi_def_cfa_offset 4
 2290 000c BD46     		mov	sp, r7
 2291              	.LCFI59:
 2292              		.cfi_def_cfa_register 13
 2293              		@ sp needed
 2294 000e 5DF8047B 		ldr	r7, [sp], #4
 2295              	.LCFI60:
 2296              		.cfi_restore 7
 2297              		.cfi_def_cfa_offset 0
 2298 0012 7047     		bx	lr
 2299              		.cfi_endproc
 2300              	.LFE230:
 2302              		.section	.text.HAL_PCD_SOFCallback,"ax",%progbits
 2303              		.align	1
 2304              		.weak	HAL_PCD_SOFCallback
 2305              		.syntax unified
 2306              		.thumb
 2307              		.thumb_func
 2309              	HAL_PCD_SOFCallback:
 2310              	.LFB231:
1600:Drivers/STM32F4xx_HAL_Driver/Src/stm32f4xx_hal_pcd.c **** 
1601:Drivers/STM32F4xx_HAL_Driver/Src/stm32f4xx_hal_pcd.c **** /**
1602:Drivers/STM32F4xx_HAL_Driver/Src/stm32f4xx_hal_pcd.c ****   * @brief  USB Start Of Frame callback.
1603:Drivers/STM32F4xx_HAL_Driver/Src/stm32f4xx_hal_pcd.c ****   * @param  hpcd PCD handle
1604:Drivers/STM32F4xx_HAL_Driver/Src/stm32f4xx_hal_pcd.c ****   * @retval None
1605:Drivers/STM32F4xx_HAL_Driver/Src/stm32f4xx_hal_pcd.c ****   */
1606:Drivers/STM32F4xx_HAL_Driver/Src/stm32f4xx_hal_pcd.c **** __weak void HAL_PCD_SOFCallback(PCD_HandleTypeDef *hpcd)
1607:Drivers/STM32F4xx_HAL_Driver/Src/stm32f4xx_hal_pcd.c **** {
 2311              		.loc 1 1607 1
 2312              		.cfi_startproc
 2313              		@ args = 0, pretend = 0, frame = 8
 2314              		@ frame_needed = 1, uses_anonymous_args = 0
 2315              		@ link register save eliminated.
 2316 0000 80B4     		push	{r7}
 2317              	.LCFI61:
 2318              		.cfi_def_cfa_offset 4
 2319              		.cfi_offset 7, -4
ARM GAS  C:\Users\DAELT-~1\AppData\Local\Temp\cc8H7Tyn.s 			page 70


 2320 0002 83B0     		sub	sp, sp, #12
 2321              	.LCFI62:
 2322              		.cfi_def_cfa_offset 16
 2323 0004 00AF     		add	r7, sp, #0
 2324              	.LCFI63:
 2325              		.cfi_def_cfa_register 7
 2326 0006 7860     		str	r0, [r7, #4]
1608:Drivers/STM32F4xx_HAL_Driver/Src/stm32f4xx_hal_pcd.c ****   /* Prevent unused argument(s) compilation warning */
1609:Drivers/STM32F4xx_HAL_Driver/Src/stm32f4xx_hal_pcd.c ****   UNUSED(hpcd);
1610:Drivers/STM32F4xx_HAL_Driver/Src/stm32f4xx_hal_pcd.c **** 
1611:Drivers/STM32F4xx_HAL_Driver/Src/stm32f4xx_hal_pcd.c ****   /* NOTE : This function should not be modified, when the callback is needed,
1612:Drivers/STM32F4xx_HAL_Driver/Src/stm32f4xx_hal_pcd.c ****             the HAL_PCD_SOFCallback could be implemented in the user file
1613:Drivers/STM32F4xx_HAL_Driver/Src/stm32f4xx_hal_pcd.c ****    */
1614:Drivers/STM32F4xx_HAL_Driver/Src/stm32f4xx_hal_pcd.c **** }
 2327              		.loc 1 1614 1
 2328 0008 00BF     		nop
 2329 000a 0C37     		adds	r7, r7, #12
 2330              	.LCFI64:
 2331              		.cfi_def_cfa_offset 4
 2332 000c BD46     		mov	sp, r7
 2333              	.LCFI65:
 2334              		.cfi_def_cfa_register 13
 2335              		@ sp needed
 2336 000e 5DF8047B 		ldr	r7, [sp], #4
 2337              	.LCFI66:
 2338              		.cfi_restore 7
 2339              		.cfi_def_cfa_offset 0
 2340 0012 7047     		bx	lr
 2341              		.cfi_endproc
 2342              	.LFE231:
 2344              		.section	.text.HAL_PCD_ResetCallback,"ax",%progbits
 2345              		.align	1
 2346              		.weak	HAL_PCD_ResetCallback
 2347              		.syntax unified
 2348              		.thumb
 2349              		.thumb_func
 2351              	HAL_PCD_ResetCallback:
 2352              	.LFB232:
1615:Drivers/STM32F4xx_HAL_Driver/Src/stm32f4xx_hal_pcd.c **** 
1616:Drivers/STM32F4xx_HAL_Driver/Src/stm32f4xx_hal_pcd.c **** /**
1617:Drivers/STM32F4xx_HAL_Driver/Src/stm32f4xx_hal_pcd.c ****   * @brief  USB Reset callback.
1618:Drivers/STM32F4xx_HAL_Driver/Src/stm32f4xx_hal_pcd.c ****   * @param  hpcd PCD handle
1619:Drivers/STM32F4xx_HAL_Driver/Src/stm32f4xx_hal_pcd.c ****   * @retval None
1620:Drivers/STM32F4xx_HAL_Driver/Src/stm32f4xx_hal_pcd.c ****   */
1621:Drivers/STM32F4xx_HAL_Driver/Src/stm32f4xx_hal_pcd.c **** __weak void HAL_PCD_ResetCallback(PCD_HandleTypeDef *hpcd)
1622:Drivers/STM32F4xx_HAL_Driver/Src/stm32f4xx_hal_pcd.c **** {
 2353              		.loc 1 1622 1
 2354              		.cfi_startproc
 2355              		@ args = 0, pretend = 0, frame = 8
 2356              		@ frame_needed = 1, uses_anonymous_args = 0
 2357              		@ link register save eliminated.
 2358 0000 80B4     		push	{r7}
 2359              	.LCFI67:
 2360              		.cfi_def_cfa_offset 4
 2361              		.cfi_offset 7, -4
 2362 0002 83B0     		sub	sp, sp, #12
 2363              	.LCFI68:
ARM GAS  C:\Users\DAELT-~1\AppData\Local\Temp\cc8H7Tyn.s 			page 71


 2364              		.cfi_def_cfa_offset 16
 2365 0004 00AF     		add	r7, sp, #0
 2366              	.LCFI69:
 2367              		.cfi_def_cfa_register 7
 2368 0006 7860     		str	r0, [r7, #4]
1623:Drivers/STM32F4xx_HAL_Driver/Src/stm32f4xx_hal_pcd.c ****   /* Prevent unused argument(s) compilation warning */
1624:Drivers/STM32F4xx_HAL_Driver/Src/stm32f4xx_hal_pcd.c ****   UNUSED(hpcd);
1625:Drivers/STM32F4xx_HAL_Driver/Src/stm32f4xx_hal_pcd.c **** 
1626:Drivers/STM32F4xx_HAL_Driver/Src/stm32f4xx_hal_pcd.c ****   /* NOTE : This function should not be modified, when the callback is needed,
1627:Drivers/STM32F4xx_HAL_Driver/Src/stm32f4xx_hal_pcd.c ****             the HAL_PCD_ResetCallback could be implemented in the user file
1628:Drivers/STM32F4xx_HAL_Driver/Src/stm32f4xx_hal_pcd.c ****    */
1629:Drivers/STM32F4xx_HAL_Driver/Src/stm32f4xx_hal_pcd.c **** }
 2369              		.loc 1 1629 1
 2370 0008 00BF     		nop
 2371 000a 0C37     		adds	r7, r7, #12
 2372              	.LCFI70:
 2373              		.cfi_def_cfa_offset 4
 2374 000c BD46     		mov	sp, r7
 2375              	.LCFI71:
 2376              		.cfi_def_cfa_register 13
 2377              		@ sp needed
 2378 000e 5DF8047B 		ldr	r7, [sp], #4
 2379              	.LCFI72:
 2380              		.cfi_restore 7
 2381              		.cfi_def_cfa_offset 0
 2382 0012 7047     		bx	lr
 2383              		.cfi_endproc
 2384              	.LFE232:
 2386              		.section	.text.HAL_PCD_SuspendCallback,"ax",%progbits
 2387              		.align	1
 2388              		.weak	HAL_PCD_SuspendCallback
 2389              		.syntax unified
 2390              		.thumb
 2391              		.thumb_func
 2393              	HAL_PCD_SuspendCallback:
 2394              	.LFB233:
1630:Drivers/STM32F4xx_HAL_Driver/Src/stm32f4xx_hal_pcd.c **** 
1631:Drivers/STM32F4xx_HAL_Driver/Src/stm32f4xx_hal_pcd.c **** /**
1632:Drivers/STM32F4xx_HAL_Driver/Src/stm32f4xx_hal_pcd.c ****   * @brief  Suspend event callback.
1633:Drivers/STM32F4xx_HAL_Driver/Src/stm32f4xx_hal_pcd.c ****   * @param  hpcd PCD handle
1634:Drivers/STM32F4xx_HAL_Driver/Src/stm32f4xx_hal_pcd.c ****   * @retval None
1635:Drivers/STM32F4xx_HAL_Driver/Src/stm32f4xx_hal_pcd.c ****   */
1636:Drivers/STM32F4xx_HAL_Driver/Src/stm32f4xx_hal_pcd.c **** __weak void HAL_PCD_SuspendCallback(PCD_HandleTypeDef *hpcd)
1637:Drivers/STM32F4xx_HAL_Driver/Src/stm32f4xx_hal_pcd.c **** {
 2395              		.loc 1 1637 1
 2396              		.cfi_startproc
 2397              		@ args = 0, pretend = 0, frame = 8
 2398              		@ frame_needed = 1, uses_anonymous_args = 0
 2399              		@ link register save eliminated.
 2400 0000 80B4     		push	{r7}
 2401              	.LCFI73:
 2402              		.cfi_def_cfa_offset 4
 2403              		.cfi_offset 7, -4
 2404 0002 83B0     		sub	sp, sp, #12
 2405              	.LCFI74:
 2406              		.cfi_def_cfa_offset 16
 2407 0004 00AF     		add	r7, sp, #0
ARM GAS  C:\Users\DAELT-~1\AppData\Local\Temp\cc8H7Tyn.s 			page 72


 2408              	.LCFI75:
 2409              		.cfi_def_cfa_register 7
 2410 0006 7860     		str	r0, [r7, #4]
1638:Drivers/STM32F4xx_HAL_Driver/Src/stm32f4xx_hal_pcd.c ****   /* Prevent unused argument(s) compilation warning */
1639:Drivers/STM32F4xx_HAL_Driver/Src/stm32f4xx_hal_pcd.c ****   UNUSED(hpcd);
1640:Drivers/STM32F4xx_HAL_Driver/Src/stm32f4xx_hal_pcd.c **** 
1641:Drivers/STM32F4xx_HAL_Driver/Src/stm32f4xx_hal_pcd.c ****   /* NOTE : This function should not be modified, when the callback is needed,
1642:Drivers/STM32F4xx_HAL_Driver/Src/stm32f4xx_hal_pcd.c ****             the HAL_PCD_SuspendCallback could be implemented in the user file
1643:Drivers/STM32F4xx_HAL_Driver/Src/stm32f4xx_hal_pcd.c ****    */
1644:Drivers/STM32F4xx_HAL_Driver/Src/stm32f4xx_hal_pcd.c **** }
 2411              		.loc 1 1644 1
 2412 0008 00BF     		nop
 2413 000a 0C37     		adds	r7, r7, #12
 2414              	.LCFI76:
 2415              		.cfi_def_cfa_offset 4
 2416 000c BD46     		mov	sp, r7
 2417              	.LCFI77:
 2418              		.cfi_def_cfa_register 13
 2419              		@ sp needed
 2420 000e 5DF8047B 		ldr	r7, [sp], #4
 2421              	.LCFI78:
 2422              		.cfi_restore 7
 2423              		.cfi_def_cfa_offset 0
 2424 0012 7047     		bx	lr
 2425              		.cfi_endproc
 2426              	.LFE233:
 2428              		.section	.text.HAL_PCD_ResumeCallback,"ax",%progbits
 2429              		.align	1
 2430              		.weak	HAL_PCD_ResumeCallback
 2431              		.syntax unified
 2432              		.thumb
 2433              		.thumb_func
 2435              	HAL_PCD_ResumeCallback:
 2436              	.LFB234:
1645:Drivers/STM32F4xx_HAL_Driver/Src/stm32f4xx_hal_pcd.c **** 
1646:Drivers/STM32F4xx_HAL_Driver/Src/stm32f4xx_hal_pcd.c **** /**
1647:Drivers/STM32F4xx_HAL_Driver/Src/stm32f4xx_hal_pcd.c ****   * @brief  Resume event callback.
1648:Drivers/STM32F4xx_HAL_Driver/Src/stm32f4xx_hal_pcd.c ****   * @param  hpcd PCD handle
1649:Drivers/STM32F4xx_HAL_Driver/Src/stm32f4xx_hal_pcd.c ****   * @retval None
1650:Drivers/STM32F4xx_HAL_Driver/Src/stm32f4xx_hal_pcd.c ****   */
1651:Drivers/STM32F4xx_HAL_Driver/Src/stm32f4xx_hal_pcd.c **** __weak void HAL_PCD_ResumeCallback(PCD_HandleTypeDef *hpcd)
1652:Drivers/STM32F4xx_HAL_Driver/Src/stm32f4xx_hal_pcd.c **** {
 2437              		.loc 1 1652 1
 2438              		.cfi_startproc
 2439              		@ args = 0, pretend = 0, frame = 8
 2440              		@ frame_needed = 1, uses_anonymous_args = 0
 2441              		@ link register save eliminated.
 2442 0000 80B4     		push	{r7}
 2443              	.LCFI79:
 2444              		.cfi_def_cfa_offset 4
 2445              		.cfi_offset 7, -4
 2446 0002 83B0     		sub	sp, sp, #12
 2447              	.LCFI80:
 2448              		.cfi_def_cfa_offset 16
 2449 0004 00AF     		add	r7, sp, #0
 2450              	.LCFI81:
 2451              		.cfi_def_cfa_register 7
ARM GAS  C:\Users\DAELT-~1\AppData\Local\Temp\cc8H7Tyn.s 			page 73


 2452 0006 7860     		str	r0, [r7, #4]
1653:Drivers/STM32F4xx_HAL_Driver/Src/stm32f4xx_hal_pcd.c ****   /* Prevent unused argument(s) compilation warning */
1654:Drivers/STM32F4xx_HAL_Driver/Src/stm32f4xx_hal_pcd.c ****   UNUSED(hpcd);
1655:Drivers/STM32F4xx_HAL_Driver/Src/stm32f4xx_hal_pcd.c **** 
1656:Drivers/STM32F4xx_HAL_Driver/Src/stm32f4xx_hal_pcd.c ****   /* NOTE : This function should not be modified, when the callback is needed,
1657:Drivers/STM32F4xx_HAL_Driver/Src/stm32f4xx_hal_pcd.c ****             the HAL_PCD_ResumeCallback could be implemented in the user file
1658:Drivers/STM32F4xx_HAL_Driver/Src/stm32f4xx_hal_pcd.c ****    */
1659:Drivers/STM32F4xx_HAL_Driver/Src/stm32f4xx_hal_pcd.c **** }
 2453              		.loc 1 1659 1
 2454 0008 00BF     		nop
 2455 000a 0C37     		adds	r7, r7, #12
 2456              	.LCFI82:
 2457              		.cfi_def_cfa_offset 4
 2458 000c BD46     		mov	sp, r7
 2459              	.LCFI83:
 2460              		.cfi_def_cfa_register 13
 2461              		@ sp needed
 2462 000e 5DF8047B 		ldr	r7, [sp], #4
 2463              	.LCFI84:
 2464              		.cfi_restore 7
 2465              		.cfi_def_cfa_offset 0
 2466 0012 7047     		bx	lr
 2467              		.cfi_endproc
 2468              	.LFE234:
 2470              		.section	.text.HAL_PCD_ISOOUTIncompleteCallback,"ax",%progbits
 2471              		.align	1
 2472              		.weak	HAL_PCD_ISOOUTIncompleteCallback
 2473              		.syntax unified
 2474              		.thumb
 2475              		.thumb_func
 2477              	HAL_PCD_ISOOUTIncompleteCallback:
 2478              	.LFB235:
1660:Drivers/STM32F4xx_HAL_Driver/Src/stm32f4xx_hal_pcd.c **** 
1661:Drivers/STM32F4xx_HAL_Driver/Src/stm32f4xx_hal_pcd.c **** /**
1662:Drivers/STM32F4xx_HAL_Driver/Src/stm32f4xx_hal_pcd.c ****   * @brief  Incomplete ISO OUT callback.
1663:Drivers/STM32F4xx_HAL_Driver/Src/stm32f4xx_hal_pcd.c ****   * @param  hpcd PCD handle
1664:Drivers/STM32F4xx_HAL_Driver/Src/stm32f4xx_hal_pcd.c ****   * @param  epnum endpoint number
1665:Drivers/STM32F4xx_HAL_Driver/Src/stm32f4xx_hal_pcd.c ****   * @retval None
1666:Drivers/STM32F4xx_HAL_Driver/Src/stm32f4xx_hal_pcd.c ****   */
1667:Drivers/STM32F4xx_HAL_Driver/Src/stm32f4xx_hal_pcd.c **** __weak void HAL_PCD_ISOOUTIncompleteCallback(PCD_HandleTypeDef *hpcd, uint8_t epnum)
1668:Drivers/STM32F4xx_HAL_Driver/Src/stm32f4xx_hal_pcd.c **** {
 2479              		.loc 1 1668 1
 2480              		.cfi_startproc
 2481              		@ args = 0, pretend = 0, frame = 8
 2482              		@ frame_needed = 1, uses_anonymous_args = 0
 2483              		@ link register save eliminated.
 2484 0000 80B4     		push	{r7}
 2485              	.LCFI85:
 2486              		.cfi_def_cfa_offset 4
 2487              		.cfi_offset 7, -4
 2488 0002 83B0     		sub	sp, sp, #12
 2489              	.LCFI86:
 2490              		.cfi_def_cfa_offset 16
 2491 0004 00AF     		add	r7, sp, #0
 2492              	.LCFI87:
 2493              		.cfi_def_cfa_register 7
 2494 0006 7860     		str	r0, [r7, #4]
ARM GAS  C:\Users\DAELT-~1\AppData\Local\Temp\cc8H7Tyn.s 			page 74


 2495 0008 0B46     		mov	r3, r1
 2496 000a FB70     		strb	r3, [r7, #3]
1669:Drivers/STM32F4xx_HAL_Driver/Src/stm32f4xx_hal_pcd.c ****   /* Prevent unused argument(s) compilation warning */
1670:Drivers/STM32F4xx_HAL_Driver/Src/stm32f4xx_hal_pcd.c ****   UNUSED(hpcd);
1671:Drivers/STM32F4xx_HAL_Driver/Src/stm32f4xx_hal_pcd.c ****   UNUSED(epnum);
1672:Drivers/STM32F4xx_HAL_Driver/Src/stm32f4xx_hal_pcd.c **** 
1673:Drivers/STM32F4xx_HAL_Driver/Src/stm32f4xx_hal_pcd.c ****   /* NOTE : This function should not be modified, when the callback is needed,
1674:Drivers/STM32F4xx_HAL_Driver/Src/stm32f4xx_hal_pcd.c ****             the HAL_PCD_ISOOUTIncompleteCallback could be implemented in the user file
1675:Drivers/STM32F4xx_HAL_Driver/Src/stm32f4xx_hal_pcd.c ****    */
1676:Drivers/STM32F4xx_HAL_Driver/Src/stm32f4xx_hal_pcd.c **** }
 2497              		.loc 1 1676 1
 2498 000c 00BF     		nop
 2499 000e 0C37     		adds	r7, r7, #12
 2500              	.LCFI88:
 2501              		.cfi_def_cfa_offset 4
 2502 0010 BD46     		mov	sp, r7
 2503              	.LCFI89:
 2504              		.cfi_def_cfa_register 13
 2505              		@ sp needed
 2506 0012 5DF8047B 		ldr	r7, [sp], #4
 2507              	.LCFI90:
 2508              		.cfi_restore 7
 2509              		.cfi_def_cfa_offset 0
 2510 0016 7047     		bx	lr
 2511              		.cfi_endproc
 2512              	.LFE235:
 2514              		.section	.text.HAL_PCD_ISOINIncompleteCallback,"ax",%progbits
 2515              		.align	1
 2516              		.weak	HAL_PCD_ISOINIncompleteCallback
 2517              		.syntax unified
 2518              		.thumb
 2519              		.thumb_func
 2521              	HAL_PCD_ISOINIncompleteCallback:
 2522              	.LFB236:
1677:Drivers/STM32F4xx_HAL_Driver/Src/stm32f4xx_hal_pcd.c **** 
1678:Drivers/STM32F4xx_HAL_Driver/Src/stm32f4xx_hal_pcd.c **** /**
1679:Drivers/STM32F4xx_HAL_Driver/Src/stm32f4xx_hal_pcd.c ****   * @brief  Incomplete ISO IN callback.
1680:Drivers/STM32F4xx_HAL_Driver/Src/stm32f4xx_hal_pcd.c ****   * @param  hpcd PCD handle
1681:Drivers/STM32F4xx_HAL_Driver/Src/stm32f4xx_hal_pcd.c ****   * @param  epnum endpoint number
1682:Drivers/STM32F4xx_HAL_Driver/Src/stm32f4xx_hal_pcd.c ****   * @retval None
1683:Drivers/STM32F4xx_HAL_Driver/Src/stm32f4xx_hal_pcd.c ****   */
1684:Drivers/STM32F4xx_HAL_Driver/Src/stm32f4xx_hal_pcd.c **** __weak void HAL_PCD_ISOINIncompleteCallback(PCD_HandleTypeDef *hpcd, uint8_t epnum)
1685:Drivers/STM32F4xx_HAL_Driver/Src/stm32f4xx_hal_pcd.c **** {
 2523              		.loc 1 1685 1
 2524              		.cfi_startproc
 2525              		@ args = 0, pretend = 0, frame = 8
 2526              		@ frame_needed = 1, uses_anonymous_args = 0
 2527              		@ link register save eliminated.
 2528 0000 80B4     		push	{r7}
 2529              	.LCFI91:
 2530              		.cfi_def_cfa_offset 4
 2531              		.cfi_offset 7, -4
 2532 0002 83B0     		sub	sp, sp, #12
 2533              	.LCFI92:
 2534              		.cfi_def_cfa_offset 16
 2535 0004 00AF     		add	r7, sp, #0
 2536              	.LCFI93:
ARM GAS  C:\Users\DAELT-~1\AppData\Local\Temp\cc8H7Tyn.s 			page 75


 2537              		.cfi_def_cfa_register 7
 2538 0006 7860     		str	r0, [r7, #4]
 2539 0008 0B46     		mov	r3, r1
 2540 000a FB70     		strb	r3, [r7, #3]
1686:Drivers/STM32F4xx_HAL_Driver/Src/stm32f4xx_hal_pcd.c ****   /* Prevent unused argument(s) compilation warning */
1687:Drivers/STM32F4xx_HAL_Driver/Src/stm32f4xx_hal_pcd.c ****   UNUSED(hpcd);
1688:Drivers/STM32F4xx_HAL_Driver/Src/stm32f4xx_hal_pcd.c ****   UNUSED(epnum);
1689:Drivers/STM32F4xx_HAL_Driver/Src/stm32f4xx_hal_pcd.c **** 
1690:Drivers/STM32F4xx_HAL_Driver/Src/stm32f4xx_hal_pcd.c ****   /* NOTE : This function should not be modified, when the callback is needed,
1691:Drivers/STM32F4xx_HAL_Driver/Src/stm32f4xx_hal_pcd.c ****             the HAL_PCD_ISOINIncompleteCallback could be implemented in the user file
1692:Drivers/STM32F4xx_HAL_Driver/Src/stm32f4xx_hal_pcd.c ****    */
1693:Drivers/STM32F4xx_HAL_Driver/Src/stm32f4xx_hal_pcd.c **** }
 2541              		.loc 1 1693 1
 2542 000c 00BF     		nop
 2543 000e 0C37     		adds	r7, r7, #12
 2544              	.LCFI94:
 2545              		.cfi_def_cfa_offset 4
 2546 0010 BD46     		mov	sp, r7
 2547              	.LCFI95:
 2548              		.cfi_def_cfa_register 13
 2549              		@ sp needed
 2550 0012 5DF8047B 		ldr	r7, [sp], #4
 2551              	.LCFI96:
 2552              		.cfi_restore 7
 2553              		.cfi_def_cfa_offset 0
 2554 0016 7047     		bx	lr
 2555              		.cfi_endproc
 2556              	.LFE236:
 2558              		.section	.text.HAL_PCD_ConnectCallback,"ax",%progbits
 2559              		.align	1
 2560              		.weak	HAL_PCD_ConnectCallback
 2561              		.syntax unified
 2562              		.thumb
 2563              		.thumb_func
 2565              	HAL_PCD_ConnectCallback:
 2566              	.LFB237:
1694:Drivers/STM32F4xx_HAL_Driver/Src/stm32f4xx_hal_pcd.c **** 
1695:Drivers/STM32F4xx_HAL_Driver/Src/stm32f4xx_hal_pcd.c **** /**
1696:Drivers/STM32F4xx_HAL_Driver/Src/stm32f4xx_hal_pcd.c ****   * @brief  Connection event callback.
1697:Drivers/STM32F4xx_HAL_Driver/Src/stm32f4xx_hal_pcd.c ****   * @param  hpcd PCD handle
1698:Drivers/STM32F4xx_HAL_Driver/Src/stm32f4xx_hal_pcd.c ****   * @retval None
1699:Drivers/STM32F4xx_HAL_Driver/Src/stm32f4xx_hal_pcd.c ****   */
1700:Drivers/STM32F4xx_HAL_Driver/Src/stm32f4xx_hal_pcd.c **** __weak void HAL_PCD_ConnectCallback(PCD_HandleTypeDef *hpcd)
1701:Drivers/STM32F4xx_HAL_Driver/Src/stm32f4xx_hal_pcd.c **** {
 2567              		.loc 1 1701 1
 2568              		.cfi_startproc
 2569              		@ args = 0, pretend = 0, frame = 8
 2570              		@ frame_needed = 1, uses_anonymous_args = 0
 2571              		@ link register save eliminated.
 2572 0000 80B4     		push	{r7}
 2573              	.LCFI97:
 2574              		.cfi_def_cfa_offset 4
 2575              		.cfi_offset 7, -4
 2576 0002 83B0     		sub	sp, sp, #12
 2577              	.LCFI98:
 2578              		.cfi_def_cfa_offset 16
 2579 0004 00AF     		add	r7, sp, #0
ARM GAS  C:\Users\DAELT-~1\AppData\Local\Temp\cc8H7Tyn.s 			page 76


 2580              	.LCFI99:
 2581              		.cfi_def_cfa_register 7
 2582 0006 7860     		str	r0, [r7, #4]
1702:Drivers/STM32F4xx_HAL_Driver/Src/stm32f4xx_hal_pcd.c ****   /* Prevent unused argument(s) compilation warning */
1703:Drivers/STM32F4xx_HAL_Driver/Src/stm32f4xx_hal_pcd.c ****   UNUSED(hpcd);
1704:Drivers/STM32F4xx_HAL_Driver/Src/stm32f4xx_hal_pcd.c **** 
1705:Drivers/STM32F4xx_HAL_Driver/Src/stm32f4xx_hal_pcd.c ****   /* NOTE : This function should not be modified, when the callback is needed,
1706:Drivers/STM32F4xx_HAL_Driver/Src/stm32f4xx_hal_pcd.c ****             the HAL_PCD_ConnectCallback could be implemented in the user file
1707:Drivers/STM32F4xx_HAL_Driver/Src/stm32f4xx_hal_pcd.c ****    */
1708:Drivers/STM32F4xx_HAL_Driver/Src/stm32f4xx_hal_pcd.c **** }
 2583              		.loc 1 1708 1
 2584 0008 00BF     		nop
 2585 000a 0C37     		adds	r7, r7, #12
 2586              	.LCFI100:
 2587              		.cfi_def_cfa_offset 4
 2588 000c BD46     		mov	sp, r7
 2589              	.LCFI101:
 2590              		.cfi_def_cfa_register 13
 2591              		@ sp needed
 2592 000e 5DF8047B 		ldr	r7, [sp], #4
 2593              	.LCFI102:
 2594              		.cfi_restore 7
 2595              		.cfi_def_cfa_offset 0
 2596 0012 7047     		bx	lr
 2597              		.cfi_endproc
 2598              	.LFE237:
 2600              		.section	.text.HAL_PCD_DisconnectCallback,"ax",%progbits
 2601              		.align	1
 2602              		.weak	HAL_PCD_DisconnectCallback
 2603              		.syntax unified
 2604              		.thumb
 2605              		.thumb_func
 2607              	HAL_PCD_DisconnectCallback:
 2608              	.LFB238:
1709:Drivers/STM32F4xx_HAL_Driver/Src/stm32f4xx_hal_pcd.c **** 
1710:Drivers/STM32F4xx_HAL_Driver/Src/stm32f4xx_hal_pcd.c **** /**
1711:Drivers/STM32F4xx_HAL_Driver/Src/stm32f4xx_hal_pcd.c ****   * @brief  Disconnection event callback.
1712:Drivers/STM32F4xx_HAL_Driver/Src/stm32f4xx_hal_pcd.c ****   * @param  hpcd PCD handle
1713:Drivers/STM32F4xx_HAL_Driver/Src/stm32f4xx_hal_pcd.c ****   * @retval None
1714:Drivers/STM32F4xx_HAL_Driver/Src/stm32f4xx_hal_pcd.c ****   */
1715:Drivers/STM32F4xx_HAL_Driver/Src/stm32f4xx_hal_pcd.c **** __weak void HAL_PCD_DisconnectCallback(PCD_HandleTypeDef *hpcd)
1716:Drivers/STM32F4xx_HAL_Driver/Src/stm32f4xx_hal_pcd.c **** {
 2609              		.loc 1 1716 1
 2610              		.cfi_startproc
 2611              		@ args = 0, pretend = 0, frame = 8
 2612              		@ frame_needed = 1, uses_anonymous_args = 0
 2613              		@ link register save eliminated.
 2614 0000 80B4     		push	{r7}
 2615              	.LCFI103:
 2616              		.cfi_def_cfa_offset 4
 2617              		.cfi_offset 7, -4
 2618 0002 83B0     		sub	sp, sp, #12
 2619              	.LCFI104:
 2620              		.cfi_def_cfa_offset 16
 2621 0004 00AF     		add	r7, sp, #0
 2622              	.LCFI105:
 2623              		.cfi_def_cfa_register 7
ARM GAS  C:\Users\DAELT-~1\AppData\Local\Temp\cc8H7Tyn.s 			page 77


 2624 0006 7860     		str	r0, [r7, #4]
1717:Drivers/STM32F4xx_HAL_Driver/Src/stm32f4xx_hal_pcd.c ****   /* Prevent unused argument(s) compilation warning */
1718:Drivers/STM32F4xx_HAL_Driver/Src/stm32f4xx_hal_pcd.c ****   UNUSED(hpcd);
1719:Drivers/STM32F4xx_HAL_Driver/Src/stm32f4xx_hal_pcd.c **** 
1720:Drivers/STM32F4xx_HAL_Driver/Src/stm32f4xx_hal_pcd.c ****   /* NOTE : This function should not be modified, when the callback is needed,
1721:Drivers/STM32F4xx_HAL_Driver/Src/stm32f4xx_hal_pcd.c ****             the HAL_PCD_DisconnectCallback could be implemented in the user file
1722:Drivers/STM32F4xx_HAL_Driver/Src/stm32f4xx_hal_pcd.c ****    */
1723:Drivers/STM32F4xx_HAL_Driver/Src/stm32f4xx_hal_pcd.c **** }
 2625              		.loc 1 1723 1
 2626 0008 00BF     		nop
 2627 000a 0C37     		adds	r7, r7, #12
 2628              	.LCFI106:
 2629              		.cfi_def_cfa_offset 4
 2630 000c BD46     		mov	sp, r7
 2631              	.LCFI107:
 2632              		.cfi_def_cfa_register 13
 2633              		@ sp needed
 2634 000e 5DF8047B 		ldr	r7, [sp], #4
 2635              	.LCFI108:
 2636              		.cfi_restore 7
 2637              		.cfi_def_cfa_offset 0
 2638 0012 7047     		bx	lr
 2639              		.cfi_endproc
 2640              	.LFE238:
 2642              		.section	.text.HAL_PCD_DevConnect,"ax",%progbits
 2643              		.align	1
 2644              		.global	HAL_PCD_DevConnect
 2645              		.syntax unified
 2646              		.thumb
 2647              		.thumb_func
 2649              	HAL_PCD_DevConnect:
 2650              	.LFB239:
1724:Drivers/STM32F4xx_HAL_Driver/Src/stm32f4xx_hal_pcd.c **** 
1725:Drivers/STM32F4xx_HAL_Driver/Src/stm32f4xx_hal_pcd.c **** /**
1726:Drivers/STM32F4xx_HAL_Driver/Src/stm32f4xx_hal_pcd.c ****   * @}
1727:Drivers/STM32F4xx_HAL_Driver/Src/stm32f4xx_hal_pcd.c ****   */
1728:Drivers/STM32F4xx_HAL_Driver/Src/stm32f4xx_hal_pcd.c **** 
1729:Drivers/STM32F4xx_HAL_Driver/Src/stm32f4xx_hal_pcd.c **** /** @defgroup PCD_Exported_Functions_Group3 Peripheral Control functions
1730:Drivers/STM32F4xx_HAL_Driver/Src/stm32f4xx_hal_pcd.c ****   *  @brief   management functions
1731:Drivers/STM32F4xx_HAL_Driver/Src/stm32f4xx_hal_pcd.c ****   *
1732:Drivers/STM32F4xx_HAL_Driver/Src/stm32f4xx_hal_pcd.c **** @verbatim
1733:Drivers/STM32F4xx_HAL_Driver/Src/stm32f4xx_hal_pcd.c ****  ===============================================================================
1734:Drivers/STM32F4xx_HAL_Driver/Src/stm32f4xx_hal_pcd.c ****                       ##### Peripheral Control functions #####
1735:Drivers/STM32F4xx_HAL_Driver/Src/stm32f4xx_hal_pcd.c ****  ===============================================================================
1736:Drivers/STM32F4xx_HAL_Driver/Src/stm32f4xx_hal_pcd.c ****     [..]
1737:Drivers/STM32F4xx_HAL_Driver/Src/stm32f4xx_hal_pcd.c ****     This subsection provides a set of functions allowing to control the PCD data
1738:Drivers/STM32F4xx_HAL_Driver/Src/stm32f4xx_hal_pcd.c ****     transfers.
1739:Drivers/STM32F4xx_HAL_Driver/Src/stm32f4xx_hal_pcd.c **** 
1740:Drivers/STM32F4xx_HAL_Driver/Src/stm32f4xx_hal_pcd.c **** @endverbatim
1741:Drivers/STM32F4xx_HAL_Driver/Src/stm32f4xx_hal_pcd.c ****   * @{
1742:Drivers/STM32F4xx_HAL_Driver/Src/stm32f4xx_hal_pcd.c ****   */
1743:Drivers/STM32F4xx_HAL_Driver/Src/stm32f4xx_hal_pcd.c **** 
1744:Drivers/STM32F4xx_HAL_Driver/Src/stm32f4xx_hal_pcd.c **** /**
1745:Drivers/STM32F4xx_HAL_Driver/Src/stm32f4xx_hal_pcd.c ****   * @brief  Connect the USB device
1746:Drivers/STM32F4xx_HAL_Driver/Src/stm32f4xx_hal_pcd.c ****   * @param  hpcd PCD handle
1747:Drivers/STM32F4xx_HAL_Driver/Src/stm32f4xx_hal_pcd.c ****   * @retval HAL status
1748:Drivers/STM32F4xx_HAL_Driver/Src/stm32f4xx_hal_pcd.c ****   */
ARM GAS  C:\Users\DAELT-~1\AppData\Local\Temp\cc8H7Tyn.s 			page 78


1749:Drivers/STM32F4xx_HAL_Driver/Src/stm32f4xx_hal_pcd.c **** HAL_StatusTypeDef HAL_PCD_DevConnect(PCD_HandleTypeDef *hpcd)
1750:Drivers/STM32F4xx_HAL_Driver/Src/stm32f4xx_hal_pcd.c **** {
 2651              		.loc 1 1750 1
 2652              		.cfi_startproc
 2653              		@ args = 0, pretend = 0, frame = 16
 2654              		@ frame_needed = 1, uses_anonymous_args = 0
 2655 0000 80B5     		push	{r7, lr}
 2656              	.LCFI109:
 2657              		.cfi_def_cfa_offset 8
 2658              		.cfi_offset 7, -8
 2659              		.cfi_offset 14, -4
 2660 0002 84B0     		sub	sp, sp, #16
 2661              	.LCFI110:
 2662              		.cfi_def_cfa_offset 24
 2663 0004 00AF     		add	r7, sp, #0
 2664              	.LCFI111:
 2665              		.cfi_def_cfa_register 7
 2666 0006 7860     		str	r0, [r7, #4]
1751:Drivers/STM32F4xx_HAL_Driver/Src/stm32f4xx_hal_pcd.c ****   USB_OTG_GlobalTypeDef *USBx = hpcd->Instance;
 2667              		.loc 1 1751 26
 2668 0008 7B68     		ldr	r3, [r7, #4]
 2669 000a 1B68     		ldr	r3, [r3]
 2670 000c FB60     		str	r3, [r7, #12]
1752:Drivers/STM32F4xx_HAL_Driver/Src/stm32f4xx_hal_pcd.c **** 
1753:Drivers/STM32F4xx_HAL_Driver/Src/stm32f4xx_hal_pcd.c ****   __HAL_LOCK(hpcd);
 2671              		.loc 1 1753 3
 2672 000e 7B68     		ldr	r3, [r7, #4]
 2673 0010 93F89434 		ldrb	r3, [r3, #1172]	@ zero_extendqisi2
 2674 0014 012B     		cmp	r3, #1
 2675 0016 01D1     		bne	.L102
 2676              		.loc 1 1753 3 is_stmt 0 discriminator 1
 2677 0018 0223     		movs	r3, #2
 2678              		.loc 1 1753 3
 2679 001a 1DE0     		b	.L103
 2680              	.L102:
 2681              		.loc 1 1753 3 discriminator 2
 2682 001c 7B68     		ldr	r3, [r7, #4]
 2683 001e 0122     		movs	r2, #1
 2684 0020 83F89424 		strb	r2, [r3, #1172]
1754:Drivers/STM32F4xx_HAL_Driver/Src/stm32f4xx_hal_pcd.c **** 
1755:Drivers/STM32F4xx_HAL_Driver/Src/stm32f4xx_hal_pcd.c ****   if (((USBx->GUSBCFG & USB_OTG_GUSBCFG_PHYSEL) != 0U) &&
 2685              		.loc 1 1755 13 is_stmt 1
 2686 0024 FB68     		ldr	r3, [r7, #12]
 2687 0026 DB68     		ldr	r3, [r3, #12]
 2688              		.loc 1 1755 23
 2689 0028 03F04003 		and	r3, r3, #64
 2690              		.loc 1 1755 6
 2691 002c 002B     		cmp	r3, #0
 2692 002e 09D0     		beq	.L104
1756:Drivers/STM32F4xx_HAL_Driver/Src/stm32f4xx_hal_pcd.c ****       (hpcd->Init.battery_charging_enable == 1U))
 2693              		.loc 1 1756 18
 2694 0030 7B68     		ldr	r3, [r7, #4]
 2695 0032 5B7B     		ldrb	r3, [r3, #13]	@ zero_extendqisi2
1755:Drivers/STM32F4xx_HAL_Driver/Src/stm32f4xx_hal_pcd.c ****       (hpcd->Init.battery_charging_enable == 1U))
 2696              		.loc 1 1755 56 discriminator 1
 2697 0034 012B     		cmp	r3, #1
 2698 0036 05D1     		bne	.L104
ARM GAS  C:\Users\DAELT-~1\AppData\Local\Temp\cc8H7Tyn.s 			page 79


1757:Drivers/STM32F4xx_HAL_Driver/Src/stm32f4xx_hal_pcd.c ****   {
1758:Drivers/STM32F4xx_HAL_Driver/Src/stm32f4xx_hal_pcd.c ****     /* Enable USB Transceiver */
1759:Drivers/STM32F4xx_HAL_Driver/Src/stm32f4xx_hal_pcd.c ****     USBx->GCCFG |= USB_OTG_GCCFG_PWRDWN;
 2699              		.loc 1 1759 9
 2700 0038 FB68     		ldr	r3, [r7, #12]
 2701 003a 9B6B     		ldr	r3, [r3, #56]
 2702              		.loc 1 1759 17
 2703 003c 43F48032 		orr	r2, r3, #65536
 2704 0040 FB68     		ldr	r3, [r7, #12]
 2705 0042 9A63     		str	r2, [r3, #56]
 2706              	.L104:
1760:Drivers/STM32F4xx_HAL_Driver/Src/stm32f4xx_hal_pcd.c ****   }
1761:Drivers/STM32F4xx_HAL_Driver/Src/stm32f4xx_hal_pcd.c ****   (void)USB_DevConnect(hpcd->Instance);
 2707              		.loc 1 1761 28
 2708 0044 7B68     		ldr	r3, [r7, #4]
 2709 0046 1B68     		ldr	r3, [r3]
 2710              		.loc 1 1761 9
 2711 0048 1846     		mov	r0, r3
 2712 004a FFF7FEFF 		bl	USB_DevConnect
1762:Drivers/STM32F4xx_HAL_Driver/Src/stm32f4xx_hal_pcd.c ****   __HAL_UNLOCK(hpcd);
 2713              		.loc 1 1762 3
 2714 004e 7B68     		ldr	r3, [r7, #4]
 2715 0050 0022     		movs	r2, #0
 2716 0052 83F89424 		strb	r2, [r3, #1172]
1763:Drivers/STM32F4xx_HAL_Driver/Src/stm32f4xx_hal_pcd.c **** 
1764:Drivers/STM32F4xx_HAL_Driver/Src/stm32f4xx_hal_pcd.c ****   return HAL_OK;
 2717              		.loc 1 1764 10
 2718 0056 0023     		movs	r3, #0
 2719              	.L103:
1765:Drivers/STM32F4xx_HAL_Driver/Src/stm32f4xx_hal_pcd.c **** }
 2720              		.loc 1 1765 1
 2721 0058 1846     		mov	r0, r3
 2722 005a 1037     		adds	r7, r7, #16
 2723              	.LCFI112:
 2724              		.cfi_def_cfa_offset 8
 2725 005c BD46     		mov	sp, r7
 2726              	.LCFI113:
 2727              		.cfi_def_cfa_register 13
 2728              		@ sp needed
 2729 005e 80BD     		pop	{r7, pc}
 2730              		.cfi_endproc
 2731              	.LFE239:
 2733              		.section	.text.HAL_PCD_DevDisconnect,"ax",%progbits
 2734              		.align	1
 2735              		.global	HAL_PCD_DevDisconnect
 2736              		.syntax unified
 2737              		.thumb
 2738              		.thumb_func
 2740              	HAL_PCD_DevDisconnect:
 2741              	.LFB240:
1766:Drivers/STM32F4xx_HAL_Driver/Src/stm32f4xx_hal_pcd.c **** 
1767:Drivers/STM32F4xx_HAL_Driver/Src/stm32f4xx_hal_pcd.c **** /**
1768:Drivers/STM32F4xx_HAL_Driver/Src/stm32f4xx_hal_pcd.c ****   * @brief  Disconnect the USB device.
1769:Drivers/STM32F4xx_HAL_Driver/Src/stm32f4xx_hal_pcd.c ****   * @param  hpcd PCD handle
1770:Drivers/STM32F4xx_HAL_Driver/Src/stm32f4xx_hal_pcd.c ****   * @retval HAL status
1771:Drivers/STM32F4xx_HAL_Driver/Src/stm32f4xx_hal_pcd.c ****   */
1772:Drivers/STM32F4xx_HAL_Driver/Src/stm32f4xx_hal_pcd.c **** HAL_StatusTypeDef HAL_PCD_DevDisconnect(PCD_HandleTypeDef *hpcd)
ARM GAS  C:\Users\DAELT-~1\AppData\Local\Temp\cc8H7Tyn.s 			page 80


1773:Drivers/STM32F4xx_HAL_Driver/Src/stm32f4xx_hal_pcd.c **** {
 2742              		.loc 1 1773 1
 2743              		.cfi_startproc
 2744              		@ args = 0, pretend = 0, frame = 16
 2745              		@ frame_needed = 1, uses_anonymous_args = 0
 2746 0000 80B5     		push	{r7, lr}
 2747              	.LCFI114:
 2748              		.cfi_def_cfa_offset 8
 2749              		.cfi_offset 7, -8
 2750              		.cfi_offset 14, -4
 2751 0002 84B0     		sub	sp, sp, #16
 2752              	.LCFI115:
 2753              		.cfi_def_cfa_offset 24
 2754 0004 00AF     		add	r7, sp, #0
 2755              	.LCFI116:
 2756              		.cfi_def_cfa_register 7
 2757 0006 7860     		str	r0, [r7, #4]
1774:Drivers/STM32F4xx_HAL_Driver/Src/stm32f4xx_hal_pcd.c ****   USB_OTG_GlobalTypeDef *USBx = hpcd->Instance;
 2758              		.loc 1 1774 26
 2759 0008 7B68     		ldr	r3, [r7, #4]
 2760 000a 1B68     		ldr	r3, [r3]
 2761 000c FB60     		str	r3, [r7, #12]
1775:Drivers/STM32F4xx_HAL_Driver/Src/stm32f4xx_hal_pcd.c **** 
1776:Drivers/STM32F4xx_HAL_Driver/Src/stm32f4xx_hal_pcd.c ****   __HAL_LOCK(hpcd);
 2762              		.loc 1 1776 3
 2763 000e 7B68     		ldr	r3, [r7, #4]
 2764 0010 93F89434 		ldrb	r3, [r3, #1172]	@ zero_extendqisi2
 2765 0014 012B     		cmp	r3, #1
 2766 0016 01D1     		bne	.L106
 2767              		.loc 1 1776 3 is_stmt 0 discriminator 1
 2768 0018 0223     		movs	r3, #2
 2769              		.loc 1 1776 3
 2770 001a 1DE0     		b	.L107
 2771              	.L106:
 2772              		.loc 1 1776 3 discriminator 2
 2773 001c 7B68     		ldr	r3, [r7, #4]
 2774 001e 0122     		movs	r2, #1
 2775 0020 83F89424 		strb	r2, [r3, #1172]
1777:Drivers/STM32F4xx_HAL_Driver/Src/stm32f4xx_hal_pcd.c ****   (void)USB_DevDisconnect(hpcd->Instance);
 2776              		.loc 1 1777 31 is_stmt 1
 2777 0024 7B68     		ldr	r3, [r7, #4]
 2778 0026 1B68     		ldr	r3, [r3]
 2779              		.loc 1 1777 9
 2780 0028 1846     		mov	r0, r3
 2781 002a FFF7FEFF 		bl	USB_DevDisconnect
1778:Drivers/STM32F4xx_HAL_Driver/Src/stm32f4xx_hal_pcd.c **** 
1779:Drivers/STM32F4xx_HAL_Driver/Src/stm32f4xx_hal_pcd.c ****   if (((USBx->GUSBCFG & USB_OTG_GUSBCFG_PHYSEL) != 0U) &&
 2782              		.loc 1 1779 13
 2783 002e FB68     		ldr	r3, [r7, #12]
 2784 0030 DB68     		ldr	r3, [r3, #12]
 2785              		.loc 1 1779 23
 2786 0032 03F04003 		and	r3, r3, #64
 2787              		.loc 1 1779 6
 2788 0036 002B     		cmp	r3, #0
 2789 0038 09D0     		beq	.L108
1780:Drivers/STM32F4xx_HAL_Driver/Src/stm32f4xx_hal_pcd.c ****       (hpcd->Init.battery_charging_enable == 1U))
 2790              		.loc 1 1780 18
ARM GAS  C:\Users\DAELT-~1\AppData\Local\Temp\cc8H7Tyn.s 			page 81


 2791 003a 7B68     		ldr	r3, [r7, #4]
 2792 003c 5B7B     		ldrb	r3, [r3, #13]	@ zero_extendqisi2
1779:Drivers/STM32F4xx_HAL_Driver/Src/stm32f4xx_hal_pcd.c ****       (hpcd->Init.battery_charging_enable == 1U))
 2793              		.loc 1 1779 56 discriminator 1
 2794 003e 012B     		cmp	r3, #1
 2795 0040 05D1     		bne	.L108
1781:Drivers/STM32F4xx_HAL_Driver/Src/stm32f4xx_hal_pcd.c ****   {
1782:Drivers/STM32F4xx_HAL_Driver/Src/stm32f4xx_hal_pcd.c ****     /* Disable USB Transceiver */
1783:Drivers/STM32F4xx_HAL_Driver/Src/stm32f4xx_hal_pcd.c ****     USBx->GCCFG &= ~(USB_OTG_GCCFG_PWRDWN);
 2796              		.loc 1 1783 9
 2797 0042 FB68     		ldr	r3, [r7, #12]
 2798 0044 9B6B     		ldr	r3, [r3, #56]
 2799              		.loc 1 1783 17
 2800 0046 23F48032 		bic	r2, r3, #65536
 2801 004a FB68     		ldr	r3, [r7, #12]
 2802 004c 9A63     		str	r2, [r3, #56]
 2803              	.L108:
1784:Drivers/STM32F4xx_HAL_Driver/Src/stm32f4xx_hal_pcd.c ****   }
1785:Drivers/STM32F4xx_HAL_Driver/Src/stm32f4xx_hal_pcd.c **** 
1786:Drivers/STM32F4xx_HAL_Driver/Src/stm32f4xx_hal_pcd.c ****   __HAL_UNLOCK(hpcd);
 2804              		.loc 1 1786 3
 2805 004e 7B68     		ldr	r3, [r7, #4]
 2806 0050 0022     		movs	r2, #0
 2807 0052 83F89424 		strb	r2, [r3, #1172]
1787:Drivers/STM32F4xx_HAL_Driver/Src/stm32f4xx_hal_pcd.c **** 
1788:Drivers/STM32F4xx_HAL_Driver/Src/stm32f4xx_hal_pcd.c ****   return HAL_OK;
 2808              		.loc 1 1788 10
 2809 0056 0023     		movs	r3, #0
 2810              	.L107:
1789:Drivers/STM32F4xx_HAL_Driver/Src/stm32f4xx_hal_pcd.c **** }
 2811              		.loc 1 1789 1
 2812 0058 1846     		mov	r0, r3
 2813 005a 1037     		adds	r7, r7, #16
 2814              	.LCFI117:
 2815              		.cfi_def_cfa_offset 8
 2816 005c BD46     		mov	sp, r7
 2817              	.LCFI118:
 2818              		.cfi_def_cfa_register 13
 2819              		@ sp needed
 2820 005e 80BD     		pop	{r7, pc}
 2821              		.cfi_endproc
 2822              	.LFE240:
 2824              		.section	.text.HAL_PCD_SetAddress,"ax",%progbits
 2825              		.align	1
 2826              		.global	HAL_PCD_SetAddress
 2827              		.syntax unified
 2828              		.thumb
 2829              		.thumb_func
 2831              	HAL_PCD_SetAddress:
 2832              	.LFB241:
1790:Drivers/STM32F4xx_HAL_Driver/Src/stm32f4xx_hal_pcd.c **** 
1791:Drivers/STM32F4xx_HAL_Driver/Src/stm32f4xx_hal_pcd.c **** /**
1792:Drivers/STM32F4xx_HAL_Driver/Src/stm32f4xx_hal_pcd.c ****   * @brief  Set the USB Device address.
1793:Drivers/STM32F4xx_HAL_Driver/Src/stm32f4xx_hal_pcd.c ****   * @param  hpcd PCD handle
1794:Drivers/STM32F4xx_HAL_Driver/Src/stm32f4xx_hal_pcd.c ****   * @param  address new device address
1795:Drivers/STM32F4xx_HAL_Driver/Src/stm32f4xx_hal_pcd.c ****   * @retval HAL status
1796:Drivers/STM32F4xx_HAL_Driver/Src/stm32f4xx_hal_pcd.c ****   */
ARM GAS  C:\Users\DAELT-~1\AppData\Local\Temp\cc8H7Tyn.s 			page 82


1797:Drivers/STM32F4xx_HAL_Driver/Src/stm32f4xx_hal_pcd.c **** HAL_StatusTypeDef HAL_PCD_SetAddress(PCD_HandleTypeDef *hpcd, uint8_t address)
1798:Drivers/STM32F4xx_HAL_Driver/Src/stm32f4xx_hal_pcd.c **** {
 2833              		.loc 1 1798 1
 2834              		.cfi_startproc
 2835              		@ args = 0, pretend = 0, frame = 8
 2836              		@ frame_needed = 1, uses_anonymous_args = 0
 2837 0000 80B5     		push	{r7, lr}
 2838              	.LCFI119:
 2839              		.cfi_def_cfa_offset 8
 2840              		.cfi_offset 7, -8
 2841              		.cfi_offset 14, -4
 2842 0002 82B0     		sub	sp, sp, #8
 2843              	.LCFI120:
 2844              		.cfi_def_cfa_offset 16
 2845 0004 00AF     		add	r7, sp, #0
 2846              	.LCFI121:
 2847              		.cfi_def_cfa_register 7
 2848 0006 7860     		str	r0, [r7, #4]
 2849 0008 0B46     		mov	r3, r1
 2850 000a FB70     		strb	r3, [r7, #3]
1799:Drivers/STM32F4xx_HAL_Driver/Src/stm32f4xx_hal_pcd.c ****   __HAL_LOCK(hpcd);
 2851              		.loc 1 1799 3
 2852 000c 7B68     		ldr	r3, [r7, #4]
 2853 000e 93F89434 		ldrb	r3, [r3, #1172]	@ zero_extendqisi2
 2854 0012 012B     		cmp	r3, #1
 2855 0014 01D1     		bne	.L110
 2856              		.loc 1 1799 3 is_stmt 0 discriminator 1
 2857 0016 0223     		movs	r3, #2
 2858              		.loc 1 1799 3
 2859 0018 12E0     		b	.L111
 2860              	.L110:
 2861              		.loc 1 1799 3 discriminator 2
 2862 001a 7B68     		ldr	r3, [r7, #4]
 2863 001c 0122     		movs	r2, #1
 2864 001e 83F89424 		strb	r2, [r3, #1172]
1800:Drivers/STM32F4xx_HAL_Driver/Src/stm32f4xx_hal_pcd.c ****   hpcd->USB_Address = address;
 2865              		.loc 1 1800 21 is_stmt 1
 2866 0022 7B68     		ldr	r3, [r7, #4]
 2867 0024 FA78     		ldrb	r2, [r7, #3]
 2868 0026 5A74     		strb	r2, [r3, #17]
1801:Drivers/STM32F4xx_HAL_Driver/Src/stm32f4xx_hal_pcd.c ****   (void)USB_SetDevAddress(hpcd->Instance, address);
 2869              		.loc 1 1801 31
 2870 0028 7B68     		ldr	r3, [r7, #4]
 2871 002a 1B68     		ldr	r3, [r3]
 2872              		.loc 1 1801 9
 2873 002c FA78     		ldrb	r2, [r7, #3]	@ zero_extendqisi2
 2874 002e 1146     		mov	r1, r2
 2875 0030 1846     		mov	r0, r3
 2876 0032 FFF7FEFF 		bl	USB_SetDevAddress
1802:Drivers/STM32F4xx_HAL_Driver/Src/stm32f4xx_hal_pcd.c ****   __HAL_UNLOCK(hpcd);
 2877              		.loc 1 1802 3
 2878 0036 7B68     		ldr	r3, [r7, #4]
 2879 0038 0022     		movs	r2, #0
 2880 003a 83F89424 		strb	r2, [r3, #1172]
1803:Drivers/STM32F4xx_HAL_Driver/Src/stm32f4xx_hal_pcd.c **** 
1804:Drivers/STM32F4xx_HAL_Driver/Src/stm32f4xx_hal_pcd.c ****   return HAL_OK;
 2881              		.loc 1 1804 10
ARM GAS  C:\Users\DAELT-~1\AppData\Local\Temp\cc8H7Tyn.s 			page 83


 2882 003e 0023     		movs	r3, #0
 2883              	.L111:
1805:Drivers/STM32F4xx_HAL_Driver/Src/stm32f4xx_hal_pcd.c **** }
 2884              		.loc 1 1805 1
 2885 0040 1846     		mov	r0, r3
 2886 0042 0837     		adds	r7, r7, #8
 2887              	.LCFI122:
 2888              		.cfi_def_cfa_offset 8
 2889 0044 BD46     		mov	sp, r7
 2890              	.LCFI123:
 2891              		.cfi_def_cfa_register 13
 2892              		@ sp needed
 2893 0046 80BD     		pop	{r7, pc}
 2894              		.cfi_endproc
 2895              	.LFE241:
 2897              		.section	.text.HAL_PCD_EP_Open,"ax",%progbits
 2898              		.align	1
 2899              		.global	HAL_PCD_EP_Open
 2900              		.syntax unified
 2901              		.thumb
 2902              		.thumb_func
 2904              	HAL_PCD_EP_Open:
 2905              	.LFB242:
1806:Drivers/STM32F4xx_HAL_Driver/Src/stm32f4xx_hal_pcd.c **** /**
1807:Drivers/STM32F4xx_HAL_Driver/Src/stm32f4xx_hal_pcd.c ****   * @brief  Open and configure an endpoint.
1808:Drivers/STM32F4xx_HAL_Driver/Src/stm32f4xx_hal_pcd.c ****   * @param  hpcd PCD handle
1809:Drivers/STM32F4xx_HAL_Driver/Src/stm32f4xx_hal_pcd.c ****   * @param  ep_addr endpoint address
1810:Drivers/STM32F4xx_HAL_Driver/Src/stm32f4xx_hal_pcd.c ****   * @param  ep_mps endpoint max packet size
1811:Drivers/STM32F4xx_HAL_Driver/Src/stm32f4xx_hal_pcd.c ****   * @param  ep_type endpoint type
1812:Drivers/STM32F4xx_HAL_Driver/Src/stm32f4xx_hal_pcd.c ****   * @retval HAL status
1813:Drivers/STM32F4xx_HAL_Driver/Src/stm32f4xx_hal_pcd.c ****   */
1814:Drivers/STM32F4xx_HAL_Driver/Src/stm32f4xx_hal_pcd.c **** HAL_StatusTypeDef HAL_PCD_EP_Open(PCD_HandleTypeDef *hpcd, uint8_t ep_addr,
1815:Drivers/STM32F4xx_HAL_Driver/Src/stm32f4xx_hal_pcd.c ****                                   uint16_t ep_mps, uint8_t ep_type)
1816:Drivers/STM32F4xx_HAL_Driver/Src/stm32f4xx_hal_pcd.c **** {
 2906              		.loc 1 1816 1
 2907              		.cfi_startproc
 2908              		@ args = 0, pretend = 0, frame = 16
 2909              		@ frame_needed = 1, uses_anonymous_args = 0
 2910 0000 80B5     		push	{r7, lr}
 2911              	.LCFI124:
 2912              		.cfi_def_cfa_offset 8
 2913              		.cfi_offset 7, -8
 2914              		.cfi_offset 14, -4
 2915 0002 84B0     		sub	sp, sp, #16
 2916              	.LCFI125:
 2917              		.cfi_def_cfa_offset 24
 2918 0004 00AF     		add	r7, sp, #0
 2919              	.LCFI126:
 2920              		.cfi_def_cfa_register 7
 2921 0006 7860     		str	r0, [r7, #4]
 2922 0008 0846     		mov	r0, r1
 2923 000a 1146     		mov	r1, r2
 2924 000c 1A46     		mov	r2, r3
 2925 000e 0346     		mov	r3, r0
 2926 0010 FB70     		strb	r3, [r7, #3]
 2927 0012 0B46     		mov	r3, r1	@ movhi
 2928 0014 3B80     		strh	r3, [r7]	@ movhi
ARM GAS  C:\Users\DAELT-~1\AppData\Local\Temp\cc8H7Tyn.s 			page 84


 2929 0016 1346     		mov	r3, r2
 2930 0018 BB70     		strb	r3, [r7, #2]
1817:Drivers/STM32F4xx_HAL_Driver/Src/stm32f4xx_hal_pcd.c ****   HAL_StatusTypeDef ret = HAL_OK;
 2931              		.loc 1 1817 21
 2932 001a 0023     		movs	r3, #0
 2933 001c FB72     		strb	r3, [r7, #11]
1818:Drivers/STM32F4xx_HAL_Driver/Src/stm32f4xx_hal_pcd.c ****   PCD_EPTypeDef *ep;
1819:Drivers/STM32F4xx_HAL_Driver/Src/stm32f4xx_hal_pcd.c **** 
1820:Drivers/STM32F4xx_HAL_Driver/Src/stm32f4xx_hal_pcd.c ****   if ((ep_addr & 0x80U) == 0x80U)
 2934              		.loc 1 1820 25
 2935 001e 97F90330 		ldrsb	r3, [r7, #3]
 2936              		.loc 1 1820 6
 2937 0022 002B     		cmp	r3, #0
 2938 0024 0FDA     		bge	.L113
1821:Drivers/STM32F4xx_HAL_Driver/Src/stm32f4xx_hal_pcd.c ****   {
1822:Drivers/STM32F4xx_HAL_Driver/Src/stm32f4xx_hal_pcd.c ****     ep = &hpcd->IN_ep[ep_addr & EP_ADDR_MSK];
 2939              		.loc 1 1822 31
 2940 0026 FB78     		ldrb	r3, [r7, #3]	@ zero_extendqisi2
 2941 0028 03F00F02 		and	r2, r3, #15
 2942              		.loc 1 1822 8
 2943 002c 1346     		mov	r3, r2
 2944 002e DB00     		lsls	r3, r3, #3
 2945 0030 1344     		add	r3, r3, r2
 2946 0032 9B00     		lsls	r3, r3, #2
 2947 0034 1033     		adds	r3, r3, #16
 2948 0036 7A68     		ldr	r2, [r7, #4]
 2949 0038 1344     		add	r3, r3, r2
 2950 003a 0433     		adds	r3, r3, #4
 2951 003c FB60     		str	r3, [r7, #12]
1823:Drivers/STM32F4xx_HAL_Driver/Src/stm32f4xx_hal_pcd.c ****     ep->is_in = 1U;
 2952              		.loc 1 1823 15
 2953 003e FB68     		ldr	r3, [r7, #12]
 2954 0040 0122     		movs	r2, #1
 2955 0042 5A70     		strb	r2, [r3, #1]
 2956 0044 0FE0     		b	.L114
 2957              	.L113:
1824:Drivers/STM32F4xx_HAL_Driver/Src/stm32f4xx_hal_pcd.c ****   }
1825:Drivers/STM32F4xx_HAL_Driver/Src/stm32f4xx_hal_pcd.c ****   else
1826:Drivers/STM32F4xx_HAL_Driver/Src/stm32f4xx_hal_pcd.c ****   {
1827:Drivers/STM32F4xx_HAL_Driver/Src/stm32f4xx_hal_pcd.c ****     ep = &hpcd->OUT_ep[ep_addr & EP_ADDR_MSK];
 2958              		.loc 1 1827 32
 2959 0046 FB78     		ldrb	r3, [r7, #3]	@ zero_extendqisi2
 2960 0048 03F00F02 		and	r2, r3, #15
 2961              		.loc 1 1827 8
 2962 004c 1346     		mov	r3, r2
 2963 004e DB00     		lsls	r3, r3, #3
 2964 0050 1344     		add	r3, r3, r2
 2965 0052 9B00     		lsls	r3, r3, #2
 2966 0054 03F51473 		add	r3, r3, #592
 2967 0058 7A68     		ldr	r2, [r7, #4]
 2968 005a 1344     		add	r3, r3, r2
 2969 005c 0433     		adds	r3, r3, #4
 2970 005e FB60     		str	r3, [r7, #12]
1828:Drivers/STM32F4xx_HAL_Driver/Src/stm32f4xx_hal_pcd.c ****     ep->is_in = 0U;
 2971              		.loc 1 1828 15
 2972 0060 FB68     		ldr	r3, [r7, #12]
 2973 0062 0022     		movs	r2, #0
ARM GAS  C:\Users\DAELT-~1\AppData\Local\Temp\cc8H7Tyn.s 			page 85


 2974 0064 5A70     		strb	r2, [r3, #1]
 2975              	.L114:
1829:Drivers/STM32F4xx_HAL_Driver/Src/stm32f4xx_hal_pcd.c ****   }
1830:Drivers/STM32F4xx_HAL_Driver/Src/stm32f4xx_hal_pcd.c **** 
1831:Drivers/STM32F4xx_HAL_Driver/Src/stm32f4xx_hal_pcd.c ****   ep->num = ep_addr & EP_ADDR_MSK;
 2976              		.loc 1 1831 21
 2977 0066 FB78     		ldrb	r3, [r7, #3]
 2978 0068 03F00F03 		and	r3, r3, #15
 2979 006c DAB2     		uxtb	r2, r3
 2980              		.loc 1 1831 11
 2981 006e FB68     		ldr	r3, [r7, #12]
 2982 0070 1A70     		strb	r2, [r3]
1832:Drivers/STM32F4xx_HAL_Driver/Src/stm32f4xx_hal_pcd.c ****   ep->maxpacket = (uint32_t)ep_mps & 0x7FFU;
 2983              		.loc 1 1832 36
 2984 0072 3B88     		ldrh	r3, [r7]
 2985 0074 C3F30A02 		ubfx	r2, r3, #0, #11
 2986              		.loc 1 1832 17
 2987 0078 FB68     		ldr	r3, [r7, #12]
 2988 007a 9A60     		str	r2, [r3, #8]
1833:Drivers/STM32F4xx_HAL_Driver/Src/stm32f4xx_hal_pcd.c ****   ep->type = ep_type;
 2989              		.loc 1 1833 12
 2990 007c FB68     		ldr	r3, [r7, #12]
 2991 007e BA78     		ldrb	r2, [r7, #2]
 2992 0080 1A71     		strb	r2, [r3, #4]
1834:Drivers/STM32F4xx_HAL_Driver/Src/stm32f4xx_hal_pcd.c **** 
1835:Drivers/STM32F4xx_HAL_Driver/Src/stm32f4xx_hal_pcd.c ****   if (ep->is_in != 0U)
 2993              		.loc 1 1835 9
 2994 0082 FB68     		ldr	r3, [r7, #12]
 2995 0084 5B78     		ldrb	r3, [r3, #1]	@ zero_extendqisi2
 2996              		.loc 1 1835 6
 2997 0086 002B     		cmp	r3, #0
 2998 0088 04D0     		beq	.L115
1836:Drivers/STM32F4xx_HAL_Driver/Src/stm32f4xx_hal_pcd.c ****   {
1837:Drivers/STM32F4xx_HAL_Driver/Src/stm32f4xx_hal_pcd.c ****     /* Assign a Tx FIFO */
1838:Drivers/STM32F4xx_HAL_Driver/Src/stm32f4xx_hal_pcd.c ****     ep->tx_fifo_num = ep->num;
 2999              		.loc 1 1838 25
 3000 008a FB68     		ldr	r3, [r7, #12]
 3001 008c 1B78     		ldrb	r3, [r3]	@ zero_extendqisi2
 3002 008e 1A46     		mov	r2, r3
 3003              		.loc 1 1838 21
 3004 0090 FB68     		ldr	r3, [r7, #12]
 3005 0092 5A83     		strh	r2, [r3, #26]	@ movhi
 3006              	.L115:
1839:Drivers/STM32F4xx_HAL_Driver/Src/stm32f4xx_hal_pcd.c ****   }
1840:Drivers/STM32F4xx_HAL_Driver/Src/stm32f4xx_hal_pcd.c **** 
1841:Drivers/STM32F4xx_HAL_Driver/Src/stm32f4xx_hal_pcd.c ****   /* Set initial data PID. */
1842:Drivers/STM32F4xx_HAL_Driver/Src/stm32f4xx_hal_pcd.c ****   if (ep_type == EP_TYPE_BULK)
 3007              		.loc 1 1842 6
 3008 0094 BB78     		ldrb	r3, [r7, #2]	@ zero_extendqisi2
 3009 0096 022B     		cmp	r3, #2
 3010 0098 02D1     		bne	.L116
1843:Drivers/STM32F4xx_HAL_Driver/Src/stm32f4xx_hal_pcd.c ****   {
1844:Drivers/STM32F4xx_HAL_Driver/Src/stm32f4xx_hal_pcd.c ****     ep->data_pid_start = 0U;
 3011              		.loc 1 1844 24
 3012 009a FB68     		ldr	r3, [r7, #12]
 3013 009c 0022     		movs	r2, #0
 3014 009e 5A71     		strb	r2, [r3, #5]
ARM GAS  C:\Users\DAELT-~1\AppData\Local\Temp\cc8H7Tyn.s 			page 86


 3015              	.L116:
1845:Drivers/STM32F4xx_HAL_Driver/Src/stm32f4xx_hal_pcd.c ****   }
1846:Drivers/STM32F4xx_HAL_Driver/Src/stm32f4xx_hal_pcd.c **** 
1847:Drivers/STM32F4xx_HAL_Driver/Src/stm32f4xx_hal_pcd.c ****   __HAL_LOCK(hpcd);
 3016              		.loc 1 1847 3
 3017 00a0 7B68     		ldr	r3, [r7, #4]
 3018 00a2 93F89434 		ldrb	r3, [r3, #1172]	@ zero_extendqisi2
 3019 00a6 012B     		cmp	r3, #1
 3020 00a8 01D1     		bne	.L117
 3021              		.loc 1 1847 3 is_stmt 0 discriminator 1
 3022 00aa 0223     		movs	r3, #2
 3023              		.loc 1 1847 3
 3024 00ac 0EE0     		b	.L118
 3025              	.L117:
 3026              		.loc 1 1847 3 discriminator 2
 3027 00ae 7B68     		ldr	r3, [r7, #4]
 3028 00b0 0122     		movs	r2, #1
 3029 00b2 83F89424 		strb	r2, [r3, #1172]
1848:Drivers/STM32F4xx_HAL_Driver/Src/stm32f4xx_hal_pcd.c ****   (void)USB_ActivateEndpoint(hpcd->Instance, ep);
 3030              		.loc 1 1848 34 is_stmt 1
 3031 00b6 7B68     		ldr	r3, [r7, #4]
 3032 00b8 1B68     		ldr	r3, [r3]
 3033              		.loc 1 1848 9
 3034 00ba F968     		ldr	r1, [r7, #12]
 3035 00bc 1846     		mov	r0, r3
 3036 00be FFF7FEFF 		bl	USB_ActivateEndpoint
1849:Drivers/STM32F4xx_HAL_Driver/Src/stm32f4xx_hal_pcd.c ****   __HAL_UNLOCK(hpcd);
 3037              		.loc 1 1849 3
 3038 00c2 7B68     		ldr	r3, [r7, #4]
 3039 00c4 0022     		movs	r2, #0
 3040 00c6 83F89424 		strb	r2, [r3, #1172]
1850:Drivers/STM32F4xx_HAL_Driver/Src/stm32f4xx_hal_pcd.c **** 
1851:Drivers/STM32F4xx_HAL_Driver/Src/stm32f4xx_hal_pcd.c ****   return ret;
 3041              		.loc 1 1851 10
 3042 00ca FB7A     		ldrb	r3, [r7, #11]	@ zero_extendqisi2
 3043              	.L118:
1852:Drivers/STM32F4xx_HAL_Driver/Src/stm32f4xx_hal_pcd.c **** }
 3044              		.loc 1 1852 1
 3045 00cc 1846     		mov	r0, r3
 3046 00ce 1037     		adds	r7, r7, #16
 3047              	.LCFI127:
 3048              		.cfi_def_cfa_offset 8
 3049 00d0 BD46     		mov	sp, r7
 3050              	.LCFI128:
 3051              		.cfi_def_cfa_register 13
 3052              		@ sp needed
 3053 00d2 80BD     		pop	{r7, pc}
 3054              		.cfi_endproc
 3055              	.LFE242:
 3057              		.section	.text.HAL_PCD_EP_Close,"ax",%progbits
 3058              		.align	1
 3059              		.global	HAL_PCD_EP_Close
 3060              		.syntax unified
 3061              		.thumb
 3062              		.thumb_func
 3064              	HAL_PCD_EP_Close:
 3065              	.LFB243:
ARM GAS  C:\Users\DAELT-~1\AppData\Local\Temp\cc8H7Tyn.s 			page 87


1853:Drivers/STM32F4xx_HAL_Driver/Src/stm32f4xx_hal_pcd.c **** 
1854:Drivers/STM32F4xx_HAL_Driver/Src/stm32f4xx_hal_pcd.c **** /**
1855:Drivers/STM32F4xx_HAL_Driver/Src/stm32f4xx_hal_pcd.c ****   * @brief  Deactivate an endpoint.
1856:Drivers/STM32F4xx_HAL_Driver/Src/stm32f4xx_hal_pcd.c ****   * @param  hpcd PCD handle
1857:Drivers/STM32F4xx_HAL_Driver/Src/stm32f4xx_hal_pcd.c ****   * @param  ep_addr endpoint address
1858:Drivers/STM32F4xx_HAL_Driver/Src/stm32f4xx_hal_pcd.c ****   * @retval HAL status
1859:Drivers/STM32F4xx_HAL_Driver/Src/stm32f4xx_hal_pcd.c ****   */
1860:Drivers/STM32F4xx_HAL_Driver/Src/stm32f4xx_hal_pcd.c **** HAL_StatusTypeDef HAL_PCD_EP_Close(PCD_HandleTypeDef *hpcd, uint8_t ep_addr)
1861:Drivers/STM32F4xx_HAL_Driver/Src/stm32f4xx_hal_pcd.c **** {
 3066              		.loc 1 1861 1
 3067              		.cfi_startproc
 3068              		@ args = 0, pretend = 0, frame = 16
 3069              		@ frame_needed = 1, uses_anonymous_args = 0
 3070 0000 80B5     		push	{r7, lr}
 3071              	.LCFI129:
 3072              		.cfi_def_cfa_offset 8
 3073              		.cfi_offset 7, -8
 3074              		.cfi_offset 14, -4
 3075 0002 84B0     		sub	sp, sp, #16
 3076              	.LCFI130:
 3077              		.cfi_def_cfa_offset 24
 3078 0004 00AF     		add	r7, sp, #0
 3079              	.LCFI131:
 3080              		.cfi_def_cfa_register 7
 3081 0006 7860     		str	r0, [r7, #4]
 3082 0008 0B46     		mov	r3, r1
 3083 000a FB70     		strb	r3, [r7, #3]
1862:Drivers/STM32F4xx_HAL_Driver/Src/stm32f4xx_hal_pcd.c ****   PCD_EPTypeDef *ep;
1863:Drivers/STM32F4xx_HAL_Driver/Src/stm32f4xx_hal_pcd.c **** 
1864:Drivers/STM32F4xx_HAL_Driver/Src/stm32f4xx_hal_pcd.c ****   if ((ep_addr & 0x80U) == 0x80U)
 3084              		.loc 1 1864 25
 3085 000c 97F90330 		ldrsb	r3, [r7, #3]
 3086              		.loc 1 1864 6
 3087 0010 002B     		cmp	r3, #0
 3088 0012 0FDA     		bge	.L120
1865:Drivers/STM32F4xx_HAL_Driver/Src/stm32f4xx_hal_pcd.c ****   {
1866:Drivers/STM32F4xx_HAL_Driver/Src/stm32f4xx_hal_pcd.c ****     ep = &hpcd->IN_ep[ep_addr & EP_ADDR_MSK];
 3089              		.loc 1 1866 31
 3090 0014 FB78     		ldrb	r3, [r7, #3]	@ zero_extendqisi2
 3091 0016 03F00F02 		and	r2, r3, #15
 3092              		.loc 1 1866 8
 3093 001a 1346     		mov	r3, r2
 3094 001c DB00     		lsls	r3, r3, #3
 3095 001e 1344     		add	r3, r3, r2
 3096 0020 9B00     		lsls	r3, r3, #2
 3097 0022 1033     		adds	r3, r3, #16
 3098 0024 7A68     		ldr	r2, [r7, #4]
 3099 0026 1344     		add	r3, r3, r2
 3100 0028 0433     		adds	r3, r3, #4
 3101 002a FB60     		str	r3, [r7, #12]
1867:Drivers/STM32F4xx_HAL_Driver/Src/stm32f4xx_hal_pcd.c ****     ep->is_in = 1U;
 3102              		.loc 1 1867 15
 3103 002c FB68     		ldr	r3, [r7, #12]
 3104 002e 0122     		movs	r2, #1
 3105 0030 5A70     		strb	r2, [r3, #1]
 3106 0032 0FE0     		b	.L121
 3107              	.L120:
ARM GAS  C:\Users\DAELT-~1\AppData\Local\Temp\cc8H7Tyn.s 			page 88


1868:Drivers/STM32F4xx_HAL_Driver/Src/stm32f4xx_hal_pcd.c ****   }
1869:Drivers/STM32F4xx_HAL_Driver/Src/stm32f4xx_hal_pcd.c ****   else
1870:Drivers/STM32F4xx_HAL_Driver/Src/stm32f4xx_hal_pcd.c ****   {
1871:Drivers/STM32F4xx_HAL_Driver/Src/stm32f4xx_hal_pcd.c ****     ep = &hpcd->OUT_ep[ep_addr & EP_ADDR_MSK];
 3108              		.loc 1 1871 32
 3109 0034 FB78     		ldrb	r3, [r7, #3]	@ zero_extendqisi2
 3110 0036 03F00F02 		and	r2, r3, #15
 3111              		.loc 1 1871 8
 3112 003a 1346     		mov	r3, r2
 3113 003c DB00     		lsls	r3, r3, #3
 3114 003e 1344     		add	r3, r3, r2
 3115 0040 9B00     		lsls	r3, r3, #2
 3116 0042 03F51473 		add	r3, r3, #592
 3117 0046 7A68     		ldr	r2, [r7, #4]
 3118 0048 1344     		add	r3, r3, r2
 3119 004a 0433     		adds	r3, r3, #4
 3120 004c FB60     		str	r3, [r7, #12]
1872:Drivers/STM32F4xx_HAL_Driver/Src/stm32f4xx_hal_pcd.c ****     ep->is_in = 0U;
 3121              		.loc 1 1872 15
 3122 004e FB68     		ldr	r3, [r7, #12]
 3123 0050 0022     		movs	r2, #0
 3124 0052 5A70     		strb	r2, [r3, #1]
 3125              	.L121:
1873:Drivers/STM32F4xx_HAL_Driver/Src/stm32f4xx_hal_pcd.c ****   }
1874:Drivers/STM32F4xx_HAL_Driver/Src/stm32f4xx_hal_pcd.c ****   ep->num = ep_addr & EP_ADDR_MSK;
 3126              		.loc 1 1874 21
 3127 0054 FB78     		ldrb	r3, [r7, #3]
 3128 0056 03F00F03 		and	r3, r3, #15
 3129 005a DAB2     		uxtb	r2, r3
 3130              		.loc 1 1874 11
 3131 005c FB68     		ldr	r3, [r7, #12]
 3132 005e 1A70     		strb	r2, [r3]
1875:Drivers/STM32F4xx_HAL_Driver/Src/stm32f4xx_hal_pcd.c **** 
1876:Drivers/STM32F4xx_HAL_Driver/Src/stm32f4xx_hal_pcd.c ****   __HAL_LOCK(hpcd);
 3133              		.loc 1 1876 3
 3134 0060 7B68     		ldr	r3, [r7, #4]
 3135 0062 93F89434 		ldrb	r3, [r3, #1172]	@ zero_extendqisi2
 3136 0066 012B     		cmp	r3, #1
 3137 0068 01D1     		bne	.L122
 3138              		.loc 1 1876 3 is_stmt 0 discriminator 1
 3139 006a 0223     		movs	r3, #2
 3140              		.loc 1 1876 3
 3141 006c 0EE0     		b	.L123
 3142              	.L122:
 3143              		.loc 1 1876 3 discriminator 2
 3144 006e 7B68     		ldr	r3, [r7, #4]
 3145 0070 0122     		movs	r2, #1
 3146 0072 83F89424 		strb	r2, [r3, #1172]
1877:Drivers/STM32F4xx_HAL_Driver/Src/stm32f4xx_hal_pcd.c ****   (void)USB_DeactivateEndpoint(hpcd->Instance, ep);
 3147              		.loc 1 1877 36 is_stmt 1
 3148 0076 7B68     		ldr	r3, [r7, #4]
 3149 0078 1B68     		ldr	r3, [r3]
 3150              		.loc 1 1877 9
 3151 007a F968     		ldr	r1, [r7, #12]
 3152 007c 1846     		mov	r0, r3
 3153 007e FFF7FEFF 		bl	USB_DeactivateEndpoint
1878:Drivers/STM32F4xx_HAL_Driver/Src/stm32f4xx_hal_pcd.c ****   __HAL_UNLOCK(hpcd);
ARM GAS  C:\Users\DAELT-~1\AppData\Local\Temp\cc8H7Tyn.s 			page 89


 3154              		.loc 1 1878 3
 3155 0082 7B68     		ldr	r3, [r7, #4]
 3156 0084 0022     		movs	r2, #0
 3157 0086 83F89424 		strb	r2, [r3, #1172]
1879:Drivers/STM32F4xx_HAL_Driver/Src/stm32f4xx_hal_pcd.c ****   return HAL_OK;
 3158              		.loc 1 1879 10
 3159 008a 0023     		movs	r3, #0
 3160              	.L123:
1880:Drivers/STM32F4xx_HAL_Driver/Src/stm32f4xx_hal_pcd.c **** }
 3161              		.loc 1 1880 1
 3162 008c 1846     		mov	r0, r3
 3163 008e 1037     		adds	r7, r7, #16
 3164              	.LCFI132:
 3165              		.cfi_def_cfa_offset 8
 3166 0090 BD46     		mov	sp, r7
 3167              	.LCFI133:
 3168              		.cfi_def_cfa_register 13
 3169              		@ sp needed
 3170 0092 80BD     		pop	{r7, pc}
 3171              		.cfi_endproc
 3172              	.LFE243:
 3174              		.section	.text.HAL_PCD_EP_Receive,"ax",%progbits
 3175              		.align	1
 3176              		.global	HAL_PCD_EP_Receive
 3177              		.syntax unified
 3178              		.thumb
 3179              		.thumb_func
 3181              	HAL_PCD_EP_Receive:
 3182              	.LFB244:
1881:Drivers/STM32F4xx_HAL_Driver/Src/stm32f4xx_hal_pcd.c **** 
1882:Drivers/STM32F4xx_HAL_Driver/Src/stm32f4xx_hal_pcd.c **** 
1883:Drivers/STM32F4xx_HAL_Driver/Src/stm32f4xx_hal_pcd.c **** /**
1884:Drivers/STM32F4xx_HAL_Driver/Src/stm32f4xx_hal_pcd.c ****   * @brief  Receive an amount of data.
1885:Drivers/STM32F4xx_HAL_Driver/Src/stm32f4xx_hal_pcd.c ****   * @param  hpcd PCD handle
1886:Drivers/STM32F4xx_HAL_Driver/Src/stm32f4xx_hal_pcd.c ****   * @param  ep_addr endpoint address
1887:Drivers/STM32F4xx_HAL_Driver/Src/stm32f4xx_hal_pcd.c ****   * @param  pBuf pointer to the reception buffer
1888:Drivers/STM32F4xx_HAL_Driver/Src/stm32f4xx_hal_pcd.c ****   * @param  len amount of data to be received
1889:Drivers/STM32F4xx_HAL_Driver/Src/stm32f4xx_hal_pcd.c ****   * @retval HAL status
1890:Drivers/STM32F4xx_HAL_Driver/Src/stm32f4xx_hal_pcd.c ****   */
1891:Drivers/STM32F4xx_HAL_Driver/Src/stm32f4xx_hal_pcd.c **** HAL_StatusTypeDef HAL_PCD_EP_Receive(PCD_HandleTypeDef *hpcd, uint8_t ep_addr, uint8_t *pBuf, uint3
1892:Drivers/STM32F4xx_HAL_Driver/Src/stm32f4xx_hal_pcd.c **** {
 3183              		.loc 1 1892 1
 3184              		.cfi_startproc
 3185              		@ args = 0, pretend = 0, frame = 24
 3186              		@ frame_needed = 1, uses_anonymous_args = 0
 3187 0000 80B5     		push	{r7, lr}
 3188              	.LCFI134:
 3189              		.cfi_def_cfa_offset 8
 3190              		.cfi_offset 7, -8
 3191              		.cfi_offset 14, -4
 3192 0002 86B0     		sub	sp, sp, #24
 3193              	.LCFI135:
 3194              		.cfi_def_cfa_offset 32
 3195 0004 00AF     		add	r7, sp, #0
 3196              	.LCFI136:
 3197              		.cfi_def_cfa_register 7
 3198 0006 F860     		str	r0, [r7, #12]
ARM GAS  C:\Users\DAELT-~1\AppData\Local\Temp\cc8H7Tyn.s 			page 90


 3199 0008 7A60     		str	r2, [r7, #4]
 3200 000a 3B60     		str	r3, [r7]
 3201 000c 0B46     		mov	r3, r1
 3202 000e FB72     		strb	r3, [r7, #11]
1893:Drivers/STM32F4xx_HAL_Driver/Src/stm32f4xx_hal_pcd.c ****   PCD_EPTypeDef *ep;
1894:Drivers/STM32F4xx_HAL_Driver/Src/stm32f4xx_hal_pcd.c **** 
1895:Drivers/STM32F4xx_HAL_Driver/Src/stm32f4xx_hal_pcd.c ****   ep = &hpcd->OUT_ep[ep_addr & EP_ADDR_MSK];
 3203              		.loc 1 1895 30
 3204 0010 FB7A     		ldrb	r3, [r7, #11]	@ zero_extendqisi2
 3205 0012 03F00F02 		and	r2, r3, #15
 3206              		.loc 1 1895 6
 3207 0016 1346     		mov	r3, r2
 3208 0018 DB00     		lsls	r3, r3, #3
 3209 001a 1344     		add	r3, r3, r2
 3210 001c 9B00     		lsls	r3, r3, #2
 3211 001e 03F51473 		add	r3, r3, #592
 3212 0022 FA68     		ldr	r2, [r7, #12]
 3213 0024 1344     		add	r3, r3, r2
 3214 0026 0433     		adds	r3, r3, #4
 3215 0028 7B61     		str	r3, [r7, #20]
1896:Drivers/STM32F4xx_HAL_Driver/Src/stm32f4xx_hal_pcd.c **** 
1897:Drivers/STM32F4xx_HAL_Driver/Src/stm32f4xx_hal_pcd.c ****   /*setup and start the Xfer */
1898:Drivers/STM32F4xx_HAL_Driver/Src/stm32f4xx_hal_pcd.c ****   ep->xfer_buff = pBuf;
 3216              		.loc 1 1898 17
 3217 002a 7B69     		ldr	r3, [r7, #20]
 3218 002c 7A68     		ldr	r2, [r7, #4]
 3219 002e DA60     		str	r2, [r3, #12]
1899:Drivers/STM32F4xx_HAL_Driver/Src/stm32f4xx_hal_pcd.c ****   ep->xfer_len = len;
 3220              		.loc 1 1899 16
 3221 0030 7B69     		ldr	r3, [r7, #20]
 3222 0032 3A68     		ldr	r2, [r7]
 3223 0034 1A61     		str	r2, [r3, #16]
1900:Drivers/STM32F4xx_HAL_Driver/Src/stm32f4xx_hal_pcd.c ****   ep->xfer_count = 0U;
 3224              		.loc 1 1900 18
 3225 0036 7B69     		ldr	r3, [r7, #20]
 3226 0038 0022     		movs	r2, #0
 3227 003a 5A61     		str	r2, [r3, #20]
1901:Drivers/STM32F4xx_HAL_Driver/Src/stm32f4xx_hal_pcd.c ****   ep->is_in = 0U;
 3228              		.loc 1 1901 13
 3229 003c 7B69     		ldr	r3, [r7, #20]
 3230 003e 0022     		movs	r2, #0
 3231 0040 5A70     		strb	r2, [r3, #1]
1902:Drivers/STM32F4xx_HAL_Driver/Src/stm32f4xx_hal_pcd.c ****   ep->num = ep_addr & EP_ADDR_MSK;
 3232              		.loc 1 1902 21
 3233 0042 FB7A     		ldrb	r3, [r7, #11]
 3234 0044 03F00F03 		and	r3, r3, #15
 3235 0048 DAB2     		uxtb	r2, r3
 3236              		.loc 1 1902 11
 3237 004a 7B69     		ldr	r3, [r7, #20]
 3238 004c 1A70     		strb	r2, [r3]
1903:Drivers/STM32F4xx_HAL_Driver/Src/stm32f4xx_hal_pcd.c **** 
1904:Drivers/STM32F4xx_HAL_Driver/Src/stm32f4xx_hal_pcd.c ****   if (hpcd->Init.dma_enable == 1U)
 3239              		.loc 1 1904 17
 3240 004e FB68     		ldr	r3, [r7, #12]
 3241 0050 9B79     		ldrb	r3, [r3, #6]	@ zero_extendqisi2
 3242              		.loc 1 1904 6
 3243 0052 012B     		cmp	r3, #1
ARM GAS  C:\Users\DAELT-~1\AppData\Local\Temp\cc8H7Tyn.s 			page 91


 3244 0054 02D1     		bne	.L125
1905:Drivers/STM32F4xx_HAL_Driver/Src/stm32f4xx_hal_pcd.c ****   {
1906:Drivers/STM32F4xx_HAL_Driver/Src/stm32f4xx_hal_pcd.c ****     ep->dma_addr = (uint32_t)pBuf;
 3245              		.loc 1 1906 20
 3246 0056 7A68     		ldr	r2, [r7, #4]
 3247              		.loc 1 1906 18
 3248 0058 7B69     		ldr	r3, [r7, #20]
 3249 005a DA61     		str	r2, [r3, #28]
 3250              	.L125:
1907:Drivers/STM32F4xx_HAL_Driver/Src/stm32f4xx_hal_pcd.c ****   }
1908:Drivers/STM32F4xx_HAL_Driver/Src/stm32f4xx_hal_pcd.c **** 
1909:Drivers/STM32F4xx_HAL_Driver/Src/stm32f4xx_hal_pcd.c ****   (void)USB_EPStartXfer(hpcd->Instance, ep, (uint8_t)hpcd->Init.dma_enable);
 3251              		.loc 1 1909 29
 3252 005c FB68     		ldr	r3, [r7, #12]
 3253 005e 1868     		ldr	r0, [r3]
 3254              		.loc 1 1909 64
 3255 0060 FB68     		ldr	r3, [r7, #12]
 3256 0062 9B79     		ldrb	r3, [r3, #6]	@ zero_extendqisi2
 3257              		.loc 1 1909 9
 3258 0064 1A46     		mov	r2, r3
 3259 0066 7969     		ldr	r1, [r7, #20]
 3260 0068 FFF7FEFF 		bl	USB_EPStartXfer
1910:Drivers/STM32F4xx_HAL_Driver/Src/stm32f4xx_hal_pcd.c **** 
1911:Drivers/STM32F4xx_HAL_Driver/Src/stm32f4xx_hal_pcd.c ****   return HAL_OK;
 3261              		.loc 1 1911 10
 3262 006c 0023     		movs	r3, #0
1912:Drivers/STM32F4xx_HAL_Driver/Src/stm32f4xx_hal_pcd.c **** }
 3263              		.loc 1 1912 1
 3264 006e 1846     		mov	r0, r3
 3265 0070 1837     		adds	r7, r7, #24
 3266              	.LCFI137:
 3267              		.cfi_def_cfa_offset 8
 3268 0072 BD46     		mov	sp, r7
 3269              	.LCFI138:
 3270              		.cfi_def_cfa_register 13
 3271              		@ sp needed
 3272 0074 80BD     		pop	{r7, pc}
 3273              		.cfi_endproc
 3274              	.LFE244:
 3276              		.section	.text.HAL_PCD_EP_GetRxCount,"ax",%progbits
 3277              		.align	1
 3278              		.global	HAL_PCD_EP_GetRxCount
 3279              		.syntax unified
 3280              		.thumb
 3281              		.thumb_func
 3283              	HAL_PCD_EP_GetRxCount:
 3284              	.LFB245:
1913:Drivers/STM32F4xx_HAL_Driver/Src/stm32f4xx_hal_pcd.c **** 
1914:Drivers/STM32F4xx_HAL_Driver/Src/stm32f4xx_hal_pcd.c **** /**
1915:Drivers/STM32F4xx_HAL_Driver/Src/stm32f4xx_hal_pcd.c ****   * @brief  Get Received Data Size
1916:Drivers/STM32F4xx_HAL_Driver/Src/stm32f4xx_hal_pcd.c ****   * @param  hpcd PCD handle
1917:Drivers/STM32F4xx_HAL_Driver/Src/stm32f4xx_hal_pcd.c ****   * @param  ep_addr endpoint address
1918:Drivers/STM32F4xx_HAL_Driver/Src/stm32f4xx_hal_pcd.c ****   * @retval Data Size
1919:Drivers/STM32F4xx_HAL_Driver/Src/stm32f4xx_hal_pcd.c ****   */
1920:Drivers/STM32F4xx_HAL_Driver/Src/stm32f4xx_hal_pcd.c **** uint32_t HAL_PCD_EP_GetRxCount(PCD_HandleTypeDef const *hpcd, uint8_t ep_addr)
1921:Drivers/STM32F4xx_HAL_Driver/Src/stm32f4xx_hal_pcd.c **** {
 3285              		.loc 1 1921 1
ARM GAS  C:\Users\DAELT-~1\AppData\Local\Temp\cc8H7Tyn.s 			page 92


 3286              		.cfi_startproc
 3287              		@ args = 0, pretend = 0, frame = 8
 3288              		@ frame_needed = 1, uses_anonymous_args = 0
 3289              		@ link register save eliminated.
 3290 0000 80B4     		push	{r7}
 3291              	.LCFI139:
 3292              		.cfi_def_cfa_offset 4
 3293              		.cfi_offset 7, -4
 3294 0002 83B0     		sub	sp, sp, #12
 3295              	.LCFI140:
 3296              		.cfi_def_cfa_offset 16
 3297 0004 00AF     		add	r7, sp, #0
 3298              	.LCFI141:
 3299              		.cfi_def_cfa_register 7
 3300 0006 7860     		str	r0, [r7, #4]
 3301 0008 0B46     		mov	r3, r1
 3302 000a FB70     		strb	r3, [r7, #3]
1922:Drivers/STM32F4xx_HAL_Driver/Src/stm32f4xx_hal_pcd.c ****   return hpcd->OUT_ep[ep_addr & EP_ADDR_MSK].xfer_count;
 3303              		.loc 1 1922 31
 3304 000c FB78     		ldrb	r3, [r7, #3]	@ zero_extendqisi2
 3305 000e 03F00F02 		and	r2, r3, #15
 3306              		.loc 1 1922 45
 3307 0012 7968     		ldr	r1, [r7, #4]
 3308 0014 1346     		mov	r3, r2
 3309 0016 DB00     		lsls	r3, r3, #3
 3310 0018 1344     		add	r3, r3, r2
 3311 001a 9B00     		lsls	r3, r3, #2
 3312 001c 0B44     		add	r3, r3, r1
 3313 001e 03F51A73 		add	r3, r3, #616
 3314 0022 1B68     		ldr	r3, [r3]
1923:Drivers/STM32F4xx_HAL_Driver/Src/stm32f4xx_hal_pcd.c **** }
 3315              		.loc 1 1923 1
 3316 0024 1846     		mov	r0, r3
 3317 0026 0C37     		adds	r7, r7, #12
 3318              	.LCFI142:
 3319              		.cfi_def_cfa_offset 4
 3320 0028 BD46     		mov	sp, r7
 3321              	.LCFI143:
 3322              		.cfi_def_cfa_register 13
 3323              		@ sp needed
 3324 002a 5DF8047B 		ldr	r7, [sp], #4
 3325              	.LCFI144:
 3326              		.cfi_restore 7
 3327              		.cfi_def_cfa_offset 0
 3328 002e 7047     		bx	lr
 3329              		.cfi_endproc
 3330              	.LFE245:
 3332              		.section	.text.HAL_PCD_EP_Transmit,"ax",%progbits
 3333              		.align	1
 3334              		.global	HAL_PCD_EP_Transmit
 3335              		.syntax unified
 3336              		.thumb
 3337              		.thumb_func
 3339              	HAL_PCD_EP_Transmit:
 3340              	.LFB246:
1924:Drivers/STM32F4xx_HAL_Driver/Src/stm32f4xx_hal_pcd.c **** /**
1925:Drivers/STM32F4xx_HAL_Driver/Src/stm32f4xx_hal_pcd.c ****   * @brief  Send an amount of data
ARM GAS  C:\Users\DAELT-~1\AppData\Local\Temp\cc8H7Tyn.s 			page 93


1926:Drivers/STM32F4xx_HAL_Driver/Src/stm32f4xx_hal_pcd.c ****   * @param  hpcd PCD handle
1927:Drivers/STM32F4xx_HAL_Driver/Src/stm32f4xx_hal_pcd.c ****   * @param  ep_addr endpoint address
1928:Drivers/STM32F4xx_HAL_Driver/Src/stm32f4xx_hal_pcd.c ****   * @param  pBuf pointer to the transmission buffer
1929:Drivers/STM32F4xx_HAL_Driver/Src/stm32f4xx_hal_pcd.c ****   * @param  len amount of data to be sent
1930:Drivers/STM32F4xx_HAL_Driver/Src/stm32f4xx_hal_pcd.c ****   * @retval HAL status
1931:Drivers/STM32F4xx_HAL_Driver/Src/stm32f4xx_hal_pcd.c ****   */
1932:Drivers/STM32F4xx_HAL_Driver/Src/stm32f4xx_hal_pcd.c **** HAL_StatusTypeDef HAL_PCD_EP_Transmit(PCD_HandleTypeDef *hpcd, uint8_t ep_addr, uint8_t *pBuf, uint
1933:Drivers/STM32F4xx_HAL_Driver/Src/stm32f4xx_hal_pcd.c **** {
 3341              		.loc 1 1933 1
 3342              		.cfi_startproc
 3343              		@ args = 0, pretend = 0, frame = 24
 3344              		@ frame_needed = 1, uses_anonymous_args = 0
 3345 0000 80B5     		push	{r7, lr}
 3346              	.LCFI145:
 3347              		.cfi_def_cfa_offset 8
 3348              		.cfi_offset 7, -8
 3349              		.cfi_offset 14, -4
 3350 0002 86B0     		sub	sp, sp, #24
 3351              	.LCFI146:
 3352              		.cfi_def_cfa_offset 32
 3353 0004 00AF     		add	r7, sp, #0
 3354              	.LCFI147:
 3355              		.cfi_def_cfa_register 7
 3356 0006 F860     		str	r0, [r7, #12]
 3357 0008 7A60     		str	r2, [r7, #4]
 3358 000a 3B60     		str	r3, [r7]
 3359 000c 0B46     		mov	r3, r1
 3360 000e FB72     		strb	r3, [r7, #11]
1934:Drivers/STM32F4xx_HAL_Driver/Src/stm32f4xx_hal_pcd.c ****   PCD_EPTypeDef *ep;
1935:Drivers/STM32F4xx_HAL_Driver/Src/stm32f4xx_hal_pcd.c **** 
1936:Drivers/STM32F4xx_HAL_Driver/Src/stm32f4xx_hal_pcd.c ****   ep = &hpcd->IN_ep[ep_addr & EP_ADDR_MSK];
 3361              		.loc 1 1936 29
 3362 0010 FB7A     		ldrb	r3, [r7, #11]	@ zero_extendqisi2
 3363 0012 03F00F02 		and	r2, r3, #15
 3364              		.loc 1 1936 6
 3365 0016 1346     		mov	r3, r2
 3366 0018 DB00     		lsls	r3, r3, #3
 3367 001a 1344     		add	r3, r3, r2
 3368 001c 9B00     		lsls	r3, r3, #2
 3369 001e 1033     		adds	r3, r3, #16
 3370 0020 FA68     		ldr	r2, [r7, #12]
 3371 0022 1344     		add	r3, r3, r2
 3372 0024 0433     		adds	r3, r3, #4
 3373 0026 7B61     		str	r3, [r7, #20]
1937:Drivers/STM32F4xx_HAL_Driver/Src/stm32f4xx_hal_pcd.c **** 
1938:Drivers/STM32F4xx_HAL_Driver/Src/stm32f4xx_hal_pcd.c ****   /*setup and start the Xfer */
1939:Drivers/STM32F4xx_HAL_Driver/Src/stm32f4xx_hal_pcd.c ****   ep->xfer_buff = pBuf;
 3374              		.loc 1 1939 17
 3375 0028 7B69     		ldr	r3, [r7, #20]
 3376 002a 7A68     		ldr	r2, [r7, #4]
 3377 002c DA60     		str	r2, [r3, #12]
1940:Drivers/STM32F4xx_HAL_Driver/Src/stm32f4xx_hal_pcd.c ****   ep->xfer_len = len;
 3378              		.loc 1 1940 16
 3379 002e 7B69     		ldr	r3, [r7, #20]
 3380 0030 3A68     		ldr	r2, [r7]
 3381 0032 1A61     		str	r2, [r3, #16]
1941:Drivers/STM32F4xx_HAL_Driver/Src/stm32f4xx_hal_pcd.c ****   ep->xfer_count = 0U;
ARM GAS  C:\Users\DAELT-~1\AppData\Local\Temp\cc8H7Tyn.s 			page 94


 3382              		.loc 1 1941 18
 3383 0034 7B69     		ldr	r3, [r7, #20]
 3384 0036 0022     		movs	r2, #0
 3385 0038 5A61     		str	r2, [r3, #20]
1942:Drivers/STM32F4xx_HAL_Driver/Src/stm32f4xx_hal_pcd.c ****   ep->is_in = 1U;
 3386              		.loc 1 1942 13
 3387 003a 7B69     		ldr	r3, [r7, #20]
 3388 003c 0122     		movs	r2, #1
 3389 003e 5A70     		strb	r2, [r3, #1]
1943:Drivers/STM32F4xx_HAL_Driver/Src/stm32f4xx_hal_pcd.c ****   ep->num = ep_addr & EP_ADDR_MSK;
 3390              		.loc 1 1943 21
 3391 0040 FB7A     		ldrb	r3, [r7, #11]
 3392 0042 03F00F03 		and	r3, r3, #15
 3393 0046 DAB2     		uxtb	r2, r3
 3394              		.loc 1 1943 11
 3395 0048 7B69     		ldr	r3, [r7, #20]
 3396 004a 1A70     		strb	r2, [r3]
1944:Drivers/STM32F4xx_HAL_Driver/Src/stm32f4xx_hal_pcd.c **** 
1945:Drivers/STM32F4xx_HAL_Driver/Src/stm32f4xx_hal_pcd.c ****   if (hpcd->Init.dma_enable == 1U)
 3397              		.loc 1 1945 17
 3398 004c FB68     		ldr	r3, [r7, #12]
 3399 004e 9B79     		ldrb	r3, [r3, #6]	@ zero_extendqisi2
 3400              		.loc 1 1945 6
 3401 0050 012B     		cmp	r3, #1
 3402 0052 02D1     		bne	.L130
1946:Drivers/STM32F4xx_HAL_Driver/Src/stm32f4xx_hal_pcd.c ****   {
1947:Drivers/STM32F4xx_HAL_Driver/Src/stm32f4xx_hal_pcd.c ****     ep->dma_addr = (uint32_t)pBuf;
 3403              		.loc 1 1947 20
 3404 0054 7A68     		ldr	r2, [r7, #4]
 3405              		.loc 1 1947 18
 3406 0056 7B69     		ldr	r3, [r7, #20]
 3407 0058 DA61     		str	r2, [r3, #28]
 3408              	.L130:
1948:Drivers/STM32F4xx_HAL_Driver/Src/stm32f4xx_hal_pcd.c ****   }
1949:Drivers/STM32F4xx_HAL_Driver/Src/stm32f4xx_hal_pcd.c **** 
1950:Drivers/STM32F4xx_HAL_Driver/Src/stm32f4xx_hal_pcd.c ****   (void)USB_EPStartXfer(hpcd->Instance, ep, (uint8_t)hpcd->Init.dma_enable);
 3409              		.loc 1 1950 29
 3410 005a FB68     		ldr	r3, [r7, #12]
 3411 005c 1868     		ldr	r0, [r3]
 3412              		.loc 1 1950 64
 3413 005e FB68     		ldr	r3, [r7, #12]
 3414 0060 9B79     		ldrb	r3, [r3, #6]	@ zero_extendqisi2
 3415              		.loc 1 1950 9
 3416 0062 1A46     		mov	r2, r3
 3417 0064 7969     		ldr	r1, [r7, #20]
 3418 0066 FFF7FEFF 		bl	USB_EPStartXfer
1951:Drivers/STM32F4xx_HAL_Driver/Src/stm32f4xx_hal_pcd.c **** 
1952:Drivers/STM32F4xx_HAL_Driver/Src/stm32f4xx_hal_pcd.c ****   return HAL_OK;
 3419              		.loc 1 1952 10
 3420 006a 0023     		movs	r3, #0
1953:Drivers/STM32F4xx_HAL_Driver/Src/stm32f4xx_hal_pcd.c **** }
 3421              		.loc 1 1953 1
 3422 006c 1846     		mov	r0, r3
 3423 006e 1837     		adds	r7, r7, #24
 3424              	.LCFI148:
 3425              		.cfi_def_cfa_offset 8
 3426 0070 BD46     		mov	sp, r7
ARM GAS  C:\Users\DAELT-~1\AppData\Local\Temp\cc8H7Tyn.s 			page 95


 3427              	.LCFI149:
 3428              		.cfi_def_cfa_register 13
 3429              		@ sp needed
 3430 0072 80BD     		pop	{r7, pc}
 3431              		.cfi_endproc
 3432              	.LFE246:
 3434              		.section	.text.HAL_PCD_EP_SetStall,"ax",%progbits
 3435              		.align	1
 3436              		.global	HAL_PCD_EP_SetStall
 3437              		.syntax unified
 3438              		.thumb
 3439              		.thumb_func
 3441              	HAL_PCD_EP_SetStall:
 3442              	.LFB247:
1954:Drivers/STM32F4xx_HAL_Driver/Src/stm32f4xx_hal_pcd.c **** 
1955:Drivers/STM32F4xx_HAL_Driver/Src/stm32f4xx_hal_pcd.c **** /**
1956:Drivers/STM32F4xx_HAL_Driver/Src/stm32f4xx_hal_pcd.c ****   * @brief  Set a STALL condition over an endpoint
1957:Drivers/STM32F4xx_HAL_Driver/Src/stm32f4xx_hal_pcd.c ****   * @param  hpcd PCD handle
1958:Drivers/STM32F4xx_HAL_Driver/Src/stm32f4xx_hal_pcd.c ****   * @param  ep_addr endpoint address
1959:Drivers/STM32F4xx_HAL_Driver/Src/stm32f4xx_hal_pcd.c ****   * @retval HAL status
1960:Drivers/STM32F4xx_HAL_Driver/Src/stm32f4xx_hal_pcd.c ****   */
1961:Drivers/STM32F4xx_HAL_Driver/Src/stm32f4xx_hal_pcd.c **** HAL_StatusTypeDef HAL_PCD_EP_SetStall(PCD_HandleTypeDef *hpcd, uint8_t ep_addr)
1962:Drivers/STM32F4xx_HAL_Driver/Src/stm32f4xx_hal_pcd.c **** {
 3443              		.loc 1 1962 1
 3444              		.cfi_startproc
 3445              		@ args = 0, pretend = 0, frame = 16
 3446              		@ frame_needed = 1, uses_anonymous_args = 0
 3447 0000 80B5     		push	{r7, lr}
 3448              	.LCFI150:
 3449              		.cfi_def_cfa_offset 8
 3450              		.cfi_offset 7, -8
 3451              		.cfi_offset 14, -4
 3452 0002 84B0     		sub	sp, sp, #16
 3453              	.LCFI151:
 3454              		.cfi_def_cfa_offset 24
 3455 0004 00AF     		add	r7, sp, #0
 3456              	.LCFI152:
 3457              		.cfi_def_cfa_register 7
 3458 0006 7860     		str	r0, [r7, #4]
 3459 0008 0B46     		mov	r3, r1
 3460 000a FB70     		strb	r3, [r7, #3]
1963:Drivers/STM32F4xx_HAL_Driver/Src/stm32f4xx_hal_pcd.c ****   PCD_EPTypeDef *ep;
1964:Drivers/STM32F4xx_HAL_Driver/Src/stm32f4xx_hal_pcd.c **** 
1965:Drivers/STM32F4xx_HAL_Driver/Src/stm32f4xx_hal_pcd.c ****   if (((uint32_t)ep_addr & EP_ADDR_MSK) > hpcd->Init.dev_endpoints)
 3461              		.loc 1 1965 26
 3462 000c FB78     		ldrb	r3, [r7, #3]	@ zero_extendqisi2
 3463 000e 03F00F03 		and	r3, r3, #15
 3464              		.loc 1 1965 53
 3465 0012 7A68     		ldr	r2, [r7, #4]
 3466 0014 1279     		ldrb	r2, [r2, #4]	@ zero_extendqisi2
 3467              		.loc 1 1965 6
 3468 0016 9342     		cmp	r3, r2
 3469 0018 01D9     		bls	.L133
1966:Drivers/STM32F4xx_HAL_Driver/Src/stm32f4xx_hal_pcd.c ****   {
1967:Drivers/STM32F4xx_HAL_Driver/Src/stm32f4xx_hal_pcd.c ****     return HAL_ERROR;
 3470              		.loc 1 1967 12
 3471 001a 0123     		movs	r3, #1
ARM GAS  C:\Users\DAELT-~1\AppData\Local\Temp\cc8H7Tyn.s 			page 96


 3472 001c 4FE0     		b	.L134
 3473              	.L133:
1968:Drivers/STM32F4xx_HAL_Driver/Src/stm32f4xx_hal_pcd.c ****   }
1969:Drivers/STM32F4xx_HAL_Driver/Src/stm32f4xx_hal_pcd.c **** 
1970:Drivers/STM32F4xx_HAL_Driver/Src/stm32f4xx_hal_pcd.c ****   if ((0x80U & ep_addr) == 0x80U)
 3474              		.loc 1 1970 25
 3475 001e 97F90330 		ldrsb	r3, [r7, #3]
 3476              		.loc 1 1970 6
 3477 0022 002B     		cmp	r3, #0
 3478 0024 0FDA     		bge	.L135
1971:Drivers/STM32F4xx_HAL_Driver/Src/stm32f4xx_hal_pcd.c ****   {
1972:Drivers/STM32F4xx_HAL_Driver/Src/stm32f4xx_hal_pcd.c ****     ep = &hpcd->IN_ep[ep_addr & EP_ADDR_MSK];
 3479              		.loc 1 1972 31
 3480 0026 FB78     		ldrb	r3, [r7, #3]	@ zero_extendqisi2
 3481 0028 03F00F02 		and	r2, r3, #15
 3482              		.loc 1 1972 8
 3483 002c 1346     		mov	r3, r2
 3484 002e DB00     		lsls	r3, r3, #3
 3485 0030 1344     		add	r3, r3, r2
 3486 0032 9B00     		lsls	r3, r3, #2
 3487 0034 1033     		adds	r3, r3, #16
 3488 0036 7A68     		ldr	r2, [r7, #4]
 3489 0038 1344     		add	r3, r3, r2
 3490 003a 0433     		adds	r3, r3, #4
 3491 003c FB60     		str	r3, [r7, #12]
1973:Drivers/STM32F4xx_HAL_Driver/Src/stm32f4xx_hal_pcd.c ****     ep->is_in = 1U;
 3492              		.loc 1 1973 15
 3493 003e FB68     		ldr	r3, [r7, #12]
 3494 0040 0122     		movs	r2, #1
 3495 0042 5A70     		strb	r2, [r3, #1]
 3496 0044 0DE0     		b	.L136
 3497              	.L135:
1974:Drivers/STM32F4xx_HAL_Driver/Src/stm32f4xx_hal_pcd.c ****   }
1975:Drivers/STM32F4xx_HAL_Driver/Src/stm32f4xx_hal_pcd.c ****   else
1976:Drivers/STM32F4xx_HAL_Driver/Src/stm32f4xx_hal_pcd.c ****   {
1977:Drivers/STM32F4xx_HAL_Driver/Src/stm32f4xx_hal_pcd.c ****     ep = &hpcd->OUT_ep[ep_addr];
 3498              		.loc 1 1977 23
 3499 0046 FA78     		ldrb	r2, [r7, #3]	@ zero_extendqisi2
 3500              		.loc 1 1977 8
 3501 0048 1346     		mov	r3, r2
 3502 004a DB00     		lsls	r3, r3, #3
 3503 004c 1344     		add	r3, r3, r2
 3504 004e 9B00     		lsls	r3, r3, #2
 3505 0050 03F51473 		add	r3, r3, #592
 3506 0054 7A68     		ldr	r2, [r7, #4]
 3507 0056 1344     		add	r3, r3, r2
 3508 0058 0433     		adds	r3, r3, #4
 3509 005a FB60     		str	r3, [r7, #12]
1978:Drivers/STM32F4xx_HAL_Driver/Src/stm32f4xx_hal_pcd.c ****     ep->is_in = 0U;
 3510              		.loc 1 1978 15
 3511 005c FB68     		ldr	r3, [r7, #12]
 3512 005e 0022     		movs	r2, #0
 3513 0060 5A70     		strb	r2, [r3, #1]
 3514              	.L136:
1979:Drivers/STM32F4xx_HAL_Driver/Src/stm32f4xx_hal_pcd.c ****   }
1980:Drivers/STM32F4xx_HAL_Driver/Src/stm32f4xx_hal_pcd.c **** 
1981:Drivers/STM32F4xx_HAL_Driver/Src/stm32f4xx_hal_pcd.c ****   ep->is_stall = 1U;
ARM GAS  C:\Users\DAELT-~1\AppData\Local\Temp\cc8H7Tyn.s 			page 97


 3515              		.loc 1 1981 16
 3516 0062 FB68     		ldr	r3, [r7, #12]
 3517 0064 0122     		movs	r2, #1
 3518 0066 9A70     		strb	r2, [r3, #2]
1982:Drivers/STM32F4xx_HAL_Driver/Src/stm32f4xx_hal_pcd.c ****   ep->num = ep_addr & EP_ADDR_MSK;
 3519              		.loc 1 1982 21
 3520 0068 FB78     		ldrb	r3, [r7, #3]
 3521 006a 03F00F03 		and	r3, r3, #15
 3522 006e DAB2     		uxtb	r2, r3
 3523              		.loc 1 1982 11
 3524 0070 FB68     		ldr	r3, [r7, #12]
 3525 0072 1A70     		strb	r2, [r3]
1983:Drivers/STM32F4xx_HAL_Driver/Src/stm32f4xx_hal_pcd.c **** 
1984:Drivers/STM32F4xx_HAL_Driver/Src/stm32f4xx_hal_pcd.c ****   __HAL_LOCK(hpcd);
 3526              		.loc 1 1984 3
 3527 0074 7B68     		ldr	r3, [r7, #4]
 3528 0076 93F89434 		ldrb	r3, [r3, #1172]	@ zero_extendqisi2
 3529 007a 012B     		cmp	r3, #1
 3530 007c 01D1     		bne	.L137
 3531              		.loc 1 1984 3 is_stmt 0 discriminator 1
 3532 007e 0223     		movs	r3, #2
 3533              		.loc 1 1984 3
 3534 0080 1DE0     		b	.L134
 3535              	.L137:
 3536              		.loc 1 1984 3 discriminator 2
 3537 0082 7B68     		ldr	r3, [r7, #4]
 3538 0084 0122     		movs	r2, #1
 3539 0086 83F89424 		strb	r2, [r3, #1172]
1985:Drivers/STM32F4xx_HAL_Driver/Src/stm32f4xx_hal_pcd.c **** 
1986:Drivers/STM32F4xx_HAL_Driver/Src/stm32f4xx_hal_pcd.c ****   (void)USB_EPSetStall(hpcd->Instance, ep);
 3540              		.loc 1 1986 28 is_stmt 1
 3541 008a 7B68     		ldr	r3, [r7, #4]
 3542 008c 1B68     		ldr	r3, [r3]
 3543              		.loc 1 1986 9
 3544 008e F968     		ldr	r1, [r7, #12]
 3545 0090 1846     		mov	r0, r3
 3546 0092 FFF7FEFF 		bl	USB_EPSetStall
1987:Drivers/STM32F4xx_HAL_Driver/Src/stm32f4xx_hal_pcd.c **** 
1988:Drivers/STM32F4xx_HAL_Driver/Src/stm32f4xx_hal_pcd.c ****   if ((ep_addr & EP_ADDR_MSK) == 0U)
 3547              		.loc 1 1988 16
 3548 0096 FB78     		ldrb	r3, [r7, #3]	@ zero_extendqisi2
 3549 0098 03F00F03 		and	r3, r3, #15
 3550              		.loc 1 1988 6
 3551 009c 002B     		cmp	r3, #0
 3552 009e 09D1     		bne	.L138
1989:Drivers/STM32F4xx_HAL_Driver/Src/stm32f4xx_hal_pcd.c ****   {
1990:Drivers/STM32F4xx_HAL_Driver/Src/stm32f4xx_hal_pcd.c ****     (void)USB_EP0_OutStart(hpcd->Instance, (uint8_t)hpcd->Init.dma_enable, (uint8_t *)hpcd->Setup);
 3553              		.loc 1 1990 32
 3554 00a0 7B68     		ldr	r3, [r7, #4]
 3555 00a2 1868     		ldr	r0, [r3]
 3556              		.loc 1 1990 63
 3557 00a4 7B68     		ldr	r3, [r7, #4]
 3558 00a6 9979     		ldrb	r1, [r3, #6]	@ zero_extendqisi2
 3559              		.loc 1 1990 87
 3560 00a8 7B68     		ldr	r3, [r7, #4]
 3561 00aa 03F29C43 		addw	r3, r3, #1180
 3562              		.loc 1 1990 11
ARM GAS  C:\Users\DAELT-~1\AppData\Local\Temp\cc8H7Tyn.s 			page 98


 3563 00ae 1A46     		mov	r2, r3
 3564 00b0 FFF7FEFF 		bl	USB_EP0_OutStart
 3565              	.L138:
1991:Drivers/STM32F4xx_HAL_Driver/Src/stm32f4xx_hal_pcd.c ****   }
1992:Drivers/STM32F4xx_HAL_Driver/Src/stm32f4xx_hal_pcd.c **** 
1993:Drivers/STM32F4xx_HAL_Driver/Src/stm32f4xx_hal_pcd.c ****   __HAL_UNLOCK(hpcd);
 3566              		.loc 1 1993 3
 3567 00b4 7B68     		ldr	r3, [r7, #4]
 3568 00b6 0022     		movs	r2, #0
 3569 00b8 83F89424 		strb	r2, [r3, #1172]
1994:Drivers/STM32F4xx_HAL_Driver/Src/stm32f4xx_hal_pcd.c **** 
1995:Drivers/STM32F4xx_HAL_Driver/Src/stm32f4xx_hal_pcd.c ****   return HAL_OK;
 3570              		.loc 1 1995 10
 3571 00bc 0023     		movs	r3, #0
 3572              	.L134:
1996:Drivers/STM32F4xx_HAL_Driver/Src/stm32f4xx_hal_pcd.c **** }
 3573              		.loc 1 1996 1
 3574 00be 1846     		mov	r0, r3
 3575 00c0 1037     		adds	r7, r7, #16
 3576              	.LCFI153:
 3577              		.cfi_def_cfa_offset 8
 3578 00c2 BD46     		mov	sp, r7
 3579              	.LCFI154:
 3580              		.cfi_def_cfa_register 13
 3581              		@ sp needed
 3582 00c4 80BD     		pop	{r7, pc}
 3583              		.cfi_endproc
 3584              	.LFE247:
 3586              		.section	.text.HAL_PCD_EP_ClrStall,"ax",%progbits
 3587              		.align	1
 3588              		.global	HAL_PCD_EP_ClrStall
 3589              		.syntax unified
 3590              		.thumb
 3591              		.thumb_func
 3593              	HAL_PCD_EP_ClrStall:
 3594              	.LFB248:
1997:Drivers/STM32F4xx_HAL_Driver/Src/stm32f4xx_hal_pcd.c **** 
1998:Drivers/STM32F4xx_HAL_Driver/Src/stm32f4xx_hal_pcd.c **** /**
1999:Drivers/STM32F4xx_HAL_Driver/Src/stm32f4xx_hal_pcd.c ****   * @brief  Clear a STALL condition over in an endpoint
2000:Drivers/STM32F4xx_HAL_Driver/Src/stm32f4xx_hal_pcd.c ****   * @param  hpcd PCD handle
2001:Drivers/STM32F4xx_HAL_Driver/Src/stm32f4xx_hal_pcd.c ****   * @param  ep_addr endpoint address
2002:Drivers/STM32F4xx_HAL_Driver/Src/stm32f4xx_hal_pcd.c ****   * @retval HAL status
2003:Drivers/STM32F4xx_HAL_Driver/Src/stm32f4xx_hal_pcd.c ****   */
2004:Drivers/STM32F4xx_HAL_Driver/Src/stm32f4xx_hal_pcd.c **** HAL_StatusTypeDef HAL_PCD_EP_ClrStall(PCD_HandleTypeDef *hpcd, uint8_t ep_addr)
2005:Drivers/STM32F4xx_HAL_Driver/Src/stm32f4xx_hal_pcd.c **** {
 3595              		.loc 1 2005 1
 3596              		.cfi_startproc
 3597              		@ args = 0, pretend = 0, frame = 16
 3598              		@ frame_needed = 1, uses_anonymous_args = 0
 3599 0000 80B5     		push	{r7, lr}
 3600              	.LCFI155:
 3601              		.cfi_def_cfa_offset 8
 3602              		.cfi_offset 7, -8
 3603              		.cfi_offset 14, -4
 3604 0002 84B0     		sub	sp, sp, #16
 3605              	.LCFI156:
 3606              		.cfi_def_cfa_offset 24
ARM GAS  C:\Users\DAELT-~1\AppData\Local\Temp\cc8H7Tyn.s 			page 99


 3607 0004 00AF     		add	r7, sp, #0
 3608              	.LCFI157:
 3609              		.cfi_def_cfa_register 7
 3610 0006 7860     		str	r0, [r7, #4]
 3611 0008 0B46     		mov	r3, r1
 3612 000a FB70     		strb	r3, [r7, #3]
2006:Drivers/STM32F4xx_HAL_Driver/Src/stm32f4xx_hal_pcd.c ****   PCD_EPTypeDef *ep;
2007:Drivers/STM32F4xx_HAL_Driver/Src/stm32f4xx_hal_pcd.c **** 
2008:Drivers/STM32F4xx_HAL_Driver/Src/stm32f4xx_hal_pcd.c ****   if (((uint32_t)ep_addr & 0x0FU) > hpcd->Init.dev_endpoints)
 3613              		.loc 1 2008 26
 3614 000c FB78     		ldrb	r3, [r7, #3]	@ zero_extendqisi2
 3615 000e 03F00F03 		and	r3, r3, #15
 3616              		.loc 1 2008 47
 3617 0012 7A68     		ldr	r2, [r7, #4]
 3618 0014 1279     		ldrb	r2, [r2, #4]	@ zero_extendqisi2
 3619              		.loc 1 2008 6
 3620 0016 9342     		cmp	r3, r2
 3621 0018 01D9     		bls	.L140
2009:Drivers/STM32F4xx_HAL_Driver/Src/stm32f4xx_hal_pcd.c ****   {
2010:Drivers/STM32F4xx_HAL_Driver/Src/stm32f4xx_hal_pcd.c ****     return HAL_ERROR;
 3622              		.loc 1 2010 12
 3623 001a 0123     		movs	r3, #1
 3624 001c 42E0     		b	.L141
 3625              	.L140:
2011:Drivers/STM32F4xx_HAL_Driver/Src/stm32f4xx_hal_pcd.c ****   }
2012:Drivers/STM32F4xx_HAL_Driver/Src/stm32f4xx_hal_pcd.c **** 
2013:Drivers/STM32F4xx_HAL_Driver/Src/stm32f4xx_hal_pcd.c ****   if ((0x80U & ep_addr) == 0x80U)
 3626              		.loc 1 2013 25
 3627 001e 97F90330 		ldrsb	r3, [r7, #3]
 3628              		.loc 1 2013 6
 3629 0022 002B     		cmp	r3, #0
 3630 0024 0FDA     		bge	.L142
2014:Drivers/STM32F4xx_HAL_Driver/Src/stm32f4xx_hal_pcd.c ****   {
2015:Drivers/STM32F4xx_HAL_Driver/Src/stm32f4xx_hal_pcd.c ****     ep = &hpcd->IN_ep[ep_addr & EP_ADDR_MSK];
 3631              		.loc 1 2015 31
 3632 0026 FB78     		ldrb	r3, [r7, #3]	@ zero_extendqisi2
 3633 0028 03F00F02 		and	r2, r3, #15
 3634              		.loc 1 2015 8
 3635 002c 1346     		mov	r3, r2
 3636 002e DB00     		lsls	r3, r3, #3
 3637 0030 1344     		add	r3, r3, r2
 3638 0032 9B00     		lsls	r3, r3, #2
 3639 0034 1033     		adds	r3, r3, #16
 3640 0036 7A68     		ldr	r2, [r7, #4]
 3641 0038 1344     		add	r3, r3, r2
 3642 003a 0433     		adds	r3, r3, #4
 3643 003c FB60     		str	r3, [r7, #12]
2016:Drivers/STM32F4xx_HAL_Driver/Src/stm32f4xx_hal_pcd.c ****     ep->is_in = 1U;
 3644              		.loc 1 2016 15
 3645 003e FB68     		ldr	r3, [r7, #12]
 3646 0040 0122     		movs	r2, #1
 3647 0042 5A70     		strb	r2, [r3, #1]
 3648 0044 0FE0     		b	.L143
 3649              	.L142:
2017:Drivers/STM32F4xx_HAL_Driver/Src/stm32f4xx_hal_pcd.c ****   }
2018:Drivers/STM32F4xx_HAL_Driver/Src/stm32f4xx_hal_pcd.c ****   else
2019:Drivers/STM32F4xx_HAL_Driver/Src/stm32f4xx_hal_pcd.c ****   {
ARM GAS  C:\Users\DAELT-~1\AppData\Local\Temp\cc8H7Tyn.s 			page 100


2020:Drivers/STM32F4xx_HAL_Driver/Src/stm32f4xx_hal_pcd.c ****     ep = &hpcd->OUT_ep[ep_addr & EP_ADDR_MSK];
 3650              		.loc 1 2020 32
 3651 0046 FB78     		ldrb	r3, [r7, #3]	@ zero_extendqisi2
 3652 0048 03F00F02 		and	r2, r3, #15
 3653              		.loc 1 2020 8
 3654 004c 1346     		mov	r3, r2
 3655 004e DB00     		lsls	r3, r3, #3
 3656 0050 1344     		add	r3, r3, r2
 3657 0052 9B00     		lsls	r3, r3, #2
 3658 0054 03F51473 		add	r3, r3, #592
 3659 0058 7A68     		ldr	r2, [r7, #4]
 3660 005a 1344     		add	r3, r3, r2
 3661 005c 0433     		adds	r3, r3, #4
 3662 005e FB60     		str	r3, [r7, #12]
2021:Drivers/STM32F4xx_HAL_Driver/Src/stm32f4xx_hal_pcd.c ****     ep->is_in = 0U;
 3663              		.loc 1 2021 15
 3664 0060 FB68     		ldr	r3, [r7, #12]
 3665 0062 0022     		movs	r2, #0
 3666 0064 5A70     		strb	r2, [r3, #1]
 3667              	.L143:
2022:Drivers/STM32F4xx_HAL_Driver/Src/stm32f4xx_hal_pcd.c ****   }
2023:Drivers/STM32F4xx_HAL_Driver/Src/stm32f4xx_hal_pcd.c **** 
2024:Drivers/STM32F4xx_HAL_Driver/Src/stm32f4xx_hal_pcd.c ****   ep->is_stall = 0U;
 3668              		.loc 1 2024 16
 3669 0066 FB68     		ldr	r3, [r7, #12]
 3670 0068 0022     		movs	r2, #0
 3671 006a 9A70     		strb	r2, [r3, #2]
2025:Drivers/STM32F4xx_HAL_Driver/Src/stm32f4xx_hal_pcd.c ****   ep->num = ep_addr & EP_ADDR_MSK;
 3672              		.loc 1 2025 21
 3673 006c FB78     		ldrb	r3, [r7, #3]
 3674 006e 03F00F03 		and	r3, r3, #15
 3675 0072 DAB2     		uxtb	r2, r3
 3676              		.loc 1 2025 11
 3677 0074 FB68     		ldr	r3, [r7, #12]
 3678 0076 1A70     		strb	r2, [r3]
2026:Drivers/STM32F4xx_HAL_Driver/Src/stm32f4xx_hal_pcd.c **** 
2027:Drivers/STM32F4xx_HAL_Driver/Src/stm32f4xx_hal_pcd.c ****   __HAL_LOCK(hpcd);
 3679              		.loc 1 2027 3
 3680 0078 7B68     		ldr	r3, [r7, #4]
 3681 007a 93F89434 		ldrb	r3, [r3, #1172]	@ zero_extendqisi2
 3682 007e 012B     		cmp	r3, #1
 3683 0080 01D1     		bne	.L144
 3684              		.loc 1 2027 3 is_stmt 0 discriminator 1
 3685 0082 0223     		movs	r3, #2
 3686              		.loc 1 2027 3
 3687 0084 0EE0     		b	.L141
 3688              	.L144:
 3689              		.loc 1 2027 3 discriminator 2
 3690 0086 7B68     		ldr	r3, [r7, #4]
 3691 0088 0122     		movs	r2, #1
 3692 008a 83F89424 		strb	r2, [r3, #1172]
2028:Drivers/STM32F4xx_HAL_Driver/Src/stm32f4xx_hal_pcd.c ****   (void)USB_EPClearStall(hpcd->Instance, ep);
 3693              		.loc 1 2028 30 is_stmt 1
 3694 008e 7B68     		ldr	r3, [r7, #4]
 3695 0090 1B68     		ldr	r3, [r3]
 3696              		.loc 1 2028 9
 3697 0092 F968     		ldr	r1, [r7, #12]
ARM GAS  C:\Users\DAELT-~1\AppData\Local\Temp\cc8H7Tyn.s 			page 101


 3698 0094 1846     		mov	r0, r3
 3699 0096 FFF7FEFF 		bl	USB_EPClearStall
2029:Drivers/STM32F4xx_HAL_Driver/Src/stm32f4xx_hal_pcd.c ****   __HAL_UNLOCK(hpcd);
 3700              		.loc 1 2029 3
 3701 009a 7B68     		ldr	r3, [r7, #4]
 3702 009c 0022     		movs	r2, #0
 3703 009e 83F89424 		strb	r2, [r3, #1172]
2030:Drivers/STM32F4xx_HAL_Driver/Src/stm32f4xx_hal_pcd.c **** 
2031:Drivers/STM32F4xx_HAL_Driver/Src/stm32f4xx_hal_pcd.c ****   return HAL_OK;
 3704              		.loc 1 2031 10
 3705 00a2 0023     		movs	r3, #0
 3706              	.L141:
2032:Drivers/STM32F4xx_HAL_Driver/Src/stm32f4xx_hal_pcd.c **** }
 3707              		.loc 1 2032 1
 3708 00a4 1846     		mov	r0, r3
 3709 00a6 1037     		adds	r7, r7, #16
 3710              	.LCFI158:
 3711              		.cfi_def_cfa_offset 8
 3712 00a8 BD46     		mov	sp, r7
 3713              	.LCFI159:
 3714              		.cfi_def_cfa_register 13
 3715              		@ sp needed
 3716 00aa 80BD     		pop	{r7, pc}
 3717              		.cfi_endproc
 3718              	.LFE248:
 3720              		.section	.text.HAL_PCD_EP_Abort,"ax",%progbits
 3721              		.align	1
 3722              		.global	HAL_PCD_EP_Abort
 3723              		.syntax unified
 3724              		.thumb
 3725              		.thumb_func
 3727              	HAL_PCD_EP_Abort:
 3728              	.LFB249:
2033:Drivers/STM32F4xx_HAL_Driver/Src/stm32f4xx_hal_pcd.c **** 
2034:Drivers/STM32F4xx_HAL_Driver/Src/stm32f4xx_hal_pcd.c **** /**
2035:Drivers/STM32F4xx_HAL_Driver/Src/stm32f4xx_hal_pcd.c ****    * @brief  Abort an USB EP transaction.
2036:Drivers/STM32F4xx_HAL_Driver/Src/stm32f4xx_hal_pcd.c ****    * @param  hpcd PCD handle
2037:Drivers/STM32F4xx_HAL_Driver/Src/stm32f4xx_hal_pcd.c ****    * @param  ep_addr endpoint address
2038:Drivers/STM32F4xx_HAL_Driver/Src/stm32f4xx_hal_pcd.c ****    * @retval HAL status
2039:Drivers/STM32F4xx_HAL_Driver/Src/stm32f4xx_hal_pcd.c ****    */
2040:Drivers/STM32F4xx_HAL_Driver/Src/stm32f4xx_hal_pcd.c **** HAL_StatusTypeDef HAL_PCD_EP_Abort(PCD_HandleTypeDef *hpcd, uint8_t ep_addr)
2041:Drivers/STM32F4xx_HAL_Driver/Src/stm32f4xx_hal_pcd.c **** {
 3729              		.loc 1 2041 1
 3730              		.cfi_startproc
 3731              		@ args = 0, pretend = 0, frame = 16
 3732              		@ frame_needed = 1, uses_anonymous_args = 0
 3733 0000 80B5     		push	{r7, lr}
 3734              	.LCFI160:
 3735              		.cfi_def_cfa_offset 8
 3736              		.cfi_offset 7, -8
 3737              		.cfi_offset 14, -4
 3738 0002 84B0     		sub	sp, sp, #16
 3739              	.LCFI161:
 3740              		.cfi_def_cfa_offset 24
 3741 0004 00AF     		add	r7, sp, #0
 3742              	.LCFI162:
 3743              		.cfi_def_cfa_register 7
ARM GAS  C:\Users\DAELT-~1\AppData\Local\Temp\cc8H7Tyn.s 			page 102


 3744 0006 7860     		str	r0, [r7, #4]
 3745 0008 0B46     		mov	r3, r1
 3746 000a FB70     		strb	r3, [r7, #3]
2042:Drivers/STM32F4xx_HAL_Driver/Src/stm32f4xx_hal_pcd.c ****   HAL_StatusTypeDef ret;
2043:Drivers/STM32F4xx_HAL_Driver/Src/stm32f4xx_hal_pcd.c ****   PCD_EPTypeDef *ep;
2044:Drivers/STM32F4xx_HAL_Driver/Src/stm32f4xx_hal_pcd.c **** 
2045:Drivers/STM32F4xx_HAL_Driver/Src/stm32f4xx_hal_pcd.c ****   if ((0x80U & ep_addr) == 0x80U)
 3747              		.loc 1 2045 25
 3748 000c 97F90330 		ldrsb	r3, [r7, #3]
 3749              		.loc 1 2045 6
 3750 0010 002B     		cmp	r3, #0
 3751 0012 0CDA     		bge	.L146
2046:Drivers/STM32F4xx_HAL_Driver/Src/stm32f4xx_hal_pcd.c ****   {
2047:Drivers/STM32F4xx_HAL_Driver/Src/stm32f4xx_hal_pcd.c ****     ep = &hpcd->IN_ep[ep_addr & EP_ADDR_MSK];
 3752              		.loc 1 2047 31
 3753 0014 FB78     		ldrb	r3, [r7, #3]	@ zero_extendqisi2
 3754 0016 03F00F02 		and	r2, r3, #15
 3755              		.loc 1 2047 8
 3756 001a 1346     		mov	r3, r2
 3757 001c DB00     		lsls	r3, r3, #3
 3758 001e 1344     		add	r3, r3, r2
 3759 0020 9B00     		lsls	r3, r3, #2
 3760 0022 1033     		adds	r3, r3, #16
 3761 0024 7A68     		ldr	r2, [r7, #4]
 3762 0026 1344     		add	r3, r3, r2
 3763 0028 0433     		adds	r3, r3, #4
 3764 002a FB60     		str	r3, [r7, #12]
 3765 002c 0CE0     		b	.L147
 3766              	.L146:
2048:Drivers/STM32F4xx_HAL_Driver/Src/stm32f4xx_hal_pcd.c ****   }
2049:Drivers/STM32F4xx_HAL_Driver/Src/stm32f4xx_hal_pcd.c ****   else
2050:Drivers/STM32F4xx_HAL_Driver/Src/stm32f4xx_hal_pcd.c ****   {
2051:Drivers/STM32F4xx_HAL_Driver/Src/stm32f4xx_hal_pcd.c ****     ep = &hpcd->OUT_ep[ep_addr & EP_ADDR_MSK];
 3767              		.loc 1 2051 32
 3768 002e FB78     		ldrb	r3, [r7, #3]	@ zero_extendqisi2
 3769 0030 03F00F02 		and	r2, r3, #15
 3770              		.loc 1 2051 8
 3771 0034 1346     		mov	r3, r2
 3772 0036 DB00     		lsls	r3, r3, #3
 3773 0038 1344     		add	r3, r3, r2
 3774 003a 9B00     		lsls	r3, r3, #2
 3775 003c 03F51473 		add	r3, r3, #592
 3776 0040 7A68     		ldr	r2, [r7, #4]
 3777 0042 1344     		add	r3, r3, r2
 3778 0044 0433     		adds	r3, r3, #4
 3779 0046 FB60     		str	r3, [r7, #12]
 3780              	.L147:
2052:Drivers/STM32F4xx_HAL_Driver/Src/stm32f4xx_hal_pcd.c ****   }
2053:Drivers/STM32F4xx_HAL_Driver/Src/stm32f4xx_hal_pcd.c **** 
2054:Drivers/STM32F4xx_HAL_Driver/Src/stm32f4xx_hal_pcd.c ****   /* Stop Xfer */
2055:Drivers/STM32F4xx_HAL_Driver/Src/stm32f4xx_hal_pcd.c ****   ret = USB_EPStopXfer(hpcd->Instance, ep);
 3781              		.loc 1 2055 28
 3782 0048 7B68     		ldr	r3, [r7, #4]
 3783 004a 1B68     		ldr	r3, [r3]
 3784              		.loc 1 2055 9
 3785 004c F968     		ldr	r1, [r7, #12]
 3786 004e 1846     		mov	r0, r3
ARM GAS  C:\Users\DAELT-~1\AppData\Local\Temp\cc8H7Tyn.s 			page 103


 3787 0050 FFF7FEFF 		bl	USB_EPStopXfer
 3788 0054 0346     		mov	r3, r0
 3789 0056 FB72     		strb	r3, [r7, #11]
2056:Drivers/STM32F4xx_HAL_Driver/Src/stm32f4xx_hal_pcd.c **** 
2057:Drivers/STM32F4xx_HAL_Driver/Src/stm32f4xx_hal_pcd.c ****   return ret;
 3790              		.loc 1 2057 10
 3791 0058 FB7A     		ldrb	r3, [r7, #11]	@ zero_extendqisi2
2058:Drivers/STM32F4xx_HAL_Driver/Src/stm32f4xx_hal_pcd.c **** }
 3792              		.loc 1 2058 1
 3793 005a 1846     		mov	r0, r3
 3794 005c 1037     		adds	r7, r7, #16
 3795              	.LCFI163:
 3796              		.cfi_def_cfa_offset 8
 3797 005e BD46     		mov	sp, r7
 3798              	.LCFI164:
 3799              		.cfi_def_cfa_register 13
 3800              		@ sp needed
 3801 0060 80BD     		pop	{r7, pc}
 3802              		.cfi_endproc
 3803              	.LFE249:
 3805              		.section	.text.HAL_PCD_EP_Flush,"ax",%progbits
 3806              		.align	1
 3807              		.global	HAL_PCD_EP_Flush
 3808              		.syntax unified
 3809              		.thumb
 3810              		.thumb_func
 3812              	HAL_PCD_EP_Flush:
 3813              	.LFB250:
2059:Drivers/STM32F4xx_HAL_Driver/Src/stm32f4xx_hal_pcd.c **** 
2060:Drivers/STM32F4xx_HAL_Driver/Src/stm32f4xx_hal_pcd.c **** /**
2061:Drivers/STM32F4xx_HAL_Driver/Src/stm32f4xx_hal_pcd.c ****   * @brief  Flush an endpoint
2062:Drivers/STM32F4xx_HAL_Driver/Src/stm32f4xx_hal_pcd.c ****   * @param  hpcd PCD handle
2063:Drivers/STM32F4xx_HAL_Driver/Src/stm32f4xx_hal_pcd.c ****   * @param  ep_addr endpoint address
2064:Drivers/STM32F4xx_HAL_Driver/Src/stm32f4xx_hal_pcd.c ****   * @retval HAL status
2065:Drivers/STM32F4xx_HAL_Driver/Src/stm32f4xx_hal_pcd.c ****   */
2066:Drivers/STM32F4xx_HAL_Driver/Src/stm32f4xx_hal_pcd.c **** HAL_StatusTypeDef HAL_PCD_EP_Flush(PCD_HandleTypeDef *hpcd, uint8_t ep_addr)
2067:Drivers/STM32F4xx_HAL_Driver/Src/stm32f4xx_hal_pcd.c **** {
 3814              		.loc 1 2067 1
 3815              		.cfi_startproc
 3816              		@ args = 0, pretend = 0, frame = 8
 3817              		@ frame_needed = 1, uses_anonymous_args = 0
 3818 0000 80B5     		push	{r7, lr}
 3819              	.LCFI165:
 3820              		.cfi_def_cfa_offset 8
 3821              		.cfi_offset 7, -8
 3822              		.cfi_offset 14, -4
 3823 0002 82B0     		sub	sp, sp, #8
 3824              	.LCFI166:
 3825              		.cfi_def_cfa_offset 16
 3826 0004 00AF     		add	r7, sp, #0
 3827              	.LCFI167:
 3828              		.cfi_def_cfa_register 7
 3829 0006 7860     		str	r0, [r7, #4]
 3830 0008 0B46     		mov	r3, r1
 3831 000a FB70     		strb	r3, [r7, #3]
2068:Drivers/STM32F4xx_HAL_Driver/Src/stm32f4xx_hal_pcd.c ****   __HAL_LOCK(hpcd);
 3832              		.loc 1 2068 3
ARM GAS  C:\Users\DAELT-~1\AppData\Local\Temp\cc8H7Tyn.s 			page 104


 3833 000c 7B68     		ldr	r3, [r7, #4]
 3834 000e 93F89434 		ldrb	r3, [r3, #1172]	@ zero_extendqisi2
 3835 0012 012B     		cmp	r3, #1
 3836 0014 01D1     		bne	.L150
 3837              		.loc 1 2068 3 is_stmt 0 discriminator 1
 3838 0016 0223     		movs	r3, #2
 3839              		.loc 1 2068 3
 3840 0018 1BE0     		b	.L151
 3841              	.L150:
 3842              		.loc 1 2068 3 discriminator 2
 3843 001a 7B68     		ldr	r3, [r7, #4]
 3844 001c 0122     		movs	r2, #1
 3845 001e 83F89424 		strb	r2, [r3, #1172]
2069:Drivers/STM32F4xx_HAL_Driver/Src/stm32f4xx_hal_pcd.c **** 
2070:Drivers/STM32F4xx_HAL_Driver/Src/stm32f4xx_hal_pcd.c ****   if ((ep_addr & 0x80U) == 0x80U)
 3846              		.loc 1 2070 25 is_stmt 1
 3847 0022 97F90330 		ldrsb	r3, [r7, #3]
 3848              		.loc 1 2070 6
 3849 0026 002B     		cmp	r3, #0
 3850 0028 09DA     		bge	.L152
2071:Drivers/STM32F4xx_HAL_Driver/Src/stm32f4xx_hal_pcd.c ****   {
2072:Drivers/STM32F4xx_HAL_Driver/Src/stm32f4xx_hal_pcd.c ****     (void)USB_FlushTxFifo(hpcd->Instance, (uint32_t)ep_addr & EP_ADDR_MSK);
 3851              		.loc 1 2072 31
 3852 002a 7B68     		ldr	r3, [r7, #4]
 3853 002c 1A68     		ldr	r2, [r3]
 3854              		.loc 1 2072 11
 3855 002e FB78     		ldrb	r3, [r7, #3]	@ zero_extendqisi2
 3856 0030 03F00F03 		and	r3, r3, #15
 3857 0034 1946     		mov	r1, r3
 3858 0036 1046     		mov	r0, r2
 3859 0038 FFF7FEFF 		bl	USB_FlushTxFifo
 3860 003c 04E0     		b	.L153
 3861              	.L152:
2073:Drivers/STM32F4xx_HAL_Driver/Src/stm32f4xx_hal_pcd.c ****   }
2074:Drivers/STM32F4xx_HAL_Driver/Src/stm32f4xx_hal_pcd.c ****   else
2075:Drivers/STM32F4xx_HAL_Driver/Src/stm32f4xx_hal_pcd.c ****   {
2076:Drivers/STM32F4xx_HAL_Driver/Src/stm32f4xx_hal_pcd.c ****     (void)USB_FlushRxFifo(hpcd->Instance);
 3862              		.loc 1 2076 31
 3863 003e 7B68     		ldr	r3, [r7, #4]
 3864 0040 1B68     		ldr	r3, [r3]
 3865              		.loc 1 2076 11
 3866 0042 1846     		mov	r0, r3
 3867 0044 FFF7FEFF 		bl	USB_FlushRxFifo
 3868              	.L153:
2077:Drivers/STM32F4xx_HAL_Driver/Src/stm32f4xx_hal_pcd.c ****   }
2078:Drivers/STM32F4xx_HAL_Driver/Src/stm32f4xx_hal_pcd.c **** 
2079:Drivers/STM32F4xx_HAL_Driver/Src/stm32f4xx_hal_pcd.c ****   __HAL_UNLOCK(hpcd);
 3869              		.loc 1 2079 3
 3870 0048 7B68     		ldr	r3, [r7, #4]
 3871 004a 0022     		movs	r2, #0
 3872 004c 83F89424 		strb	r2, [r3, #1172]
2080:Drivers/STM32F4xx_HAL_Driver/Src/stm32f4xx_hal_pcd.c **** 
2081:Drivers/STM32F4xx_HAL_Driver/Src/stm32f4xx_hal_pcd.c ****   return HAL_OK;
 3873              		.loc 1 2081 10
 3874 0050 0023     		movs	r3, #0
 3875              	.L151:
2082:Drivers/STM32F4xx_HAL_Driver/Src/stm32f4xx_hal_pcd.c **** }
ARM GAS  C:\Users\DAELT-~1\AppData\Local\Temp\cc8H7Tyn.s 			page 105


 3876              		.loc 1 2082 1
 3877 0052 1846     		mov	r0, r3
 3878 0054 0837     		adds	r7, r7, #8
 3879              	.LCFI168:
 3880              		.cfi_def_cfa_offset 8
 3881 0056 BD46     		mov	sp, r7
 3882              	.LCFI169:
 3883              		.cfi_def_cfa_register 13
 3884              		@ sp needed
 3885 0058 80BD     		pop	{r7, pc}
 3886              		.cfi_endproc
 3887              	.LFE250:
 3889              		.section	.text.HAL_PCD_ActivateRemoteWakeup,"ax",%progbits
 3890              		.align	1
 3891              		.global	HAL_PCD_ActivateRemoteWakeup
 3892              		.syntax unified
 3893              		.thumb
 3894              		.thumb_func
 3896              	HAL_PCD_ActivateRemoteWakeup:
 3897              	.LFB251:
2083:Drivers/STM32F4xx_HAL_Driver/Src/stm32f4xx_hal_pcd.c **** 
2084:Drivers/STM32F4xx_HAL_Driver/Src/stm32f4xx_hal_pcd.c **** /**
2085:Drivers/STM32F4xx_HAL_Driver/Src/stm32f4xx_hal_pcd.c ****   * @brief  Activate remote wakeup signalling
2086:Drivers/STM32F4xx_HAL_Driver/Src/stm32f4xx_hal_pcd.c ****   * @param  hpcd PCD handle
2087:Drivers/STM32F4xx_HAL_Driver/Src/stm32f4xx_hal_pcd.c ****   * @retval HAL status
2088:Drivers/STM32F4xx_HAL_Driver/Src/stm32f4xx_hal_pcd.c ****   */
2089:Drivers/STM32F4xx_HAL_Driver/Src/stm32f4xx_hal_pcd.c **** HAL_StatusTypeDef HAL_PCD_ActivateRemoteWakeup(PCD_HandleTypeDef *hpcd)
2090:Drivers/STM32F4xx_HAL_Driver/Src/stm32f4xx_hal_pcd.c **** {
 3898              		.loc 1 2090 1
 3899              		.cfi_startproc
 3900              		@ args = 0, pretend = 0, frame = 8
 3901              		@ frame_needed = 1, uses_anonymous_args = 0
 3902 0000 80B5     		push	{r7, lr}
 3903              	.LCFI170:
 3904              		.cfi_def_cfa_offset 8
 3905              		.cfi_offset 7, -8
 3906              		.cfi_offset 14, -4
 3907 0002 82B0     		sub	sp, sp, #8
 3908              	.LCFI171:
 3909              		.cfi_def_cfa_offset 16
 3910 0004 00AF     		add	r7, sp, #0
 3911              	.LCFI172:
 3912              		.cfi_def_cfa_register 7
 3913 0006 7860     		str	r0, [r7, #4]
2091:Drivers/STM32F4xx_HAL_Driver/Src/stm32f4xx_hal_pcd.c ****   return (USB_ActivateRemoteWakeup(hpcd->Instance));
 3914              		.loc 1 2091 40
 3915 0008 7B68     		ldr	r3, [r7, #4]
 3916 000a 1B68     		ldr	r3, [r3]
 3917              		.loc 1 2091 11
 3918 000c 1846     		mov	r0, r3
 3919 000e FFF7FEFF 		bl	USB_ActivateRemoteWakeup
 3920 0012 0346     		mov	r3, r0
2092:Drivers/STM32F4xx_HAL_Driver/Src/stm32f4xx_hal_pcd.c **** }
 3921              		.loc 1 2092 1
 3922 0014 1846     		mov	r0, r3
 3923 0016 0837     		adds	r7, r7, #8
 3924              	.LCFI173:
ARM GAS  C:\Users\DAELT-~1\AppData\Local\Temp\cc8H7Tyn.s 			page 106


 3925              		.cfi_def_cfa_offset 8
 3926 0018 BD46     		mov	sp, r7
 3927              	.LCFI174:
 3928              		.cfi_def_cfa_register 13
 3929              		@ sp needed
 3930 001a 80BD     		pop	{r7, pc}
 3931              		.cfi_endproc
 3932              	.LFE251:
 3934              		.section	.text.HAL_PCD_DeActivateRemoteWakeup,"ax",%progbits
 3935              		.align	1
 3936              		.global	HAL_PCD_DeActivateRemoteWakeup
 3937              		.syntax unified
 3938              		.thumb
 3939              		.thumb_func
 3941              	HAL_PCD_DeActivateRemoteWakeup:
 3942              	.LFB252:
2093:Drivers/STM32F4xx_HAL_Driver/Src/stm32f4xx_hal_pcd.c **** 
2094:Drivers/STM32F4xx_HAL_Driver/Src/stm32f4xx_hal_pcd.c **** /**
2095:Drivers/STM32F4xx_HAL_Driver/Src/stm32f4xx_hal_pcd.c ****   * @brief  De-activate remote wakeup signalling.
2096:Drivers/STM32F4xx_HAL_Driver/Src/stm32f4xx_hal_pcd.c ****   * @param  hpcd PCD handle
2097:Drivers/STM32F4xx_HAL_Driver/Src/stm32f4xx_hal_pcd.c ****   * @retval HAL status
2098:Drivers/STM32F4xx_HAL_Driver/Src/stm32f4xx_hal_pcd.c ****   */
2099:Drivers/STM32F4xx_HAL_Driver/Src/stm32f4xx_hal_pcd.c **** HAL_StatusTypeDef HAL_PCD_DeActivateRemoteWakeup(PCD_HandleTypeDef *hpcd)
2100:Drivers/STM32F4xx_HAL_Driver/Src/stm32f4xx_hal_pcd.c **** {
 3943              		.loc 1 2100 1
 3944              		.cfi_startproc
 3945              		@ args = 0, pretend = 0, frame = 8
 3946              		@ frame_needed = 1, uses_anonymous_args = 0
 3947 0000 80B5     		push	{r7, lr}
 3948              	.LCFI175:
 3949              		.cfi_def_cfa_offset 8
 3950              		.cfi_offset 7, -8
 3951              		.cfi_offset 14, -4
 3952 0002 82B0     		sub	sp, sp, #8
 3953              	.LCFI176:
 3954              		.cfi_def_cfa_offset 16
 3955 0004 00AF     		add	r7, sp, #0
 3956              	.LCFI177:
 3957              		.cfi_def_cfa_register 7
 3958 0006 7860     		str	r0, [r7, #4]
2101:Drivers/STM32F4xx_HAL_Driver/Src/stm32f4xx_hal_pcd.c ****   return (USB_DeActivateRemoteWakeup(hpcd->Instance));
 3959              		.loc 1 2101 42
 3960 0008 7B68     		ldr	r3, [r7, #4]
 3961 000a 1B68     		ldr	r3, [r3]
 3962              		.loc 1 2101 11
 3963 000c 1846     		mov	r0, r3
 3964 000e FFF7FEFF 		bl	USB_DeActivateRemoteWakeup
 3965 0012 0346     		mov	r3, r0
2102:Drivers/STM32F4xx_HAL_Driver/Src/stm32f4xx_hal_pcd.c **** }
 3966              		.loc 1 2102 1
 3967 0014 1846     		mov	r0, r3
 3968 0016 0837     		adds	r7, r7, #8
 3969              	.LCFI178:
 3970              		.cfi_def_cfa_offset 8
 3971 0018 BD46     		mov	sp, r7
 3972              	.LCFI179:
 3973              		.cfi_def_cfa_register 13
ARM GAS  C:\Users\DAELT-~1\AppData\Local\Temp\cc8H7Tyn.s 			page 107


 3974              		@ sp needed
 3975 001a 80BD     		pop	{r7, pc}
 3976              		.cfi_endproc
 3977              	.LFE252:
 3979              		.section	.text.HAL_PCD_GetState,"ax",%progbits
 3980              		.align	1
 3981              		.global	HAL_PCD_GetState
 3982              		.syntax unified
 3983              		.thumb
 3984              		.thumb_func
 3986              	HAL_PCD_GetState:
 3987              	.LFB253:
2103:Drivers/STM32F4xx_HAL_Driver/Src/stm32f4xx_hal_pcd.c **** 
2104:Drivers/STM32F4xx_HAL_Driver/Src/stm32f4xx_hal_pcd.c **** /**
2105:Drivers/STM32F4xx_HAL_Driver/Src/stm32f4xx_hal_pcd.c ****   * @}
2106:Drivers/STM32F4xx_HAL_Driver/Src/stm32f4xx_hal_pcd.c ****   */
2107:Drivers/STM32F4xx_HAL_Driver/Src/stm32f4xx_hal_pcd.c **** 
2108:Drivers/STM32F4xx_HAL_Driver/Src/stm32f4xx_hal_pcd.c **** /** @defgroup PCD_Exported_Functions_Group4 Peripheral State functions
2109:Drivers/STM32F4xx_HAL_Driver/Src/stm32f4xx_hal_pcd.c ****   *  @brief   Peripheral State functions
2110:Drivers/STM32F4xx_HAL_Driver/Src/stm32f4xx_hal_pcd.c ****   *
2111:Drivers/STM32F4xx_HAL_Driver/Src/stm32f4xx_hal_pcd.c **** @verbatim
2112:Drivers/STM32F4xx_HAL_Driver/Src/stm32f4xx_hal_pcd.c ****  ===============================================================================
2113:Drivers/STM32F4xx_HAL_Driver/Src/stm32f4xx_hal_pcd.c ****                       ##### Peripheral State functions #####
2114:Drivers/STM32F4xx_HAL_Driver/Src/stm32f4xx_hal_pcd.c ****  ===============================================================================
2115:Drivers/STM32F4xx_HAL_Driver/Src/stm32f4xx_hal_pcd.c ****     [..]
2116:Drivers/STM32F4xx_HAL_Driver/Src/stm32f4xx_hal_pcd.c ****     This subsection permits to get in run-time the status of the peripheral
2117:Drivers/STM32F4xx_HAL_Driver/Src/stm32f4xx_hal_pcd.c ****     and the data flow.
2118:Drivers/STM32F4xx_HAL_Driver/Src/stm32f4xx_hal_pcd.c **** 
2119:Drivers/STM32F4xx_HAL_Driver/Src/stm32f4xx_hal_pcd.c **** @endverbatim
2120:Drivers/STM32F4xx_HAL_Driver/Src/stm32f4xx_hal_pcd.c ****   * @{
2121:Drivers/STM32F4xx_HAL_Driver/Src/stm32f4xx_hal_pcd.c ****   */
2122:Drivers/STM32F4xx_HAL_Driver/Src/stm32f4xx_hal_pcd.c **** 
2123:Drivers/STM32F4xx_HAL_Driver/Src/stm32f4xx_hal_pcd.c **** /**
2124:Drivers/STM32F4xx_HAL_Driver/Src/stm32f4xx_hal_pcd.c ****   * @brief  Return the PCD handle state.
2125:Drivers/STM32F4xx_HAL_Driver/Src/stm32f4xx_hal_pcd.c ****   * @param  hpcd PCD handle
2126:Drivers/STM32F4xx_HAL_Driver/Src/stm32f4xx_hal_pcd.c ****   * @retval HAL state
2127:Drivers/STM32F4xx_HAL_Driver/Src/stm32f4xx_hal_pcd.c ****   */
2128:Drivers/STM32F4xx_HAL_Driver/Src/stm32f4xx_hal_pcd.c **** PCD_StateTypeDef HAL_PCD_GetState(PCD_HandleTypeDef const *hpcd)
2129:Drivers/STM32F4xx_HAL_Driver/Src/stm32f4xx_hal_pcd.c **** {
 3988              		.loc 1 2129 1
 3989              		.cfi_startproc
 3990              		@ args = 0, pretend = 0, frame = 8
 3991              		@ frame_needed = 1, uses_anonymous_args = 0
 3992              		@ link register save eliminated.
 3993 0000 80B4     		push	{r7}
 3994              	.LCFI180:
 3995              		.cfi_def_cfa_offset 4
 3996              		.cfi_offset 7, -4
 3997 0002 83B0     		sub	sp, sp, #12
 3998              	.LCFI181:
 3999              		.cfi_def_cfa_offset 16
 4000 0004 00AF     		add	r7, sp, #0
 4001              	.LCFI182:
 4002              		.cfi_def_cfa_register 7
 4003 0006 7860     		str	r0, [r7, #4]
2130:Drivers/STM32F4xx_HAL_Driver/Src/stm32f4xx_hal_pcd.c ****   return hpcd->State;
 4004              		.loc 1 2130 14
ARM GAS  C:\Users\DAELT-~1\AppData\Local\Temp\cc8H7Tyn.s 			page 108


 4005 0008 7B68     		ldr	r3, [r7, #4]
 4006 000a 93F89534 		ldrb	r3, [r3, #1173]
 4007 000e DBB2     		uxtb	r3, r3
2131:Drivers/STM32F4xx_HAL_Driver/Src/stm32f4xx_hal_pcd.c **** }
 4008              		.loc 1 2131 1
 4009 0010 1846     		mov	r0, r3
 4010 0012 0C37     		adds	r7, r7, #12
 4011              	.LCFI183:
 4012              		.cfi_def_cfa_offset 4
 4013 0014 BD46     		mov	sp, r7
 4014              	.LCFI184:
 4015              		.cfi_def_cfa_register 13
 4016              		@ sp needed
 4017 0016 5DF8047B 		ldr	r7, [sp], #4
 4018              	.LCFI185:
 4019              		.cfi_restore 7
 4020              		.cfi_def_cfa_offset 0
 4021 001a 7047     		bx	lr
 4022              		.cfi_endproc
 4023              	.LFE253:
 4025              		.section	.text.HAL_PCD_SetTestMode,"ax",%progbits
 4026              		.align	1
 4027              		.global	HAL_PCD_SetTestMode
 4028              		.syntax unified
 4029              		.thumb
 4030              		.thumb_func
 4032              	HAL_PCD_SetTestMode:
 4033              	.LFB254:
2132:Drivers/STM32F4xx_HAL_Driver/Src/stm32f4xx_hal_pcd.c **** 
2133:Drivers/STM32F4xx_HAL_Driver/Src/stm32f4xx_hal_pcd.c **** #if defined (USB_OTG_FS) || defined (USB_OTG_HS)
2134:Drivers/STM32F4xx_HAL_Driver/Src/stm32f4xx_hal_pcd.c **** /**
2135:Drivers/STM32F4xx_HAL_Driver/Src/stm32f4xx_hal_pcd.c ****   * @brief  Set the USB Device high speed test mode.
2136:Drivers/STM32F4xx_HAL_Driver/Src/stm32f4xx_hal_pcd.c ****   * @param  hpcd PCD handle
2137:Drivers/STM32F4xx_HAL_Driver/Src/stm32f4xx_hal_pcd.c ****   * @param  testmode USB Device high speed test mode
2138:Drivers/STM32F4xx_HAL_Driver/Src/stm32f4xx_hal_pcd.c ****   * @retval HAL status
2139:Drivers/STM32F4xx_HAL_Driver/Src/stm32f4xx_hal_pcd.c ****   */
2140:Drivers/STM32F4xx_HAL_Driver/Src/stm32f4xx_hal_pcd.c **** HAL_StatusTypeDef HAL_PCD_SetTestMode(const PCD_HandleTypeDef *hpcd, uint8_t testmode)
2141:Drivers/STM32F4xx_HAL_Driver/Src/stm32f4xx_hal_pcd.c **** {
 4034              		.loc 1 2141 1
 4035              		.cfi_startproc
 4036              		@ args = 0, pretend = 0, frame = 16
 4037              		@ frame_needed = 1, uses_anonymous_args = 0
 4038              		@ link register save eliminated.
 4039 0000 80B4     		push	{r7}
 4040              	.LCFI186:
 4041              		.cfi_def_cfa_offset 4
 4042              		.cfi_offset 7, -4
 4043 0002 85B0     		sub	sp, sp, #20
 4044              	.LCFI187:
 4045              		.cfi_def_cfa_offset 24
 4046 0004 00AF     		add	r7, sp, #0
 4047              	.LCFI188:
 4048              		.cfi_def_cfa_register 7
 4049 0006 7860     		str	r0, [r7, #4]
 4050 0008 0B46     		mov	r3, r1
 4051 000a FB70     		strb	r3, [r7, #3]
2142:Drivers/STM32F4xx_HAL_Driver/Src/stm32f4xx_hal_pcd.c ****   const USB_OTG_GlobalTypeDef *USBx = hpcd->Instance;
ARM GAS  C:\Users\DAELT-~1\AppData\Local\Temp\cc8H7Tyn.s 			page 109


 4052              		.loc 1 2142 32
 4053 000c 7B68     		ldr	r3, [r7, #4]
 4054 000e 1B68     		ldr	r3, [r3]
 4055 0010 FB60     		str	r3, [r7, #12]
2143:Drivers/STM32F4xx_HAL_Driver/Src/stm32f4xx_hal_pcd.c ****   uint32_t USBx_BASE = (uint32_t)USBx;
 4056              		.loc 1 2143 12
 4057 0012 FB68     		ldr	r3, [r7, #12]
 4058 0014 BB60     		str	r3, [r7, #8]
2144:Drivers/STM32F4xx_HAL_Driver/Src/stm32f4xx_hal_pcd.c **** 
2145:Drivers/STM32F4xx_HAL_Driver/Src/stm32f4xx_hal_pcd.c ****   switch (testmode)
 4059              		.loc 1 2145 3
 4060 0016 FB78     		ldrb	r3, [r7, #3]	@ zero_extendqisi2
 4061 0018 013B     		subs	r3, r3, #1
 4062 001a 042B     		cmp	r3, #4
 4063 001c 15D8     		bhi	.L164
2146:Drivers/STM32F4xx_HAL_Driver/Src/stm32f4xx_hal_pcd.c ****   {
2147:Drivers/STM32F4xx_HAL_Driver/Src/stm32f4xx_hal_pcd.c ****     case TEST_J:
2148:Drivers/STM32F4xx_HAL_Driver/Src/stm32f4xx_hal_pcd.c ****     case TEST_K:
2149:Drivers/STM32F4xx_HAL_Driver/Src/stm32f4xx_hal_pcd.c ****     case TEST_SE0_NAK:
2150:Drivers/STM32F4xx_HAL_Driver/Src/stm32f4xx_hal_pcd.c ****     case TEST_PACKET:
2151:Drivers/STM32F4xx_HAL_Driver/Src/stm32f4xx_hal_pcd.c ****     case TEST_FORCE_EN:
2152:Drivers/STM32F4xx_HAL_Driver/Src/stm32f4xx_hal_pcd.c ****       USBx_DEVICE->DCTL &= ~(0x7U << 4);
 4064              		.loc 1 2152 18
 4065 001e BB68     		ldr	r3, [r7, #8]
 4066 0020 03F50063 		add	r3, r3, #2048
 4067 0024 5B68     		ldr	r3, [r3, #4]
 4068 0026 BA68     		ldr	r2, [r7, #8]
 4069 0028 02F50062 		add	r2, r2, #2048
 4070              		.loc 1 2152 25
 4071 002c 23F07003 		bic	r3, r3, #112
 4072 0030 5360     		str	r3, [r2, #4]
2153:Drivers/STM32F4xx_HAL_Driver/Src/stm32f4xx_hal_pcd.c ****       USBx_DEVICE->DCTL |= (uint32_t)testmode << 4;
 4073              		.loc 1 2153 18
 4074 0032 BB68     		ldr	r3, [r7, #8]
 4075 0034 03F50063 		add	r3, r3, #2048
 4076 0038 5A68     		ldr	r2, [r3, #4]
 4077              		.loc 1 2153 28
 4078 003a FB78     		ldrb	r3, [r7, #3]	@ zero_extendqisi2
 4079              		.loc 1 2153 47
 4080 003c 1B01     		lsls	r3, r3, #4
 4081              		.loc 1 2153 18
 4082 003e B968     		ldr	r1, [r7, #8]
 4083 0040 01F50061 		add	r1, r1, #2048
 4084              		.loc 1 2153 25
 4085 0044 1343     		orrs	r3, r3, r2
 4086 0046 4B60     		str	r3, [r1, #4]
2154:Drivers/STM32F4xx_HAL_Driver/Src/stm32f4xx_hal_pcd.c ****       break;
 4087              		.loc 1 2154 7
 4088 0048 00E0     		b	.L162
 4089              	.L164:
2155:Drivers/STM32F4xx_HAL_Driver/Src/stm32f4xx_hal_pcd.c **** 
2156:Drivers/STM32F4xx_HAL_Driver/Src/stm32f4xx_hal_pcd.c ****     default:
2157:Drivers/STM32F4xx_HAL_Driver/Src/stm32f4xx_hal_pcd.c ****       break;
 4090              		.loc 1 2157 7
 4091 004a 00BF     		nop
 4092              	.L162:
2158:Drivers/STM32F4xx_HAL_Driver/Src/stm32f4xx_hal_pcd.c ****   }
ARM GAS  C:\Users\DAELT-~1\AppData\Local\Temp\cc8H7Tyn.s 			page 110


2159:Drivers/STM32F4xx_HAL_Driver/Src/stm32f4xx_hal_pcd.c **** 
2160:Drivers/STM32F4xx_HAL_Driver/Src/stm32f4xx_hal_pcd.c ****   return HAL_OK;
 4093              		.loc 1 2160 10
 4094 004c 0023     		movs	r3, #0
2161:Drivers/STM32F4xx_HAL_Driver/Src/stm32f4xx_hal_pcd.c **** }
 4095              		.loc 1 2161 1
 4096 004e 1846     		mov	r0, r3
 4097 0050 1437     		adds	r7, r7, #20
 4098              	.LCFI189:
 4099              		.cfi_def_cfa_offset 4
 4100 0052 BD46     		mov	sp, r7
 4101              	.LCFI190:
 4102              		.cfi_def_cfa_register 13
 4103              		@ sp needed
 4104 0054 5DF8047B 		ldr	r7, [sp], #4
 4105              	.LCFI191:
 4106              		.cfi_restore 7
 4107              		.cfi_def_cfa_offset 0
 4108 0058 7047     		bx	lr
 4109              		.cfi_endproc
 4110              	.LFE254:
 4112              		.section	.text.PCD_WriteEmptyTxFifo,"ax",%progbits
 4113              		.align	1
 4114              		.syntax unified
 4115              		.thumb
 4116              		.thumb_func
 4118              	PCD_WriteEmptyTxFifo:
 4119              	.LFB255:
2162:Drivers/STM32F4xx_HAL_Driver/Src/stm32f4xx_hal_pcd.c **** #endif /* defined (USB_OTG_FS) || defined (USB_OTG_HS) */
2163:Drivers/STM32F4xx_HAL_Driver/Src/stm32f4xx_hal_pcd.c **** /**
2164:Drivers/STM32F4xx_HAL_Driver/Src/stm32f4xx_hal_pcd.c ****   * @}
2165:Drivers/STM32F4xx_HAL_Driver/Src/stm32f4xx_hal_pcd.c ****   */
2166:Drivers/STM32F4xx_HAL_Driver/Src/stm32f4xx_hal_pcd.c **** 
2167:Drivers/STM32F4xx_HAL_Driver/Src/stm32f4xx_hal_pcd.c **** /**
2168:Drivers/STM32F4xx_HAL_Driver/Src/stm32f4xx_hal_pcd.c ****   * @}
2169:Drivers/STM32F4xx_HAL_Driver/Src/stm32f4xx_hal_pcd.c ****   */
2170:Drivers/STM32F4xx_HAL_Driver/Src/stm32f4xx_hal_pcd.c **** 
2171:Drivers/STM32F4xx_HAL_Driver/Src/stm32f4xx_hal_pcd.c **** /* Private functions ---------------------------------------------------------*/
2172:Drivers/STM32F4xx_HAL_Driver/Src/stm32f4xx_hal_pcd.c **** /** @addtogroup PCD_Private_Functions
2173:Drivers/STM32F4xx_HAL_Driver/Src/stm32f4xx_hal_pcd.c ****   * @{
2174:Drivers/STM32F4xx_HAL_Driver/Src/stm32f4xx_hal_pcd.c ****   */
2175:Drivers/STM32F4xx_HAL_Driver/Src/stm32f4xx_hal_pcd.c **** #if defined (USB_OTG_FS) || defined (USB_OTG_HS)
2176:Drivers/STM32F4xx_HAL_Driver/Src/stm32f4xx_hal_pcd.c **** /**
2177:Drivers/STM32F4xx_HAL_Driver/Src/stm32f4xx_hal_pcd.c ****   * @brief  Check FIFO for the next packet to be loaded.
2178:Drivers/STM32F4xx_HAL_Driver/Src/stm32f4xx_hal_pcd.c ****   * @param  hpcd PCD handle
2179:Drivers/STM32F4xx_HAL_Driver/Src/stm32f4xx_hal_pcd.c ****   * @param  epnum endpoint number
2180:Drivers/STM32F4xx_HAL_Driver/Src/stm32f4xx_hal_pcd.c ****   * @retval HAL status
2181:Drivers/STM32F4xx_HAL_Driver/Src/stm32f4xx_hal_pcd.c ****   */
2182:Drivers/STM32F4xx_HAL_Driver/Src/stm32f4xx_hal_pcd.c **** static HAL_StatusTypeDef PCD_WriteEmptyTxFifo(PCD_HandleTypeDef *hpcd, uint32_t epnum)
2183:Drivers/STM32F4xx_HAL_Driver/Src/stm32f4xx_hal_pcd.c **** {
 4120              		.loc 1 2183 1
 4121              		.cfi_startproc
 4122              		@ args = 0, pretend = 0, frame = 32
 4123              		@ frame_needed = 1, uses_anonymous_args = 0
 4124 0000 80B5     		push	{r7, lr}
 4125              	.LCFI192:
 4126              		.cfi_def_cfa_offset 8
ARM GAS  C:\Users\DAELT-~1\AppData\Local\Temp\cc8H7Tyn.s 			page 111


 4127              		.cfi_offset 7, -8
 4128              		.cfi_offset 14, -4
 4129 0002 8AB0     		sub	sp, sp, #40
 4130              	.LCFI193:
 4131              		.cfi_def_cfa_offset 48
 4132 0004 02AF     		add	r7, sp, #8
 4133              	.LCFI194:
 4134              		.cfi_def_cfa 7, 40
 4135 0006 7860     		str	r0, [r7, #4]
 4136 0008 3960     		str	r1, [r7]
2184:Drivers/STM32F4xx_HAL_Driver/Src/stm32f4xx_hal_pcd.c ****   USB_OTG_GlobalTypeDef *USBx = hpcd->Instance;
 4137              		.loc 1 2184 26
 4138 000a 7B68     		ldr	r3, [r7, #4]
 4139 000c 1B68     		ldr	r3, [r3]
 4140 000e 7B61     		str	r3, [r7, #20]
2185:Drivers/STM32F4xx_HAL_Driver/Src/stm32f4xx_hal_pcd.c ****   uint32_t USBx_BASE = (uint32_t)USBx;
 4141              		.loc 1 2185 12
 4142 0010 7B69     		ldr	r3, [r7, #20]
 4143 0012 3B61     		str	r3, [r7, #16]
2186:Drivers/STM32F4xx_HAL_Driver/Src/stm32f4xx_hal_pcd.c ****   USB_OTG_EPTypeDef *ep;
2187:Drivers/STM32F4xx_HAL_Driver/Src/stm32f4xx_hal_pcd.c ****   uint32_t len;
2188:Drivers/STM32F4xx_HAL_Driver/Src/stm32f4xx_hal_pcd.c ****   uint32_t len32b;
2189:Drivers/STM32F4xx_HAL_Driver/Src/stm32f4xx_hal_pcd.c ****   uint32_t fifoemptymsk;
2190:Drivers/STM32F4xx_HAL_Driver/Src/stm32f4xx_hal_pcd.c **** 
2191:Drivers/STM32F4xx_HAL_Driver/Src/stm32f4xx_hal_pcd.c ****   ep = &hpcd->IN_ep[epnum];
 4144              		.loc 1 2191 6
 4145 0014 3A68     		ldr	r2, [r7]
 4146 0016 1346     		mov	r3, r2
 4147 0018 DB00     		lsls	r3, r3, #3
 4148 001a 1344     		add	r3, r3, r2
 4149 001c 9B00     		lsls	r3, r3, #2
 4150 001e 1033     		adds	r3, r3, #16
 4151 0020 7A68     		ldr	r2, [r7, #4]
 4152 0022 1344     		add	r3, r3, r2
 4153 0024 0433     		adds	r3, r3, #4
 4154 0026 FB60     		str	r3, [r7, #12]
2192:Drivers/STM32F4xx_HAL_Driver/Src/stm32f4xx_hal_pcd.c **** 
2193:Drivers/STM32F4xx_HAL_Driver/Src/stm32f4xx_hal_pcd.c ****   if (ep->xfer_count > ep->xfer_len)
 4155              		.loc 1 2193 9
 4156 0028 FB68     		ldr	r3, [r7, #12]
 4157 002a 5A69     		ldr	r2, [r3, #20]
 4158              		.loc 1 2193 26
 4159 002c FB68     		ldr	r3, [r7, #12]
 4160 002e 1B69     		ldr	r3, [r3, #16]
 4161              		.loc 1 2193 6
 4162 0030 9A42     		cmp	r2, r3
 4163 0032 01D9     		bls	.L166
2194:Drivers/STM32F4xx_HAL_Driver/Src/stm32f4xx_hal_pcd.c ****   {
2195:Drivers/STM32F4xx_HAL_Driver/Src/stm32f4xx_hal_pcd.c ****     return HAL_ERROR;
 4164              		.loc 1 2195 12
 4165 0034 0123     		movs	r3, #1
 4166 0036 6BE0     		b	.L167
 4167              	.L166:
2196:Drivers/STM32F4xx_HAL_Driver/Src/stm32f4xx_hal_pcd.c ****   }
2197:Drivers/STM32F4xx_HAL_Driver/Src/stm32f4xx_hal_pcd.c **** 
2198:Drivers/STM32F4xx_HAL_Driver/Src/stm32f4xx_hal_pcd.c ****   len = ep->xfer_len - ep->xfer_count;
 4168              		.loc 1 2198 11
ARM GAS  C:\Users\DAELT-~1\AppData\Local\Temp\cc8H7Tyn.s 			page 112


 4169 0038 FB68     		ldr	r3, [r7, #12]
 4170 003a 1A69     		ldr	r2, [r3, #16]
 4171              		.loc 1 2198 26
 4172 003c FB68     		ldr	r3, [r7, #12]
 4173 003e 5B69     		ldr	r3, [r3, #20]
 4174              		.loc 1 2198 7
 4175 0040 D31A     		subs	r3, r2, r3
 4176 0042 FB61     		str	r3, [r7, #28]
2199:Drivers/STM32F4xx_HAL_Driver/Src/stm32f4xx_hal_pcd.c **** 
2200:Drivers/STM32F4xx_HAL_Driver/Src/stm32f4xx_hal_pcd.c ****   if (len > ep->maxpacket)
 4177              		.loc 1 2200 15
 4178 0044 FB68     		ldr	r3, [r7, #12]
 4179 0046 9B68     		ldr	r3, [r3, #8]
 4180              		.loc 1 2200 6
 4181 0048 FA69     		ldr	r2, [r7, #28]
 4182 004a 9A42     		cmp	r2, r3
 4183 004c 02D9     		bls	.L168
2201:Drivers/STM32F4xx_HAL_Driver/Src/stm32f4xx_hal_pcd.c ****   {
2202:Drivers/STM32F4xx_HAL_Driver/Src/stm32f4xx_hal_pcd.c ****     len = ep->maxpacket;
 4184              		.loc 1 2202 9
 4185 004e FB68     		ldr	r3, [r7, #12]
 4186 0050 9B68     		ldr	r3, [r3, #8]
 4187 0052 FB61     		str	r3, [r7, #28]
 4188              	.L168:
2203:Drivers/STM32F4xx_HAL_Driver/Src/stm32f4xx_hal_pcd.c ****   }
2204:Drivers/STM32F4xx_HAL_Driver/Src/stm32f4xx_hal_pcd.c **** 
2205:Drivers/STM32F4xx_HAL_Driver/Src/stm32f4xx_hal_pcd.c ****   len32b = (len + 3U) / 4U;
 4189              		.loc 1 2205 17
 4190 0054 FB69     		ldr	r3, [r7, #28]
 4191 0056 0333     		adds	r3, r3, #3
 4192              		.loc 1 2205 10
 4193 0058 9B08     		lsrs	r3, r3, #2
 4194 005a BB61     		str	r3, [r7, #24]
2206:Drivers/STM32F4xx_HAL_Driver/Src/stm32f4xx_hal_pcd.c **** 
2207:Drivers/STM32F4xx_HAL_Driver/Src/stm32f4xx_hal_pcd.c ****   while (((USBx_INEP(epnum)->DTXFSTS & USB_OTG_DTXFSTS_INEPTFSAV) >= len32b) &&
 4195              		.loc 1 2207 9
 4196 005c 2AE0     		b	.L169
 4197              	.L172:
2208:Drivers/STM32F4xx_HAL_Driver/Src/stm32f4xx_hal_pcd.c ****          (ep->xfer_count < ep->xfer_len) && (ep->xfer_len != 0U))
2209:Drivers/STM32F4xx_HAL_Driver/Src/stm32f4xx_hal_pcd.c ****   {
2210:Drivers/STM32F4xx_HAL_Driver/Src/stm32f4xx_hal_pcd.c ****     /* Write the FIFO */
2211:Drivers/STM32F4xx_HAL_Driver/Src/stm32f4xx_hal_pcd.c ****     len = ep->xfer_len - ep->xfer_count;
 4198              		.loc 1 2211 13
 4199 005e FB68     		ldr	r3, [r7, #12]
 4200 0060 1A69     		ldr	r2, [r3, #16]
 4201              		.loc 1 2211 28
 4202 0062 FB68     		ldr	r3, [r7, #12]
 4203 0064 5B69     		ldr	r3, [r3, #20]
 4204              		.loc 1 2211 9
 4205 0066 D31A     		subs	r3, r2, r3
 4206 0068 FB61     		str	r3, [r7, #28]
2212:Drivers/STM32F4xx_HAL_Driver/Src/stm32f4xx_hal_pcd.c **** 
2213:Drivers/STM32F4xx_HAL_Driver/Src/stm32f4xx_hal_pcd.c ****     if (len > ep->maxpacket)
 4207              		.loc 1 2213 17
 4208 006a FB68     		ldr	r3, [r7, #12]
 4209 006c 9B68     		ldr	r3, [r3, #8]
 4210              		.loc 1 2213 8
ARM GAS  C:\Users\DAELT-~1\AppData\Local\Temp\cc8H7Tyn.s 			page 113


 4211 006e FA69     		ldr	r2, [r7, #28]
 4212 0070 9A42     		cmp	r2, r3
 4213 0072 02D9     		bls	.L170
2214:Drivers/STM32F4xx_HAL_Driver/Src/stm32f4xx_hal_pcd.c ****     {
2215:Drivers/STM32F4xx_HAL_Driver/Src/stm32f4xx_hal_pcd.c ****       len = ep->maxpacket;
 4214              		.loc 1 2215 11
 4215 0074 FB68     		ldr	r3, [r7, #12]
 4216 0076 9B68     		ldr	r3, [r3, #8]
 4217 0078 FB61     		str	r3, [r7, #28]
 4218              	.L170:
2216:Drivers/STM32F4xx_HAL_Driver/Src/stm32f4xx_hal_pcd.c ****     }
2217:Drivers/STM32F4xx_HAL_Driver/Src/stm32f4xx_hal_pcd.c ****     len32b = (len + 3U) / 4U;
 4219              		.loc 1 2217 19
 4220 007a FB69     		ldr	r3, [r7, #28]
 4221 007c 0333     		adds	r3, r3, #3
 4222              		.loc 1 2217 12
 4223 007e 9B08     		lsrs	r3, r3, #2
 4224 0080 BB61     		str	r3, [r7, #24]
2218:Drivers/STM32F4xx_HAL_Driver/Src/stm32f4xx_hal_pcd.c **** 
2219:Drivers/STM32F4xx_HAL_Driver/Src/stm32f4xx_hal_pcd.c ****     (void)USB_WritePacket(USBx, ep->xfer_buff, (uint8_t)epnum, (uint16_t)len,
 4225              		.loc 1 2219 11
 4226 0082 FB68     		ldr	r3, [r7, #12]
 4227 0084 D968     		ldr	r1, [r3, #12]
 4228 0086 3B68     		ldr	r3, [r7]
 4229 0088 DAB2     		uxtb	r2, r3
 4230 008a FB69     		ldr	r3, [r7, #28]
 4231 008c 98B2     		uxth	r0, r3
2220:Drivers/STM32F4xx_HAL_Driver/Src/stm32f4xx_hal_pcd.c ****                           (uint8_t)hpcd->Init.dma_enable);
 4232              		.loc 1 2220 46
 4233 008e 7B68     		ldr	r3, [r7, #4]
 4234 0090 9B79     		ldrb	r3, [r3, #6]	@ zero_extendqisi2
2219:Drivers/STM32F4xx_HAL_Driver/Src/stm32f4xx_hal_pcd.c ****                           (uint8_t)hpcd->Init.dma_enable);
 4235              		.loc 1 2219 11
 4236 0092 0093     		str	r3, [sp]
 4237 0094 0346     		mov	r3, r0
 4238 0096 7869     		ldr	r0, [r7, #20]
 4239 0098 FFF7FEFF 		bl	USB_WritePacket
2221:Drivers/STM32F4xx_HAL_Driver/Src/stm32f4xx_hal_pcd.c **** 
2222:Drivers/STM32F4xx_HAL_Driver/Src/stm32f4xx_hal_pcd.c ****     ep->xfer_buff  += len;
 4240              		.loc 1 2222 7
 4241 009c FB68     		ldr	r3, [r7, #12]
 4242 009e DA68     		ldr	r2, [r3, #12]
 4243              		.loc 1 2222 20
 4244 00a0 FB69     		ldr	r3, [r7, #28]
 4245 00a2 1A44     		add	r2, r2, r3
 4246 00a4 FB68     		ldr	r3, [r7, #12]
 4247 00a6 DA60     		str	r2, [r3, #12]
2223:Drivers/STM32F4xx_HAL_Driver/Src/stm32f4xx_hal_pcd.c ****     ep->xfer_count += len;
 4248              		.loc 1 2223 7
 4249 00a8 FB68     		ldr	r3, [r7, #12]
 4250 00aa 5A69     		ldr	r2, [r3, #20]
 4251              		.loc 1 2223 20
 4252 00ac FB69     		ldr	r3, [r7, #28]
 4253 00ae 1A44     		add	r2, r2, r3
 4254 00b0 FB68     		ldr	r3, [r7, #12]
 4255 00b2 5A61     		str	r2, [r3, #20]
 4256              	.L169:
ARM GAS  C:\Users\DAELT-~1\AppData\Local\Temp\cc8H7Tyn.s 			page 114


2207:Drivers/STM32F4xx_HAL_Driver/Src/stm32f4xx_hal_pcd.c ****          (ep->xfer_count < ep->xfer_len) && (ep->xfer_len != 0U))
 4257              		.loc 1 2207 12
 4258 00b4 3B68     		ldr	r3, [r7]
 4259 00b6 5A01     		lsls	r2, r3, #5
 4260 00b8 3B69     		ldr	r3, [r7, #16]
 4261 00ba 1344     		add	r3, r3, r2
 4262 00bc 03F51063 		add	r3, r3, #2304
2207:Drivers/STM32F4xx_HAL_Driver/Src/stm32f4xx_hal_pcd.c ****          (ep->xfer_count < ep->xfer_len) && (ep->xfer_len != 0U))
 4263              		.loc 1 2207 28
 4264 00c0 9B69     		ldr	r3, [r3, #24]
2207:Drivers/STM32F4xx_HAL_Driver/Src/stm32f4xx_hal_pcd.c ****          (ep->xfer_count < ep->xfer_len) && (ep->xfer_len != 0U))
 4265              		.loc 1 2207 38
 4266 00c2 9BB2     		uxth	r3, r3
2208:Drivers/STM32F4xx_HAL_Driver/Src/stm32f4xx_hal_pcd.c ****   {
 4267              		.loc 1 2208 42
 4268 00c4 BA69     		ldr	r2, [r7, #24]
 4269 00c6 9A42     		cmp	r2, r3
 4270 00c8 09D8     		bhi	.L171
2208:Drivers/STM32F4xx_HAL_Driver/Src/stm32f4xx_hal_pcd.c ****   {
 4271              		.loc 1 2208 13 discriminator 1
 4272 00ca FB68     		ldr	r3, [r7, #12]
 4273 00cc 5A69     		ldr	r2, [r3, #20]
2208:Drivers/STM32F4xx_HAL_Driver/Src/stm32f4xx_hal_pcd.c ****   {
 4274              		.loc 1 2208 30 discriminator 1
 4275 00ce FB68     		ldr	r3, [r7, #12]
 4276 00d0 1B69     		ldr	r3, [r3, #16]
2207:Drivers/STM32F4xx_HAL_Driver/Src/stm32f4xx_hal_pcd.c ****          (ep->xfer_count < ep->xfer_len) && (ep->xfer_len != 0U))
 4277              		.loc 1 2207 78
 4278 00d2 9A42     		cmp	r2, r3
 4279 00d4 03D2     		bcs	.L171
2208:Drivers/STM32F4xx_HAL_Driver/Src/stm32f4xx_hal_pcd.c ****   {
 4280              		.loc 1 2208 48
 4281 00d6 FB68     		ldr	r3, [r7, #12]
 4282 00d8 1B69     		ldr	r3, [r3, #16]
2208:Drivers/STM32F4xx_HAL_Driver/Src/stm32f4xx_hal_pcd.c ****   {
 4283              		.loc 1 2208 42
 4284 00da 002B     		cmp	r3, #0
 4285 00dc BFD1     		bne	.L172
 4286              	.L171:
2224:Drivers/STM32F4xx_HAL_Driver/Src/stm32f4xx_hal_pcd.c ****   }
2225:Drivers/STM32F4xx_HAL_Driver/Src/stm32f4xx_hal_pcd.c **** 
2226:Drivers/STM32F4xx_HAL_Driver/Src/stm32f4xx_hal_pcd.c ****   if (ep->xfer_len <= ep->xfer_count)
 4287              		.loc 1 2226 9
 4288 00de FB68     		ldr	r3, [r7, #12]
 4289 00e0 1A69     		ldr	r2, [r3, #16]
 4290              		.loc 1 2226 25
 4291 00e2 FB68     		ldr	r3, [r7, #12]
 4292 00e4 5B69     		ldr	r3, [r3, #20]
 4293              		.loc 1 2226 6
 4294 00e6 9A42     		cmp	r2, r3
 4295 00e8 11D8     		bhi	.L173
2227:Drivers/STM32F4xx_HAL_Driver/Src/stm32f4xx_hal_pcd.c ****   {
2228:Drivers/STM32F4xx_HAL_Driver/Src/stm32f4xx_hal_pcd.c ****     fifoemptymsk = (uint32_t)(0x1UL << (epnum & EP_ADDR_MSK));
 4296              		.loc 1 2228 47
 4297 00ea 3B68     		ldr	r3, [r7]
 4298 00ec 03F00F03 		and	r3, r3, #15
 4299              		.loc 1 2228 18
ARM GAS  C:\Users\DAELT-~1\AppData\Local\Temp\cc8H7Tyn.s 			page 115


 4300 00f0 0122     		movs	r2, #1
 4301 00f2 02FA03F3 		lsl	r3, r2, r3
 4302 00f6 BB60     		str	r3, [r7, #8]
2229:Drivers/STM32F4xx_HAL_Driver/Src/stm32f4xx_hal_pcd.c ****     USBx_DEVICE->DIEPEMPMSK &= ~fifoemptymsk;
 4303              		.loc 1 2229 16
 4304 00f8 3B69     		ldr	r3, [r7, #16]
 4305 00fa 03F50063 		add	r3, r3, #2048
 4306 00fe 5A6B     		ldr	r2, [r3, #52]
 4307              		.loc 1 2229 32
 4308 0100 BB68     		ldr	r3, [r7, #8]
 4309 0102 DB43     		mvns	r3, r3
 4310              		.loc 1 2229 16
 4311 0104 3969     		ldr	r1, [r7, #16]
 4312 0106 01F50061 		add	r1, r1, #2048
 4313              		.loc 1 2229 29
 4314 010a 1340     		ands	r3, r3, r2
 4315 010c 4B63     		str	r3, [r1, #52]
 4316              	.L173:
2230:Drivers/STM32F4xx_HAL_Driver/Src/stm32f4xx_hal_pcd.c ****   }
2231:Drivers/STM32F4xx_HAL_Driver/Src/stm32f4xx_hal_pcd.c **** 
2232:Drivers/STM32F4xx_HAL_Driver/Src/stm32f4xx_hal_pcd.c ****   return HAL_OK;
 4317              		.loc 1 2232 10
 4318 010e 0023     		movs	r3, #0
 4319              	.L167:
2233:Drivers/STM32F4xx_HAL_Driver/Src/stm32f4xx_hal_pcd.c **** }
 4320              		.loc 1 2233 1
 4321 0110 1846     		mov	r0, r3
 4322 0112 2037     		adds	r7, r7, #32
 4323              	.LCFI195:
 4324              		.cfi_def_cfa_offset 8
 4325 0114 BD46     		mov	sp, r7
 4326              	.LCFI196:
 4327              		.cfi_def_cfa_register 13
 4328              		@ sp needed
 4329 0116 80BD     		pop	{r7, pc}
 4330              		.cfi_endproc
 4331              	.LFE255:
 4333              		.section	.text.PCD_EP_OutXfrComplete_int,"ax",%progbits
 4334              		.align	1
 4335              		.syntax unified
 4336              		.thumb
 4337              		.thumb_func
 4339              	PCD_EP_OutXfrComplete_int:
 4340              	.LFB256:
2234:Drivers/STM32F4xx_HAL_Driver/Src/stm32f4xx_hal_pcd.c **** 
2235:Drivers/STM32F4xx_HAL_Driver/Src/stm32f4xx_hal_pcd.c **** 
2236:Drivers/STM32F4xx_HAL_Driver/Src/stm32f4xx_hal_pcd.c **** /**
2237:Drivers/STM32F4xx_HAL_Driver/Src/stm32f4xx_hal_pcd.c ****   * @brief  process EP OUT transfer complete interrupt.
2238:Drivers/STM32F4xx_HAL_Driver/Src/stm32f4xx_hal_pcd.c ****   * @param  hpcd PCD handle
2239:Drivers/STM32F4xx_HAL_Driver/Src/stm32f4xx_hal_pcd.c ****   * @param  epnum endpoint number
2240:Drivers/STM32F4xx_HAL_Driver/Src/stm32f4xx_hal_pcd.c ****   * @retval HAL status
2241:Drivers/STM32F4xx_HAL_Driver/Src/stm32f4xx_hal_pcd.c ****   */
2242:Drivers/STM32F4xx_HAL_Driver/Src/stm32f4xx_hal_pcd.c **** static HAL_StatusTypeDef PCD_EP_OutXfrComplete_int(PCD_HandleTypeDef *hpcd, uint32_t epnum)
2243:Drivers/STM32F4xx_HAL_Driver/Src/stm32f4xx_hal_pcd.c **** {
 4341              		.loc 1 2243 1
 4342              		.cfi_startproc
 4343              		@ args = 0, pretend = 0, frame = 32
ARM GAS  C:\Users\DAELT-~1\AppData\Local\Temp\cc8H7Tyn.s 			page 116


 4344              		@ frame_needed = 1, uses_anonymous_args = 0
 4345 0000 80B5     		push	{r7, lr}
 4346              	.LCFI197:
 4347              		.cfi_def_cfa_offset 8
 4348              		.cfi_offset 7, -8
 4349              		.cfi_offset 14, -4
 4350 0002 88B0     		sub	sp, sp, #32
 4351              	.LCFI198:
 4352              		.cfi_def_cfa_offset 40
 4353 0004 00AF     		add	r7, sp, #0
 4354              	.LCFI199:
 4355              		.cfi_def_cfa_register 7
 4356 0006 7860     		str	r0, [r7, #4]
 4357 0008 3960     		str	r1, [r7]
2244:Drivers/STM32F4xx_HAL_Driver/Src/stm32f4xx_hal_pcd.c ****   USB_OTG_EPTypeDef *ep;
2245:Drivers/STM32F4xx_HAL_Driver/Src/stm32f4xx_hal_pcd.c ****   const USB_OTG_GlobalTypeDef *USBx = hpcd->Instance;
 4358              		.loc 1 2245 32
 4359 000a 7B68     		ldr	r3, [r7, #4]
 4360 000c 1B68     		ldr	r3, [r3]
 4361 000e FB61     		str	r3, [r7, #28]
2246:Drivers/STM32F4xx_HAL_Driver/Src/stm32f4xx_hal_pcd.c ****   uint32_t USBx_BASE = (uint32_t)USBx;
 4362              		.loc 1 2246 12
 4363 0010 FB69     		ldr	r3, [r7, #28]
 4364 0012 BB61     		str	r3, [r7, #24]
2247:Drivers/STM32F4xx_HAL_Driver/Src/stm32f4xx_hal_pcd.c ****   uint32_t gSNPSiD = *(__IO const uint32_t *)(&USBx->CID + 0x1U);
 4365              		.loc 1 2247 47
 4366 0014 FB69     		ldr	r3, [r7, #28]
 4367 0016 3C33     		adds	r3, r3, #60
 4368              		.loc 1 2247 23
 4369 0018 0433     		adds	r3, r3, #4
 4370              		.loc 1 2247 12
 4371 001a 1B68     		ldr	r3, [r3]
 4372 001c 7B61     		str	r3, [r7, #20]
2248:Drivers/STM32F4xx_HAL_Driver/Src/stm32f4xx_hal_pcd.c ****   uint32_t DoepintReg = USBx_OUTEP(epnum)->DOEPINT;
 4373              		.loc 1 2248 25
 4374 001e 3B68     		ldr	r3, [r7]
 4375 0020 5A01     		lsls	r2, r3, #5
 4376 0022 BB69     		ldr	r3, [r7, #24]
 4377 0024 1344     		add	r3, r3, r2
 4378 0026 03F53063 		add	r3, r3, #2816
 4379              		.loc 1 2248 12
 4380 002a 9B68     		ldr	r3, [r3, #8]
 4381 002c 3B61     		str	r3, [r7, #16]
2249:Drivers/STM32F4xx_HAL_Driver/Src/stm32f4xx_hal_pcd.c **** 
2250:Drivers/STM32F4xx_HAL_Driver/Src/stm32f4xx_hal_pcd.c ****   if (hpcd->Init.dma_enable == 1U)
 4382              		.loc 1 2250 17
 4383 002e 7B68     		ldr	r3, [r7, #4]
 4384 0030 9B79     		ldrb	r3, [r3, #6]	@ zero_extendqisi2
 4385              		.loc 1 2250 6
 4386 0032 012B     		cmp	r3, #1
 4387 0034 7BD1     		bne	.L175
2251:Drivers/STM32F4xx_HAL_Driver/Src/stm32f4xx_hal_pcd.c ****   {
2252:Drivers/STM32F4xx_HAL_Driver/Src/stm32f4xx_hal_pcd.c ****     if ((DoepintReg & USB_OTG_DOEPINT_STUP) == USB_OTG_DOEPINT_STUP) /* Class C */
 4388              		.loc 1 2252 21
 4389 0036 3B69     		ldr	r3, [r7, #16]
 4390 0038 03F00803 		and	r3, r3, #8
 4391              		.loc 1 2252 8
ARM GAS  C:\Users\DAELT-~1\AppData\Local\Temp\cc8H7Tyn.s 			page 117


 4392 003c 002B     		cmp	r3, #0
 4393 003e 15D0     		beq	.L176
2253:Drivers/STM32F4xx_HAL_Driver/Src/stm32f4xx_hal_pcd.c ****     {
2254:Drivers/STM32F4xx_HAL_Driver/Src/stm32f4xx_hal_pcd.c ****       /* StupPktRcvd = 1 this is a setup packet */
2255:Drivers/STM32F4xx_HAL_Driver/Src/stm32f4xx_hal_pcd.c ****       if ((gSNPSiD > USB_OTG_CORE_ID_300A) &&
 4394              		.loc 1 2255 10
 4395 0040 7B69     		ldr	r3, [r7, #20]
 4396 0042 614A     		ldr	r2, .L188
 4397 0044 9342     		cmp	r3, r2
 4398 0046 40F2B980 		bls	.L177
2256:Drivers/STM32F4xx_HAL_Driver/Src/stm32f4xx_hal_pcd.c ****           ((DoepintReg & USB_OTG_DOEPINT_STPKTRX) == USB_OTG_DOEPINT_STPKTRX))
 4399              		.loc 1 2256 24
 4400 004a 3B69     		ldr	r3, [r7, #16]
 4401 004c 03F40043 		and	r3, r3, #32768
2255:Drivers/STM32F4xx_HAL_Driver/Src/stm32f4xx_hal_pcd.c ****           ((DoepintReg & USB_OTG_DOEPINT_STPKTRX) == USB_OTG_DOEPINT_STPKTRX))
 4402              		.loc 1 2255 44 discriminator 1
 4403 0050 002B     		cmp	r3, #0
 4404 0052 00F0B380 		beq	.L177
2257:Drivers/STM32F4xx_HAL_Driver/Src/stm32f4xx_hal_pcd.c ****       {
2258:Drivers/STM32F4xx_HAL_Driver/Src/stm32f4xx_hal_pcd.c ****         CLEAR_OUT_EP_INTR(epnum, USB_OTG_DOEPINT_STPKTRX);
 4405              		.loc 1 2258 9
 4406 0056 3B68     		ldr	r3, [r7]
 4407 0058 5A01     		lsls	r2, r3, #5
 4408 005a BB69     		ldr	r3, [r7, #24]
 4409 005c 1344     		add	r3, r3, r2
 4410 005e 03F53063 		add	r3, r3, #2816
 4411 0062 1A46     		mov	r2, r3
 4412 0064 4FF40043 		mov	r3, #32768
 4413 0068 9360     		str	r3, [r2, #8]
 4414 006a A7E0     		b	.L177
 4415              	.L176:
2259:Drivers/STM32F4xx_HAL_Driver/Src/stm32f4xx_hal_pcd.c ****       }
2260:Drivers/STM32F4xx_HAL_Driver/Src/stm32f4xx_hal_pcd.c ****     }
2261:Drivers/STM32F4xx_HAL_Driver/Src/stm32f4xx_hal_pcd.c ****     else if ((DoepintReg & USB_OTG_DOEPINT_OTEPSPR) == USB_OTG_DOEPINT_OTEPSPR) /* Class E */
 4416              		.loc 1 2261 26
 4417 006c 3B69     		ldr	r3, [r7, #16]
 4418 006e 03F02003 		and	r3, r3, #32
 4419              		.loc 1 2261 13
 4420 0072 002B     		cmp	r3, #0
 4421 0074 09D0     		beq	.L178
2262:Drivers/STM32F4xx_HAL_Driver/Src/stm32f4xx_hal_pcd.c ****     {
2263:Drivers/STM32F4xx_HAL_Driver/Src/stm32f4xx_hal_pcd.c ****       CLEAR_OUT_EP_INTR(epnum, USB_OTG_DOEPINT_OTEPSPR);
 4422              		.loc 1 2263 7
 4423 0076 3B68     		ldr	r3, [r7]
 4424 0078 5A01     		lsls	r2, r3, #5
 4425 007a BB69     		ldr	r3, [r7, #24]
 4426 007c 1344     		add	r3, r3, r2
 4427 007e 03F53063 		add	r3, r3, #2816
 4428 0082 1A46     		mov	r2, r3
 4429 0084 2023     		movs	r3, #32
 4430 0086 9360     		str	r3, [r2, #8]
 4431 0088 98E0     		b	.L177
 4432              	.L178:
2264:Drivers/STM32F4xx_HAL_Driver/Src/stm32f4xx_hal_pcd.c ****     }
2265:Drivers/STM32F4xx_HAL_Driver/Src/stm32f4xx_hal_pcd.c ****     else if ((DoepintReg & (USB_OTG_DOEPINT_STUP | USB_OTG_DOEPINT_OTEPSPR)) == 0U)
 4433              		.loc 1 2265 26
 4434 008a 3B69     		ldr	r3, [r7, #16]
ARM GAS  C:\Users\DAELT-~1\AppData\Local\Temp\cc8H7Tyn.s 			page 118


 4435 008c 03F02803 		and	r3, r3, #40
 4436              		.loc 1 2265 13
 4437 0090 002B     		cmp	r3, #0
 4438 0092 40F09380 		bne	.L177
2266:Drivers/STM32F4xx_HAL_Driver/Src/stm32f4xx_hal_pcd.c ****     {
2267:Drivers/STM32F4xx_HAL_Driver/Src/stm32f4xx_hal_pcd.c ****       /* StupPktRcvd = 1 this is a setup packet */
2268:Drivers/STM32F4xx_HAL_Driver/Src/stm32f4xx_hal_pcd.c ****       if ((gSNPSiD > USB_OTG_CORE_ID_300A) &&
 4439              		.loc 1 2268 10
 4440 0096 7B69     		ldr	r3, [r7, #20]
 4441 0098 4B4A     		ldr	r2, .L188
 4442 009a 9342     		cmp	r3, r2
 4443 009c 0FD9     		bls	.L179
2269:Drivers/STM32F4xx_HAL_Driver/Src/stm32f4xx_hal_pcd.c ****           ((DoepintReg & USB_OTG_DOEPINT_STPKTRX) == USB_OTG_DOEPINT_STPKTRX))
 4444              		.loc 1 2269 24
 4445 009e 3B69     		ldr	r3, [r7, #16]
 4446 00a0 03F40043 		and	r3, r3, #32768
2268:Drivers/STM32F4xx_HAL_Driver/Src/stm32f4xx_hal_pcd.c ****           ((DoepintReg & USB_OTG_DOEPINT_STPKTRX) == USB_OTG_DOEPINT_STPKTRX))
 4447              		.loc 1 2268 44 discriminator 1
 4448 00a4 002B     		cmp	r3, #0
 4449 00a6 0AD0     		beq	.L179
2270:Drivers/STM32F4xx_HAL_Driver/Src/stm32f4xx_hal_pcd.c ****       {
2271:Drivers/STM32F4xx_HAL_Driver/Src/stm32f4xx_hal_pcd.c ****         CLEAR_OUT_EP_INTR(epnum, USB_OTG_DOEPINT_STPKTRX);
 4450              		.loc 1 2271 9
 4451 00a8 3B68     		ldr	r3, [r7]
 4452 00aa 5A01     		lsls	r2, r3, #5
 4453 00ac BB69     		ldr	r3, [r7, #24]
 4454 00ae 1344     		add	r3, r3, r2
 4455 00b0 03F53063 		add	r3, r3, #2816
 4456 00b4 1A46     		mov	r2, r3
 4457 00b6 4FF40043 		mov	r3, #32768
 4458 00ba 9360     		str	r3, [r2, #8]
 4459 00bc 7EE0     		b	.L177
 4460              	.L179:
2272:Drivers/STM32F4xx_HAL_Driver/Src/stm32f4xx_hal_pcd.c ****       }
2273:Drivers/STM32F4xx_HAL_Driver/Src/stm32f4xx_hal_pcd.c ****       else
2274:Drivers/STM32F4xx_HAL_Driver/Src/stm32f4xx_hal_pcd.c ****       {
2275:Drivers/STM32F4xx_HAL_Driver/Src/stm32f4xx_hal_pcd.c ****         ep = &hpcd->OUT_ep[epnum];
 4461              		.loc 1 2275 12
 4462 00be 3A68     		ldr	r2, [r7]
 4463 00c0 1346     		mov	r3, r2
 4464 00c2 DB00     		lsls	r3, r3, #3
 4465 00c4 1344     		add	r3, r3, r2
 4466 00c6 9B00     		lsls	r3, r3, #2
 4467 00c8 03F51473 		add	r3, r3, #592
 4468 00cc 7A68     		ldr	r2, [r7, #4]
 4469 00ce 1344     		add	r3, r3, r2
 4470 00d0 0433     		adds	r3, r3, #4
 4471 00d2 FB60     		str	r3, [r7, #12]
2276:Drivers/STM32F4xx_HAL_Driver/Src/stm32f4xx_hal_pcd.c **** 
2277:Drivers/STM32F4xx_HAL_Driver/Src/stm32f4xx_hal_pcd.c ****         /* out data packet received over EP */
2278:Drivers/STM32F4xx_HAL_Driver/Src/stm32f4xx_hal_pcd.c ****         ep->xfer_count = ep->xfer_size - (USBx_OUTEP(epnum)->DOEPTSIZ & USB_OTG_DOEPTSIZ_XFRSIZ);
 4472              		.loc 1 2278 28
 4473 00d4 FB68     		ldr	r3, [r7, #12]
 4474 00d6 1A6A     		ldr	r2, [r3, #32]
 4475              		.loc 1 2278 43
 4476 00d8 3B68     		ldr	r3, [r7]
 4477 00da 5901     		lsls	r1, r3, #5
ARM GAS  C:\Users\DAELT-~1\AppData\Local\Temp\cc8H7Tyn.s 			page 119


 4478 00dc BB69     		ldr	r3, [r7, #24]
 4479 00de 0B44     		add	r3, r3, r1
 4480 00e0 03F53063 		add	r3, r3, #2816
 4481              		.loc 1 2278 60
 4482 00e4 1B69     		ldr	r3, [r3, #16]
 4483              		.loc 1 2278 71
 4484 00e6 C3F31203 		ubfx	r3, r3, #0, #19
 4485              		.loc 1 2278 40
 4486 00ea D21A     		subs	r2, r2, r3
 4487              		.loc 1 2278 24
 4488 00ec FB68     		ldr	r3, [r7, #12]
 4489 00ee 5A61     		str	r2, [r3, #20]
2279:Drivers/STM32F4xx_HAL_Driver/Src/stm32f4xx_hal_pcd.c **** 
2280:Drivers/STM32F4xx_HAL_Driver/Src/stm32f4xx_hal_pcd.c ****         if (epnum == 0U)
 4490              		.loc 1 2280 12
 4491 00f0 3B68     		ldr	r3, [r7]
 4492 00f2 002B     		cmp	r3, #0
 4493 00f4 14D1     		bne	.L181
2281:Drivers/STM32F4xx_HAL_Driver/Src/stm32f4xx_hal_pcd.c ****         {
2282:Drivers/STM32F4xx_HAL_Driver/Src/stm32f4xx_hal_pcd.c ****           if (ep->xfer_len == 0U)
 4494              		.loc 1 2282 17
 4495 00f6 FB68     		ldr	r3, [r7, #12]
 4496 00f8 1B69     		ldr	r3, [r3, #16]
 4497              		.loc 1 2282 14
 4498 00fa 002B     		cmp	r3, #0
 4499 00fc 09D1     		bne	.L182
2283:Drivers/STM32F4xx_HAL_Driver/Src/stm32f4xx_hal_pcd.c ****           {
2284:Drivers/STM32F4xx_HAL_Driver/Src/stm32f4xx_hal_pcd.c ****             /* this is ZLP, so prepare EP0 for next setup */
2285:Drivers/STM32F4xx_HAL_Driver/Src/stm32f4xx_hal_pcd.c ****             (void)USB_EP0_OutStart(hpcd->Instance, 1U, (uint8_t *)hpcd->Setup);
 4500              		.loc 1 2285 40
 4501 00fe 7B68     		ldr	r3, [r7, #4]
 4502 0100 1868     		ldr	r0, [r3]
 4503              		.loc 1 2285 67
 4504 0102 7B68     		ldr	r3, [r7, #4]
 4505 0104 03F29C43 		addw	r3, r3, #1180
 4506              		.loc 1 2285 19
 4507 0108 1A46     		mov	r2, r3
 4508 010a 0121     		movs	r1, #1
 4509 010c FFF7FEFF 		bl	USB_EP0_OutStart
 4510 0110 06E0     		b	.L181
 4511              	.L182:
2286:Drivers/STM32F4xx_HAL_Driver/Src/stm32f4xx_hal_pcd.c ****           }
2287:Drivers/STM32F4xx_HAL_Driver/Src/stm32f4xx_hal_pcd.c ****           else
2288:Drivers/STM32F4xx_HAL_Driver/Src/stm32f4xx_hal_pcd.c ****           {
2289:Drivers/STM32F4xx_HAL_Driver/Src/stm32f4xx_hal_pcd.c ****             ep->xfer_buff += ep->xfer_count;
 4512              		.loc 1 2289 15
 4513 0112 FB68     		ldr	r3, [r7, #12]
 4514 0114 DA68     		ldr	r2, [r3, #12]
 4515              		.loc 1 2289 32
 4516 0116 FB68     		ldr	r3, [r7, #12]
 4517 0118 5B69     		ldr	r3, [r3, #20]
 4518              		.loc 1 2289 27
 4519 011a 1A44     		add	r2, r2, r3
 4520 011c FB68     		ldr	r3, [r7, #12]
 4521 011e DA60     		str	r2, [r3, #12]
 4522              	.L181:
2290:Drivers/STM32F4xx_HAL_Driver/Src/stm32f4xx_hal_pcd.c ****           }
ARM GAS  C:\Users\DAELT-~1\AppData\Local\Temp\cc8H7Tyn.s 			page 120


2291:Drivers/STM32F4xx_HAL_Driver/Src/stm32f4xx_hal_pcd.c ****         }
2292:Drivers/STM32F4xx_HAL_Driver/Src/stm32f4xx_hal_pcd.c **** 
2293:Drivers/STM32F4xx_HAL_Driver/Src/stm32f4xx_hal_pcd.c **** #if (USE_HAL_PCD_REGISTER_CALLBACKS == 1U)
2294:Drivers/STM32F4xx_HAL_Driver/Src/stm32f4xx_hal_pcd.c ****         hpcd->DataOutStageCallback(hpcd, (uint8_t)epnum);
2295:Drivers/STM32F4xx_HAL_Driver/Src/stm32f4xx_hal_pcd.c **** #else
2296:Drivers/STM32F4xx_HAL_Driver/Src/stm32f4xx_hal_pcd.c ****         HAL_PCD_DataOutStageCallback(hpcd, (uint8_t)epnum);
 4523              		.loc 1 2296 9
 4524 0120 3B68     		ldr	r3, [r7]
 4525 0122 DBB2     		uxtb	r3, r3
 4526 0124 1946     		mov	r1, r3
 4527 0126 7868     		ldr	r0, [r7, #4]
 4528 0128 FFF7FEFF 		bl	HAL_PCD_DataOutStageCallback
 4529 012c 46E0     		b	.L177
 4530              	.L175:
2297:Drivers/STM32F4xx_HAL_Driver/Src/stm32f4xx_hal_pcd.c **** #endif /* USE_HAL_PCD_REGISTER_CALLBACKS */
2298:Drivers/STM32F4xx_HAL_Driver/Src/stm32f4xx_hal_pcd.c ****       }
2299:Drivers/STM32F4xx_HAL_Driver/Src/stm32f4xx_hal_pcd.c ****     }
2300:Drivers/STM32F4xx_HAL_Driver/Src/stm32f4xx_hal_pcd.c ****     else
2301:Drivers/STM32F4xx_HAL_Driver/Src/stm32f4xx_hal_pcd.c ****     {
2302:Drivers/STM32F4xx_HAL_Driver/Src/stm32f4xx_hal_pcd.c ****       /* ... */
2303:Drivers/STM32F4xx_HAL_Driver/Src/stm32f4xx_hal_pcd.c ****     }
2304:Drivers/STM32F4xx_HAL_Driver/Src/stm32f4xx_hal_pcd.c ****   }
2305:Drivers/STM32F4xx_HAL_Driver/Src/stm32f4xx_hal_pcd.c ****   else
2306:Drivers/STM32F4xx_HAL_Driver/Src/stm32f4xx_hal_pcd.c ****   {
2307:Drivers/STM32F4xx_HAL_Driver/Src/stm32f4xx_hal_pcd.c ****     if (gSNPSiD == USB_OTG_CORE_ID_310A)
 4531              		.loc 1 2307 8
 4532 012e 7B69     		ldr	r3, [r7, #20]
 4533 0130 264A     		ldr	r2, .L188+4
 4534 0132 9342     		cmp	r3, r2
 4535 0134 24D1     		bne	.L183
2308:Drivers/STM32F4xx_HAL_Driver/Src/stm32f4xx_hal_pcd.c ****     {
2309:Drivers/STM32F4xx_HAL_Driver/Src/stm32f4xx_hal_pcd.c ****       /* StupPktRcvd = 1 this is a setup packet */
2310:Drivers/STM32F4xx_HAL_Driver/Src/stm32f4xx_hal_pcd.c ****       if ((DoepintReg & USB_OTG_DOEPINT_STPKTRX) == USB_OTG_DOEPINT_STPKTRX)
 4536              		.loc 1 2310 23
 4537 0136 3B69     		ldr	r3, [r7, #16]
 4538 0138 03F40043 		and	r3, r3, #32768
 4539              		.loc 1 2310 10
 4540 013c 002B     		cmp	r3, #0
 4541 013e 0AD0     		beq	.L184
2311:Drivers/STM32F4xx_HAL_Driver/Src/stm32f4xx_hal_pcd.c ****       {
2312:Drivers/STM32F4xx_HAL_Driver/Src/stm32f4xx_hal_pcd.c ****         CLEAR_OUT_EP_INTR(epnum, USB_OTG_DOEPINT_STPKTRX);
 4542              		.loc 1 2312 9
 4543 0140 3B68     		ldr	r3, [r7]
 4544 0142 5A01     		lsls	r2, r3, #5
 4545 0144 BB69     		ldr	r3, [r7, #24]
 4546 0146 1344     		add	r3, r3, r2
 4547 0148 03F53063 		add	r3, r3, #2816
 4548 014c 1A46     		mov	r2, r3
 4549 014e 4FF40043 		mov	r3, #32768
 4550 0152 9360     		str	r3, [r2, #8]
 4551 0154 32E0     		b	.L177
 4552              	.L184:
2313:Drivers/STM32F4xx_HAL_Driver/Src/stm32f4xx_hal_pcd.c ****       }
2314:Drivers/STM32F4xx_HAL_Driver/Src/stm32f4xx_hal_pcd.c ****       else
2315:Drivers/STM32F4xx_HAL_Driver/Src/stm32f4xx_hal_pcd.c ****       {
2316:Drivers/STM32F4xx_HAL_Driver/Src/stm32f4xx_hal_pcd.c ****         if ((DoepintReg & USB_OTG_DOEPINT_OTEPSPR) == USB_OTG_DOEPINT_OTEPSPR)
 4553              		.loc 1 2316 25
ARM GAS  C:\Users\DAELT-~1\AppData\Local\Temp\cc8H7Tyn.s 			page 121


 4554 0156 3B69     		ldr	r3, [r7, #16]
 4555 0158 03F02003 		and	r3, r3, #32
 4556              		.loc 1 2316 12
 4557 015c 002B     		cmp	r3, #0
 4558 015e 08D0     		beq	.L185
2317:Drivers/STM32F4xx_HAL_Driver/Src/stm32f4xx_hal_pcd.c ****         {
2318:Drivers/STM32F4xx_HAL_Driver/Src/stm32f4xx_hal_pcd.c ****           CLEAR_OUT_EP_INTR(epnum, USB_OTG_DOEPINT_OTEPSPR);
 4559              		.loc 1 2318 11
 4560 0160 3B68     		ldr	r3, [r7]
 4561 0162 5A01     		lsls	r2, r3, #5
 4562 0164 BB69     		ldr	r3, [r7, #24]
 4563 0166 1344     		add	r3, r3, r2
 4564 0168 03F53063 		add	r3, r3, #2816
 4565 016c 1A46     		mov	r2, r3
 4566 016e 2023     		movs	r3, #32
 4567 0170 9360     		str	r3, [r2, #8]
 4568              	.L185:
2319:Drivers/STM32F4xx_HAL_Driver/Src/stm32f4xx_hal_pcd.c ****         }
2320:Drivers/STM32F4xx_HAL_Driver/Src/stm32f4xx_hal_pcd.c **** 
2321:Drivers/STM32F4xx_HAL_Driver/Src/stm32f4xx_hal_pcd.c **** #if (USE_HAL_PCD_REGISTER_CALLBACKS == 1U)
2322:Drivers/STM32F4xx_HAL_Driver/Src/stm32f4xx_hal_pcd.c ****         hpcd->DataOutStageCallback(hpcd, (uint8_t)epnum);
2323:Drivers/STM32F4xx_HAL_Driver/Src/stm32f4xx_hal_pcd.c **** #else
2324:Drivers/STM32F4xx_HAL_Driver/Src/stm32f4xx_hal_pcd.c ****         HAL_PCD_DataOutStageCallback(hpcd, (uint8_t)epnum);
 4569              		.loc 1 2324 9
 4570 0172 3B68     		ldr	r3, [r7]
 4571 0174 DBB2     		uxtb	r3, r3
 4572 0176 1946     		mov	r1, r3
 4573 0178 7868     		ldr	r0, [r7, #4]
 4574 017a FFF7FEFF 		bl	HAL_PCD_DataOutStageCallback
 4575 017e 1DE0     		b	.L177
 4576              	.L183:
2325:Drivers/STM32F4xx_HAL_Driver/Src/stm32f4xx_hal_pcd.c **** #endif /* USE_HAL_PCD_REGISTER_CALLBACKS */
2326:Drivers/STM32F4xx_HAL_Driver/Src/stm32f4xx_hal_pcd.c ****       }
2327:Drivers/STM32F4xx_HAL_Driver/Src/stm32f4xx_hal_pcd.c ****     }
2328:Drivers/STM32F4xx_HAL_Driver/Src/stm32f4xx_hal_pcd.c ****     else
2329:Drivers/STM32F4xx_HAL_Driver/Src/stm32f4xx_hal_pcd.c ****     {
2330:Drivers/STM32F4xx_HAL_Driver/Src/stm32f4xx_hal_pcd.c ****       if ((epnum == 0U) && (hpcd->OUT_ep[epnum].xfer_len == 0U))
 4577              		.loc 1 2330 10
 4578 0180 3B68     		ldr	r3, [r7]
 4579 0182 002B     		cmp	r3, #0
 4580 0184 14D1     		bne	.L186
 4581              		.loc 1 2330 48 discriminator 1
 4582 0186 7968     		ldr	r1, [r7, #4]
 4583 0188 3A68     		ldr	r2, [r7]
 4584 018a 1346     		mov	r3, r2
 4585 018c DB00     		lsls	r3, r3, #3
 4586 018e 1344     		add	r3, r3, r2
 4587 0190 9B00     		lsls	r3, r3, #2
 4588 0192 0B44     		add	r3, r3, r1
 4589 0194 03F51973 		add	r3, r3, #612
 4590 0198 1B68     		ldr	r3, [r3]
 4591              		.loc 1 2330 25 discriminator 1
 4592 019a 002B     		cmp	r3, #0
 4593 019c 08D1     		bne	.L186
2331:Drivers/STM32F4xx_HAL_Driver/Src/stm32f4xx_hal_pcd.c ****       {
2332:Drivers/STM32F4xx_HAL_Driver/Src/stm32f4xx_hal_pcd.c ****         /* this is ZLP, so prepare EP0 for next setup */
2333:Drivers/STM32F4xx_HAL_Driver/Src/stm32f4xx_hal_pcd.c ****         (void)USB_EP0_OutStart(hpcd->Instance, 0U, (uint8_t *)hpcd->Setup);
ARM GAS  C:\Users\DAELT-~1\AppData\Local\Temp\cc8H7Tyn.s 			page 122


 4594              		.loc 1 2333 36
 4595 019e 7B68     		ldr	r3, [r7, #4]
 4596 01a0 1868     		ldr	r0, [r3]
 4597              		.loc 1 2333 63
 4598 01a2 7B68     		ldr	r3, [r7, #4]
 4599 01a4 03F29C43 		addw	r3, r3, #1180
 4600              		.loc 1 2333 15
 4601 01a8 1A46     		mov	r2, r3
 4602 01aa 0021     		movs	r1, #0
 4603 01ac FFF7FEFF 		bl	USB_EP0_OutStart
 4604              	.L186:
2334:Drivers/STM32F4xx_HAL_Driver/Src/stm32f4xx_hal_pcd.c ****       }
2335:Drivers/STM32F4xx_HAL_Driver/Src/stm32f4xx_hal_pcd.c **** 
2336:Drivers/STM32F4xx_HAL_Driver/Src/stm32f4xx_hal_pcd.c **** #if (USE_HAL_PCD_REGISTER_CALLBACKS == 1U)
2337:Drivers/STM32F4xx_HAL_Driver/Src/stm32f4xx_hal_pcd.c ****       hpcd->DataOutStageCallback(hpcd, (uint8_t)epnum);
2338:Drivers/STM32F4xx_HAL_Driver/Src/stm32f4xx_hal_pcd.c **** #else
2339:Drivers/STM32F4xx_HAL_Driver/Src/stm32f4xx_hal_pcd.c ****       HAL_PCD_DataOutStageCallback(hpcd, (uint8_t)epnum);
 4605              		.loc 1 2339 7
 4606 01b0 3B68     		ldr	r3, [r7]
 4607 01b2 DBB2     		uxtb	r3, r3
 4608 01b4 1946     		mov	r1, r3
 4609 01b6 7868     		ldr	r0, [r7, #4]
 4610 01b8 FFF7FEFF 		bl	HAL_PCD_DataOutStageCallback
 4611              	.L177:
2340:Drivers/STM32F4xx_HAL_Driver/Src/stm32f4xx_hal_pcd.c **** #endif /* USE_HAL_PCD_REGISTER_CALLBACKS */
2341:Drivers/STM32F4xx_HAL_Driver/Src/stm32f4xx_hal_pcd.c ****     }
2342:Drivers/STM32F4xx_HAL_Driver/Src/stm32f4xx_hal_pcd.c ****   }
2343:Drivers/STM32F4xx_HAL_Driver/Src/stm32f4xx_hal_pcd.c **** 
2344:Drivers/STM32F4xx_HAL_Driver/Src/stm32f4xx_hal_pcd.c ****   return HAL_OK;
 4612              		.loc 1 2344 10
 4613 01bc 0023     		movs	r3, #0
2345:Drivers/STM32F4xx_HAL_Driver/Src/stm32f4xx_hal_pcd.c **** }
 4614              		.loc 1 2345 1
 4615 01be 1846     		mov	r0, r3
 4616 01c0 2037     		adds	r7, r7, #32
 4617              	.LCFI200:
 4618              		.cfi_def_cfa_offset 8
 4619 01c2 BD46     		mov	sp, r7
 4620              	.LCFI201:
 4621              		.cfi_def_cfa_register 13
 4622              		@ sp needed
 4623 01c4 80BD     		pop	{r7, pc}
 4624              	.L189:
 4625 01c6 00BF     		.align	2
 4626              	.L188:
 4627 01c8 0A30544F 		.word	1330917386
 4628 01cc 0A31544F 		.word	1330917642
 4629              		.cfi_endproc
 4630              	.LFE256:
 4632              		.section	.text.PCD_EP_OutSetupPacket_int,"ax",%progbits
 4633              		.align	1
 4634              		.syntax unified
 4635              		.thumb
 4636              		.thumb_func
 4638              	PCD_EP_OutSetupPacket_int:
 4639              	.LFB257:
2346:Drivers/STM32F4xx_HAL_Driver/Src/stm32f4xx_hal_pcd.c **** 
ARM GAS  C:\Users\DAELT-~1\AppData\Local\Temp\cc8H7Tyn.s 			page 123


2347:Drivers/STM32F4xx_HAL_Driver/Src/stm32f4xx_hal_pcd.c **** 
2348:Drivers/STM32F4xx_HAL_Driver/Src/stm32f4xx_hal_pcd.c **** /**
2349:Drivers/STM32F4xx_HAL_Driver/Src/stm32f4xx_hal_pcd.c ****   * @brief  process EP OUT setup packet received interrupt.
2350:Drivers/STM32F4xx_HAL_Driver/Src/stm32f4xx_hal_pcd.c ****   * @param  hpcd PCD handle
2351:Drivers/STM32F4xx_HAL_Driver/Src/stm32f4xx_hal_pcd.c ****   * @param  epnum endpoint number
2352:Drivers/STM32F4xx_HAL_Driver/Src/stm32f4xx_hal_pcd.c ****   * @retval HAL status
2353:Drivers/STM32F4xx_HAL_Driver/Src/stm32f4xx_hal_pcd.c ****   */
2354:Drivers/STM32F4xx_HAL_Driver/Src/stm32f4xx_hal_pcd.c **** static HAL_StatusTypeDef PCD_EP_OutSetupPacket_int(PCD_HandleTypeDef *hpcd, uint32_t epnum)
2355:Drivers/STM32F4xx_HAL_Driver/Src/stm32f4xx_hal_pcd.c **** {
 4640              		.loc 1 2355 1
 4641              		.cfi_startproc
 4642              		@ args = 0, pretend = 0, frame = 24
 4643              		@ frame_needed = 1, uses_anonymous_args = 0
 4644 0000 80B5     		push	{r7, lr}
 4645              	.LCFI202:
 4646              		.cfi_def_cfa_offset 8
 4647              		.cfi_offset 7, -8
 4648              		.cfi_offset 14, -4
 4649 0002 86B0     		sub	sp, sp, #24
 4650              	.LCFI203:
 4651              		.cfi_def_cfa_offset 32
 4652 0004 00AF     		add	r7, sp, #0
 4653              	.LCFI204:
 4654              		.cfi_def_cfa_register 7
 4655 0006 7860     		str	r0, [r7, #4]
 4656 0008 3960     		str	r1, [r7]
2356:Drivers/STM32F4xx_HAL_Driver/Src/stm32f4xx_hal_pcd.c ****   const USB_OTG_GlobalTypeDef *USBx = hpcd->Instance;
 4657              		.loc 1 2356 32
 4658 000a 7B68     		ldr	r3, [r7, #4]
 4659 000c 1B68     		ldr	r3, [r3]
 4660 000e 7B61     		str	r3, [r7, #20]
2357:Drivers/STM32F4xx_HAL_Driver/Src/stm32f4xx_hal_pcd.c ****   uint32_t USBx_BASE = (uint32_t)USBx;
 4661              		.loc 1 2357 12
 4662 0010 7B69     		ldr	r3, [r7, #20]
 4663 0012 3B61     		str	r3, [r7, #16]
2358:Drivers/STM32F4xx_HAL_Driver/Src/stm32f4xx_hal_pcd.c ****   uint32_t gSNPSiD = *(__IO const uint32_t *)(&USBx->CID + 0x1U);
 4664              		.loc 1 2358 47
 4665 0014 7B69     		ldr	r3, [r7, #20]
 4666 0016 3C33     		adds	r3, r3, #60
 4667              		.loc 1 2358 23
 4668 0018 0433     		adds	r3, r3, #4
 4669              		.loc 1 2358 12
 4670 001a 1B68     		ldr	r3, [r3]
 4671 001c FB60     		str	r3, [r7, #12]
2359:Drivers/STM32F4xx_HAL_Driver/Src/stm32f4xx_hal_pcd.c ****   uint32_t DoepintReg = USBx_OUTEP(epnum)->DOEPINT;
 4672              		.loc 1 2359 25
 4673 001e 3B68     		ldr	r3, [r7]
 4674 0020 5A01     		lsls	r2, r3, #5
 4675 0022 3B69     		ldr	r3, [r7, #16]
 4676 0024 1344     		add	r3, r3, r2
 4677 0026 03F53063 		add	r3, r3, #2816
 4678              		.loc 1 2359 12
 4679 002a 9B68     		ldr	r3, [r3, #8]
 4680 002c BB60     		str	r3, [r7, #8]
2360:Drivers/STM32F4xx_HAL_Driver/Src/stm32f4xx_hal_pcd.c **** 
2361:Drivers/STM32F4xx_HAL_Driver/Src/stm32f4xx_hal_pcd.c ****   if ((gSNPSiD > USB_OTG_CORE_ID_300A) &&
 4681              		.loc 1 2361 6
ARM GAS  C:\Users\DAELT-~1\AppData\Local\Temp\cc8H7Tyn.s 			page 124


 4682 002e FB68     		ldr	r3, [r7, #12]
 4683 0030 154A     		ldr	r2, .L194
 4684 0032 9342     		cmp	r3, r2
 4685 0034 0ED9     		bls	.L191
2362:Drivers/STM32F4xx_HAL_Driver/Src/stm32f4xx_hal_pcd.c ****       ((DoepintReg & USB_OTG_DOEPINT_STPKTRX) == USB_OTG_DOEPINT_STPKTRX))
 4686              		.loc 1 2362 20
 4687 0036 BB68     		ldr	r3, [r7, #8]
 4688 0038 03F40043 		and	r3, r3, #32768
2361:Drivers/STM32F4xx_HAL_Driver/Src/stm32f4xx_hal_pcd.c ****       ((DoepintReg & USB_OTG_DOEPINT_STPKTRX) == USB_OTG_DOEPINT_STPKTRX))
 4689              		.loc 1 2361 40 discriminator 1
 4690 003c 002B     		cmp	r3, #0
 4691 003e 09D0     		beq	.L191
2363:Drivers/STM32F4xx_HAL_Driver/Src/stm32f4xx_hal_pcd.c ****   {
2364:Drivers/STM32F4xx_HAL_Driver/Src/stm32f4xx_hal_pcd.c ****     CLEAR_OUT_EP_INTR(epnum, USB_OTG_DOEPINT_STPKTRX);
 4692              		.loc 1 2364 5
 4693 0040 3B68     		ldr	r3, [r7]
 4694 0042 5A01     		lsls	r2, r3, #5
 4695 0044 3B69     		ldr	r3, [r7, #16]
 4696 0046 1344     		add	r3, r3, r2
 4697 0048 03F53063 		add	r3, r3, #2816
 4698 004c 1A46     		mov	r2, r3
 4699 004e 4FF40043 		mov	r3, #32768
 4700 0052 9360     		str	r3, [r2, #8]
 4701              	.L191:
2365:Drivers/STM32F4xx_HAL_Driver/Src/stm32f4xx_hal_pcd.c ****   }
2366:Drivers/STM32F4xx_HAL_Driver/Src/stm32f4xx_hal_pcd.c **** 
2367:Drivers/STM32F4xx_HAL_Driver/Src/stm32f4xx_hal_pcd.c ****   /* Inform the upper layer that a setup packet is available */
2368:Drivers/STM32F4xx_HAL_Driver/Src/stm32f4xx_hal_pcd.c **** #if (USE_HAL_PCD_REGISTER_CALLBACKS == 1U)
2369:Drivers/STM32F4xx_HAL_Driver/Src/stm32f4xx_hal_pcd.c ****   hpcd->SetupStageCallback(hpcd);
2370:Drivers/STM32F4xx_HAL_Driver/Src/stm32f4xx_hal_pcd.c **** #else
2371:Drivers/STM32F4xx_HAL_Driver/Src/stm32f4xx_hal_pcd.c ****   HAL_PCD_SetupStageCallback(hpcd);
 4702              		.loc 1 2371 3
 4703 0054 7868     		ldr	r0, [r7, #4]
 4704 0056 FFF7FEFF 		bl	HAL_PCD_SetupStageCallback
2372:Drivers/STM32F4xx_HAL_Driver/Src/stm32f4xx_hal_pcd.c **** #endif /* USE_HAL_PCD_REGISTER_CALLBACKS */
2373:Drivers/STM32F4xx_HAL_Driver/Src/stm32f4xx_hal_pcd.c **** 
2374:Drivers/STM32F4xx_HAL_Driver/Src/stm32f4xx_hal_pcd.c ****   if ((gSNPSiD > USB_OTG_CORE_ID_300A) && (hpcd->Init.dma_enable == 1U))
 4705              		.loc 1 2374 6
 4706 005a FB68     		ldr	r3, [r7, #12]
 4707 005c 0A4A     		ldr	r2, .L194
 4708 005e 9342     		cmp	r3, r2
 4709 0060 0CD9     		bls	.L192
 4710              		.loc 1 2374 54 discriminator 1
 4711 0062 7B68     		ldr	r3, [r7, #4]
 4712 0064 9B79     		ldrb	r3, [r3, #6]	@ zero_extendqisi2
 4713              		.loc 1 2374 40 discriminator 1
 4714 0066 012B     		cmp	r3, #1
 4715 0068 08D1     		bne	.L192
2375:Drivers/STM32F4xx_HAL_Driver/Src/stm32f4xx_hal_pcd.c ****   {
2376:Drivers/STM32F4xx_HAL_Driver/Src/stm32f4xx_hal_pcd.c ****     (void)USB_EP0_OutStart(hpcd->Instance, 1U, (uint8_t *)hpcd->Setup);
 4716              		.loc 1 2376 32
 4717 006a 7B68     		ldr	r3, [r7, #4]
 4718 006c 1868     		ldr	r0, [r3]
 4719              		.loc 1 2376 59
 4720 006e 7B68     		ldr	r3, [r7, #4]
 4721 0070 03F29C43 		addw	r3, r3, #1180
 4722              		.loc 1 2376 11
ARM GAS  C:\Users\DAELT-~1\AppData\Local\Temp\cc8H7Tyn.s 			page 125


 4723 0074 1A46     		mov	r2, r3
 4724 0076 0121     		movs	r1, #1
 4725 0078 FFF7FEFF 		bl	USB_EP0_OutStart
 4726              	.L192:
2377:Drivers/STM32F4xx_HAL_Driver/Src/stm32f4xx_hal_pcd.c ****   }
2378:Drivers/STM32F4xx_HAL_Driver/Src/stm32f4xx_hal_pcd.c **** 
2379:Drivers/STM32F4xx_HAL_Driver/Src/stm32f4xx_hal_pcd.c ****   return HAL_OK;
 4727              		.loc 1 2379 10
 4728 007c 0023     		movs	r3, #0
2380:Drivers/STM32F4xx_HAL_Driver/Src/stm32f4xx_hal_pcd.c **** }
 4729              		.loc 1 2380 1
 4730 007e 1846     		mov	r0, r3
 4731 0080 1837     		adds	r7, r7, #24
 4732              	.LCFI205:
 4733              		.cfi_def_cfa_offset 8
 4734 0082 BD46     		mov	sp, r7
 4735              	.LCFI206:
 4736              		.cfi_def_cfa_register 13
 4737              		@ sp needed
 4738 0084 80BD     		pop	{r7, pc}
 4739              	.L195:
 4740 0086 00BF     		.align	2
 4741              	.L194:
 4742 0088 0A30544F 		.word	1330917386
 4743              		.cfi_endproc
 4744              	.LFE257:
 4746              		.text
 4747              	.Letext0:
 4748              		.file 2 "C:/tools/arm-gnu-toolchain-13.2.rel1-mingw-w64-i686-arm-none-eabi/arm-none-eabi/include/m
 4749              		.file 3 "C:/tools/arm-gnu-toolchain-13.2.rel1-mingw-w64-i686-arm-none-eabi/arm-none-eabi/include/s
 4750              		.file 4 "Drivers/CMSIS/Device/ST/STM32F4xx/Include/stm32f411xe.h"
 4751              		.file 5 "Drivers/STM32F4xx_HAL_Driver/Inc/stm32f4xx_hal_def.h"
 4752              		.file 6 "Drivers/STM32F4xx_HAL_Driver/Inc/stm32f4xx_ll_usb.h"
 4753              		.file 7 "Drivers/STM32F4xx_HAL_Driver/Inc/stm32f4xx_hal_pcd.h"
 4754              		.file 8 "Drivers/STM32F4xx_HAL_Driver/Inc/stm32f4xx_hal_rcc.h"
 4755              		.file 9 "Drivers/STM32F4xx_HAL_Driver/Inc/stm32f4xx_hal_pcd_ex.h"
ARM GAS  C:\Users\DAELT-~1\AppData\Local\Temp\cc8H7Tyn.s 			page 126


DEFINED SYMBOLS
                            *ABS*:00000000 stm32f4xx_hal_pcd.c
C:\Users\DAELT-~1\AppData\Local\Temp\cc8H7Tyn.s:21     .text.HAL_PCD_Init:00000000 $t
C:\Users\DAELT-~1\AppData\Local\Temp\cc8H7Tyn.s:27     .text.HAL_PCD_Init:00000000 HAL_PCD_Init
C:\Users\DAELT-~1\AppData\Local\Temp\cc8H7Tyn.s:458    .text.HAL_PCD_MspInit:00000000 HAL_PCD_MspInit
C:\Users\DAELT-~1\AppData\Local\Temp\cc8H7Tyn.s:378    .text.HAL_PCD_DeInit:00000000 $t
C:\Users\DAELT-~1\AppData\Local\Temp\cc8H7Tyn.s:384    .text.HAL_PCD_DeInit:00000000 HAL_PCD_DeInit
C:\Users\DAELT-~1\AppData\Local\Temp\cc8H7Tyn.s:500    .text.HAL_PCD_MspDeInit:00000000 HAL_PCD_MspDeInit
C:\Users\DAELT-~1\AppData\Local\Temp\cc8H7Tyn.s:452    .text.HAL_PCD_MspInit:00000000 $t
C:\Users\DAELT-~1\AppData\Local\Temp\cc8H7Tyn.s:494    .text.HAL_PCD_MspDeInit:00000000 $t
C:\Users\DAELT-~1\AppData\Local\Temp\cc8H7Tyn.s:536    .text.HAL_PCD_Start:00000000 $t
C:\Users\DAELT-~1\AppData\Local\Temp\cc8H7Tyn.s:542    .text.HAL_PCD_Start:00000000 HAL_PCD_Start
C:\Users\DAELT-~1\AppData\Local\Temp\cc8H7Tyn.s:632    .text.HAL_PCD_Stop:00000000 $t
C:\Users\DAELT-~1\AppData\Local\Temp\cc8H7Tyn.s:638    .text.HAL_PCD_Stop:00000000 HAL_PCD_Stop
C:\Users\DAELT-~1\AppData\Local\Temp\cc8H7Tyn.s:735    .text.HAL_PCD_IRQHandler:00000000 $t
C:\Users\DAELT-~1\AppData\Local\Temp\cc8H7Tyn.s:741    .text.HAL_PCD_IRQHandler:00000000 HAL_PCD_IRQHandler
C:\Users\DAELT-~1\AppData\Local\Temp\cc8H7Tyn.s:4339   .text.PCD_EP_OutXfrComplete_int:00000000 PCD_EP_OutXfrComplete_int
C:\Users\DAELT-~1\AppData\Local\Temp\cc8H7Tyn.s:4638   .text.PCD_EP_OutSetupPacket_int:00000000 PCD_EP_OutSetupPacket_int
C:\Users\DAELT-~1\AppData\Local\Temp\cc8H7Tyn.s:2477   .text.HAL_PCD_ISOOUTIncompleteCallback:00000000 HAL_PCD_ISOOUTIncompleteCallback
C:\Users\DAELT-~1\AppData\Local\Temp\cc8H7Tyn.s:2223   .text.HAL_PCD_DataInStageCallback:00000000 HAL_PCD_DataInStageCallback
C:\Users\DAELT-~1\AppData\Local\Temp\cc8H7Tyn.s:2521   .text.HAL_PCD_ISOINIncompleteCallback:00000000 HAL_PCD_ISOINIncompleteCallback
C:\Users\DAELT-~1\AppData\Local\Temp\cc8H7Tyn.s:4118   .text.PCD_WriteEmptyTxFifo:00000000 PCD_WriteEmptyTxFifo
C:\Users\DAELT-~1\AppData\Local\Temp\cc8H7Tyn.s:2435   .text.HAL_PCD_ResumeCallback:00000000 HAL_PCD_ResumeCallback
C:\Users\DAELT-~1\AppData\Local\Temp\cc8H7Tyn.s:2393   .text.HAL_PCD_SuspendCallback:00000000 HAL_PCD_SuspendCallback
C:\Users\DAELT-~1\AppData\Local\Temp\cc8H7Tyn.s:2351   .text.HAL_PCD_ResetCallback:00000000 HAL_PCD_ResetCallback
C:\Users\DAELT-~1\AppData\Local\Temp\cc8H7Tyn.s:2309   .text.HAL_PCD_SOFCallback:00000000 HAL_PCD_SOFCallback
C:\Users\DAELT-~1\AppData\Local\Temp\cc8H7Tyn.s:3727   .text.HAL_PCD_EP_Abort:00000000 HAL_PCD_EP_Abort
C:\Users\DAELT-~1\AppData\Local\Temp\cc8H7Tyn.s:2565   .text.HAL_PCD_ConnectCallback:00000000 HAL_PCD_ConnectCallback
C:\Users\DAELT-~1\AppData\Local\Temp\cc8H7Tyn.s:2607   .text.HAL_PCD_DisconnectCallback:00000000 HAL_PCD_DisconnectCallback
C:\Users\DAELT-~1\AppData\Local\Temp\cc8H7Tyn.s:2107   .text.HAL_PCD_WKUP_IRQHandler:00000000 $t
C:\Users\DAELT-~1\AppData\Local\Temp\cc8H7Tyn.s:2113   .text.HAL_PCD_WKUP_IRQHandler:00000000 HAL_PCD_WKUP_IRQHandler
C:\Users\DAELT-~1\AppData\Local\Temp\cc8H7Tyn.s:2168   .text.HAL_PCD_WKUP_IRQHandler:00000034 $d
C:\Users\DAELT-~1\AppData\Local\Temp\cc8H7Tyn.s:2173   .text.HAL_PCD_DataOutStageCallback:00000000 $t
C:\Users\DAELT-~1\AppData\Local\Temp\cc8H7Tyn.s:2179   .text.HAL_PCD_DataOutStageCallback:00000000 HAL_PCD_DataOutStageCallback
C:\Users\DAELT-~1\AppData\Local\Temp\cc8H7Tyn.s:2217   .text.HAL_PCD_DataInStageCallback:00000000 $t
C:\Users\DAELT-~1\AppData\Local\Temp\cc8H7Tyn.s:2261   .text.HAL_PCD_SetupStageCallback:00000000 $t
C:\Users\DAELT-~1\AppData\Local\Temp\cc8H7Tyn.s:2267   .text.HAL_PCD_SetupStageCallback:00000000 HAL_PCD_SetupStageCallback
C:\Users\DAELT-~1\AppData\Local\Temp\cc8H7Tyn.s:2303   .text.HAL_PCD_SOFCallback:00000000 $t
C:\Users\DAELT-~1\AppData\Local\Temp\cc8H7Tyn.s:2345   .text.HAL_PCD_ResetCallback:00000000 $t
C:\Users\DAELT-~1\AppData\Local\Temp\cc8H7Tyn.s:2387   .text.HAL_PCD_SuspendCallback:00000000 $t
C:\Users\DAELT-~1\AppData\Local\Temp\cc8H7Tyn.s:2429   .text.HAL_PCD_ResumeCallback:00000000 $t
C:\Users\DAELT-~1\AppData\Local\Temp\cc8H7Tyn.s:2471   .text.HAL_PCD_ISOOUTIncompleteCallback:00000000 $t
C:\Users\DAELT-~1\AppData\Local\Temp\cc8H7Tyn.s:2515   .text.HAL_PCD_ISOINIncompleteCallback:00000000 $t
C:\Users\DAELT-~1\AppData\Local\Temp\cc8H7Tyn.s:2559   .text.HAL_PCD_ConnectCallback:00000000 $t
C:\Users\DAELT-~1\AppData\Local\Temp\cc8H7Tyn.s:2601   .text.HAL_PCD_DisconnectCallback:00000000 $t
C:\Users\DAELT-~1\AppData\Local\Temp\cc8H7Tyn.s:2643   .text.HAL_PCD_DevConnect:00000000 $t
C:\Users\DAELT-~1\AppData\Local\Temp\cc8H7Tyn.s:2649   .text.HAL_PCD_DevConnect:00000000 HAL_PCD_DevConnect
C:\Users\DAELT-~1\AppData\Local\Temp\cc8H7Tyn.s:2734   .text.HAL_PCD_DevDisconnect:00000000 $t
C:\Users\DAELT-~1\AppData\Local\Temp\cc8H7Tyn.s:2740   .text.HAL_PCD_DevDisconnect:00000000 HAL_PCD_DevDisconnect
C:\Users\DAELT-~1\AppData\Local\Temp\cc8H7Tyn.s:2825   .text.HAL_PCD_SetAddress:00000000 $t
C:\Users\DAELT-~1\AppData\Local\Temp\cc8H7Tyn.s:2831   .text.HAL_PCD_SetAddress:00000000 HAL_PCD_SetAddress
C:\Users\DAELT-~1\AppData\Local\Temp\cc8H7Tyn.s:2898   .text.HAL_PCD_EP_Open:00000000 $t
C:\Users\DAELT-~1\AppData\Local\Temp\cc8H7Tyn.s:2904   .text.HAL_PCD_EP_Open:00000000 HAL_PCD_EP_Open
C:\Users\DAELT-~1\AppData\Local\Temp\cc8H7Tyn.s:3058   .text.HAL_PCD_EP_Close:00000000 $t
C:\Users\DAELT-~1\AppData\Local\Temp\cc8H7Tyn.s:3064   .text.HAL_PCD_EP_Close:00000000 HAL_PCD_EP_Close
C:\Users\DAELT-~1\AppData\Local\Temp\cc8H7Tyn.s:3175   .text.HAL_PCD_EP_Receive:00000000 $t
C:\Users\DAELT-~1\AppData\Local\Temp\cc8H7Tyn.s:3181   .text.HAL_PCD_EP_Receive:00000000 HAL_PCD_EP_Receive
ARM GAS  C:\Users\DAELT-~1\AppData\Local\Temp\cc8H7Tyn.s 			page 127


C:\Users\DAELT-~1\AppData\Local\Temp\cc8H7Tyn.s:3277   .text.HAL_PCD_EP_GetRxCount:00000000 $t
C:\Users\DAELT-~1\AppData\Local\Temp\cc8H7Tyn.s:3283   .text.HAL_PCD_EP_GetRxCount:00000000 HAL_PCD_EP_GetRxCount
C:\Users\DAELT-~1\AppData\Local\Temp\cc8H7Tyn.s:3333   .text.HAL_PCD_EP_Transmit:00000000 $t
C:\Users\DAELT-~1\AppData\Local\Temp\cc8H7Tyn.s:3339   .text.HAL_PCD_EP_Transmit:00000000 HAL_PCD_EP_Transmit
C:\Users\DAELT-~1\AppData\Local\Temp\cc8H7Tyn.s:3435   .text.HAL_PCD_EP_SetStall:00000000 $t
C:\Users\DAELT-~1\AppData\Local\Temp\cc8H7Tyn.s:3441   .text.HAL_PCD_EP_SetStall:00000000 HAL_PCD_EP_SetStall
C:\Users\DAELT-~1\AppData\Local\Temp\cc8H7Tyn.s:3587   .text.HAL_PCD_EP_ClrStall:00000000 $t
C:\Users\DAELT-~1\AppData\Local\Temp\cc8H7Tyn.s:3593   .text.HAL_PCD_EP_ClrStall:00000000 HAL_PCD_EP_ClrStall
C:\Users\DAELT-~1\AppData\Local\Temp\cc8H7Tyn.s:3721   .text.HAL_PCD_EP_Abort:00000000 $t
C:\Users\DAELT-~1\AppData\Local\Temp\cc8H7Tyn.s:3806   .text.HAL_PCD_EP_Flush:00000000 $t
C:\Users\DAELT-~1\AppData\Local\Temp\cc8H7Tyn.s:3812   .text.HAL_PCD_EP_Flush:00000000 HAL_PCD_EP_Flush
C:\Users\DAELT-~1\AppData\Local\Temp\cc8H7Tyn.s:3890   .text.HAL_PCD_ActivateRemoteWakeup:00000000 $t
C:\Users\DAELT-~1\AppData\Local\Temp\cc8H7Tyn.s:3896   .text.HAL_PCD_ActivateRemoteWakeup:00000000 HAL_PCD_ActivateRemoteWakeup
C:\Users\DAELT-~1\AppData\Local\Temp\cc8H7Tyn.s:3935   .text.HAL_PCD_DeActivateRemoteWakeup:00000000 $t
C:\Users\DAELT-~1\AppData\Local\Temp\cc8H7Tyn.s:3941   .text.HAL_PCD_DeActivateRemoteWakeup:00000000 HAL_PCD_DeActivateRemoteWakeup
C:\Users\DAELT-~1\AppData\Local\Temp\cc8H7Tyn.s:3980   .text.HAL_PCD_GetState:00000000 $t
C:\Users\DAELT-~1\AppData\Local\Temp\cc8H7Tyn.s:3986   .text.HAL_PCD_GetState:00000000 HAL_PCD_GetState
C:\Users\DAELT-~1\AppData\Local\Temp\cc8H7Tyn.s:4026   .text.HAL_PCD_SetTestMode:00000000 $t
C:\Users\DAELT-~1\AppData\Local\Temp\cc8H7Tyn.s:4032   .text.HAL_PCD_SetTestMode:00000000 HAL_PCD_SetTestMode
C:\Users\DAELT-~1\AppData\Local\Temp\cc8H7Tyn.s:4113   .text.PCD_WriteEmptyTxFifo:00000000 $t
C:\Users\DAELT-~1\AppData\Local\Temp\cc8H7Tyn.s:4334   .text.PCD_EP_OutXfrComplete_int:00000000 $t
C:\Users\DAELT-~1\AppData\Local\Temp\cc8H7Tyn.s:4627   .text.PCD_EP_OutXfrComplete_int:000001c8 $d
C:\Users\DAELT-~1\AppData\Local\Temp\cc8H7Tyn.s:4633   .text.PCD_EP_OutSetupPacket_int:00000000 $t
C:\Users\DAELT-~1\AppData\Local\Temp\cc8H7Tyn.s:4742   .text.PCD_EP_OutSetupPacket_int:00000088 $d

UNDEFINED SYMBOLS
USB_DisableGlobalInt
USB_CoreInit
USB_SetCurrentMode
USB_DevInit
USB_DevDisconnect
USB_StopDevice
USB_EnableGlobalInt
USB_DevConnect
USB_FlushTxFifo
USB_GetMode
USB_ReadInterrupts
USB_ReadPacket
USB_ReadDevAllOutEpInterrupt
USB_ReadDevOutEPInterrupt
USB_ReadDevAllInEpInterrupt
USB_ReadDevInEPInterrupt
USB_EP0_OutStart
HAL_PCDEx_LPM_Callback
USB_ActivateSetup
USB_GetDevSpeed
HAL_RCC_GetHCLKFreq
USB_SetTurnaroundTime
USB_SetDevAddress
USB_ActivateEndpoint
USB_DeactivateEndpoint
USB_EPStartXfer
USB_EPSetStall
USB_EPClearStall
USB_EPStopXfer
USB_FlushRxFifo
USB_ActivateRemoteWakeup
ARM GAS  C:\Users\DAELT-~1\AppData\Local\Temp\cc8H7Tyn.s 			page 128


USB_DeActivateRemoteWakeup
USB_WritePacket
