ARM GAS  C:\Users\DAELT-~1\AppData\Local\Temp\ccgEWNW2.s 			page 1


   1              		.cpu cortex-m4
   2              		.arch armv7e-m
   3              		.fpu fpv4-sp-d16
   4              		.eabi_attribute 27, 1
   5              		.eabi_attribute 28, 1
   6              		.eabi_attribute 20, 1
   7              		.eabi_attribute 21, 1
   8              		.eabi_attribute 23, 3
   9              		.eabi_attribute 24, 1
  10              		.eabi_attribute 25, 1
  11              		.eabi_attribute 26, 1
  12              		.eabi_attribute 30, 6
  13              		.eabi_attribute 34, 1
  14              		.eabi_attribute 18, 4
  15              		.file	"stm32f4xx_hal_flash_ex.c"
  16              		.text
  17              	.Ltext0:
  18              		.cfi_sections	.debug_frame
  19              		.file 1 "Drivers/STM32F4xx_HAL_Driver/Src/stm32f4xx_hal_flash_ex.c"
  20              		.section	.text.HAL_FLASHEx_Erase,"ax",%progbits
  21              		.align	1
  22              		.global	HAL_FLASHEx_Erase
  23              		.syntax unified
  24              		.thumb
  25              		.thumb_func
  27              	HAL_FLASHEx_Erase:
  28              	.LFB220:
   1:Drivers/STM32F4xx_HAL_Driver/Src/stm32f4xx_hal_flash_ex.c **** /**
   2:Drivers/STM32F4xx_HAL_Driver/Src/stm32f4xx_hal_flash_ex.c ****   ******************************************************************************
   3:Drivers/STM32F4xx_HAL_Driver/Src/stm32f4xx_hal_flash_ex.c ****   * @file    stm32f4xx_hal_flash_ex.c
   4:Drivers/STM32F4xx_HAL_Driver/Src/stm32f4xx_hal_flash_ex.c ****   * @author  MCD Application Team
   5:Drivers/STM32F4xx_HAL_Driver/Src/stm32f4xx_hal_flash_ex.c ****   * @brief   Extended FLASH HAL module driver.
   6:Drivers/STM32F4xx_HAL_Driver/Src/stm32f4xx_hal_flash_ex.c ****   *          This file provides firmware functions to manage the following
   7:Drivers/STM32F4xx_HAL_Driver/Src/stm32f4xx_hal_flash_ex.c ****   *          functionalities of the FLASH extension peripheral:
   8:Drivers/STM32F4xx_HAL_Driver/Src/stm32f4xx_hal_flash_ex.c ****   *           + Extended programming operations functions
   9:Drivers/STM32F4xx_HAL_Driver/Src/stm32f4xx_hal_flash_ex.c ****   *
  10:Drivers/STM32F4xx_HAL_Driver/Src/stm32f4xx_hal_flash_ex.c ****   @verbatim
  11:Drivers/STM32F4xx_HAL_Driver/Src/stm32f4xx_hal_flash_ex.c ****   ==============================================================================
  12:Drivers/STM32F4xx_HAL_Driver/Src/stm32f4xx_hal_flash_ex.c ****                    ##### Flash Extension features #####
  13:Drivers/STM32F4xx_HAL_Driver/Src/stm32f4xx_hal_flash_ex.c ****   ==============================================================================
  14:Drivers/STM32F4xx_HAL_Driver/Src/stm32f4xx_hal_flash_ex.c **** 
  15:Drivers/STM32F4xx_HAL_Driver/Src/stm32f4xx_hal_flash_ex.c ****   [..] Comparing to other previous devices, the FLASH interface for STM32F427xx/437xx and
  16:Drivers/STM32F4xx_HAL_Driver/Src/stm32f4xx_hal_flash_ex.c ****        STM32F429xx/439xx devices contains the following additional features
  17:Drivers/STM32F4xx_HAL_Driver/Src/stm32f4xx_hal_flash_ex.c **** 
  18:Drivers/STM32F4xx_HAL_Driver/Src/stm32f4xx_hal_flash_ex.c ****        (+) Capacity up to 2 Mbyte with dual bank architecture supporting read-while-write
  19:Drivers/STM32F4xx_HAL_Driver/Src/stm32f4xx_hal_flash_ex.c ****            capability (RWW)
  20:Drivers/STM32F4xx_HAL_Driver/Src/stm32f4xx_hal_flash_ex.c ****        (+) Dual bank memory organization
  21:Drivers/STM32F4xx_HAL_Driver/Src/stm32f4xx_hal_flash_ex.c ****        (+) PCROP protection for all banks
  22:Drivers/STM32F4xx_HAL_Driver/Src/stm32f4xx_hal_flash_ex.c **** 
  23:Drivers/STM32F4xx_HAL_Driver/Src/stm32f4xx_hal_flash_ex.c ****                       ##### How to use this driver #####
  24:Drivers/STM32F4xx_HAL_Driver/Src/stm32f4xx_hal_flash_ex.c ****   ==============================================================================
  25:Drivers/STM32F4xx_HAL_Driver/Src/stm32f4xx_hal_flash_ex.c ****   [..] This driver provides functions to configure and program the FLASH memory
  26:Drivers/STM32F4xx_HAL_Driver/Src/stm32f4xx_hal_flash_ex.c ****        of all STM32F427xx/437xx, STM32F429xx/439xx, STM32F469xx/479xx and STM32F446xx
  27:Drivers/STM32F4xx_HAL_Driver/Src/stm32f4xx_hal_flash_ex.c ****        devices. It includes
  28:Drivers/STM32F4xx_HAL_Driver/Src/stm32f4xx_hal_flash_ex.c ****       (#) FLASH Memory Erase functions:
  29:Drivers/STM32F4xx_HAL_Driver/Src/stm32f4xx_hal_flash_ex.c ****            (++) Lock and Unlock the FLASH interface using HAL_FLASH_Unlock() and
  30:Drivers/STM32F4xx_HAL_Driver/Src/stm32f4xx_hal_flash_ex.c ****                 HAL_FLASH_Lock() functions
ARM GAS  C:\Users\DAELT-~1\AppData\Local\Temp\ccgEWNW2.s 			page 2


  31:Drivers/STM32F4xx_HAL_Driver/Src/stm32f4xx_hal_flash_ex.c ****            (++) Erase function: Erase sector, erase all sectors
  32:Drivers/STM32F4xx_HAL_Driver/Src/stm32f4xx_hal_flash_ex.c ****            (++) There are two modes of erase :
  33:Drivers/STM32F4xx_HAL_Driver/Src/stm32f4xx_hal_flash_ex.c ****              (+++) Polling Mode using HAL_FLASHEx_Erase()
  34:Drivers/STM32F4xx_HAL_Driver/Src/stm32f4xx_hal_flash_ex.c ****              (+++) Interrupt Mode using HAL_FLASHEx_Erase_IT()
  35:Drivers/STM32F4xx_HAL_Driver/Src/stm32f4xx_hal_flash_ex.c **** 
  36:Drivers/STM32F4xx_HAL_Driver/Src/stm32f4xx_hal_flash_ex.c ****       (#) Option Bytes Programming functions: Use HAL_FLASHEx_OBProgram() to :
  37:Drivers/STM32F4xx_HAL_Driver/Src/stm32f4xx_hal_flash_ex.c ****            (++) Set/Reset the write protection
  38:Drivers/STM32F4xx_HAL_Driver/Src/stm32f4xx_hal_flash_ex.c ****            (++) Set the Read protection Level
  39:Drivers/STM32F4xx_HAL_Driver/Src/stm32f4xx_hal_flash_ex.c ****            (++) Set the BOR level
  40:Drivers/STM32F4xx_HAL_Driver/Src/stm32f4xx_hal_flash_ex.c ****            (++) Program the user Option Bytes
  41:Drivers/STM32F4xx_HAL_Driver/Src/stm32f4xx_hal_flash_ex.c ****       (#) Advanced Option Bytes Programming functions: Use HAL_FLASHEx_AdvOBProgram() to :
  42:Drivers/STM32F4xx_HAL_Driver/Src/stm32f4xx_hal_flash_ex.c ****        (++) Extended space (bank 2) erase function
  43:Drivers/STM32F4xx_HAL_Driver/Src/stm32f4xx_hal_flash_ex.c ****        (++) Full FLASH space (2 Mo) erase (bank 1 and bank 2)
  44:Drivers/STM32F4xx_HAL_Driver/Src/stm32f4xx_hal_flash_ex.c ****        (++) Dual Boot activation
  45:Drivers/STM32F4xx_HAL_Driver/Src/stm32f4xx_hal_flash_ex.c ****        (++) Write protection configuration for bank 2
  46:Drivers/STM32F4xx_HAL_Driver/Src/stm32f4xx_hal_flash_ex.c ****        (++) PCROP protection configuration and control for both banks
  47:Drivers/STM32F4xx_HAL_Driver/Src/stm32f4xx_hal_flash_ex.c **** 
  48:Drivers/STM32F4xx_HAL_Driver/Src/stm32f4xx_hal_flash_ex.c ****   @endverbatim
  49:Drivers/STM32F4xx_HAL_Driver/Src/stm32f4xx_hal_flash_ex.c ****   ******************************************************************************
  50:Drivers/STM32F4xx_HAL_Driver/Src/stm32f4xx_hal_flash_ex.c ****   * @attention
  51:Drivers/STM32F4xx_HAL_Driver/Src/stm32f4xx_hal_flash_ex.c ****   *
  52:Drivers/STM32F4xx_HAL_Driver/Src/stm32f4xx_hal_flash_ex.c ****   * Copyright (c) 2017 STMicroelectronics.
  53:Drivers/STM32F4xx_HAL_Driver/Src/stm32f4xx_hal_flash_ex.c ****   * All rights reserved.
  54:Drivers/STM32F4xx_HAL_Driver/Src/stm32f4xx_hal_flash_ex.c ****   *
  55:Drivers/STM32F4xx_HAL_Driver/Src/stm32f4xx_hal_flash_ex.c ****   * This software is licensed under terms that can be found in the LICENSE file in
  56:Drivers/STM32F4xx_HAL_Driver/Src/stm32f4xx_hal_flash_ex.c ****   * the root directory of this software component.
  57:Drivers/STM32F4xx_HAL_Driver/Src/stm32f4xx_hal_flash_ex.c ****   * If no LICENSE file comes with this software, it is provided AS-IS.
  58:Drivers/STM32F4xx_HAL_Driver/Src/stm32f4xx_hal_flash_ex.c ****   ******************************************************************************
  59:Drivers/STM32F4xx_HAL_Driver/Src/stm32f4xx_hal_flash_ex.c ****   */
  60:Drivers/STM32F4xx_HAL_Driver/Src/stm32f4xx_hal_flash_ex.c **** 
  61:Drivers/STM32F4xx_HAL_Driver/Src/stm32f4xx_hal_flash_ex.c **** /* Includes ------------------------------------------------------------------*/
  62:Drivers/STM32F4xx_HAL_Driver/Src/stm32f4xx_hal_flash_ex.c **** #include "stm32f4xx_hal.h"
  63:Drivers/STM32F4xx_HAL_Driver/Src/stm32f4xx_hal_flash_ex.c **** 
  64:Drivers/STM32F4xx_HAL_Driver/Src/stm32f4xx_hal_flash_ex.c **** /** @addtogroup STM32F4xx_HAL_Driver
  65:Drivers/STM32F4xx_HAL_Driver/Src/stm32f4xx_hal_flash_ex.c ****   * @{
  66:Drivers/STM32F4xx_HAL_Driver/Src/stm32f4xx_hal_flash_ex.c ****   */
  67:Drivers/STM32F4xx_HAL_Driver/Src/stm32f4xx_hal_flash_ex.c **** 
  68:Drivers/STM32F4xx_HAL_Driver/Src/stm32f4xx_hal_flash_ex.c **** /** @defgroup FLASHEx FLASHEx
  69:Drivers/STM32F4xx_HAL_Driver/Src/stm32f4xx_hal_flash_ex.c ****   * @brief FLASH HAL Extension module driver
  70:Drivers/STM32F4xx_HAL_Driver/Src/stm32f4xx_hal_flash_ex.c ****   * @{
  71:Drivers/STM32F4xx_HAL_Driver/Src/stm32f4xx_hal_flash_ex.c ****   */
  72:Drivers/STM32F4xx_HAL_Driver/Src/stm32f4xx_hal_flash_ex.c **** 
  73:Drivers/STM32F4xx_HAL_Driver/Src/stm32f4xx_hal_flash_ex.c **** #ifdef HAL_FLASH_MODULE_ENABLED
  74:Drivers/STM32F4xx_HAL_Driver/Src/stm32f4xx_hal_flash_ex.c **** 
  75:Drivers/STM32F4xx_HAL_Driver/Src/stm32f4xx_hal_flash_ex.c **** /* Private typedef -----------------------------------------------------------*/
  76:Drivers/STM32F4xx_HAL_Driver/Src/stm32f4xx_hal_flash_ex.c **** /* Private define ------------------------------------------------------------*/
  77:Drivers/STM32F4xx_HAL_Driver/Src/stm32f4xx_hal_flash_ex.c **** /** @addtogroup FLASHEx_Private_Constants
  78:Drivers/STM32F4xx_HAL_Driver/Src/stm32f4xx_hal_flash_ex.c ****   * @{
  79:Drivers/STM32F4xx_HAL_Driver/Src/stm32f4xx_hal_flash_ex.c ****   */
  80:Drivers/STM32F4xx_HAL_Driver/Src/stm32f4xx_hal_flash_ex.c **** #define FLASH_TIMEOUT_VALUE       50000U /* 50 s */
  81:Drivers/STM32F4xx_HAL_Driver/Src/stm32f4xx_hal_flash_ex.c **** /**
  82:Drivers/STM32F4xx_HAL_Driver/Src/stm32f4xx_hal_flash_ex.c ****   * @}
  83:Drivers/STM32F4xx_HAL_Driver/Src/stm32f4xx_hal_flash_ex.c ****   */
  84:Drivers/STM32F4xx_HAL_Driver/Src/stm32f4xx_hal_flash_ex.c **** 
  85:Drivers/STM32F4xx_HAL_Driver/Src/stm32f4xx_hal_flash_ex.c **** /* Private macro -------------------------------------------------------------*/
  86:Drivers/STM32F4xx_HAL_Driver/Src/stm32f4xx_hal_flash_ex.c **** /* Private variables ---------------------------------------------------------*/
  87:Drivers/STM32F4xx_HAL_Driver/Src/stm32f4xx_hal_flash_ex.c **** /** @addtogroup FLASHEx_Private_Variables
ARM GAS  C:\Users\DAELT-~1\AppData\Local\Temp\ccgEWNW2.s 			page 3


  88:Drivers/STM32F4xx_HAL_Driver/Src/stm32f4xx_hal_flash_ex.c ****   * @{
  89:Drivers/STM32F4xx_HAL_Driver/Src/stm32f4xx_hal_flash_ex.c ****   */
  90:Drivers/STM32F4xx_HAL_Driver/Src/stm32f4xx_hal_flash_ex.c **** extern FLASH_ProcessTypeDef pFlash;
  91:Drivers/STM32F4xx_HAL_Driver/Src/stm32f4xx_hal_flash_ex.c **** /**
  92:Drivers/STM32F4xx_HAL_Driver/Src/stm32f4xx_hal_flash_ex.c ****   * @}
  93:Drivers/STM32F4xx_HAL_Driver/Src/stm32f4xx_hal_flash_ex.c ****   */
  94:Drivers/STM32F4xx_HAL_Driver/Src/stm32f4xx_hal_flash_ex.c **** 
  95:Drivers/STM32F4xx_HAL_Driver/Src/stm32f4xx_hal_flash_ex.c **** /* Private function prototypes -----------------------------------------------*/
  96:Drivers/STM32F4xx_HAL_Driver/Src/stm32f4xx_hal_flash_ex.c **** /** @addtogroup FLASHEx_Private_Functions
  97:Drivers/STM32F4xx_HAL_Driver/Src/stm32f4xx_hal_flash_ex.c ****   * @{
  98:Drivers/STM32F4xx_HAL_Driver/Src/stm32f4xx_hal_flash_ex.c ****   */
  99:Drivers/STM32F4xx_HAL_Driver/Src/stm32f4xx_hal_flash_ex.c **** /* Option bytes control */
 100:Drivers/STM32F4xx_HAL_Driver/Src/stm32f4xx_hal_flash_ex.c **** static void               FLASH_MassErase(uint8_t VoltageRange, uint32_t Banks);
 101:Drivers/STM32F4xx_HAL_Driver/Src/stm32f4xx_hal_flash_ex.c **** static HAL_StatusTypeDef  FLASH_OB_EnableWRP(uint32_t WRPSector, uint32_t Banks);
 102:Drivers/STM32F4xx_HAL_Driver/Src/stm32f4xx_hal_flash_ex.c **** static HAL_StatusTypeDef  FLASH_OB_DisableWRP(uint32_t WRPSector, uint32_t Banks);
 103:Drivers/STM32F4xx_HAL_Driver/Src/stm32f4xx_hal_flash_ex.c **** static HAL_StatusTypeDef  FLASH_OB_RDP_LevelConfig(uint8_t Level);
 104:Drivers/STM32F4xx_HAL_Driver/Src/stm32f4xx_hal_flash_ex.c **** static HAL_StatusTypeDef  FLASH_OB_UserConfig(uint8_t Iwdg, uint8_t Stop, uint8_t Stdby);
 105:Drivers/STM32F4xx_HAL_Driver/Src/stm32f4xx_hal_flash_ex.c **** static HAL_StatusTypeDef  FLASH_OB_BOR_LevelConfig(uint8_t Level);
 106:Drivers/STM32F4xx_HAL_Driver/Src/stm32f4xx_hal_flash_ex.c **** static uint8_t            FLASH_OB_GetUser(void);
 107:Drivers/STM32F4xx_HAL_Driver/Src/stm32f4xx_hal_flash_ex.c **** static uint16_t           FLASH_OB_GetWRP(void);
 108:Drivers/STM32F4xx_HAL_Driver/Src/stm32f4xx_hal_flash_ex.c **** static uint8_t            FLASH_OB_GetRDP(void);
 109:Drivers/STM32F4xx_HAL_Driver/Src/stm32f4xx_hal_flash_ex.c **** static uint8_t            FLASH_OB_GetBOR(void);
 110:Drivers/STM32F4xx_HAL_Driver/Src/stm32f4xx_hal_flash_ex.c **** 
 111:Drivers/STM32F4xx_HAL_Driver/Src/stm32f4xx_hal_flash_ex.c **** #if defined(STM32F401xC) || defined(STM32F401xE) || defined(STM32F410Tx) || defined(STM32F410Cx) ||
 112:Drivers/STM32F4xx_HAL_Driver/Src/stm32f4xx_hal_flash_ex.c ****     defined(STM32F446xx) || defined(STM32F412Zx) || defined(STM32F412Vx) || defined(STM32F412Rx) ||
 113:Drivers/STM32F4xx_HAL_Driver/Src/stm32f4xx_hal_flash_ex.c ****     defined(STM32F423xx)
 114:Drivers/STM32F4xx_HAL_Driver/Src/stm32f4xx_hal_flash_ex.c **** static HAL_StatusTypeDef  FLASH_OB_EnablePCROP(uint32_t Sector);
 115:Drivers/STM32F4xx_HAL_Driver/Src/stm32f4xx_hal_flash_ex.c **** static HAL_StatusTypeDef  FLASH_OB_DisablePCROP(uint32_t Sector);
 116:Drivers/STM32F4xx_HAL_Driver/Src/stm32f4xx_hal_flash_ex.c **** #endif /* STM32F401xC || STM32F401xE || STM32F410xx || STM32F411xE || STM32F446xx || STM32F412Zx ||
 117:Drivers/STM32F4xx_HAL_Driver/Src/stm32f4xx_hal_flash_ex.c ****           STM32F413xx || STM32F423xx */
 118:Drivers/STM32F4xx_HAL_Driver/Src/stm32f4xx_hal_flash_ex.c **** 
 119:Drivers/STM32F4xx_HAL_Driver/Src/stm32f4xx_hal_flash_ex.c **** #if defined(STM32F427xx) || defined(STM32F437xx) || defined(STM32F429xx)|| defined(STM32F439xx) || 
 120:Drivers/STM32F4xx_HAL_Driver/Src/stm32f4xx_hal_flash_ex.c **** static HAL_StatusTypeDef FLASH_OB_EnablePCROP(uint32_t SectorBank1, uint32_t SectorBank2, uint32_t 
 121:Drivers/STM32F4xx_HAL_Driver/Src/stm32f4xx_hal_flash_ex.c **** static HAL_StatusTypeDef FLASH_OB_DisablePCROP(uint32_t SectorBank1, uint32_t SectorBank2, uint32_t
 122:Drivers/STM32F4xx_HAL_Driver/Src/stm32f4xx_hal_flash_ex.c **** static HAL_StatusTypeDef FLASH_OB_BootConfig(uint8_t BootConfig);
 123:Drivers/STM32F4xx_HAL_Driver/Src/stm32f4xx_hal_flash_ex.c **** #endif /* STM32F427xx || STM32F437xx || STM32F429xx || STM32F439xx || STM32F469xx || STM32F479xx */
 124:Drivers/STM32F4xx_HAL_Driver/Src/stm32f4xx_hal_flash_ex.c **** 
 125:Drivers/STM32F4xx_HAL_Driver/Src/stm32f4xx_hal_flash_ex.c **** extern HAL_StatusTypeDef         FLASH_WaitForLastOperation(uint32_t Timeout);
 126:Drivers/STM32F4xx_HAL_Driver/Src/stm32f4xx_hal_flash_ex.c **** /**
 127:Drivers/STM32F4xx_HAL_Driver/Src/stm32f4xx_hal_flash_ex.c ****   * @}
 128:Drivers/STM32F4xx_HAL_Driver/Src/stm32f4xx_hal_flash_ex.c ****   */
 129:Drivers/STM32F4xx_HAL_Driver/Src/stm32f4xx_hal_flash_ex.c **** 
 130:Drivers/STM32F4xx_HAL_Driver/Src/stm32f4xx_hal_flash_ex.c **** /* Exported functions --------------------------------------------------------*/
 131:Drivers/STM32F4xx_HAL_Driver/Src/stm32f4xx_hal_flash_ex.c **** /** @defgroup FLASHEx_Exported_Functions FLASHEx Exported Functions
 132:Drivers/STM32F4xx_HAL_Driver/Src/stm32f4xx_hal_flash_ex.c ****   * @{
 133:Drivers/STM32F4xx_HAL_Driver/Src/stm32f4xx_hal_flash_ex.c ****   */
 134:Drivers/STM32F4xx_HAL_Driver/Src/stm32f4xx_hal_flash_ex.c **** 
 135:Drivers/STM32F4xx_HAL_Driver/Src/stm32f4xx_hal_flash_ex.c **** /** @defgroup FLASHEx_Exported_Functions_Group1 Extended IO operation functions
 136:Drivers/STM32F4xx_HAL_Driver/Src/stm32f4xx_hal_flash_ex.c ****   *  @brief   Extended IO operation functions
 137:Drivers/STM32F4xx_HAL_Driver/Src/stm32f4xx_hal_flash_ex.c ****   *
 138:Drivers/STM32F4xx_HAL_Driver/Src/stm32f4xx_hal_flash_ex.c **** @verbatim
 139:Drivers/STM32F4xx_HAL_Driver/Src/stm32f4xx_hal_flash_ex.c ****  ===============================================================================
 140:Drivers/STM32F4xx_HAL_Driver/Src/stm32f4xx_hal_flash_ex.c ****                 ##### Extended programming operation functions #####
 141:Drivers/STM32F4xx_HAL_Driver/Src/stm32f4xx_hal_flash_ex.c ****  ===============================================================================
 142:Drivers/STM32F4xx_HAL_Driver/Src/stm32f4xx_hal_flash_ex.c ****     [..]
 143:Drivers/STM32F4xx_HAL_Driver/Src/stm32f4xx_hal_flash_ex.c ****     This subsection provides a set of functions allowing to manage the Extension FLASH
 144:Drivers/STM32F4xx_HAL_Driver/Src/stm32f4xx_hal_flash_ex.c ****     programming operations.
ARM GAS  C:\Users\DAELT-~1\AppData\Local\Temp\ccgEWNW2.s 			page 4


 145:Drivers/STM32F4xx_HAL_Driver/Src/stm32f4xx_hal_flash_ex.c **** 
 146:Drivers/STM32F4xx_HAL_Driver/Src/stm32f4xx_hal_flash_ex.c **** @endverbatim
 147:Drivers/STM32F4xx_HAL_Driver/Src/stm32f4xx_hal_flash_ex.c ****   * @{
 148:Drivers/STM32F4xx_HAL_Driver/Src/stm32f4xx_hal_flash_ex.c ****   */
 149:Drivers/STM32F4xx_HAL_Driver/Src/stm32f4xx_hal_flash_ex.c **** /**
 150:Drivers/STM32F4xx_HAL_Driver/Src/stm32f4xx_hal_flash_ex.c ****   * @brief  Perform a mass erase or erase the specified FLASH memory sectors
 151:Drivers/STM32F4xx_HAL_Driver/Src/stm32f4xx_hal_flash_ex.c ****   * @param[in]  pEraseInit pointer to an FLASH_EraseInitTypeDef structure that
 152:Drivers/STM32F4xx_HAL_Driver/Src/stm32f4xx_hal_flash_ex.c ****   *         contains the configuration information for the erasing.
 153:Drivers/STM32F4xx_HAL_Driver/Src/stm32f4xx_hal_flash_ex.c ****   *
 154:Drivers/STM32F4xx_HAL_Driver/Src/stm32f4xx_hal_flash_ex.c ****   * @param[out]  SectorError pointer to variable  that
 155:Drivers/STM32F4xx_HAL_Driver/Src/stm32f4xx_hal_flash_ex.c ****   *         contains the configuration information on faulty sector in case of error
 156:Drivers/STM32F4xx_HAL_Driver/Src/stm32f4xx_hal_flash_ex.c ****   *         (0xFFFFFFFFU means that all the sectors have been correctly erased)
 157:Drivers/STM32F4xx_HAL_Driver/Src/stm32f4xx_hal_flash_ex.c ****   *
 158:Drivers/STM32F4xx_HAL_Driver/Src/stm32f4xx_hal_flash_ex.c ****   * @retval HAL Status
 159:Drivers/STM32F4xx_HAL_Driver/Src/stm32f4xx_hal_flash_ex.c ****   */
 160:Drivers/STM32F4xx_HAL_Driver/Src/stm32f4xx_hal_flash_ex.c **** HAL_StatusTypeDef HAL_FLASHEx_Erase(FLASH_EraseInitTypeDef *pEraseInit, uint32_t *SectorError)
 161:Drivers/STM32F4xx_HAL_Driver/Src/stm32f4xx_hal_flash_ex.c **** {
  29              		.loc 1 161 1
  30              		.cfi_startproc
  31              		@ args = 0, pretend = 0, frame = 16
  32              		@ frame_needed = 1, uses_anonymous_args = 0
  33 0000 80B5     		push	{r7, lr}
  34              	.LCFI0:
  35              		.cfi_def_cfa_offset 8
  36              		.cfi_offset 7, -8
  37              		.cfi_offset 14, -4
  38 0002 84B0     		sub	sp, sp, #16
  39              	.LCFI1:
  40              		.cfi_def_cfa_offset 24
  41 0004 00AF     		add	r7, sp, #0
  42              	.LCFI2:
  43              		.cfi_def_cfa_register 7
  44 0006 7860     		str	r0, [r7, #4]
  45 0008 3960     		str	r1, [r7]
 162:Drivers/STM32F4xx_HAL_Driver/Src/stm32f4xx_hal_flash_ex.c ****   HAL_StatusTypeDef status;
 163:Drivers/STM32F4xx_HAL_Driver/Src/stm32f4xx_hal_flash_ex.c ****   uint32_t index = 0U;
  46              		.loc 1 163 12
  47 000a 0023     		movs	r3, #0
  48 000c BB60     		str	r3, [r7, #8]
 164:Drivers/STM32F4xx_HAL_Driver/Src/stm32f4xx_hal_flash_ex.c **** 
 165:Drivers/STM32F4xx_HAL_Driver/Src/stm32f4xx_hal_flash_ex.c ****   /* Process Locked */
 166:Drivers/STM32F4xx_HAL_Driver/Src/stm32f4xx_hal_flash_ex.c ****   __HAL_LOCK(&pFlash);
  49              		.loc 1 166 3
  50 000e 314B     		ldr	r3, .L10
  51 0010 1B7E     		ldrb	r3, [r3, #24]	@ zero_extendqisi2
  52 0012 012B     		cmp	r3, #1
  53 0014 01D1     		bne	.L2
  54              		.loc 1 166 3 is_stmt 0 discriminator 1
  55 0016 0223     		movs	r3, #2
  56              		.loc 1 166 3
  57 0018 58E0     		b	.L3
  58              	.L2:
  59              		.loc 1 166 3 discriminator 2
  60 001a 2E4B     		ldr	r3, .L10
  61 001c 0122     		movs	r2, #1
  62 001e 1A76     		strb	r2, [r3, #24]
 167:Drivers/STM32F4xx_HAL_Driver/Src/stm32f4xx_hal_flash_ex.c **** 
ARM GAS  C:\Users\DAELT-~1\AppData\Local\Temp\ccgEWNW2.s 			page 5


 168:Drivers/STM32F4xx_HAL_Driver/Src/stm32f4xx_hal_flash_ex.c ****   /* Check the parameters */
 169:Drivers/STM32F4xx_HAL_Driver/Src/stm32f4xx_hal_flash_ex.c ****   assert_param(IS_FLASH_TYPEERASE(pEraseInit->TypeErase));
 170:Drivers/STM32F4xx_HAL_Driver/Src/stm32f4xx_hal_flash_ex.c **** 
 171:Drivers/STM32F4xx_HAL_Driver/Src/stm32f4xx_hal_flash_ex.c ****   /* Wait for last operation to be completed */
 172:Drivers/STM32F4xx_HAL_Driver/Src/stm32f4xx_hal_flash_ex.c ****   status = FLASH_WaitForLastOperation((uint32_t)FLASH_TIMEOUT_VALUE);
  63              		.loc 1 172 12 is_stmt 1
  64 0020 4CF25030 		movw	r0, #50000
  65 0024 FFF7FEFF 		bl	FLASH_WaitForLastOperation
  66 0028 0346     		mov	r3, r0
  67 002a FB73     		strb	r3, [r7, #15]
 173:Drivers/STM32F4xx_HAL_Driver/Src/stm32f4xx_hal_flash_ex.c **** 
 174:Drivers/STM32F4xx_HAL_Driver/Src/stm32f4xx_hal_flash_ex.c ****   if (status == HAL_OK)
  68              		.loc 1 174 6
  69 002c FB7B     		ldrb	r3, [r7, #15]	@ zero_extendqisi2
  70 002e 002B     		cmp	r3, #0
  71 0030 48D1     		bne	.L4
 175:Drivers/STM32F4xx_HAL_Driver/Src/stm32f4xx_hal_flash_ex.c ****   {
 176:Drivers/STM32F4xx_HAL_Driver/Src/stm32f4xx_hal_flash_ex.c ****     /*Initialization of SectorError variable*/
 177:Drivers/STM32F4xx_HAL_Driver/Src/stm32f4xx_hal_flash_ex.c ****     *SectorError = 0xFFFFFFFFU;
  72              		.loc 1 177 18
  73 0032 3B68     		ldr	r3, [r7]
  74 0034 4FF0FF32 		mov	r2, #-1
  75 0038 1A60     		str	r2, [r3]
 178:Drivers/STM32F4xx_HAL_Driver/Src/stm32f4xx_hal_flash_ex.c **** 
 179:Drivers/STM32F4xx_HAL_Driver/Src/stm32f4xx_hal_flash_ex.c ****     if (pEraseInit->TypeErase == FLASH_TYPEERASE_MASSERASE)
  76              		.loc 1 179 19
  77 003a 7B68     		ldr	r3, [r7, #4]
  78 003c 1B68     		ldr	r3, [r3]
  79              		.loc 1 179 8
  80 003e 012B     		cmp	r3, #1
  81 0040 15D1     		bne	.L5
 180:Drivers/STM32F4xx_HAL_Driver/Src/stm32f4xx_hal_flash_ex.c ****     {
 181:Drivers/STM32F4xx_HAL_Driver/Src/stm32f4xx_hal_flash_ex.c ****       /*Mass erase to be done*/
 182:Drivers/STM32F4xx_HAL_Driver/Src/stm32f4xx_hal_flash_ex.c ****       FLASH_MassErase((uint8_t) pEraseInit->VoltageRange, pEraseInit->Banks);
  82              		.loc 1 182 43
  83 0042 7B68     		ldr	r3, [r7, #4]
  84 0044 1B69     		ldr	r3, [r3, #16]
  85              		.loc 1 182 7
  86 0046 DAB2     		uxtb	r2, r3
  87 0048 7B68     		ldr	r3, [r7, #4]
  88 004a 5B68     		ldr	r3, [r3, #4]
  89 004c 1946     		mov	r1, r3
  90 004e 1046     		mov	r0, r2
  91 0050 FFF7FEFF 		bl	FLASH_MassErase
 183:Drivers/STM32F4xx_HAL_Driver/Src/stm32f4xx_hal_flash_ex.c **** 
 184:Drivers/STM32F4xx_HAL_Driver/Src/stm32f4xx_hal_flash_ex.c ****       /* Wait for last operation to be completed */
 185:Drivers/STM32F4xx_HAL_Driver/Src/stm32f4xx_hal_flash_ex.c ****       status = FLASH_WaitForLastOperation((uint32_t)FLASH_TIMEOUT_VALUE);
  92              		.loc 1 185 16
  93 0054 4CF25030 		movw	r0, #50000
  94 0058 FFF7FEFF 		bl	FLASH_WaitForLastOperation
  95 005c 0346     		mov	r3, r0
  96 005e FB73     		strb	r3, [r7, #15]
 186:Drivers/STM32F4xx_HAL_Driver/Src/stm32f4xx_hal_flash_ex.c **** 
 187:Drivers/STM32F4xx_HAL_Driver/Src/stm32f4xx_hal_flash_ex.c ****       /* if the erase operation is completed, disable the MER Bit */
 188:Drivers/STM32F4xx_HAL_Driver/Src/stm32f4xx_hal_flash_ex.c ****       FLASH->CR &= (~FLASH_MER_BIT);
  97              		.loc 1 188 12
  98 0060 1D4B     		ldr	r3, .L10+4
ARM GAS  C:\Users\DAELT-~1\AppData\Local\Temp\ccgEWNW2.s 			page 6


  99 0062 1B69     		ldr	r3, [r3, #16]
 100 0064 1C4A     		ldr	r2, .L10+4
 101              		.loc 1 188 17
 102 0066 23F00403 		bic	r3, r3, #4
 103 006a 1361     		str	r3, [r2, #16]
 104 006c 28E0     		b	.L6
 105              	.L5:
 189:Drivers/STM32F4xx_HAL_Driver/Src/stm32f4xx_hal_flash_ex.c ****     }
 190:Drivers/STM32F4xx_HAL_Driver/Src/stm32f4xx_hal_flash_ex.c ****     else
 191:Drivers/STM32F4xx_HAL_Driver/Src/stm32f4xx_hal_flash_ex.c ****     {
 192:Drivers/STM32F4xx_HAL_Driver/Src/stm32f4xx_hal_flash_ex.c ****       /* Check the parameters */
 193:Drivers/STM32F4xx_HAL_Driver/Src/stm32f4xx_hal_flash_ex.c ****       assert_param(IS_FLASH_NBSECTORS(pEraseInit->NbSectors + pEraseInit->Sector));
 194:Drivers/STM32F4xx_HAL_Driver/Src/stm32f4xx_hal_flash_ex.c **** 
 195:Drivers/STM32F4xx_HAL_Driver/Src/stm32f4xx_hal_flash_ex.c ****       /* Erase by sector by sector to be done*/
 196:Drivers/STM32F4xx_HAL_Driver/Src/stm32f4xx_hal_flash_ex.c ****       for (index = pEraseInit->Sector; index < (pEraseInit->NbSectors + pEraseInit->Sector); index+
 106              		.loc 1 196 18
 107 006e 7B68     		ldr	r3, [r7, #4]
 108 0070 9B68     		ldr	r3, [r3, #8]
 109 0072 BB60     		str	r3, [r7, #8]
 110              		.loc 1 196 7
 111 0074 1CE0     		b	.L7
 112              	.L9:
 197:Drivers/STM32F4xx_HAL_Driver/Src/stm32f4xx_hal_flash_ex.c ****       {
 198:Drivers/STM32F4xx_HAL_Driver/Src/stm32f4xx_hal_flash_ex.c ****         FLASH_Erase_Sector(index, (uint8_t) pEraseInit->VoltageRange);
 113              		.loc 1 198 55
 114 0076 7B68     		ldr	r3, [r7, #4]
 115 0078 1B69     		ldr	r3, [r3, #16]
 116              		.loc 1 198 9
 117 007a DBB2     		uxtb	r3, r3
 118 007c 1946     		mov	r1, r3
 119 007e B868     		ldr	r0, [r7, #8]
 120 0080 FFF7FEFF 		bl	FLASH_Erase_Sector
 199:Drivers/STM32F4xx_HAL_Driver/Src/stm32f4xx_hal_flash_ex.c **** 
 200:Drivers/STM32F4xx_HAL_Driver/Src/stm32f4xx_hal_flash_ex.c ****         /* Wait for last operation to be completed */
 201:Drivers/STM32F4xx_HAL_Driver/Src/stm32f4xx_hal_flash_ex.c ****         status = FLASH_WaitForLastOperation((uint32_t)FLASH_TIMEOUT_VALUE);
 121              		.loc 1 201 18
 122 0084 4CF25030 		movw	r0, #50000
 123 0088 FFF7FEFF 		bl	FLASH_WaitForLastOperation
 124 008c 0346     		mov	r3, r0
 125 008e FB73     		strb	r3, [r7, #15]
 202:Drivers/STM32F4xx_HAL_Driver/Src/stm32f4xx_hal_flash_ex.c **** 
 203:Drivers/STM32F4xx_HAL_Driver/Src/stm32f4xx_hal_flash_ex.c ****         /* If the erase operation is completed, disable the SER and SNB Bits */
 204:Drivers/STM32F4xx_HAL_Driver/Src/stm32f4xx_hal_flash_ex.c ****         CLEAR_BIT(FLASH->CR, (FLASH_CR_SER | FLASH_CR_SNB));
 126              		.loc 1 204 9
 127 0090 114B     		ldr	r3, .L10+4
 128 0092 1B69     		ldr	r3, [r3, #16]
 129 0094 104A     		ldr	r2, .L10+4
 130 0096 23F0FA03 		bic	r3, r3, #250
 131 009a 1361     		str	r3, [r2, #16]
 205:Drivers/STM32F4xx_HAL_Driver/Src/stm32f4xx_hal_flash_ex.c **** 
 206:Drivers/STM32F4xx_HAL_Driver/Src/stm32f4xx_hal_flash_ex.c ****         if (status != HAL_OK)
 132              		.loc 1 206 12
 133 009c FB7B     		ldrb	r3, [r7, #15]	@ zero_extendqisi2
 134 009e 002B     		cmp	r3, #0
 135 00a0 03D0     		beq	.L8
 207:Drivers/STM32F4xx_HAL_Driver/Src/stm32f4xx_hal_flash_ex.c ****         {
 208:Drivers/STM32F4xx_HAL_Driver/Src/stm32f4xx_hal_flash_ex.c ****           /* In case of error, stop erase procedure and return the faulty sector*/
ARM GAS  C:\Users\DAELT-~1\AppData\Local\Temp\ccgEWNW2.s 			page 7


 209:Drivers/STM32F4xx_HAL_Driver/Src/stm32f4xx_hal_flash_ex.c ****           *SectorError = index;
 136              		.loc 1 209 24
 137 00a2 3B68     		ldr	r3, [r7]
 138 00a4 BA68     		ldr	r2, [r7, #8]
 139 00a6 1A60     		str	r2, [r3]
 210:Drivers/STM32F4xx_HAL_Driver/Src/stm32f4xx_hal_flash_ex.c ****           break;
 140              		.loc 1 210 11
 141 00a8 0AE0     		b	.L6
 142              	.L8:
 196:Drivers/STM32F4xx_HAL_Driver/Src/stm32f4xx_hal_flash_ex.c ****       {
 143              		.loc 1 196 99 discriminator 2
 144 00aa BB68     		ldr	r3, [r7, #8]
 145 00ac 0133     		adds	r3, r3, #1
 146 00ae BB60     		str	r3, [r7, #8]
 147              	.L7:
 196:Drivers/STM32F4xx_HAL_Driver/Src/stm32f4xx_hal_flash_ex.c ****       {
 148              		.loc 1 196 59 discriminator 1
 149 00b0 7B68     		ldr	r3, [r7, #4]
 150 00b2 DA68     		ldr	r2, [r3, #12]
 196:Drivers/STM32F4xx_HAL_Driver/Src/stm32f4xx_hal_flash_ex.c ****       {
 151              		.loc 1 196 83 discriminator 1
 152 00b4 7B68     		ldr	r3, [r7, #4]
 153 00b6 9B68     		ldr	r3, [r3, #8]
 196:Drivers/STM32F4xx_HAL_Driver/Src/stm32f4xx_hal_flash_ex.c ****       {
 154              		.loc 1 196 71 discriminator 1
 155 00b8 1344     		add	r3, r3, r2
 196:Drivers/STM32F4xx_HAL_Driver/Src/stm32f4xx_hal_flash_ex.c ****       {
 156              		.loc 1 196 46 discriminator 1
 157 00ba BA68     		ldr	r2, [r7, #8]
 158 00bc 9A42     		cmp	r2, r3
 159 00be DAD3     		bcc	.L9
 160              	.L6:
 211:Drivers/STM32F4xx_HAL_Driver/Src/stm32f4xx_hal_flash_ex.c ****         }
 212:Drivers/STM32F4xx_HAL_Driver/Src/stm32f4xx_hal_flash_ex.c ****       }
 213:Drivers/STM32F4xx_HAL_Driver/Src/stm32f4xx_hal_flash_ex.c ****     }
 214:Drivers/STM32F4xx_HAL_Driver/Src/stm32f4xx_hal_flash_ex.c ****     /* Flush the caches to be sure of the data consistency */
 215:Drivers/STM32F4xx_HAL_Driver/Src/stm32f4xx_hal_flash_ex.c ****     FLASH_FlushCaches();
 161              		.loc 1 215 5
 162 00c0 FFF7FEFF 		bl	FLASH_FlushCaches
 163              	.L4:
 216:Drivers/STM32F4xx_HAL_Driver/Src/stm32f4xx_hal_flash_ex.c ****   }
 217:Drivers/STM32F4xx_HAL_Driver/Src/stm32f4xx_hal_flash_ex.c **** 
 218:Drivers/STM32F4xx_HAL_Driver/Src/stm32f4xx_hal_flash_ex.c ****   /* Process Unlocked */
 219:Drivers/STM32F4xx_HAL_Driver/Src/stm32f4xx_hal_flash_ex.c ****   __HAL_UNLOCK(&pFlash);
 164              		.loc 1 219 3
 165 00c4 034B     		ldr	r3, .L10
 166 00c6 0022     		movs	r2, #0
 167 00c8 1A76     		strb	r2, [r3, #24]
 220:Drivers/STM32F4xx_HAL_Driver/Src/stm32f4xx_hal_flash_ex.c **** 
 221:Drivers/STM32F4xx_HAL_Driver/Src/stm32f4xx_hal_flash_ex.c ****   return status;
 168              		.loc 1 221 10
 169 00ca FB7B     		ldrb	r3, [r7, #15]	@ zero_extendqisi2
 170              	.L3:
 222:Drivers/STM32F4xx_HAL_Driver/Src/stm32f4xx_hal_flash_ex.c **** }
 171              		.loc 1 222 1
 172 00cc 1846     		mov	r0, r3
 173 00ce 1037     		adds	r7, r7, #16
ARM GAS  C:\Users\DAELT-~1\AppData\Local\Temp\ccgEWNW2.s 			page 8


 174              	.LCFI3:
 175              		.cfi_def_cfa_offset 8
 176 00d0 BD46     		mov	sp, r7
 177              	.LCFI4:
 178              		.cfi_def_cfa_register 13
 179              		@ sp needed
 180 00d2 80BD     		pop	{r7, pc}
 181              	.L11:
 182              		.align	2
 183              	.L10:
 184 00d4 00000000 		.word	pFlash
 185 00d8 003C0240 		.word	1073888256
 186              		.cfi_endproc
 187              	.LFE220:
 189              		.section	.text.HAL_FLASHEx_Erase_IT,"ax",%progbits
 190              		.align	1
 191              		.global	HAL_FLASHEx_Erase_IT
 192              		.syntax unified
 193              		.thumb
 194              		.thumb_func
 196              	HAL_FLASHEx_Erase_IT:
 197              	.LFB221:
 223:Drivers/STM32F4xx_HAL_Driver/Src/stm32f4xx_hal_flash_ex.c **** 
 224:Drivers/STM32F4xx_HAL_Driver/Src/stm32f4xx_hal_flash_ex.c **** /**
 225:Drivers/STM32F4xx_HAL_Driver/Src/stm32f4xx_hal_flash_ex.c ****   * @brief  Perform a mass erase or erase the specified FLASH memory sectors  with interrupt enable
 226:Drivers/STM32F4xx_HAL_Driver/Src/stm32f4xx_hal_flash_ex.c ****   * @param  pEraseInit pointer to an FLASH_EraseInitTypeDef structure that
 227:Drivers/STM32F4xx_HAL_Driver/Src/stm32f4xx_hal_flash_ex.c ****   *         contains the configuration information for the erasing.
 228:Drivers/STM32F4xx_HAL_Driver/Src/stm32f4xx_hal_flash_ex.c ****   *
 229:Drivers/STM32F4xx_HAL_Driver/Src/stm32f4xx_hal_flash_ex.c ****   * @retval HAL Status
 230:Drivers/STM32F4xx_HAL_Driver/Src/stm32f4xx_hal_flash_ex.c ****   */
 231:Drivers/STM32F4xx_HAL_Driver/Src/stm32f4xx_hal_flash_ex.c **** HAL_StatusTypeDef HAL_FLASHEx_Erase_IT(FLASH_EraseInitTypeDef *pEraseInit)
 232:Drivers/STM32F4xx_HAL_Driver/Src/stm32f4xx_hal_flash_ex.c **** {
 198              		.loc 1 232 1
 199              		.cfi_startproc
 200              		@ args = 0, pretend = 0, frame = 16
 201              		@ frame_needed = 1, uses_anonymous_args = 0
 202 0000 80B5     		push	{r7, lr}
 203              	.LCFI5:
 204              		.cfi_def_cfa_offset 8
 205              		.cfi_offset 7, -8
 206              		.cfi_offset 14, -4
 207 0002 84B0     		sub	sp, sp, #16
 208              	.LCFI6:
 209              		.cfi_def_cfa_offset 24
 210 0004 00AF     		add	r7, sp, #0
 211              	.LCFI7:
 212              		.cfi_def_cfa_register 7
 213 0006 7860     		str	r0, [r7, #4]
 233:Drivers/STM32F4xx_HAL_Driver/Src/stm32f4xx_hal_flash_ex.c ****   HAL_StatusTypeDef status = HAL_OK;
 214              		.loc 1 233 21
 215 0008 0023     		movs	r3, #0
 216 000a FB73     		strb	r3, [r7, #15]
 234:Drivers/STM32F4xx_HAL_Driver/Src/stm32f4xx_hal_flash_ex.c **** 
 235:Drivers/STM32F4xx_HAL_Driver/Src/stm32f4xx_hal_flash_ex.c ****   /* Check the parameters */
 236:Drivers/STM32F4xx_HAL_Driver/Src/stm32f4xx_hal_flash_ex.c ****   assert_param(IS_FLASH_TYPEERASE(pEraseInit->TypeErase));
 237:Drivers/STM32F4xx_HAL_Driver/Src/stm32f4xx_hal_flash_ex.c **** 
 238:Drivers/STM32F4xx_HAL_Driver/Src/stm32f4xx_hal_flash_ex.c ****   /* Enable End of FLASH Operation interrupt */
ARM GAS  C:\Users\DAELT-~1\AppData\Local\Temp\ccgEWNW2.s 			page 9


 239:Drivers/STM32F4xx_HAL_Driver/Src/stm32f4xx_hal_flash_ex.c ****   __HAL_FLASH_ENABLE_IT(FLASH_IT_EOP);
 217              		.loc 1 239 3
 218 000c 204B     		ldr	r3, .L16
 219 000e 1B69     		ldr	r3, [r3, #16]
 220 0010 1F4A     		ldr	r2, .L16
 221 0012 43F08073 		orr	r3, r3, #16777216
 222 0016 1361     		str	r3, [r2, #16]
 240:Drivers/STM32F4xx_HAL_Driver/Src/stm32f4xx_hal_flash_ex.c **** 
 241:Drivers/STM32F4xx_HAL_Driver/Src/stm32f4xx_hal_flash_ex.c ****   /* Enable Error source interrupt */
 242:Drivers/STM32F4xx_HAL_Driver/Src/stm32f4xx_hal_flash_ex.c ****   __HAL_FLASH_ENABLE_IT(FLASH_IT_ERR);
 223              		.loc 1 242 3
 224 0018 1D4B     		ldr	r3, .L16
 225 001a 1B69     		ldr	r3, [r3, #16]
 226 001c 1C4A     		ldr	r2, .L16
 227 001e 43F00073 		orr	r3, r3, #33554432
 228 0022 1361     		str	r3, [r2, #16]
 243:Drivers/STM32F4xx_HAL_Driver/Src/stm32f4xx_hal_flash_ex.c **** 
 244:Drivers/STM32F4xx_HAL_Driver/Src/stm32f4xx_hal_flash_ex.c ****   /* Clear pending flags (if any) */
 245:Drivers/STM32F4xx_HAL_Driver/Src/stm32f4xx_hal_flash_ex.c ****   __HAL_FLASH_CLEAR_FLAG(FLASH_FLAG_EOP    | FLASH_FLAG_OPERR | FLASH_FLAG_WRPERR | \
 229              		.loc 1 245 3
 230 0024 1A4B     		ldr	r3, .L16
 231 0026 F322     		movs	r2, #243
 232 0028 DA60     		str	r2, [r3, #12]
 246:Drivers/STM32F4xx_HAL_Driver/Src/stm32f4xx_hal_flash_ex.c ****                          FLASH_FLAG_PGAERR | FLASH_FLAG_PGPERR | FLASH_FLAG_PGSERR);
 247:Drivers/STM32F4xx_HAL_Driver/Src/stm32f4xx_hal_flash_ex.c **** 
 248:Drivers/STM32F4xx_HAL_Driver/Src/stm32f4xx_hal_flash_ex.c ****   if (pEraseInit->TypeErase == FLASH_TYPEERASE_MASSERASE)
 233              		.loc 1 248 17
 234 002a 7B68     		ldr	r3, [r7, #4]
 235 002c 1B68     		ldr	r3, [r3]
 236              		.loc 1 248 6
 237 002e 012B     		cmp	r3, #1
 238 0030 10D1     		bne	.L13
 249:Drivers/STM32F4xx_HAL_Driver/Src/stm32f4xx_hal_flash_ex.c ****   {
 250:Drivers/STM32F4xx_HAL_Driver/Src/stm32f4xx_hal_flash_ex.c ****     /*Mass erase to be done*/
 251:Drivers/STM32F4xx_HAL_Driver/Src/stm32f4xx_hal_flash_ex.c ****     pFlash.ProcedureOnGoing = FLASH_PROC_MASSERASE;
 239              		.loc 1 251 29
 240 0032 184B     		ldr	r3, .L16+4
 241 0034 0222     		movs	r2, #2
 242 0036 1A70     		strb	r2, [r3]
 252:Drivers/STM32F4xx_HAL_Driver/Src/stm32f4xx_hal_flash_ex.c ****     pFlash.Bank = pEraseInit->Banks;
 243              		.loc 1 252 29
 244 0038 7B68     		ldr	r3, [r7, #4]
 245 003a 5B68     		ldr	r3, [r3, #4]
 246              		.loc 1 252 17
 247 003c 154A     		ldr	r2, .L16+4
 248 003e 1361     		str	r3, [r2, #16]
 253:Drivers/STM32F4xx_HAL_Driver/Src/stm32f4xx_hal_flash_ex.c ****     FLASH_MassErase((uint8_t) pEraseInit->VoltageRange, pEraseInit->Banks);
 249              		.loc 1 253 41
 250 0040 7B68     		ldr	r3, [r7, #4]
 251 0042 1B69     		ldr	r3, [r3, #16]
 252              		.loc 1 253 5
 253 0044 DAB2     		uxtb	r2, r3
 254 0046 7B68     		ldr	r3, [r7, #4]
 255 0048 5B68     		ldr	r3, [r3, #4]
 256 004a 1946     		mov	r1, r3
 257 004c 1046     		mov	r0, r2
 258 004e FFF7FEFF 		bl	FLASH_MassErase
ARM GAS  C:\Users\DAELT-~1\AppData\Local\Temp\ccgEWNW2.s 			page 10


 259 0052 18E0     		b	.L14
 260              	.L13:
 254:Drivers/STM32F4xx_HAL_Driver/Src/stm32f4xx_hal_flash_ex.c ****   }
 255:Drivers/STM32F4xx_HAL_Driver/Src/stm32f4xx_hal_flash_ex.c ****   else
 256:Drivers/STM32F4xx_HAL_Driver/Src/stm32f4xx_hal_flash_ex.c ****   {
 257:Drivers/STM32F4xx_HAL_Driver/Src/stm32f4xx_hal_flash_ex.c ****     /* Erase by sector to be done*/
 258:Drivers/STM32F4xx_HAL_Driver/Src/stm32f4xx_hal_flash_ex.c **** 
 259:Drivers/STM32F4xx_HAL_Driver/Src/stm32f4xx_hal_flash_ex.c ****     /* Check the parameters */
 260:Drivers/STM32F4xx_HAL_Driver/Src/stm32f4xx_hal_flash_ex.c ****     assert_param(IS_FLASH_NBSECTORS(pEraseInit->NbSectors + pEraseInit->Sector));
 261:Drivers/STM32F4xx_HAL_Driver/Src/stm32f4xx_hal_flash_ex.c **** 
 262:Drivers/STM32F4xx_HAL_Driver/Src/stm32f4xx_hal_flash_ex.c ****     pFlash.ProcedureOnGoing = FLASH_PROC_SECTERASE;
 261              		.loc 1 262 29
 262 0054 0F4B     		ldr	r3, .L16+4
 263 0056 0122     		movs	r2, #1
 264 0058 1A70     		strb	r2, [r3]
 263:Drivers/STM32F4xx_HAL_Driver/Src/stm32f4xx_hal_flash_ex.c ****     pFlash.NbSectorsToErase = pEraseInit->NbSectors;
 265              		.loc 1 263 41
 266 005a 7B68     		ldr	r3, [r7, #4]
 267 005c DB68     		ldr	r3, [r3, #12]
 268              		.loc 1 263 29
 269 005e 0D4A     		ldr	r2, .L16+4
 270 0060 5360     		str	r3, [r2, #4]
 264:Drivers/STM32F4xx_HAL_Driver/Src/stm32f4xx_hal_flash_ex.c ****     pFlash.Sector = pEraseInit->Sector;
 271              		.loc 1 264 31
 272 0062 7B68     		ldr	r3, [r7, #4]
 273 0064 9B68     		ldr	r3, [r3, #8]
 274              		.loc 1 264 19
 275 0066 0B4A     		ldr	r2, .L16+4
 276 0068 D360     		str	r3, [r2, #12]
 265:Drivers/STM32F4xx_HAL_Driver/Src/stm32f4xx_hal_flash_ex.c ****     pFlash.VoltageForErase = (uint8_t)pEraseInit->VoltageRange;
 277              		.loc 1 265 49
 278 006a 7B68     		ldr	r3, [r7, #4]
 279 006c 1B69     		ldr	r3, [r3, #16]
 280              		.loc 1 265 30
 281 006e DAB2     		uxtb	r2, r3
 282              		.loc 1 265 28
 283 0070 084B     		ldr	r3, .L16+4
 284 0072 1A72     		strb	r2, [r3, #8]
 266:Drivers/STM32F4xx_HAL_Driver/Src/stm32f4xx_hal_flash_ex.c **** 
 267:Drivers/STM32F4xx_HAL_Driver/Src/stm32f4xx_hal_flash_ex.c ****     /*Erase 1st sector and wait for IT*/
 268:Drivers/STM32F4xx_HAL_Driver/Src/stm32f4xx_hal_flash_ex.c ****     FLASH_Erase_Sector(pEraseInit->Sector, pEraseInit->VoltageRange);
 285              		.loc 1 268 5
 286 0074 7B68     		ldr	r3, [r7, #4]
 287 0076 9A68     		ldr	r2, [r3, #8]
 288              		.loc 1 268 54
 289 0078 7B68     		ldr	r3, [r7, #4]
 290 007a 1B69     		ldr	r3, [r3, #16]
 291              		.loc 1 268 5
 292 007c DBB2     		uxtb	r3, r3
 293 007e 1946     		mov	r1, r3
 294 0080 1046     		mov	r0, r2
 295 0082 FFF7FEFF 		bl	FLASH_Erase_Sector
 296              	.L14:
 269:Drivers/STM32F4xx_HAL_Driver/Src/stm32f4xx_hal_flash_ex.c ****   }
 270:Drivers/STM32F4xx_HAL_Driver/Src/stm32f4xx_hal_flash_ex.c **** 
 271:Drivers/STM32F4xx_HAL_Driver/Src/stm32f4xx_hal_flash_ex.c ****   return status;
 297              		.loc 1 271 10
ARM GAS  C:\Users\DAELT-~1\AppData\Local\Temp\ccgEWNW2.s 			page 11


 298 0086 FB7B     		ldrb	r3, [r7, #15]	@ zero_extendqisi2
 272:Drivers/STM32F4xx_HAL_Driver/Src/stm32f4xx_hal_flash_ex.c **** }
 299              		.loc 1 272 1
 300 0088 1846     		mov	r0, r3
 301 008a 1037     		adds	r7, r7, #16
 302              	.LCFI8:
 303              		.cfi_def_cfa_offset 8
 304 008c BD46     		mov	sp, r7
 305              	.LCFI9:
 306              		.cfi_def_cfa_register 13
 307              		@ sp needed
 308 008e 80BD     		pop	{r7, pc}
 309              	.L17:
 310              		.align	2
 311              	.L16:
 312 0090 003C0240 		.word	1073888256
 313 0094 00000000 		.word	pFlash
 314              		.cfi_endproc
 315              	.LFE221:
 317              		.section	.text.HAL_FLASHEx_OBProgram,"ax",%progbits
 318              		.align	1
 319              		.global	HAL_FLASHEx_OBProgram
 320              		.syntax unified
 321              		.thumb
 322              		.thumb_func
 324              	HAL_FLASHEx_OBProgram:
 325              	.LFB222:
 273:Drivers/STM32F4xx_HAL_Driver/Src/stm32f4xx_hal_flash_ex.c **** 
 274:Drivers/STM32F4xx_HAL_Driver/Src/stm32f4xx_hal_flash_ex.c **** /**
 275:Drivers/STM32F4xx_HAL_Driver/Src/stm32f4xx_hal_flash_ex.c ****   * @brief   Program option bytes
 276:Drivers/STM32F4xx_HAL_Driver/Src/stm32f4xx_hal_flash_ex.c ****   * @param  pOBInit pointer to an FLASH_OBInitStruct structure that
 277:Drivers/STM32F4xx_HAL_Driver/Src/stm32f4xx_hal_flash_ex.c ****   *         contains the configuration information for the programming.
 278:Drivers/STM32F4xx_HAL_Driver/Src/stm32f4xx_hal_flash_ex.c ****   *
 279:Drivers/STM32F4xx_HAL_Driver/Src/stm32f4xx_hal_flash_ex.c ****   * @retval HAL Status
 280:Drivers/STM32F4xx_HAL_Driver/Src/stm32f4xx_hal_flash_ex.c ****   */
 281:Drivers/STM32F4xx_HAL_Driver/Src/stm32f4xx_hal_flash_ex.c **** HAL_StatusTypeDef HAL_FLASHEx_OBProgram(FLASH_OBProgramInitTypeDef *pOBInit)
 282:Drivers/STM32F4xx_HAL_Driver/Src/stm32f4xx_hal_flash_ex.c **** {
 326              		.loc 1 282 1
 327              		.cfi_startproc
 328              		@ args = 0, pretend = 0, frame = 16
 329              		@ frame_needed = 1, uses_anonymous_args = 0
 330 0000 80B5     		push	{r7, lr}
 331              	.LCFI10:
 332              		.cfi_def_cfa_offset 8
 333              		.cfi_offset 7, -8
 334              		.cfi_offset 14, -4
 335 0002 84B0     		sub	sp, sp, #16
 336              	.LCFI11:
 337              		.cfi_def_cfa_offset 24
 338 0004 00AF     		add	r7, sp, #0
 339              	.LCFI12:
 340              		.cfi_def_cfa_register 7
 341 0006 7860     		str	r0, [r7, #4]
 283:Drivers/STM32F4xx_HAL_Driver/Src/stm32f4xx_hal_flash_ex.c ****   HAL_StatusTypeDef status = HAL_ERROR;
 342              		.loc 1 283 21
 343 0008 0123     		movs	r3, #1
 344 000a FB73     		strb	r3, [r7, #15]
ARM GAS  C:\Users\DAELT-~1\AppData\Local\Temp\ccgEWNW2.s 			page 12


 284:Drivers/STM32F4xx_HAL_Driver/Src/stm32f4xx_hal_flash_ex.c **** 
 285:Drivers/STM32F4xx_HAL_Driver/Src/stm32f4xx_hal_flash_ex.c ****   /* Process Locked */
 286:Drivers/STM32F4xx_HAL_Driver/Src/stm32f4xx_hal_flash_ex.c ****   __HAL_LOCK(&pFlash);
 345              		.loc 1 286 3
 346 000c 324B     		ldr	r3, .L26
 347 000e 1B7E     		ldrb	r3, [r3, #24]	@ zero_extendqisi2
 348 0010 012B     		cmp	r3, #1
 349 0012 01D1     		bne	.L19
 350              		.loc 1 286 3 is_stmt 0 discriminator 1
 351 0014 0223     		movs	r3, #2
 352              		.loc 1 286 3
 353 0016 5BE0     		b	.L20
 354              	.L19:
 355              		.loc 1 286 3 discriminator 2
 356 0018 2F4B     		ldr	r3, .L26
 357 001a 0122     		movs	r2, #1
 358 001c 1A76     		strb	r2, [r3, #24]
 287:Drivers/STM32F4xx_HAL_Driver/Src/stm32f4xx_hal_flash_ex.c **** 
 288:Drivers/STM32F4xx_HAL_Driver/Src/stm32f4xx_hal_flash_ex.c ****   /* Check the parameters */
 289:Drivers/STM32F4xx_HAL_Driver/Src/stm32f4xx_hal_flash_ex.c ****   assert_param(IS_OPTIONBYTE(pOBInit->OptionType));
 290:Drivers/STM32F4xx_HAL_Driver/Src/stm32f4xx_hal_flash_ex.c **** 
 291:Drivers/STM32F4xx_HAL_Driver/Src/stm32f4xx_hal_flash_ex.c ****   /*Write protection configuration*/
 292:Drivers/STM32F4xx_HAL_Driver/Src/stm32f4xx_hal_flash_ex.c ****   if ((pOBInit->OptionType & OPTIONBYTE_WRP) == OPTIONBYTE_WRP)
 359              		.loc 1 292 15 is_stmt 1
 360 001e 7B68     		ldr	r3, [r7, #4]
 361 0020 1B68     		ldr	r3, [r3]
 362              		.loc 1 292 28
 363 0022 03F00103 		and	r3, r3, #1
 364              		.loc 1 292 6
 365 0026 002B     		cmp	r3, #0
 366 0028 18D0     		beq	.L21
 293:Drivers/STM32F4xx_HAL_Driver/Src/stm32f4xx_hal_flash_ex.c ****   {
 294:Drivers/STM32F4xx_HAL_Driver/Src/stm32f4xx_hal_flash_ex.c ****     assert_param(IS_WRPSTATE(pOBInit->WRPState));
 295:Drivers/STM32F4xx_HAL_Driver/Src/stm32f4xx_hal_flash_ex.c ****     if (pOBInit->WRPState == OB_WRPSTATE_ENABLE)
 367              		.loc 1 295 16
 368 002a 7B68     		ldr	r3, [r7, #4]
 369 002c 5B68     		ldr	r3, [r3, #4]
 370              		.loc 1 295 8
 371 002e 012B     		cmp	r3, #1
 372 0030 0AD1     		bne	.L22
 296:Drivers/STM32F4xx_HAL_Driver/Src/stm32f4xx_hal_flash_ex.c ****     {
 297:Drivers/STM32F4xx_HAL_Driver/Src/stm32f4xx_hal_flash_ex.c ****       /*Enable of Write protection on the selected Sector*/
 298:Drivers/STM32F4xx_HAL_Driver/Src/stm32f4xx_hal_flash_ex.c ****       status = FLASH_OB_EnableWRP(pOBInit->WRPSector, pOBInit->Banks);
 373              		.loc 1 298 16
 374 0032 7B68     		ldr	r3, [r7, #4]
 375 0034 9A68     		ldr	r2, [r3, #8]
 376 0036 7B68     		ldr	r3, [r7, #4]
 377 0038 DB68     		ldr	r3, [r3, #12]
 378 003a 1946     		mov	r1, r3
 379 003c 1046     		mov	r0, r2
 380 003e FFF7FEFF 		bl	FLASH_OB_EnableWRP
 381 0042 0346     		mov	r3, r0
 382 0044 FB73     		strb	r3, [r7, #15]
 383 0046 09E0     		b	.L21
 384              	.L22:
 299:Drivers/STM32F4xx_HAL_Driver/Src/stm32f4xx_hal_flash_ex.c ****     }
 300:Drivers/STM32F4xx_HAL_Driver/Src/stm32f4xx_hal_flash_ex.c ****     else
ARM GAS  C:\Users\DAELT-~1\AppData\Local\Temp\ccgEWNW2.s 			page 13


 301:Drivers/STM32F4xx_HAL_Driver/Src/stm32f4xx_hal_flash_ex.c ****     {
 302:Drivers/STM32F4xx_HAL_Driver/Src/stm32f4xx_hal_flash_ex.c ****       /*Disable of Write protection on the selected Sector*/
 303:Drivers/STM32F4xx_HAL_Driver/Src/stm32f4xx_hal_flash_ex.c ****       status = FLASH_OB_DisableWRP(pOBInit->WRPSector, pOBInit->Banks);
 385              		.loc 1 303 16
 386 0048 7B68     		ldr	r3, [r7, #4]
 387 004a 9A68     		ldr	r2, [r3, #8]
 388 004c 7B68     		ldr	r3, [r7, #4]
 389 004e DB68     		ldr	r3, [r3, #12]
 390 0050 1946     		mov	r1, r3
 391 0052 1046     		mov	r0, r2
 392 0054 FFF7FEFF 		bl	FLASH_OB_DisableWRP
 393 0058 0346     		mov	r3, r0
 394 005a FB73     		strb	r3, [r7, #15]
 395              	.L21:
 304:Drivers/STM32F4xx_HAL_Driver/Src/stm32f4xx_hal_flash_ex.c ****     }
 305:Drivers/STM32F4xx_HAL_Driver/Src/stm32f4xx_hal_flash_ex.c ****   }
 306:Drivers/STM32F4xx_HAL_Driver/Src/stm32f4xx_hal_flash_ex.c **** 
 307:Drivers/STM32F4xx_HAL_Driver/Src/stm32f4xx_hal_flash_ex.c ****   /*Read protection configuration*/
 308:Drivers/STM32F4xx_HAL_Driver/Src/stm32f4xx_hal_flash_ex.c ****   if ((pOBInit->OptionType & OPTIONBYTE_RDP) == OPTIONBYTE_RDP)
 396              		.loc 1 308 15
 397 005c 7B68     		ldr	r3, [r7, #4]
 398 005e 1B68     		ldr	r3, [r3]
 399              		.loc 1 308 28
 400 0060 03F00203 		and	r3, r3, #2
 401              		.loc 1 308 6
 402 0064 002B     		cmp	r3, #0
 403 0066 07D0     		beq	.L23
 309:Drivers/STM32F4xx_HAL_Driver/Src/stm32f4xx_hal_flash_ex.c ****   {
 310:Drivers/STM32F4xx_HAL_Driver/Src/stm32f4xx_hal_flash_ex.c ****     status = FLASH_OB_RDP_LevelConfig(pOBInit->RDPLevel);
 404              		.loc 1 310 46
 405 0068 7B68     		ldr	r3, [r7, #4]
 406 006a 1B69     		ldr	r3, [r3, #16]
 407              		.loc 1 310 14
 408 006c DBB2     		uxtb	r3, r3
 409 006e 1846     		mov	r0, r3
 410 0070 FFF7FEFF 		bl	FLASH_OB_RDP_LevelConfig
 411 0074 0346     		mov	r3, r0
 412 0076 FB73     		strb	r3, [r7, #15]
 413              	.L23:
 311:Drivers/STM32F4xx_HAL_Driver/Src/stm32f4xx_hal_flash_ex.c ****   }
 312:Drivers/STM32F4xx_HAL_Driver/Src/stm32f4xx_hal_flash_ex.c **** 
 313:Drivers/STM32F4xx_HAL_Driver/Src/stm32f4xx_hal_flash_ex.c ****   /*USER  configuration*/
 314:Drivers/STM32F4xx_HAL_Driver/Src/stm32f4xx_hal_flash_ex.c ****   if ((pOBInit->OptionType & OPTIONBYTE_USER) == OPTIONBYTE_USER)
 414              		.loc 1 314 15
 415 0078 7B68     		ldr	r3, [r7, #4]
 416 007a 1B68     		ldr	r3, [r3]
 417              		.loc 1 314 28
 418 007c 03F00403 		and	r3, r3, #4
 419              		.loc 1 314 6
 420 0080 002B     		cmp	r3, #0
 421 0082 13D0     		beq	.L24
 315:Drivers/STM32F4xx_HAL_Driver/Src/stm32f4xx_hal_flash_ex.c ****   {
 316:Drivers/STM32F4xx_HAL_Driver/Src/stm32f4xx_hal_flash_ex.c ****     status = FLASH_OB_UserConfig(pOBInit->USERConfig & OB_IWDG_SW,
 422              		.loc 1 316 41
 423 0084 7B68     		ldr	r3, [r7, #4]
 424 0086 1B7E     		ldrb	r3, [r3, #24]	@ zero_extendqisi2
 425              		.loc 1 316 14
ARM GAS  C:\Users\DAELT-~1\AppData\Local\Temp\ccgEWNW2.s 			page 14


 426 0088 03F02003 		and	r3, r3, #32
 427 008c D8B2     		uxtb	r0, r3
 317:Drivers/STM32F4xx_HAL_Driver/Src/stm32f4xx_hal_flash_ex.c ****                                  pOBInit->USERConfig & OB_STOP_NO_RST,
 428              		.loc 1 317 41
 429 008e 7B68     		ldr	r3, [r7, #4]
 430 0090 1B7E     		ldrb	r3, [r3, #24]	@ zero_extendqisi2
 316:Drivers/STM32F4xx_HAL_Driver/Src/stm32f4xx_hal_flash_ex.c ****                                  pOBInit->USERConfig & OB_STOP_NO_RST,
 431              		.loc 1 316 14
 432 0092 03F04003 		and	r3, r3, #64
 433 0096 D9B2     		uxtb	r1, r3
 318:Drivers/STM32F4xx_HAL_Driver/Src/stm32f4xx_hal_flash_ex.c ****                                  pOBInit->USERConfig & OB_STDBY_NO_RST);
 434              		.loc 1 318 41
 435 0098 7B68     		ldr	r3, [r7, #4]
 436 009a 1B7E     		ldrb	r3, [r3, #24]	@ zero_extendqisi2
 316:Drivers/STM32F4xx_HAL_Driver/Src/stm32f4xx_hal_flash_ex.c ****                                  pOBInit->USERConfig & OB_STOP_NO_RST,
 437              		.loc 1 316 14
 438 009c 23F07F03 		bic	r3, r3, #127
 439 00a0 DBB2     		uxtb	r3, r3
 440 00a2 1A46     		mov	r2, r3
 441 00a4 FFF7FEFF 		bl	FLASH_OB_UserConfig
 442 00a8 0346     		mov	r3, r0
 443 00aa FB73     		strb	r3, [r7, #15]
 444              	.L24:
 319:Drivers/STM32F4xx_HAL_Driver/Src/stm32f4xx_hal_flash_ex.c ****   }
 320:Drivers/STM32F4xx_HAL_Driver/Src/stm32f4xx_hal_flash_ex.c **** 
 321:Drivers/STM32F4xx_HAL_Driver/Src/stm32f4xx_hal_flash_ex.c ****   /*BOR Level  configuration*/
 322:Drivers/STM32F4xx_HAL_Driver/Src/stm32f4xx_hal_flash_ex.c ****   if ((pOBInit->OptionType & OPTIONBYTE_BOR) == OPTIONBYTE_BOR)
 445              		.loc 1 322 15
 446 00ac 7B68     		ldr	r3, [r7, #4]
 447 00ae 1B68     		ldr	r3, [r3]
 448              		.loc 1 322 28
 449 00b0 03F00803 		and	r3, r3, #8
 450              		.loc 1 322 6
 451 00b4 002B     		cmp	r3, #0
 452 00b6 07D0     		beq	.L25
 323:Drivers/STM32F4xx_HAL_Driver/Src/stm32f4xx_hal_flash_ex.c ****   {
 324:Drivers/STM32F4xx_HAL_Driver/Src/stm32f4xx_hal_flash_ex.c ****     status = FLASH_OB_BOR_LevelConfig(pOBInit->BORLevel);
 453              		.loc 1 324 46
 454 00b8 7B68     		ldr	r3, [r7, #4]
 455 00ba 5B69     		ldr	r3, [r3, #20]
 456              		.loc 1 324 14
 457 00bc DBB2     		uxtb	r3, r3
 458 00be 1846     		mov	r0, r3
 459 00c0 FFF7FEFF 		bl	FLASH_OB_BOR_LevelConfig
 460 00c4 0346     		mov	r3, r0
 461 00c6 FB73     		strb	r3, [r7, #15]
 462              	.L25:
 325:Drivers/STM32F4xx_HAL_Driver/Src/stm32f4xx_hal_flash_ex.c ****   }
 326:Drivers/STM32F4xx_HAL_Driver/Src/stm32f4xx_hal_flash_ex.c **** 
 327:Drivers/STM32F4xx_HAL_Driver/Src/stm32f4xx_hal_flash_ex.c ****   /* Process Unlocked */
 328:Drivers/STM32F4xx_HAL_Driver/Src/stm32f4xx_hal_flash_ex.c ****   __HAL_UNLOCK(&pFlash);
 463              		.loc 1 328 3
 464 00c8 034B     		ldr	r3, .L26
 465 00ca 0022     		movs	r2, #0
 466 00cc 1A76     		strb	r2, [r3, #24]
 329:Drivers/STM32F4xx_HAL_Driver/Src/stm32f4xx_hal_flash_ex.c **** 
 330:Drivers/STM32F4xx_HAL_Driver/Src/stm32f4xx_hal_flash_ex.c ****   return status;
ARM GAS  C:\Users\DAELT-~1\AppData\Local\Temp\ccgEWNW2.s 			page 15


 467              		.loc 1 330 10
 468 00ce FB7B     		ldrb	r3, [r7, #15]	@ zero_extendqisi2
 469              	.L20:
 331:Drivers/STM32F4xx_HAL_Driver/Src/stm32f4xx_hal_flash_ex.c **** }
 470              		.loc 1 331 1
 471 00d0 1846     		mov	r0, r3
 472 00d2 1037     		adds	r7, r7, #16
 473              	.LCFI13:
 474              		.cfi_def_cfa_offset 8
 475 00d4 BD46     		mov	sp, r7
 476              	.LCFI14:
 477              		.cfi_def_cfa_register 13
 478              		@ sp needed
 479 00d6 80BD     		pop	{r7, pc}
 480              	.L27:
 481              		.align	2
 482              	.L26:
 483 00d8 00000000 		.word	pFlash
 484              		.cfi_endproc
 485              	.LFE222:
 487              		.section	.text.HAL_FLASHEx_OBGetConfig,"ax",%progbits
 488              		.align	1
 489              		.global	HAL_FLASHEx_OBGetConfig
 490              		.syntax unified
 491              		.thumb
 492              		.thumb_func
 494              	HAL_FLASHEx_OBGetConfig:
 495              	.LFB223:
 332:Drivers/STM32F4xx_HAL_Driver/Src/stm32f4xx_hal_flash_ex.c **** 
 333:Drivers/STM32F4xx_HAL_Driver/Src/stm32f4xx_hal_flash_ex.c **** /**
 334:Drivers/STM32F4xx_HAL_Driver/Src/stm32f4xx_hal_flash_ex.c ****   * @brief   Get the Option byte configuration
 335:Drivers/STM32F4xx_HAL_Driver/Src/stm32f4xx_hal_flash_ex.c ****   * @param  pOBInit pointer to an FLASH_OBInitStruct structure that
 336:Drivers/STM32F4xx_HAL_Driver/Src/stm32f4xx_hal_flash_ex.c ****   *         contains the configuration information for the programming.
 337:Drivers/STM32F4xx_HAL_Driver/Src/stm32f4xx_hal_flash_ex.c ****   *
 338:Drivers/STM32F4xx_HAL_Driver/Src/stm32f4xx_hal_flash_ex.c ****   * @retval None
 339:Drivers/STM32F4xx_HAL_Driver/Src/stm32f4xx_hal_flash_ex.c ****   */
 340:Drivers/STM32F4xx_HAL_Driver/Src/stm32f4xx_hal_flash_ex.c **** void HAL_FLASHEx_OBGetConfig(FLASH_OBProgramInitTypeDef *pOBInit)
 341:Drivers/STM32F4xx_HAL_Driver/Src/stm32f4xx_hal_flash_ex.c **** {
 496              		.loc 1 341 1
 497              		.cfi_startproc
 498              		@ args = 0, pretend = 0, frame = 8
 499              		@ frame_needed = 1, uses_anonymous_args = 0
 500 0000 80B5     		push	{r7, lr}
 501              	.LCFI15:
 502              		.cfi_def_cfa_offset 8
 503              		.cfi_offset 7, -8
 504              		.cfi_offset 14, -4
 505 0002 82B0     		sub	sp, sp, #8
 506              	.LCFI16:
 507              		.cfi_def_cfa_offset 16
 508 0004 00AF     		add	r7, sp, #0
 509              	.LCFI17:
 510              		.cfi_def_cfa_register 7
 511 0006 7860     		str	r0, [r7, #4]
 342:Drivers/STM32F4xx_HAL_Driver/Src/stm32f4xx_hal_flash_ex.c ****   pOBInit->OptionType = OPTIONBYTE_WRP | OPTIONBYTE_RDP | OPTIONBYTE_USER | OPTIONBYTE_BOR;
 512              		.loc 1 342 23
 513 0008 7B68     		ldr	r3, [r7, #4]
ARM GAS  C:\Users\DAELT-~1\AppData\Local\Temp\ccgEWNW2.s 			page 16


 514 000a 0F22     		movs	r2, #15
 515 000c 1A60     		str	r2, [r3]
 343:Drivers/STM32F4xx_HAL_Driver/Src/stm32f4xx_hal_flash_ex.c **** 
 344:Drivers/STM32F4xx_HAL_Driver/Src/stm32f4xx_hal_flash_ex.c ****   /*Get WRP*/
 345:Drivers/STM32F4xx_HAL_Driver/Src/stm32f4xx_hal_flash_ex.c ****   pOBInit->WRPSector = (uint32_t)FLASH_OB_GetWRP();
 516              		.loc 1 345 34
 517 000e FFF7FEFF 		bl	FLASH_OB_GetWRP
 518 0012 0346     		mov	r3, r0
 519              		.loc 1 345 24 discriminator 1
 520 0014 1A46     		mov	r2, r3
 521              		.loc 1 345 22 discriminator 1
 522 0016 7B68     		ldr	r3, [r7, #4]
 523 0018 9A60     		str	r2, [r3, #8]
 346:Drivers/STM32F4xx_HAL_Driver/Src/stm32f4xx_hal_flash_ex.c **** 
 347:Drivers/STM32F4xx_HAL_Driver/Src/stm32f4xx_hal_flash_ex.c ****   /*Get RDP Level*/
 348:Drivers/STM32F4xx_HAL_Driver/Src/stm32f4xx_hal_flash_ex.c ****   pOBInit->RDPLevel = (uint32_t)FLASH_OB_GetRDP();
 524              		.loc 1 348 33
 525 001a FFF7FEFF 		bl	FLASH_OB_GetRDP
 526 001e 0346     		mov	r3, r0
 527              		.loc 1 348 23 discriminator 1
 528 0020 1A46     		mov	r2, r3
 529              		.loc 1 348 21 discriminator 1
 530 0022 7B68     		ldr	r3, [r7, #4]
 531 0024 1A61     		str	r2, [r3, #16]
 349:Drivers/STM32F4xx_HAL_Driver/Src/stm32f4xx_hal_flash_ex.c **** 
 350:Drivers/STM32F4xx_HAL_Driver/Src/stm32f4xx_hal_flash_ex.c ****   /*Get USER*/
 351:Drivers/STM32F4xx_HAL_Driver/Src/stm32f4xx_hal_flash_ex.c ****   pOBInit->USERConfig = (uint8_t)FLASH_OB_GetUser();
 532              		.loc 1 351 34
 533 0026 FFF7FEFF 		bl	FLASH_OB_GetUser
 534 002a 0346     		mov	r3, r0
 535 002c 1A46     		mov	r2, r3
 536              		.loc 1 351 23 discriminator 1
 537 002e 7B68     		ldr	r3, [r7, #4]
 538 0030 1A76     		strb	r2, [r3, #24]
 352:Drivers/STM32F4xx_HAL_Driver/Src/stm32f4xx_hal_flash_ex.c **** 
 353:Drivers/STM32F4xx_HAL_Driver/Src/stm32f4xx_hal_flash_ex.c ****   /*Get BOR Level*/
 354:Drivers/STM32F4xx_HAL_Driver/Src/stm32f4xx_hal_flash_ex.c ****   pOBInit->BORLevel = (uint32_t)FLASH_OB_GetBOR();
 539              		.loc 1 354 33
 540 0032 FFF7FEFF 		bl	FLASH_OB_GetBOR
 541 0036 0346     		mov	r3, r0
 542              		.loc 1 354 23 discriminator 1
 543 0038 1A46     		mov	r2, r3
 544              		.loc 1 354 21 discriminator 1
 545 003a 7B68     		ldr	r3, [r7, #4]
 546 003c 5A61     		str	r2, [r3, #20]
 355:Drivers/STM32F4xx_HAL_Driver/Src/stm32f4xx_hal_flash_ex.c **** }
 547              		.loc 1 355 1
 548 003e 00BF     		nop
 549 0040 0837     		adds	r7, r7, #8
 550              	.LCFI18:
 551              		.cfi_def_cfa_offset 8
 552 0042 BD46     		mov	sp, r7
 553              	.LCFI19:
 554              		.cfi_def_cfa_register 13
 555              		@ sp needed
 556 0044 80BD     		pop	{r7, pc}
 557              		.cfi_endproc
ARM GAS  C:\Users\DAELT-~1\AppData\Local\Temp\ccgEWNW2.s 			page 17


 558              	.LFE223:
 560              		.section	.text.HAL_FLASHEx_AdvOBProgram,"ax",%progbits
 561              		.align	1
 562              		.global	HAL_FLASHEx_AdvOBProgram
 563              		.syntax unified
 564              		.thumb
 565              		.thumb_func
 567              	HAL_FLASHEx_AdvOBProgram:
 568              	.LFB224:
 356:Drivers/STM32F4xx_HAL_Driver/Src/stm32f4xx_hal_flash_ex.c **** 
 357:Drivers/STM32F4xx_HAL_Driver/Src/stm32f4xx_hal_flash_ex.c **** #if defined(STM32F427xx) || defined(STM32F437xx) || defined(STM32F429xx) || defined(STM32F439xx) ||
 358:Drivers/STM32F4xx_HAL_Driver/Src/stm32f4xx_hal_flash_ex.c ****     defined(STM32F401xC) || defined(STM32F401xE) || defined(STM32F410Tx) || defined(STM32F410Cx) ||
 359:Drivers/STM32F4xx_HAL_Driver/Src/stm32f4xx_hal_flash_ex.c ****     defined(STM32F410Rx) || defined(STM32F411xE) || defined(STM32F446xx) || defined(STM32F469xx) ||
 360:Drivers/STM32F4xx_HAL_Driver/Src/stm32f4xx_hal_flash_ex.c ****     defined(STM32F479xx) || defined(STM32F412Zx) || defined(STM32F412Vx) || defined(STM32F412Rx) ||
 361:Drivers/STM32F4xx_HAL_Driver/Src/stm32f4xx_hal_flash_ex.c ****     defined(STM32F412Cx) || defined(STM32F413xx) || defined(STM32F423xx)
 362:Drivers/STM32F4xx_HAL_Driver/Src/stm32f4xx_hal_flash_ex.c **** /**
 363:Drivers/STM32F4xx_HAL_Driver/Src/stm32f4xx_hal_flash_ex.c ****   * @brief   Program option bytes
 364:Drivers/STM32F4xx_HAL_Driver/Src/stm32f4xx_hal_flash_ex.c ****   * @param  pAdvOBInit pointer to an FLASH_AdvOBProgramInitTypeDef structure that
 365:Drivers/STM32F4xx_HAL_Driver/Src/stm32f4xx_hal_flash_ex.c ****   *         contains the configuration information for the programming.
 366:Drivers/STM32F4xx_HAL_Driver/Src/stm32f4xx_hal_flash_ex.c ****   *
 367:Drivers/STM32F4xx_HAL_Driver/Src/stm32f4xx_hal_flash_ex.c ****   * @retval HAL Status
 368:Drivers/STM32F4xx_HAL_Driver/Src/stm32f4xx_hal_flash_ex.c ****   */
 369:Drivers/STM32F4xx_HAL_Driver/Src/stm32f4xx_hal_flash_ex.c **** HAL_StatusTypeDef HAL_FLASHEx_AdvOBProgram(FLASH_AdvOBProgramInitTypeDef *pAdvOBInit)
 370:Drivers/STM32F4xx_HAL_Driver/Src/stm32f4xx_hal_flash_ex.c **** {
 569              		.loc 1 370 1
 570              		.cfi_startproc
 571              		@ args = 0, pretend = 0, frame = 16
 572              		@ frame_needed = 1, uses_anonymous_args = 0
 573 0000 80B5     		push	{r7, lr}
 574              	.LCFI20:
 575              		.cfi_def_cfa_offset 8
 576              		.cfi_offset 7, -8
 577              		.cfi_offset 14, -4
 578 0002 84B0     		sub	sp, sp, #16
 579              	.LCFI21:
 580              		.cfi_def_cfa_offset 24
 581 0004 00AF     		add	r7, sp, #0
 582              	.LCFI22:
 583              		.cfi_def_cfa_register 7
 584 0006 7860     		str	r0, [r7, #4]
 371:Drivers/STM32F4xx_HAL_Driver/Src/stm32f4xx_hal_flash_ex.c ****   HAL_StatusTypeDef status = HAL_ERROR;
 585              		.loc 1 371 21
 586 0008 0123     		movs	r3, #1
 587 000a FB73     		strb	r3, [r7, #15]
 372:Drivers/STM32F4xx_HAL_Driver/Src/stm32f4xx_hal_flash_ex.c **** 
 373:Drivers/STM32F4xx_HAL_Driver/Src/stm32f4xx_hal_flash_ex.c ****   /* Check the parameters */
 374:Drivers/STM32F4xx_HAL_Driver/Src/stm32f4xx_hal_flash_ex.c ****   assert_param(IS_OBEX(pAdvOBInit->OptionType));
 375:Drivers/STM32F4xx_HAL_Driver/Src/stm32f4xx_hal_flash_ex.c **** 
 376:Drivers/STM32F4xx_HAL_Driver/Src/stm32f4xx_hal_flash_ex.c ****   /*Program PCROP option byte*/
 377:Drivers/STM32F4xx_HAL_Driver/Src/stm32f4xx_hal_flash_ex.c ****   if (((pAdvOBInit->OptionType) & OPTIONBYTE_PCROP) == OPTIONBYTE_PCROP)
 588              		.loc 1 377 19
 589 000c 7B68     		ldr	r3, [r7, #4]
 590 000e 1B68     		ldr	r3, [r3]
 591              		.loc 1 377 33
 592 0010 03F00103 		and	r3, r3, #1
 593              		.loc 1 377 6
 594 0014 002B     		cmp	r3, #0
ARM GAS  C:\Users\DAELT-~1\AppData\Local\Temp\ccgEWNW2.s 			page 18


 595 0016 12D0     		beq	.L30
 378:Drivers/STM32F4xx_HAL_Driver/Src/stm32f4xx_hal_flash_ex.c ****   {
 379:Drivers/STM32F4xx_HAL_Driver/Src/stm32f4xx_hal_flash_ex.c ****     /* Check the parameters */
 380:Drivers/STM32F4xx_HAL_Driver/Src/stm32f4xx_hal_flash_ex.c ****     assert_param(IS_PCROPSTATE(pAdvOBInit->PCROPState));
 381:Drivers/STM32F4xx_HAL_Driver/Src/stm32f4xx_hal_flash_ex.c ****     if ((pAdvOBInit->PCROPState) == OB_PCROP_STATE_ENABLE)
 596              		.loc 1 381 20
 597 0018 7B68     		ldr	r3, [r7, #4]
 598 001a 5B68     		ldr	r3, [r3, #4]
 599              		.loc 1 381 8
 600 001c 012B     		cmp	r3, #1
 601 001e 07D1     		bne	.L31
 382:Drivers/STM32F4xx_HAL_Driver/Src/stm32f4xx_hal_flash_ex.c ****     {
 383:Drivers/STM32F4xx_HAL_Driver/Src/stm32f4xx_hal_flash_ex.c ****       /*Enable of Write protection on the selected Sector*/
 384:Drivers/STM32F4xx_HAL_Driver/Src/stm32f4xx_hal_flash_ex.c **** #if defined(STM32F401xC) || defined(STM32F401xE) || defined(STM32F410Tx) || defined(STM32F410Cx) ||
 385:Drivers/STM32F4xx_HAL_Driver/Src/stm32f4xx_hal_flash_ex.c ****     defined(STM32F411xE) || defined(STM32F446xx) || defined(STM32F412Zx) || defined(STM32F412Vx) ||
 386:Drivers/STM32F4xx_HAL_Driver/Src/stm32f4xx_hal_flash_ex.c ****     defined(STM32F412Cx) || defined(STM32F413xx) || defined(STM32F423xx)
 387:Drivers/STM32F4xx_HAL_Driver/Src/stm32f4xx_hal_flash_ex.c ****       status = FLASH_OB_EnablePCROP(pAdvOBInit->Sectors);
 602              		.loc 1 387 47
 603 0020 7B68     		ldr	r3, [r7, #4]
 604 0022 1B89     		ldrh	r3, [r3, #8]
 605              		.loc 1 387 16
 606 0024 1846     		mov	r0, r3
 607 0026 FFF7FEFF 		bl	FLASH_OB_EnablePCROP
 608 002a 0346     		mov	r3, r0
 609 002c FB73     		strb	r3, [r7, #15]
 610 002e 06E0     		b	.L30
 611              	.L31:
 388:Drivers/STM32F4xx_HAL_Driver/Src/stm32f4xx_hal_flash_ex.c **** #else  /* STM32F427xx || STM32F437xx || STM32F429xx|| STM32F439xx || STM32F469xx || STM32F479xx */
 389:Drivers/STM32F4xx_HAL_Driver/Src/stm32f4xx_hal_flash_ex.c ****       status = FLASH_OB_EnablePCROP(pAdvOBInit->SectorsBank1, pAdvOBInit->SectorsBank2, pAdvOBInit-
 390:Drivers/STM32F4xx_HAL_Driver/Src/stm32f4xx_hal_flash_ex.c **** #endif /* STM32F401xC || STM32F401xE || STM32F410xx || STM32F411xE || STM32F446xx || STM32F412Zx ||
 391:Drivers/STM32F4xx_HAL_Driver/Src/stm32f4xx_hal_flash_ex.c ****           STM32F413xx || STM32F423xx */
 392:Drivers/STM32F4xx_HAL_Driver/Src/stm32f4xx_hal_flash_ex.c ****     }
 393:Drivers/STM32F4xx_HAL_Driver/Src/stm32f4xx_hal_flash_ex.c ****     else
 394:Drivers/STM32F4xx_HAL_Driver/Src/stm32f4xx_hal_flash_ex.c ****     {
 395:Drivers/STM32F4xx_HAL_Driver/Src/stm32f4xx_hal_flash_ex.c ****       /*Disable of Write protection on the selected Sector*/
 396:Drivers/STM32F4xx_HAL_Driver/Src/stm32f4xx_hal_flash_ex.c **** #if defined(STM32F401xC) || defined(STM32F401xE) || defined(STM32F410Tx) || defined(STM32F410Cx) ||
 397:Drivers/STM32F4xx_HAL_Driver/Src/stm32f4xx_hal_flash_ex.c ****     defined(STM32F411xE) || defined(STM32F446xx) || defined(STM32F412Zx) || defined(STM32F412Vx) ||
 398:Drivers/STM32F4xx_HAL_Driver/Src/stm32f4xx_hal_flash_ex.c ****     defined(STM32F412Cx) || defined(STM32F413xx) || defined(STM32F423xx)
 399:Drivers/STM32F4xx_HAL_Driver/Src/stm32f4xx_hal_flash_ex.c ****       status = FLASH_OB_DisablePCROP(pAdvOBInit->Sectors);
 612              		.loc 1 399 48
 613 0030 7B68     		ldr	r3, [r7, #4]
 614 0032 1B89     		ldrh	r3, [r3, #8]
 615              		.loc 1 399 16
 616 0034 1846     		mov	r0, r3
 617 0036 FFF7FEFF 		bl	FLASH_OB_DisablePCROP
 618 003a 0346     		mov	r3, r0
 619 003c FB73     		strb	r3, [r7, #15]
 620              	.L30:
 400:Drivers/STM32F4xx_HAL_Driver/Src/stm32f4xx_hal_flash_ex.c **** #else /* STM32F427xx || STM32F437xx || STM32F429xx|| STM32F439xx || STM32F469xx || STM32F479xx */
 401:Drivers/STM32F4xx_HAL_Driver/Src/stm32f4xx_hal_flash_ex.c ****       status = FLASH_OB_DisablePCROP(pAdvOBInit->SectorsBank1, pAdvOBInit->SectorsBank2, pAdvOBInit
 402:Drivers/STM32F4xx_HAL_Driver/Src/stm32f4xx_hal_flash_ex.c **** #endif /* STM32F401xC || STM32F401xE || STM32F410xx || STM32F411xE || STM32F446xx || STM32F412Zx ||
 403:Drivers/STM32F4xx_HAL_Driver/Src/stm32f4xx_hal_flash_ex.c ****           STM32F413xx || STM32F423xx */
 404:Drivers/STM32F4xx_HAL_Driver/Src/stm32f4xx_hal_flash_ex.c ****     }
 405:Drivers/STM32F4xx_HAL_Driver/Src/stm32f4xx_hal_flash_ex.c ****   }
 406:Drivers/STM32F4xx_HAL_Driver/Src/stm32f4xx_hal_flash_ex.c **** 
 407:Drivers/STM32F4xx_HAL_Driver/Src/stm32f4xx_hal_flash_ex.c **** #if defined(STM32F427xx) || defined(STM32F437xx) || defined(STM32F429xx) || defined(STM32F439xx) ||
 408:Drivers/STM32F4xx_HAL_Driver/Src/stm32f4xx_hal_flash_ex.c ****   /*Program BOOT config option byte*/
ARM GAS  C:\Users\DAELT-~1\AppData\Local\Temp\ccgEWNW2.s 			page 19


 409:Drivers/STM32F4xx_HAL_Driver/Src/stm32f4xx_hal_flash_ex.c ****   if (((pAdvOBInit->OptionType) & OPTIONBYTE_BOOTCONFIG) == OPTIONBYTE_BOOTCONFIG)
 410:Drivers/STM32F4xx_HAL_Driver/Src/stm32f4xx_hal_flash_ex.c ****   {
 411:Drivers/STM32F4xx_HAL_Driver/Src/stm32f4xx_hal_flash_ex.c ****     status = FLASH_OB_BootConfig(pAdvOBInit->BootConfig);
 412:Drivers/STM32F4xx_HAL_Driver/Src/stm32f4xx_hal_flash_ex.c ****   }
 413:Drivers/STM32F4xx_HAL_Driver/Src/stm32f4xx_hal_flash_ex.c **** #endif /* STM32F427xx || STM32F437xx || STM32F429xx || STM32F439xx || STM32F469xx || STM32F479xx */
 414:Drivers/STM32F4xx_HAL_Driver/Src/stm32f4xx_hal_flash_ex.c **** 
 415:Drivers/STM32F4xx_HAL_Driver/Src/stm32f4xx_hal_flash_ex.c ****   return status;
 621              		.loc 1 415 10
 622 003e FB7B     		ldrb	r3, [r7, #15]	@ zero_extendqisi2
 416:Drivers/STM32F4xx_HAL_Driver/Src/stm32f4xx_hal_flash_ex.c **** }
 623              		.loc 1 416 1
 624 0040 1846     		mov	r0, r3
 625 0042 1037     		adds	r7, r7, #16
 626              	.LCFI23:
 627              		.cfi_def_cfa_offset 8
 628 0044 BD46     		mov	sp, r7
 629              	.LCFI24:
 630              		.cfi_def_cfa_register 13
 631              		@ sp needed
 632 0046 80BD     		pop	{r7, pc}
 633              		.cfi_endproc
 634              	.LFE224:
 636              		.section	.text.HAL_FLASHEx_AdvOBGetConfig,"ax",%progbits
 637              		.align	1
 638              		.global	HAL_FLASHEx_AdvOBGetConfig
 639              		.syntax unified
 640              		.thumb
 641              		.thumb_func
 643              	HAL_FLASHEx_AdvOBGetConfig:
 644              	.LFB225:
 417:Drivers/STM32F4xx_HAL_Driver/Src/stm32f4xx_hal_flash_ex.c **** 
 418:Drivers/STM32F4xx_HAL_Driver/Src/stm32f4xx_hal_flash_ex.c **** /**
 419:Drivers/STM32F4xx_HAL_Driver/Src/stm32f4xx_hal_flash_ex.c ****   * @brief   Get the OBEX byte configuration
 420:Drivers/STM32F4xx_HAL_Driver/Src/stm32f4xx_hal_flash_ex.c ****   * @param  pAdvOBInit pointer to an FLASH_AdvOBProgramInitTypeDef structure that
 421:Drivers/STM32F4xx_HAL_Driver/Src/stm32f4xx_hal_flash_ex.c ****   *         contains the configuration information for the programming.
 422:Drivers/STM32F4xx_HAL_Driver/Src/stm32f4xx_hal_flash_ex.c ****   *
 423:Drivers/STM32F4xx_HAL_Driver/Src/stm32f4xx_hal_flash_ex.c ****   * @retval None
 424:Drivers/STM32F4xx_HAL_Driver/Src/stm32f4xx_hal_flash_ex.c ****   */
 425:Drivers/STM32F4xx_HAL_Driver/Src/stm32f4xx_hal_flash_ex.c **** void HAL_FLASHEx_AdvOBGetConfig(FLASH_AdvOBProgramInitTypeDef *pAdvOBInit)
 426:Drivers/STM32F4xx_HAL_Driver/Src/stm32f4xx_hal_flash_ex.c **** {
 645              		.loc 1 426 1
 646              		.cfi_startproc
 647              		@ args = 0, pretend = 0, frame = 8
 648              		@ frame_needed = 1, uses_anonymous_args = 0
 649              		@ link register save eliminated.
 650 0000 80B4     		push	{r7}
 651              	.LCFI25:
 652              		.cfi_def_cfa_offset 4
 653              		.cfi_offset 7, -4
 654 0002 83B0     		sub	sp, sp, #12
 655              	.LCFI26:
 656              		.cfi_def_cfa_offset 16
 657 0004 00AF     		add	r7, sp, #0
 658              	.LCFI27:
 659              		.cfi_def_cfa_register 7
 660 0006 7860     		str	r0, [r7, #4]
 427:Drivers/STM32F4xx_HAL_Driver/Src/stm32f4xx_hal_flash_ex.c **** #if defined(STM32F401xC) || defined(STM32F401xE) || defined(STM32F410Tx) || defined(STM32F410Cx) ||
ARM GAS  C:\Users\DAELT-~1\AppData\Local\Temp\ccgEWNW2.s 			page 20


 428:Drivers/STM32F4xx_HAL_Driver/Src/stm32f4xx_hal_flash_ex.c ****     defined(STM32F411xE) || defined(STM32F446xx) || defined(STM32F412Zx) || defined(STM32F412Vx) ||
 429:Drivers/STM32F4xx_HAL_Driver/Src/stm32f4xx_hal_flash_ex.c ****     defined(STM32F412Cx) || defined(STM32F413xx) || defined(STM32F423xx)
 430:Drivers/STM32F4xx_HAL_Driver/Src/stm32f4xx_hal_flash_ex.c ****   /*Get Sector*/
 431:Drivers/STM32F4xx_HAL_Driver/Src/stm32f4xx_hal_flash_ex.c ****   pAdvOBInit->Sectors = (*(__IO uint16_t *)(OPTCR_BYTE2_ADDRESS));
 661              		.loc 1 431 26
 662 0008 054B     		ldr	r3, .L34
 663 000a 1B88     		ldrh	r3, [r3]	@ movhi
 664 000c 9AB2     		uxth	r2, r3
 665              		.loc 1 431 23
 666 000e 7B68     		ldr	r3, [r7, #4]
 667 0010 1A81     		strh	r2, [r3, #8]	@ movhi
 432:Drivers/STM32F4xx_HAL_Driver/Src/stm32f4xx_hal_flash_ex.c **** #else  /* STM32F427xx || STM32F437xx || STM32F429xx|| STM32F439xx || STM32F469xx || STM32F479xx */
 433:Drivers/STM32F4xx_HAL_Driver/Src/stm32f4xx_hal_flash_ex.c ****   /*Get Sector for Bank1*/
 434:Drivers/STM32F4xx_HAL_Driver/Src/stm32f4xx_hal_flash_ex.c ****   pAdvOBInit->SectorsBank1 = (*(__IO uint16_t *)(OPTCR_BYTE2_ADDRESS));
 435:Drivers/STM32F4xx_HAL_Driver/Src/stm32f4xx_hal_flash_ex.c **** 
 436:Drivers/STM32F4xx_HAL_Driver/Src/stm32f4xx_hal_flash_ex.c ****   /*Get Sector for Bank2*/
 437:Drivers/STM32F4xx_HAL_Driver/Src/stm32f4xx_hal_flash_ex.c ****   pAdvOBInit->SectorsBank2 = (*(__IO uint16_t *)(OPTCR1_BYTE2_ADDRESS));
 438:Drivers/STM32F4xx_HAL_Driver/Src/stm32f4xx_hal_flash_ex.c **** 
 439:Drivers/STM32F4xx_HAL_Driver/Src/stm32f4xx_hal_flash_ex.c ****   /*Get Boot config OB*/
 440:Drivers/STM32F4xx_HAL_Driver/Src/stm32f4xx_hal_flash_ex.c ****   pAdvOBInit->BootConfig = *(__IO uint8_t *)OPTCR_BYTE0_ADDRESS;
 441:Drivers/STM32F4xx_HAL_Driver/Src/stm32f4xx_hal_flash_ex.c **** #endif /* STM32F401xC || STM32F401xE || STM32F410xx || STM32F411xE || STM32F446xx || STM32F412Zx ||
 442:Drivers/STM32F4xx_HAL_Driver/Src/stm32f4xx_hal_flash_ex.c ****           STM32F413xx || STM32F423xx */
 443:Drivers/STM32F4xx_HAL_Driver/Src/stm32f4xx_hal_flash_ex.c **** }
 668              		.loc 1 443 1
 669 0012 00BF     		nop
 670 0014 0C37     		adds	r7, r7, #12
 671              	.LCFI28:
 672              		.cfi_def_cfa_offset 4
 673 0016 BD46     		mov	sp, r7
 674              	.LCFI29:
 675              		.cfi_def_cfa_register 13
 676              		@ sp needed
 677 0018 5DF8047B 		ldr	r7, [sp], #4
 678              	.LCFI30:
 679              		.cfi_restore 7
 680              		.cfi_def_cfa_offset 0
 681 001c 7047     		bx	lr
 682              	.L35:
 683 001e 00BF     		.align	2
 684              	.L34:
 685 0020 163C0240 		.word	1073888278
 686              		.cfi_endproc
 687              	.LFE225:
 689              		.section	.text.HAL_FLASHEx_OB_SelectPCROP,"ax",%progbits
 690              		.align	1
 691              		.global	HAL_FLASHEx_OB_SelectPCROP
 692              		.syntax unified
 693              		.thumb
 694              		.thumb_func
 696              	HAL_FLASHEx_OB_SelectPCROP:
 697              	.LFB226:
 444:Drivers/STM32F4xx_HAL_Driver/Src/stm32f4xx_hal_flash_ex.c **** 
 445:Drivers/STM32F4xx_HAL_Driver/Src/stm32f4xx_hal_flash_ex.c **** /**
 446:Drivers/STM32F4xx_HAL_Driver/Src/stm32f4xx_hal_flash_ex.c ****   * @brief  Select the Protection Mode
 447:Drivers/STM32F4xx_HAL_Driver/Src/stm32f4xx_hal_flash_ex.c ****   *
 448:Drivers/STM32F4xx_HAL_Driver/Src/stm32f4xx_hal_flash_ex.c ****   * @note   After PCROP activated Option Byte modification NOT POSSIBLE! excepted
 449:Drivers/STM32F4xx_HAL_Driver/Src/stm32f4xx_hal_flash_ex.c ****   *         Global Read Out Protection modification (from level1 to level0)
ARM GAS  C:\Users\DAELT-~1\AppData\Local\Temp\ccgEWNW2.s 			page 21


 450:Drivers/STM32F4xx_HAL_Driver/Src/stm32f4xx_hal_flash_ex.c ****   * @note   Once SPRMOD bit is active unprotection of a protected sector is not possible
 451:Drivers/STM32F4xx_HAL_Driver/Src/stm32f4xx_hal_flash_ex.c ****   * @note   Read a protected sector will set RDERR Flag and write a protected sector will set WRPER
 452:Drivers/STM32F4xx_HAL_Driver/Src/stm32f4xx_hal_flash_ex.c ****   * @note   This function can be used only for STM32F42xxx/STM32F43xxx/STM32F401xx/STM32F411xx/STM3
 453:Drivers/STM32F4xx_HAL_Driver/Src/stm32f4xx_hal_flash_ex.c ****   *         STM32F469xx/STM32F479xx/STM32F412xx/STM32F413xx devices.
 454:Drivers/STM32F4xx_HAL_Driver/Src/stm32f4xx_hal_flash_ex.c ****   *
 455:Drivers/STM32F4xx_HAL_Driver/Src/stm32f4xx_hal_flash_ex.c ****   * @retval HAL Status
 456:Drivers/STM32F4xx_HAL_Driver/Src/stm32f4xx_hal_flash_ex.c ****   */
 457:Drivers/STM32F4xx_HAL_Driver/Src/stm32f4xx_hal_flash_ex.c **** HAL_StatusTypeDef HAL_FLASHEx_OB_SelectPCROP(void)
 458:Drivers/STM32F4xx_HAL_Driver/Src/stm32f4xx_hal_flash_ex.c **** {
 698              		.loc 1 458 1
 699              		.cfi_startproc
 700              		@ args = 0, pretend = 0, frame = 8
 701              		@ frame_needed = 1, uses_anonymous_args = 0
 702              		@ link register save eliminated.
 703 0000 80B4     		push	{r7}
 704              	.LCFI31:
 705              		.cfi_def_cfa_offset 4
 706              		.cfi_offset 7, -4
 707 0002 83B0     		sub	sp, sp, #12
 708              	.LCFI32:
 709              		.cfi_def_cfa_offset 16
 710 0004 00AF     		add	r7, sp, #0
 711              	.LCFI33:
 712              		.cfi_def_cfa_register 7
 459:Drivers/STM32F4xx_HAL_Driver/Src/stm32f4xx_hal_flash_ex.c ****   uint8_t optiontmp;
 460:Drivers/STM32F4xx_HAL_Driver/Src/stm32f4xx_hal_flash_ex.c **** 
 461:Drivers/STM32F4xx_HAL_Driver/Src/stm32f4xx_hal_flash_ex.c ****   /* Mask SPRMOD bit */
 462:Drivers/STM32F4xx_HAL_Driver/Src/stm32f4xx_hal_flash_ex.c ****   optiontmp = (uint8_t)((*(__IO uint8_t *)OPTCR_BYTE3_ADDRESS) & (uint8_t)0x7F);
 713              		.loc 1 462 64
 714 0006 094B     		ldr	r3, .L38
 715 0008 1B78     		ldrb	r3, [r3]
 716 000a DBB2     		uxtb	r3, r3
 717              		.loc 1 462 13
 718 000c 03F07F03 		and	r3, r3, #127
 719 0010 FB71     		strb	r3, [r7, #7]
 463:Drivers/STM32F4xx_HAL_Driver/Src/stm32f4xx_hal_flash_ex.c **** 
 464:Drivers/STM32F4xx_HAL_Driver/Src/stm32f4xx_hal_flash_ex.c ****   /* Update Option Byte */
 465:Drivers/STM32F4xx_HAL_Driver/Src/stm32f4xx_hal_flash_ex.c ****   *(__IO uint8_t *)OPTCR_BYTE3_ADDRESS = (uint8_t)(OB_PCROP_SELECTED | optiontmp);
 720              		.loc 1 465 3
 721 0012 064A     		ldr	r2, .L38
 722              		.loc 1 465 42
 723 0014 FB79     		ldrb	r3, [r7, #7]
 724 0016 63F07F03 		orn	r3, r3, #127
 725 001a DBB2     		uxtb	r3, r3
 726              		.loc 1 465 40
 727 001c 1370     		strb	r3, [r2]
 466:Drivers/STM32F4xx_HAL_Driver/Src/stm32f4xx_hal_flash_ex.c **** 
 467:Drivers/STM32F4xx_HAL_Driver/Src/stm32f4xx_hal_flash_ex.c ****   return HAL_OK;
 728              		.loc 1 467 10
 729 001e 0023     		movs	r3, #0
 468:Drivers/STM32F4xx_HAL_Driver/Src/stm32f4xx_hal_flash_ex.c **** }
 730              		.loc 1 468 1
 731 0020 1846     		mov	r0, r3
 732 0022 0C37     		adds	r7, r7, #12
 733              	.LCFI34:
 734              		.cfi_def_cfa_offset 4
 735 0024 BD46     		mov	sp, r7
ARM GAS  C:\Users\DAELT-~1\AppData\Local\Temp\ccgEWNW2.s 			page 22


 736              	.LCFI35:
 737              		.cfi_def_cfa_register 13
 738              		@ sp needed
 739 0026 5DF8047B 		ldr	r7, [sp], #4
 740              	.LCFI36:
 741              		.cfi_restore 7
 742              		.cfi_def_cfa_offset 0
 743 002a 7047     		bx	lr
 744              	.L39:
 745              		.align	2
 746              	.L38:
 747 002c 173C0240 		.word	1073888279
 748              		.cfi_endproc
 749              	.LFE226:
 751              		.section	.text.HAL_FLASHEx_OB_DeSelectPCROP,"ax",%progbits
 752              		.align	1
 753              		.global	HAL_FLASHEx_OB_DeSelectPCROP
 754              		.syntax unified
 755              		.thumb
 756              		.thumb_func
 758              	HAL_FLASHEx_OB_DeSelectPCROP:
 759              	.LFB227:
 469:Drivers/STM32F4xx_HAL_Driver/Src/stm32f4xx_hal_flash_ex.c **** 
 470:Drivers/STM32F4xx_HAL_Driver/Src/stm32f4xx_hal_flash_ex.c **** /**
 471:Drivers/STM32F4xx_HAL_Driver/Src/stm32f4xx_hal_flash_ex.c ****   * @brief  Deselect the Protection Mode
 472:Drivers/STM32F4xx_HAL_Driver/Src/stm32f4xx_hal_flash_ex.c ****   *
 473:Drivers/STM32F4xx_HAL_Driver/Src/stm32f4xx_hal_flash_ex.c ****   * @note   After PCROP activated Option Byte modification NOT POSSIBLE! excepted
 474:Drivers/STM32F4xx_HAL_Driver/Src/stm32f4xx_hal_flash_ex.c ****   *         Global Read Out Protection modification (from level1 to level0)
 475:Drivers/STM32F4xx_HAL_Driver/Src/stm32f4xx_hal_flash_ex.c ****   * @note   Once SPRMOD bit is active unprotection of a protected sector is not possible
 476:Drivers/STM32F4xx_HAL_Driver/Src/stm32f4xx_hal_flash_ex.c ****   * @note   Read a protected sector will set RDERR Flag and write a protected sector will set WRPER
 477:Drivers/STM32F4xx_HAL_Driver/Src/stm32f4xx_hal_flash_ex.c ****   * @note   This function can be used only for STM32F42xxx/STM32F43xxx/STM32F401xx/STM32F411xx/STM3
 478:Drivers/STM32F4xx_HAL_Driver/Src/stm32f4xx_hal_flash_ex.c ****   *         STM32F469xx/STM32F479xx/STM32F412xx/STM32F413xx devices.
 479:Drivers/STM32F4xx_HAL_Driver/Src/stm32f4xx_hal_flash_ex.c ****   *
 480:Drivers/STM32F4xx_HAL_Driver/Src/stm32f4xx_hal_flash_ex.c ****   * @retval HAL Status
 481:Drivers/STM32F4xx_HAL_Driver/Src/stm32f4xx_hal_flash_ex.c ****   */
 482:Drivers/STM32F4xx_HAL_Driver/Src/stm32f4xx_hal_flash_ex.c **** HAL_StatusTypeDef HAL_FLASHEx_OB_DeSelectPCROP(void)
 483:Drivers/STM32F4xx_HAL_Driver/Src/stm32f4xx_hal_flash_ex.c **** {
 760              		.loc 1 483 1
 761              		.cfi_startproc
 762              		@ args = 0, pretend = 0, frame = 8
 763              		@ frame_needed = 1, uses_anonymous_args = 0
 764              		@ link register save eliminated.
 765 0000 80B4     		push	{r7}
 766              	.LCFI37:
 767              		.cfi_def_cfa_offset 4
 768              		.cfi_offset 7, -4
 769 0002 83B0     		sub	sp, sp, #12
 770              	.LCFI38:
 771              		.cfi_def_cfa_offset 16
 772 0004 00AF     		add	r7, sp, #0
 773              	.LCFI39:
 774              		.cfi_def_cfa_register 7
 484:Drivers/STM32F4xx_HAL_Driver/Src/stm32f4xx_hal_flash_ex.c ****   uint8_t optiontmp;
 485:Drivers/STM32F4xx_HAL_Driver/Src/stm32f4xx_hal_flash_ex.c **** 
 486:Drivers/STM32F4xx_HAL_Driver/Src/stm32f4xx_hal_flash_ex.c ****   /* Mask SPRMOD bit */
 487:Drivers/STM32F4xx_HAL_Driver/Src/stm32f4xx_hal_flash_ex.c ****   optiontmp = (uint8_t)((*(__IO uint8_t *)OPTCR_BYTE3_ADDRESS) & (uint8_t)0x7F);
 775              		.loc 1 487 64
ARM GAS  C:\Users\DAELT-~1\AppData\Local\Temp\ccgEWNW2.s 			page 23


 776 0006 084B     		ldr	r3, .L42
 777 0008 1B78     		ldrb	r3, [r3]
 778 000a DBB2     		uxtb	r3, r3
 779              		.loc 1 487 13
 780 000c 03F07F03 		and	r3, r3, #127
 781 0010 FB71     		strb	r3, [r7, #7]
 488:Drivers/STM32F4xx_HAL_Driver/Src/stm32f4xx_hal_flash_ex.c **** 
 489:Drivers/STM32F4xx_HAL_Driver/Src/stm32f4xx_hal_flash_ex.c ****   /* Update Option Byte */
 490:Drivers/STM32F4xx_HAL_Driver/Src/stm32f4xx_hal_flash_ex.c ****   *(__IO uint8_t *)OPTCR_BYTE3_ADDRESS = (uint8_t)(OB_PCROP_DESELECTED | optiontmp);
 782              		.loc 1 490 3
 783 0012 054A     		ldr	r2, .L42
 784              		.loc 1 490 40
 785 0014 FB79     		ldrb	r3, [r7, #7]
 786 0016 1370     		strb	r3, [r2]
 491:Drivers/STM32F4xx_HAL_Driver/Src/stm32f4xx_hal_flash_ex.c **** 
 492:Drivers/STM32F4xx_HAL_Driver/Src/stm32f4xx_hal_flash_ex.c ****   return HAL_OK;
 787              		.loc 1 492 10
 788 0018 0023     		movs	r3, #0
 493:Drivers/STM32F4xx_HAL_Driver/Src/stm32f4xx_hal_flash_ex.c **** }
 789              		.loc 1 493 1
 790 001a 1846     		mov	r0, r3
 791 001c 0C37     		adds	r7, r7, #12
 792              	.LCFI40:
 793              		.cfi_def_cfa_offset 4
 794 001e BD46     		mov	sp, r7
 795              	.LCFI41:
 796              		.cfi_def_cfa_register 13
 797              		@ sp needed
 798 0020 5DF8047B 		ldr	r7, [sp], #4
 799              	.LCFI42:
 800              		.cfi_restore 7
 801              		.cfi_def_cfa_offset 0
 802 0024 7047     		bx	lr
 803              	.L43:
 804 0026 00BF     		.align	2
 805              	.L42:
 806 0028 173C0240 		.word	1073888279
 807              		.cfi_endproc
 808              	.LFE227:
 810              		.section	.text.FLASH_MassErase,"ax",%progbits
 811              		.align	1
 812              		.syntax unified
 813              		.thumb
 814              		.thumb_func
 816              	FLASH_MassErase:
 817              	.LFB228:
 494:Drivers/STM32F4xx_HAL_Driver/Src/stm32f4xx_hal_flash_ex.c **** #endif /* STM32F427xx || STM32F437xx || STM32F429xx || STM32F439xx || STM32F401xC || STM32F401xE ||
 495:Drivers/STM32F4xx_HAL_Driver/Src/stm32f4xx_hal_flash_ex.c ****           STM32F411xE || STM32F469xx || STM32F479xx || STM32F412Zx || STM32F412Vx || STM32F412Rx ||
 496:Drivers/STM32F4xx_HAL_Driver/Src/stm32f4xx_hal_flash_ex.c ****           STM32F413xx || STM32F423xx */
 497:Drivers/STM32F4xx_HAL_Driver/Src/stm32f4xx_hal_flash_ex.c **** 
 498:Drivers/STM32F4xx_HAL_Driver/Src/stm32f4xx_hal_flash_ex.c **** #if defined(STM32F427xx) || defined(STM32F437xx) || defined(STM32F429xx)|| defined(STM32F439xx) || 
 499:Drivers/STM32F4xx_HAL_Driver/Src/stm32f4xx_hal_flash_ex.c **** /**
 500:Drivers/STM32F4xx_HAL_Driver/Src/stm32f4xx_hal_flash_ex.c ****   * @brief  Returns the FLASH Write Protection Option Bytes value for Bank 2
 501:Drivers/STM32F4xx_HAL_Driver/Src/stm32f4xx_hal_flash_ex.c ****   * @note   This function can be used only for STM32F42xxx/STM32F43xxx/STM32F469xx/STM32F479xx devi
 502:Drivers/STM32F4xx_HAL_Driver/Src/stm32f4xx_hal_flash_ex.c ****   * @retval The FLASH Write Protection  Option Bytes value
 503:Drivers/STM32F4xx_HAL_Driver/Src/stm32f4xx_hal_flash_ex.c ****   */
 504:Drivers/STM32F4xx_HAL_Driver/Src/stm32f4xx_hal_flash_ex.c **** uint16_t HAL_FLASHEx_OB_GetBank2WRP(void)
ARM GAS  C:\Users\DAELT-~1\AppData\Local\Temp\ccgEWNW2.s 			page 24


 505:Drivers/STM32F4xx_HAL_Driver/Src/stm32f4xx_hal_flash_ex.c **** {
 506:Drivers/STM32F4xx_HAL_Driver/Src/stm32f4xx_hal_flash_ex.c ****   /* Return the FLASH write protection Register value */
 507:Drivers/STM32F4xx_HAL_Driver/Src/stm32f4xx_hal_flash_ex.c ****   return (*(__IO uint16_t *)(OPTCR1_BYTE2_ADDRESS));
 508:Drivers/STM32F4xx_HAL_Driver/Src/stm32f4xx_hal_flash_ex.c **** }
 509:Drivers/STM32F4xx_HAL_Driver/Src/stm32f4xx_hal_flash_ex.c **** #endif /* STM32F427xx || STM32F437xx || STM32F429xx || STM32F439xx || STM32F469xx || STM32F479xx */
 510:Drivers/STM32F4xx_HAL_Driver/Src/stm32f4xx_hal_flash_ex.c **** 
 511:Drivers/STM32F4xx_HAL_Driver/Src/stm32f4xx_hal_flash_ex.c **** /**
 512:Drivers/STM32F4xx_HAL_Driver/Src/stm32f4xx_hal_flash_ex.c ****   * @}
 513:Drivers/STM32F4xx_HAL_Driver/Src/stm32f4xx_hal_flash_ex.c ****   */
 514:Drivers/STM32F4xx_HAL_Driver/Src/stm32f4xx_hal_flash_ex.c **** 
 515:Drivers/STM32F4xx_HAL_Driver/Src/stm32f4xx_hal_flash_ex.c **** #if defined(STM32F427xx) || defined(STM32F437xx) || defined(STM32F429xx) || defined(STM32F439xx) ||
 516:Drivers/STM32F4xx_HAL_Driver/Src/stm32f4xx_hal_flash_ex.c **** /**
 517:Drivers/STM32F4xx_HAL_Driver/Src/stm32f4xx_hal_flash_ex.c ****   * @brief  Full erase of FLASH memory sectors
 518:Drivers/STM32F4xx_HAL_Driver/Src/stm32f4xx_hal_flash_ex.c ****   * @param  VoltageRange The device voltage range which defines the erase parallelism.
 519:Drivers/STM32F4xx_HAL_Driver/Src/stm32f4xx_hal_flash_ex.c ****   *          This parameter can be one of the following values:
 520:Drivers/STM32F4xx_HAL_Driver/Src/stm32f4xx_hal_flash_ex.c ****   *            @arg FLASH_VOLTAGE_RANGE_1: when the device voltage range is 1.8V to 2.1V,
 521:Drivers/STM32F4xx_HAL_Driver/Src/stm32f4xx_hal_flash_ex.c ****   *                                  the operation will be done by byte (8-bit)
 522:Drivers/STM32F4xx_HAL_Driver/Src/stm32f4xx_hal_flash_ex.c ****   *            @arg FLASH_VOLTAGE_RANGE_2: when the device voltage range is 2.1V to 2.7V,
 523:Drivers/STM32F4xx_HAL_Driver/Src/stm32f4xx_hal_flash_ex.c ****   *                                  the operation will be done by half word (16-bit)
 524:Drivers/STM32F4xx_HAL_Driver/Src/stm32f4xx_hal_flash_ex.c ****   *            @arg FLASH_VOLTAGE_RANGE_3: when the device voltage range is 2.7V to 3.6V,
 525:Drivers/STM32F4xx_HAL_Driver/Src/stm32f4xx_hal_flash_ex.c ****   *                                  the operation will be done by word (32-bit)
 526:Drivers/STM32F4xx_HAL_Driver/Src/stm32f4xx_hal_flash_ex.c ****   *            @arg FLASH_VOLTAGE_RANGE_4: when the device voltage range is 2.7V to 3.6V + External
 527:Drivers/STM32F4xx_HAL_Driver/Src/stm32f4xx_hal_flash_ex.c ****   *                                  the operation will be done by double word (64-bit)
 528:Drivers/STM32F4xx_HAL_Driver/Src/stm32f4xx_hal_flash_ex.c ****   *
 529:Drivers/STM32F4xx_HAL_Driver/Src/stm32f4xx_hal_flash_ex.c ****   * @param  Banks Banks to be erased
 530:Drivers/STM32F4xx_HAL_Driver/Src/stm32f4xx_hal_flash_ex.c ****   *          This parameter can be one of the following values:
 531:Drivers/STM32F4xx_HAL_Driver/Src/stm32f4xx_hal_flash_ex.c ****   *            @arg FLASH_BANK_1: Bank1 to be erased
 532:Drivers/STM32F4xx_HAL_Driver/Src/stm32f4xx_hal_flash_ex.c ****   *            @arg FLASH_BANK_2: Bank2 to be erased
 533:Drivers/STM32F4xx_HAL_Driver/Src/stm32f4xx_hal_flash_ex.c ****   *            @arg FLASH_BANK_BOTH: Bank1 and Bank2 to be erased
 534:Drivers/STM32F4xx_HAL_Driver/Src/stm32f4xx_hal_flash_ex.c ****   *
 535:Drivers/STM32F4xx_HAL_Driver/Src/stm32f4xx_hal_flash_ex.c ****   * @retval HAL Status
 536:Drivers/STM32F4xx_HAL_Driver/Src/stm32f4xx_hal_flash_ex.c ****   */
 537:Drivers/STM32F4xx_HAL_Driver/Src/stm32f4xx_hal_flash_ex.c **** static void FLASH_MassErase(uint8_t VoltageRange, uint32_t Banks)
 538:Drivers/STM32F4xx_HAL_Driver/Src/stm32f4xx_hal_flash_ex.c **** {
 539:Drivers/STM32F4xx_HAL_Driver/Src/stm32f4xx_hal_flash_ex.c ****   /* Check the parameters */
 540:Drivers/STM32F4xx_HAL_Driver/Src/stm32f4xx_hal_flash_ex.c ****   assert_param(IS_VOLTAGERANGE(VoltageRange));
 541:Drivers/STM32F4xx_HAL_Driver/Src/stm32f4xx_hal_flash_ex.c ****   assert_param(IS_FLASH_BANK(Banks));
 542:Drivers/STM32F4xx_HAL_Driver/Src/stm32f4xx_hal_flash_ex.c **** 
 543:Drivers/STM32F4xx_HAL_Driver/Src/stm32f4xx_hal_flash_ex.c ****   /* if the previous operation is completed, proceed to erase all sectors */
 544:Drivers/STM32F4xx_HAL_Driver/Src/stm32f4xx_hal_flash_ex.c ****   CLEAR_BIT(FLASH->CR, FLASH_CR_PSIZE);
 545:Drivers/STM32F4xx_HAL_Driver/Src/stm32f4xx_hal_flash_ex.c **** 
 546:Drivers/STM32F4xx_HAL_Driver/Src/stm32f4xx_hal_flash_ex.c ****   if (Banks == FLASH_BANK_BOTH)
 547:Drivers/STM32F4xx_HAL_Driver/Src/stm32f4xx_hal_flash_ex.c ****   {
 548:Drivers/STM32F4xx_HAL_Driver/Src/stm32f4xx_hal_flash_ex.c ****     /* bank1 & bank2 will be erased*/
 549:Drivers/STM32F4xx_HAL_Driver/Src/stm32f4xx_hal_flash_ex.c ****     FLASH->CR |= FLASH_MER_BIT;
 550:Drivers/STM32F4xx_HAL_Driver/Src/stm32f4xx_hal_flash_ex.c ****   }
 551:Drivers/STM32F4xx_HAL_Driver/Src/stm32f4xx_hal_flash_ex.c ****   else if (Banks == FLASH_BANK_1)
 552:Drivers/STM32F4xx_HAL_Driver/Src/stm32f4xx_hal_flash_ex.c ****   {
 553:Drivers/STM32F4xx_HAL_Driver/Src/stm32f4xx_hal_flash_ex.c ****     /*Only bank1 will be erased*/
 554:Drivers/STM32F4xx_HAL_Driver/Src/stm32f4xx_hal_flash_ex.c ****     FLASH->CR |= FLASH_CR_MER1;
 555:Drivers/STM32F4xx_HAL_Driver/Src/stm32f4xx_hal_flash_ex.c ****   }
 556:Drivers/STM32F4xx_HAL_Driver/Src/stm32f4xx_hal_flash_ex.c ****   else
 557:Drivers/STM32F4xx_HAL_Driver/Src/stm32f4xx_hal_flash_ex.c ****   {
 558:Drivers/STM32F4xx_HAL_Driver/Src/stm32f4xx_hal_flash_ex.c ****     /*Only bank2 will be erased*/
 559:Drivers/STM32F4xx_HAL_Driver/Src/stm32f4xx_hal_flash_ex.c ****     FLASH->CR |= FLASH_CR_MER2;
 560:Drivers/STM32F4xx_HAL_Driver/Src/stm32f4xx_hal_flash_ex.c ****   }
 561:Drivers/STM32F4xx_HAL_Driver/Src/stm32f4xx_hal_flash_ex.c ****   FLASH->CR |= FLASH_CR_STRT | ((uint32_t)VoltageRange << 8U);
ARM GAS  C:\Users\DAELT-~1\AppData\Local\Temp\ccgEWNW2.s 			page 25


 562:Drivers/STM32F4xx_HAL_Driver/Src/stm32f4xx_hal_flash_ex.c **** }
 563:Drivers/STM32F4xx_HAL_Driver/Src/stm32f4xx_hal_flash_ex.c **** 
 564:Drivers/STM32F4xx_HAL_Driver/Src/stm32f4xx_hal_flash_ex.c **** /**
 565:Drivers/STM32F4xx_HAL_Driver/Src/stm32f4xx_hal_flash_ex.c ****   * @brief  Erase the specified FLASH memory sector
 566:Drivers/STM32F4xx_HAL_Driver/Src/stm32f4xx_hal_flash_ex.c ****   * @param  Sector FLASH sector to erase
 567:Drivers/STM32F4xx_HAL_Driver/Src/stm32f4xx_hal_flash_ex.c ****   *         The value of this parameter depend on device used within the same series
 568:Drivers/STM32F4xx_HAL_Driver/Src/stm32f4xx_hal_flash_ex.c ****   * @param  VoltageRange The device voltage range which defines the erase parallelism.
 569:Drivers/STM32F4xx_HAL_Driver/Src/stm32f4xx_hal_flash_ex.c ****   *          This parameter can be one of the following values:
 570:Drivers/STM32F4xx_HAL_Driver/Src/stm32f4xx_hal_flash_ex.c ****   *            @arg FLASH_VOLTAGE_RANGE_1: when the device voltage range is 1.8V to 2.1V,
 571:Drivers/STM32F4xx_HAL_Driver/Src/stm32f4xx_hal_flash_ex.c ****   *                                  the operation will be done by byte (8-bit)
 572:Drivers/STM32F4xx_HAL_Driver/Src/stm32f4xx_hal_flash_ex.c ****   *            @arg FLASH_VOLTAGE_RANGE_2: when the device voltage range is 2.1V to 2.7V,
 573:Drivers/STM32F4xx_HAL_Driver/Src/stm32f4xx_hal_flash_ex.c ****   *                                  the operation will be done by half word (16-bit)
 574:Drivers/STM32F4xx_HAL_Driver/Src/stm32f4xx_hal_flash_ex.c ****   *            @arg FLASH_VOLTAGE_RANGE_3: when the device voltage range is 2.7V to 3.6V,
 575:Drivers/STM32F4xx_HAL_Driver/Src/stm32f4xx_hal_flash_ex.c ****   *                                  the operation will be done by word (32-bit)
 576:Drivers/STM32F4xx_HAL_Driver/Src/stm32f4xx_hal_flash_ex.c ****   *            @arg FLASH_VOLTAGE_RANGE_4: when the device voltage range is 2.7V to 3.6V + External
 577:Drivers/STM32F4xx_HAL_Driver/Src/stm32f4xx_hal_flash_ex.c ****   *                                  the operation will be done by double word (64-bit)
 578:Drivers/STM32F4xx_HAL_Driver/Src/stm32f4xx_hal_flash_ex.c ****   *
 579:Drivers/STM32F4xx_HAL_Driver/Src/stm32f4xx_hal_flash_ex.c ****   * @retval None
 580:Drivers/STM32F4xx_HAL_Driver/Src/stm32f4xx_hal_flash_ex.c ****   */
 581:Drivers/STM32F4xx_HAL_Driver/Src/stm32f4xx_hal_flash_ex.c **** void FLASH_Erase_Sector(uint32_t Sector, uint8_t VoltageRange)
 582:Drivers/STM32F4xx_HAL_Driver/Src/stm32f4xx_hal_flash_ex.c **** {
 583:Drivers/STM32F4xx_HAL_Driver/Src/stm32f4xx_hal_flash_ex.c ****   uint32_t tmp_psize = 0U;
 584:Drivers/STM32F4xx_HAL_Driver/Src/stm32f4xx_hal_flash_ex.c **** 
 585:Drivers/STM32F4xx_HAL_Driver/Src/stm32f4xx_hal_flash_ex.c ****   /* Check the parameters */
 586:Drivers/STM32F4xx_HAL_Driver/Src/stm32f4xx_hal_flash_ex.c ****   assert_param(IS_FLASH_SECTOR(Sector));
 587:Drivers/STM32F4xx_HAL_Driver/Src/stm32f4xx_hal_flash_ex.c ****   assert_param(IS_VOLTAGERANGE(VoltageRange));
 588:Drivers/STM32F4xx_HAL_Driver/Src/stm32f4xx_hal_flash_ex.c **** 
 589:Drivers/STM32F4xx_HAL_Driver/Src/stm32f4xx_hal_flash_ex.c ****   if (VoltageRange == FLASH_VOLTAGE_RANGE_1)
 590:Drivers/STM32F4xx_HAL_Driver/Src/stm32f4xx_hal_flash_ex.c ****   {
 591:Drivers/STM32F4xx_HAL_Driver/Src/stm32f4xx_hal_flash_ex.c ****     tmp_psize = FLASH_PSIZE_BYTE;
 592:Drivers/STM32F4xx_HAL_Driver/Src/stm32f4xx_hal_flash_ex.c ****   }
 593:Drivers/STM32F4xx_HAL_Driver/Src/stm32f4xx_hal_flash_ex.c ****   else if (VoltageRange == FLASH_VOLTAGE_RANGE_2)
 594:Drivers/STM32F4xx_HAL_Driver/Src/stm32f4xx_hal_flash_ex.c ****   {
 595:Drivers/STM32F4xx_HAL_Driver/Src/stm32f4xx_hal_flash_ex.c ****     tmp_psize = FLASH_PSIZE_HALF_WORD;
 596:Drivers/STM32F4xx_HAL_Driver/Src/stm32f4xx_hal_flash_ex.c ****   }
 597:Drivers/STM32F4xx_HAL_Driver/Src/stm32f4xx_hal_flash_ex.c ****   else if (VoltageRange == FLASH_VOLTAGE_RANGE_3)
 598:Drivers/STM32F4xx_HAL_Driver/Src/stm32f4xx_hal_flash_ex.c ****   {
 599:Drivers/STM32F4xx_HAL_Driver/Src/stm32f4xx_hal_flash_ex.c ****     tmp_psize = FLASH_PSIZE_WORD;
 600:Drivers/STM32F4xx_HAL_Driver/Src/stm32f4xx_hal_flash_ex.c ****   }
 601:Drivers/STM32F4xx_HAL_Driver/Src/stm32f4xx_hal_flash_ex.c ****   else
 602:Drivers/STM32F4xx_HAL_Driver/Src/stm32f4xx_hal_flash_ex.c ****   {
 603:Drivers/STM32F4xx_HAL_Driver/Src/stm32f4xx_hal_flash_ex.c ****     tmp_psize = FLASH_PSIZE_DOUBLE_WORD;
 604:Drivers/STM32F4xx_HAL_Driver/Src/stm32f4xx_hal_flash_ex.c ****   }
 605:Drivers/STM32F4xx_HAL_Driver/Src/stm32f4xx_hal_flash_ex.c **** 
 606:Drivers/STM32F4xx_HAL_Driver/Src/stm32f4xx_hal_flash_ex.c ****   /* Need to add offset of 4 when sector higher than FLASH_SECTOR_11 */
 607:Drivers/STM32F4xx_HAL_Driver/Src/stm32f4xx_hal_flash_ex.c ****   if (Sector > FLASH_SECTOR_11)
 608:Drivers/STM32F4xx_HAL_Driver/Src/stm32f4xx_hal_flash_ex.c ****   {
 609:Drivers/STM32F4xx_HAL_Driver/Src/stm32f4xx_hal_flash_ex.c ****     Sector += 4U;
 610:Drivers/STM32F4xx_HAL_Driver/Src/stm32f4xx_hal_flash_ex.c ****   }
 611:Drivers/STM32F4xx_HAL_Driver/Src/stm32f4xx_hal_flash_ex.c ****   /* If the previous operation is completed, proceed to erase the sector */
 612:Drivers/STM32F4xx_HAL_Driver/Src/stm32f4xx_hal_flash_ex.c ****   CLEAR_BIT(FLASH->CR, FLASH_CR_PSIZE);
 613:Drivers/STM32F4xx_HAL_Driver/Src/stm32f4xx_hal_flash_ex.c ****   FLASH->CR |= tmp_psize;
 614:Drivers/STM32F4xx_HAL_Driver/Src/stm32f4xx_hal_flash_ex.c ****   CLEAR_BIT(FLASH->CR, FLASH_CR_SNB);
 615:Drivers/STM32F4xx_HAL_Driver/Src/stm32f4xx_hal_flash_ex.c ****   FLASH->CR |= FLASH_CR_SER | (Sector << FLASH_CR_SNB_Pos);
 616:Drivers/STM32F4xx_HAL_Driver/Src/stm32f4xx_hal_flash_ex.c ****   FLASH->CR |= FLASH_CR_STRT;
 617:Drivers/STM32F4xx_HAL_Driver/Src/stm32f4xx_hal_flash_ex.c **** }
 618:Drivers/STM32F4xx_HAL_Driver/Src/stm32f4xx_hal_flash_ex.c **** 
ARM GAS  C:\Users\DAELT-~1\AppData\Local\Temp\ccgEWNW2.s 			page 26


 619:Drivers/STM32F4xx_HAL_Driver/Src/stm32f4xx_hal_flash_ex.c **** /**
 620:Drivers/STM32F4xx_HAL_Driver/Src/stm32f4xx_hal_flash_ex.c ****   * @brief  Enable the write protection of the desired bank1 or bank 2 sectors
 621:Drivers/STM32F4xx_HAL_Driver/Src/stm32f4xx_hal_flash_ex.c ****   *
 622:Drivers/STM32F4xx_HAL_Driver/Src/stm32f4xx_hal_flash_ex.c ****   * @note   When the memory read protection level is selected (RDP level = 1),
 623:Drivers/STM32F4xx_HAL_Driver/Src/stm32f4xx_hal_flash_ex.c ****   *         it is not possible to program or erase the flash sector i if CortexM4
 624:Drivers/STM32F4xx_HAL_Driver/Src/stm32f4xx_hal_flash_ex.c ****   *         debug features are connected or boot code is executed in RAM, even if nWRPi = 1
 625:Drivers/STM32F4xx_HAL_Driver/Src/stm32f4xx_hal_flash_ex.c ****   * @note   Active value of nWRPi bits is inverted when PCROP mode is active (SPRMOD =1).
 626:Drivers/STM32F4xx_HAL_Driver/Src/stm32f4xx_hal_flash_ex.c ****   *
 627:Drivers/STM32F4xx_HAL_Driver/Src/stm32f4xx_hal_flash_ex.c ****   * @param  WRPSector specifies the sector(s) to be write protected.
 628:Drivers/STM32F4xx_HAL_Driver/Src/stm32f4xx_hal_flash_ex.c ****   *          This parameter can be one of the following values:
 629:Drivers/STM32F4xx_HAL_Driver/Src/stm32f4xx_hal_flash_ex.c ****   *            @arg WRPSector: A value between OB_WRP_SECTOR_0 and OB_WRP_SECTOR_23
 630:Drivers/STM32F4xx_HAL_Driver/Src/stm32f4xx_hal_flash_ex.c ****   *            @arg OB_WRP_SECTOR_All
 631:Drivers/STM32F4xx_HAL_Driver/Src/stm32f4xx_hal_flash_ex.c ****   * @note   BANK2 starts from OB_WRP_SECTOR_12
 632:Drivers/STM32F4xx_HAL_Driver/Src/stm32f4xx_hal_flash_ex.c ****   *
 633:Drivers/STM32F4xx_HAL_Driver/Src/stm32f4xx_hal_flash_ex.c ****   * @param  Banks Enable write protection on all the sectors for the specific bank
 634:Drivers/STM32F4xx_HAL_Driver/Src/stm32f4xx_hal_flash_ex.c ****   *          This parameter can be one of the following values:
 635:Drivers/STM32F4xx_HAL_Driver/Src/stm32f4xx_hal_flash_ex.c ****   *            @arg FLASH_BANK_1: WRP on all sectors of bank1
 636:Drivers/STM32F4xx_HAL_Driver/Src/stm32f4xx_hal_flash_ex.c ****   *            @arg FLASH_BANK_2: WRP on all sectors of bank2
 637:Drivers/STM32F4xx_HAL_Driver/Src/stm32f4xx_hal_flash_ex.c ****   *            @arg FLASH_BANK_BOTH: WRP on all sectors of bank1 & bank2
 638:Drivers/STM32F4xx_HAL_Driver/Src/stm32f4xx_hal_flash_ex.c ****   *
 639:Drivers/STM32F4xx_HAL_Driver/Src/stm32f4xx_hal_flash_ex.c ****   * @retval HAL FLASH State
 640:Drivers/STM32F4xx_HAL_Driver/Src/stm32f4xx_hal_flash_ex.c ****   */
 641:Drivers/STM32F4xx_HAL_Driver/Src/stm32f4xx_hal_flash_ex.c **** static HAL_StatusTypeDef FLASH_OB_EnableWRP(uint32_t WRPSector, uint32_t Banks)
 642:Drivers/STM32F4xx_HAL_Driver/Src/stm32f4xx_hal_flash_ex.c **** {
 643:Drivers/STM32F4xx_HAL_Driver/Src/stm32f4xx_hal_flash_ex.c ****   HAL_StatusTypeDef status = HAL_OK;
 644:Drivers/STM32F4xx_HAL_Driver/Src/stm32f4xx_hal_flash_ex.c **** 
 645:Drivers/STM32F4xx_HAL_Driver/Src/stm32f4xx_hal_flash_ex.c ****   /* Check the parameters */
 646:Drivers/STM32F4xx_HAL_Driver/Src/stm32f4xx_hal_flash_ex.c ****   assert_param(IS_OB_WRP_SECTOR(WRPSector));
 647:Drivers/STM32F4xx_HAL_Driver/Src/stm32f4xx_hal_flash_ex.c ****   assert_param(IS_FLASH_BANK(Banks));
 648:Drivers/STM32F4xx_HAL_Driver/Src/stm32f4xx_hal_flash_ex.c **** 
 649:Drivers/STM32F4xx_HAL_Driver/Src/stm32f4xx_hal_flash_ex.c ****   /* Wait for last operation to be completed */
 650:Drivers/STM32F4xx_HAL_Driver/Src/stm32f4xx_hal_flash_ex.c ****   status = FLASH_WaitForLastOperation((uint32_t)FLASH_TIMEOUT_VALUE);
 651:Drivers/STM32F4xx_HAL_Driver/Src/stm32f4xx_hal_flash_ex.c **** 
 652:Drivers/STM32F4xx_HAL_Driver/Src/stm32f4xx_hal_flash_ex.c ****   if (status == HAL_OK)
 653:Drivers/STM32F4xx_HAL_Driver/Src/stm32f4xx_hal_flash_ex.c ****   {
 654:Drivers/STM32F4xx_HAL_Driver/Src/stm32f4xx_hal_flash_ex.c ****     if (((WRPSector == OB_WRP_SECTOR_All) && ((Banks == FLASH_BANK_1) || (Banks == FLASH_BANK_BOTH)
 655:Drivers/STM32F4xx_HAL_Driver/Src/stm32f4xx_hal_flash_ex.c ****         (WRPSector < OB_WRP_SECTOR_12))
 656:Drivers/STM32F4xx_HAL_Driver/Src/stm32f4xx_hal_flash_ex.c ****     {
 657:Drivers/STM32F4xx_HAL_Driver/Src/stm32f4xx_hal_flash_ex.c ****       if (WRPSector == OB_WRP_SECTOR_All)
 658:Drivers/STM32F4xx_HAL_Driver/Src/stm32f4xx_hal_flash_ex.c ****       {
 659:Drivers/STM32F4xx_HAL_Driver/Src/stm32f4xx_hal_flash_ex.c ****         /*Write protection on all sector of BANK1*/
 660:Drivers/STM32F4xx_HAL_Driver/Src/stm32f4xx_hal_flash_ex.c ****         *(__IO uint16_t *)OPTCR_BYTE2_ADDRESS &= (~(WRPSector >> 12));
 661:Drivers/STM32F4xx_HAL_Driver/Src/stm32f4xx_hal_flash_ex.c ****       }
 662:Drivers/STM32F4xx_HAL_Driver/Src/stm32f4xx_hal_flash_ex.c ****       else
 663:Drivers/STM32F4xx_HAL_Driver/Src/stm32f4xx_hal_flash_ex.c ****       {
 664:Drivers/STM32F4xx_HAL_Driver/Src/stm32f4xx_hal_flash_ex.c ****         /*Write protection done on sectors of BANK1*/
 665:Drivers/STM32F4xx_HAL_Driver/Src/stm32f4xx_hal_flash_ex.c ****         *(__IO uint16_t *)OPTCR_BYTE2_ADDRESS &= (~WRPSector);
 666:Drivers/STM32F4xx_HAL_Driver/Src/stm32f4xx_hal_flash_ex.c ****       }
 667:Drivers/STM32F4xx_HAL_Driver/Src/stm32f4xx_hal_flash_ex.c ****     }
 668:Drivers/STM32F4xx_HAL_Driver/Src/stm32f4xx_hal_flash_ex.c ****     else
 669:Drivers/STM32F4xx_HAL_Driver/Src/stm32f4xx_hal_flash_ex.c ****     {
 670:Drivers/STM32F4xx_HAL_Driver/Src/stm32f4xx_hal_flash_ex.c ****       /*Write protection done on sectors of BANK2*/
 671:Drivers/STM32F4xx_HAL_Driver/Src/stm32f4xx_hal_flash_ex.c ****       *(__IO uint16_t *)OPTCR1_BYTE2_ADDRESS &= (~(WRPSector >> 12));
 672:Drivers/STM32F4xx_HAL_Driver/Src/stm32f4xx_hal_flash_ex.c ****     }
 673:Drivers/STM32F4xx_HAL_Driver/Src/stm32f4xx_hal_flash_ex.c **** 
 674:Drivers/STM32F4xx_HAL_Driver/Src/stm32f4xx_hal_flash_ex.c ****     /*Write protection on all sector of BANK2*/
 675:Drivers/STM32F4xx_HAL_Driver/Src/stm32f4xx_hal_flash_ex.c ****     if ((WRPSector == OB_WRP_SECTOR_All) && (Banks == FLASH_BANK_BOTH))
ARM GAS  C:\Users\DAELT-~1\AppData\Local\Temp\ccgEWNW2.s 			page 27


 676:Drivers/STM32F4xx_HAL_Driver/Src/stm32f4xx_hal_flash_ex.c ****     {
 677:Drivers/STM32F4xx_HAL_Driver/Src/stm32f4xx_hal_flash_ex.c ****       /* Wait for last operation to be completed */
 678:Drivers/STM32F4xx_HAL_Driver/Src/stm32f4xx_hal_flash_ex.c ****       status = FLASH_WaitForLastOperation((uint32_t)FLASH_TIMEOUT_VALUE);
 679:Drivers/STM32F4xx_HAL_Driver/Src/stm32f4xx_hal_flash_ex.c **** 
 680:Drivers/STM32F4xx_HAL_Driver/Src/stm32f4xx_hal_flash_ex.c ****       if (status == HAL_OK)
 681:Drivers/STM32F4xx_HAL_Driver/Src/stm32f4xx_hal_flash_ex.c ****       {
 682:Drivers/STM32F4xx_HAL_Driver/Src/stm32f4xx_hal_flash_ex.c ****         *(__IO uint16_t *)OPTCR1_BYTE2_ADDRESS &= (~(WRPSector >> 12));
 683:Drivers/STM32F4xx_HAL_Driver/Src/stm32f4xx_hal_flash_ex.c ****       }
 684:Drivers/STM32F4xx_HAL_Driver/Src/stm32f4xx_hal_flash_ex.c ****     }
 685:Drivers/STM32F4xx_HAL_Driver/Src/stm32f4xx_hal_flash_ex.c **** 
 686:Drivers/STM32F4xx_HAL_Driver/Src/stm32f4xx_hal_flash_ex.c ****   }
 687:Drivers/STM32F4xx_HAL_Driver/Src/stm32f4xx_hal_flash_ex.c ****   return status;
 688:Drivers/STM32F4xx_HAL_Driver/Src/stm32f4xx_hal_flash_ex.c **** }
 689:Drivers/STM32F4xx_HAL_Driver/Src/stm32f4xx_hal_flash_ex.c **** 
 690:Drivers/STM32F4xx_HAL_Driver/Src/stm32f4xx_hal_flash_ex.c **** /**
 691:Drivers/STM32F4xx_HAL_Driver/Src/stm32f4xx_hal_flash_ex.c ****   * @brief  Disable the write protection of the desired bank1 or bank 2 sectors
 692:Drivers/STM32F4xx_HAL_Driver/Src/stm32f4xx_hal_flash_ex.c ****   *
 693:Drivers/STM32F4xx_HAL_Driver/Src/stm32f4xx_hal_flash_ex.c ****   * @note   When the memory read protection level is selected (RDP level = 1),
 694:Drivers/STM32F4xx_HAL_Driver/Src/stm32f4xx_hal_flash_ex.c ****   *         it is not possible to program or erase the flash sector i if CortexM4
 695:Drivers/STM32F4xx_HAL_Driver/Src/stm32f4xx_hal_flash_ex.c ****   *         debug features are connected or boot code is executed in RAM, even if nWRPi = 1
 696:Drivers/STM32F4xx_HAL_Driver/Src/stm32f4xx_hal_flash_ex.c ****   * @note   Active value of nWRPi bits is inverted when PCROP mode is active (SPRMOD =1).
 697:Drivers/STM32F4xx_HAL_Driver/Src/stm32f4xx_hal_flash_ex.c ****   *
 698:Drivers/STM32F4xx_HAL_Driver/Src/stm32f4xx_hal_flash_ex.c ****   * @param  WRPSector specifies the sector(s) to be write protected.
 699:Drivers/STM32F4xx_HAL_Driver/Src/stm32f4xx_hal_flash_ex.c ****   *          This parameter can be one of the following values:
 700:Drivers/STM32F4xx_HAL_Driver/Src/stm32f4xx_hal_flash_ex.c ****   *            @arg WRPSector: A value between OB_WRP_SECTOR_0 and OB_WRP_SECTOR_23
 701:Drivers/STM32F4xx_HAL_Driver/Src/stm32f4xx_hal_flash_ex.c ****   *            @arg OB_WRP_Sector_All
 702:Drivers/STM32F4xx_HAL_Driver/Src/stm32f4xx_hal_flash_ex.c ****   * @note   BANK2 starts from OB_WRP_SECTOR_12
 703:Drivers/STM32F4xx_HAL_Driver/Src/stm32f4xx_hal_flash_ex.c ****   *
 704:Drivers/STM32F4xx_HAL_Driver/Src/stm32f4xx_hal_flash_ex.c ****   * @param  Banks Disable write protection on all the sectors for the specific bank
 705:Drivers/STM32F4xx_HAL_Driver/Src/stm32f4xx_hal_flash_ex.c ****   *          This parameter can be one of the following values:
 706:Drivers/STM32F4xx_HAL_Driver/Src/stm32f4xx_hal_flash_ex.c ****   *            @arg FLASH_BANK_1: Bank1 to be erased
 707:Drivers/STM32F4xx_HAL_Driver/Src/stm32f4xx_hal_flash_ex.c ****   *            @arg FLASH_BANK_2: Bank2 to be erased
 708:Drivers/STM32F4xx_HAL_Driver/Src/stm32f4xx_hal_flash_ex.c ****   *            @arg FLASH_BANK_BOTH: Bank1 and Bank2 to be erased
 709:Drivers/STM32F4xx_HAL_Driver/Src/stm32f4xx_hal_flash_ex.c ****   *
 710:Drivers/STM32F4xx_HAL_Driver/Src/stm32f4xx_hal_flash_ex.c ****   * @retval HAL Status
 711:Drivers/STM32F4xx_HAL_Driver/Src/stm32f4xx_hal_flash_ex.c ****   */
 712:Drivers/STM32F4xx_HAL_Driver/Src/stm32f4xx_hal_flash_ex.c **** static HAL_StatusTypeDef FLASH_OB_DisableWRP(uint32_t WRPSector, uint32_t Banks)
 713:Drivers/STM32F4xx_HAL_Driver/Src/stm32f4xx_hal_flash_ex.c **** {
 714:Drivers/STM32F4xx_HAL_Driver/Src/stm32f4xx_hal_flash_ex.c ****   HAL_StatusTypeDef status = HAL_OK;
 715:Drivers/STM32F4xx_HAL_Driver/Src/stm32f4xx_hal_flash_ex.c **** 
 716:Drivers/STM32F4xx_HAL_Driver/Src/stm32f4xx_hal_flash_ex.c ****   /* Check the parameters */
 717:Drivers/STM32F4xx_HAL_Driver/Src/stm32f4xx_hal_flash_ex.c ****   assert_param(IS_OB_WRP_SECTOR(WRPSector));
 718:Drivers/STM32F4xx_HAL_Driver/Src/stm32f4xx_hal_flash_ex.c ****   assert_param(IS_FLASH_BANK(Banks));
 719:Drivers/STM32F4xx_HAL_Driver/Src/stm32f4xx_hal_flash_ex.c **** 
 720:Drivers/STM32F4xx_HAL_Driver/Src/stm32f4xx_hal_flash_ex.c ****   /* Wait for last operation to be completed */
 721:Drivers/STM32F4xx_HAL_Driver/Src/stm32f4xx_hal_flash_ex.c ****   status = FLASH_WaitForLastOperation((uint32_t)FLASH_TIMEOUT_VALUE);
 722:Drivers/STM32F4xx_HAL_Driver/Src/stm32f4xx_hal_flash_ex.c **** 
 723:Drivers/STM32F4xx_HAL_Driver/Src/stm32f4xx_hal_flash_ex.c ****   if (status == HAL_OK)
 724:Drivers/STM32F4xx_HAL_Driver/Src/stm32f4xx_hal_flash_ex.c ****   {
 725:Drivers/STM32F4xx_HAL_Driver/Src/stm32f4xx_hal_flash_ex.c ****     if (((WRPSector == OB_WRP_SECTOR_All) && ((Banks == FLASH_BANK_1) || (Banks == FLASH_BANK_BOTH)
 726:Drivers/STM32F4xx_HAL_Driver/Src/stm32f4xx_hal_flash_ex.c ****         (WRPSector < OB_WRP_SECTOR_12))
 727:Drivers/STM32F4xx_HAL_Driver/Src/stm32f4xx_hal_flash_ex.c ****     {
 728:Drivers/STM32F4xx_HAL_Driver/Src/stm32f4xx_hal_flash_ex.c ****       if (WRPSector == OB_WRP_SECTOR_All)
 729:Drivers/STM32F4xx_HAL_Driver/Src/stm32f4xx_hal_flash_ex.c ****       {
 730:Drivers/STM32F4xx_HAL_Driver/Src/stm32f4xx_hal_flash_ex.c ****         /*Write protection on all sector of BANK1*/
 731:Drivers/STM32F4xx_HAL_Driver/Src/stm32f4xx_hal_flash_ex.c ****         *(__IO uint16_t *)OPTCR_BYTE2_ADDRESS |= (uint16_t)(WRPSector >> 12);
 732:Drivers/STM32F4xx_HAL_Driver/Src/stm32f4xx_hal_flash_ex.c ****       }
ARM GAS  C:\Users\DAELT-~1\AppData\Local\Temp\ccgEWNW2.s 			page 28


 733:Drivers/STM32F4xx_HAL_Driver/Src/stm32f4xx_hal_flash_ex.c ****       else
 734:Drivers/STM32F4xx_HAL_Driver/Src/stm32f4xx_hal_flash_ex.c ****       {
 735:Drivers/STM32F4xx_HAL_Driver/Src/stm32f4xx_hal_flash_ex.c ****         /*Write protection done on sectors of BANK1*/
 736:Drivers/STM32F4xx_HAL_Driver/Src/stm32f4xx_hal_flash_ex.c ****         *(__IO uint16_t *)OPTCR_BYTE2_ADDRESS |= (uint16_t)WRPSector;
 737:Drivers/STM32F4xx_HAL_Driver/Src/stm32f4xx_hal_flash_ex.c ****       }
 738:Drivers/STM32F4xx_HAL_Driver/Src/stm32f4xx_hal_flash_ex.c ****     }
 739:Drivers/STM32F4xx_HAL_Driver/Src/stm32f4xx_hal_flash_ex.c ****     else
 740:Drivers/STM32F4xx_HAL_Driver/Src/stm32f4xx_hal_flash_ex.c ****     {
 741:Drivers/STM32F4xx_HAL_Driver/Src/stm32f4xx_hal_flash_ex.c ****       /*Write protection done on sectors of BANK2*/
 742:Drivers/STM32F4xx_HAL_Driver/Src/stm32f4xx_hal_flash_ex.c ****       *(__IO uint16_t *)OPTCR1_BYTE2_ADDRESS |= (uint16_t)(WRPSector >> 12);
 743:Drivers/STM32F4xx_HAL_Driver/Src/stm32f4xx_hal_flash_ex.c ****     }
 744:Drivers/STM32F4xx_HAL_Driver/Src/stm32f4xx_hal_flash_ex.c **** 
 745:Drivers/STM32F4xx_HAL_Driver/Src/stm32f4xx_hal_flash_ex.c ****     /*Write protection on all sector  of BANK2*/
 746:Drivers/STM32F4xx_HAL_Driver/Src/stm32f4xx_hal_flash_ex.c ****     if ((WRPSector == OB_WRP_SECTOR_All) && (Banks == FLASH_BANK_BOTH))
 747:Drivers/STM32F4xx_HAL_Driver/Src/stm32f4xx_hal_flash_ex.c ****     {
 748:Drivers/STM32F4xx_HAL_Driver/Src/stm32f4xx_hal_flash_ex.c ****       /* Wait for last operation to be completed */
 749:Drivers/STM32F4xx_HAL_Driver/Src/stm32f4xx_hal_flash_ex.c ****       status = FLASH_WaitForLastOperation((uint32_t)FLASH_TIMEOUT_VALUE);
 750:Drivers/STM32F4xx_HAL_Driver/Src/stm32f4xx_hal_flash_ex.c **** 
 751:Drivers/STM32F4xx_HAL_Driver/Src/stm32f4xx_hal_flash_ex.c ****       if (status == HAL_OK)
 752:Drivers/STM32F4xx_HAL_Driver/Src/stm32f4xx_hal_flash_ex.c ****       {
 753:Drivers/STM32F4xx_HAL_Driver/Src/stm32f4xx_hal_flash_ex.c ****         *(__IO uint16_t *)OPTCR1_BYTE2_ADDRESS |= (uint16_t)(WRPSector >> 12);
 754:Drivers/STM32F4xx_HAL_Driver/Src/stm32f4xx_hal_flash_ex.c ****       }
 755:Drivers/STM32F4xx_HAL_Driver/Src/stm32f4xx_hal_flash_ex.c ****     }
 756:Drivers/STM32F4xx_HAL_Driver/Src/stm32f4xx_hal_flash_ex.c **** 
 757:Drivers/STM32F4xx_HAL_Driver/Src/stm32f4xx_hal_flash_ex.c ****   }
 758:Drivers/STM32F4xx_HAL_Driver/Src/stm32f4xx_hal_flash_ex.c **** 
 759:Drivers/STM32F4xx_HAL_Driver/Src/stm32f4xx_hal_flash_ex.c ****   return status;
 760:Drivers/STM32F4xx_HAL_Driver/Src/stm32f4xx_hal_flash_ex.c **** }
 761:Drivers/STM32F4xx_HAL_Driver/Src/stm32f4xx_hal_flash_ex.c **** 
 762:Drivers/STM32F4xx_HAL_Driver/Src/stm32f4xx_hal_flash_ex.c **** /**
 763:Drivers/STM32F4xx_HAL_Driver/Src/stm32f4xx_hal_flash_ex.c ****   * @brief  Configure the Dual Bank Boot.
 764:Drivers/STM32F4xx_HAL_Driver/Src/stm32f4xx_hal_flash_ex.c ****   *
 765:Drivers/STM32F4xx_HAL_Driver/Src/stm32f4xx_hal_flash_ex.c ****   * @note   This function can be used only for STM32F42xxx/43xxx devices.
 766:Drivers/STM32F4xx_HAL_Driver/Src/stm32f4xx_hal_flash_ex.c ****   *
 767:Drivers/STM32F4xx_HAL_Driver/Src/stm32f4xx_hal_flash_ex.c ****   * @param  BootConfig specifies the Dual Bank Boot Option byte.
 768:Drivers/STM32F4xx_HAL_Driver/Src/stm32f4xx_hal_flash_ex.c ****   *          This parameter can be one of the following values:
 769:Drivers/STM32F4xx_HAL_Driver/Src/stm32f4xx_hal_flash_ex.c ****   *            @arg OB_Dual_BootEnabled: Dual Bank Boot Enable
 770:Drivers/STM32F4xx_HAL_Driver/Src/stm32f4xx_hal_flash_ex.c ****   *            @arg OB_Dual_BootDisabled: Dual Bank Boot Disabled
 771:Drivers/STM32F4xx_HAL_Driver/Src/stm32f4xx_hal_flash_ex.c ****   * @retval None
 772:Drivers/STM32F4xx_HAL_Driver/Src/stm32f4xx_hal_flash_ex.c ****   */
 773:Drivers/STM32F4xx_HAL_Driver/Src/stm32f4xx_hal_flash_ex.c **** static HAL_StatusTypeDef FLASH_OB_BootConfig(uint8_t BootConfig)
 774:Drivers/STM32F4xx_HAL_Driver/Src/stm32f4xx_hal_flash_ex.c **** {
 775:Drivers/STM32F4xx_HAL_Driver/Src/stm32f4xx_hal_flash_ex.c ****   HAL_StatusTypeDef status = HAL_OK;
 776:Drivers/STM32F4xx_HAL_Driver/Src/stm32f4xx_hal_flash_ex.c **** 
 777:Drivers/STM32F4xx_HAL_Driver/Src/stm32f4xx_hal_flash_ex.c ****   /* Check the parameters */
 778:Drivers/STM32F4xx_HAL_Driver/Src/stm32f4xx_hal_flash_ex.c ****   assert_param(IS_OB_BOOT(BootConfig));
 779:Drivers/STM32F4xx_HAL_Driver/Src/stm32f4xx_hal_flash_ex.c **** 
 780:Drivers/STM32F4xx_HAL_Driver/Src/stm32f4xx_hal_flash_ex.c ****   /* Wait for last operation to be completed */
 781:Drivers/STM32F4xx_HAL_Driver/Src/stm32f4xx_hal_flash_ex.c ****   status = FLASH_WaitForLastOperation((uint32_t)FLASH_TIMEOUT_VALUE);
 782:Drivers/STM32F4xx_HAL_Driver/Src/stm32f4xx_hal_flash_ex.c **** 
 783:Drivers/STM32F4xx_HAL_Driver/Src/stm32f4xx_hal_flash_ex.c ****   if (status == HAL_OK)
 784:Drivers/STM32F4xx_HAL_Driver/Src/stm32f4xx_hal_flash_ex.c ****   {
 785:Drivers/STM32F4xx_HAL_Driver/Src/stm32f4xx_hal_flash_ex.c ****     /* Set Dual Bank Boot */
 786:Drivers/STM32F4xx_HAL_Driver/Src/stm32f4xx_hal_flash_ex.c ****     *(__IO uint8_t *)OPTCR_BYTE0_ADDRESS &= (~FLASH_OPTCR_BFB2);
 787:Drivers/STM32F4xx_HAL_Driver/Src/stm32f4xx_hal_flash_ex.c ****     *(__IO uint8_t *)OPTCR_BYTE0_ADDRESS |= BootConfig;
 788:Drivers/STM32F4xx_HAL_Driver/Src/stm32f4xx_hal_flash_ex.c ****   }
 789:Drivers/STM32F4xx_HAL_Driver/Src/stm32f4xx_hal_flash_ex.c **** 
ARM GAS  C:\Users\DAELT-~1\AppData\Local\Temp\ccgEWNW2.s 			page 29


 790:Drivers/STM32F4xx_HAL_Driver/Src/stm32f4xx_hal_flash_ex.c ****   return status;
 791:Drivers/STM32F4xx_HAL_Driver/Src/stm32f4xx_hal_flash_ex.c **** }
 792:Drivers/STM32F4xx_HAL_Driver/Src/stm32f4xx_hal_flash_ex.c **** 
 793:Drivers/STM32F4xx_HAL_Driver/Src/stm32f4xx_hal_flash_ex.c **** /**
 794:Drivers/STM32F4xx_HAL_Driver/Src/stm32f4xx_hal_flash_ex.c ****   * @brief  Enable the read/write protection (PCROP) of the desired
 795:Drivers/STM32F4xx_HAL_Driver/Src/stm32f4xx_hal_flash_ex.c ****   *         sectors of Bank 1 and/or Bank 2.
 796:Drivers/STM32F4xx_HAL_Driver/Src/stm32f4xx_hal_flash_ex.c ****   * @note   This function can be used only for STM32F42xxx/43xxx devices.
 797:Drivers/STM32F4xx_HAL_Driver/Src/stm32f4xx_hal_flash_ex.c ****   * @param  SectorBank1 Specifies the sector(s) to be read/write protected or unprotected for bank1
 798:Drivers/STM32F4xx_HAL_Driver/Src/stm32f4xx_hal_flash_ex.c ****   *          This parameter can be one of the following values:
 799:Drivers/STM32F4xx_HAL_Driver/Src/stm32f4xx_hal_flash_ex.c ****   *            @arg OB_PCROP: A value between OB_PCROP_SECTOR_0 and OB_PCROP_SECTOR_11
 800:Drivers/STM32F4xx_HAL_Driver/Src/stm32f4xx_hal_flash_ex.c ****   *            @arg OB_PCROP_SECTOR__All
 801:Drivers/STM32F4xx_HAL_Driver/Src/stm32f4xx_hal_flash_ex.c ****   * @param  SectorBank2 Specifies the sector(s) to be read/write protected or unprotected for bank2
 802:Drivers/STM32F4xx_HAL_Driver/Src/stm32f4xx_hal_flash_ex.c ****   *          This parameter can be one of the following values:
 803:Drivers/STM32F4xx_HAL_Driver/Src/stm32f4xx_hal_flash_ex.c ****   *            @arg OB_PCROP: A value between OB_PCROP_SECTOR_12 and OB_PCROP_SECTOR_23
 804:Drivers/STM32F4xx_HAL_Driver/Src/stm32f4xx_hal_flash_ex.c ****   *            @arg OB_PCROP_SECTOR__All
 805:Drivers/STM32F4xx_HAL_Driver/Src/stm32f4xx_hal_flash_ex.c ****   * @param  Banks Enable PCROP protection on all the sectors for the specific bank
 806:Drivers/STM32F4xx_HAL_Driver/Src/stm32f4xx_hal_flash_ex.c ****   *          This parameter can be one of the following values:
 807:Drivers/STM32F4xx_HAL_Driver/Src/stm32f4xx_hal_flash_ex.c ****   *            @arg FLASH_BANK_1: WRP on all sectors of bank1
 808:Drivers/STM32F4xx_HAL_Driver/Src/stm32f4xx_hal_flash_ex.c ****   *            @arg FLASH_BANK_2: WRP on all sectors of bank2
 809:Drivers/STM32F4xx_HAL_Driver/Src/stm32f4xx_hal_flash_ex.c ****   *            @arg FLASH_BANK_BOTH: WRP on all sectors of bank1 & bank2
 810:Drivers/STM32F4xx_HAL_Driver/Src/stm32f4xx_hal_flash_ex.c ****   *
 811:Drivers/STM32F4xx_HAL_Driver/Src/stm32f4xx_hal_flash_ex.c ****   * @retval HAL Status
 812:Drivers/STM32F4xx_HAL_Driver/Src/stm32f4xx_hal_flash_ex.c ****   */
 813:Drivers/STM32F4xx_HAL_Driver/Src/stm32f4xx_hal_flash_ex.c **** static HAL_StatusTypeDef FLASH_OB_EnablePCROP(uint32_t SectorBank1, uint32_t SectorBank2, uint32_t 
 814:Drivers/STM32F4xx_HAL_Driver/Src/stm32f4xx_hal_flash_ex.c **** {
 815:Drivers/STM32F4xx_HAL_Driver/Src/stm32f4xx_hal_flash_ex.c ****   HAL_StatusTypeDef status = HAL_OK;
 816:Drivers/STM32F4xx_HAL_Driver/Src/stm32f4xx_hal_flash_ex.c **** 
 817:Drivers/STM32F4xx_HAL_Driver/Src/stm32f4xx_hal_flash_ex.c ****   assert_param(IS_FLASH_BANK(Banks));
 818:Drivers/STM32F4xx_HAL_Driver/Src/stm32f4xx_hal_flash_ex.c **** 
 819:Drivers/STM32F4xx_HAL_Driver/Src/stm32f4xx_hal_flash_ex.c ****   /* Wait for last operation to be completed */
 820:Drivers/STM32F4xx_HAL_Driver/Src/stm32f4xx_hal_flash_ex.c ****   status = FLASH_WaitForLastOperation((uint32_t)FLASH_TIMEOUT_VALUE);
 821:Drivers/STM32F4xx_HAL_Driver/Src/stm32f4xx_hal_flash_ex.c **** 
 822:Drivers/STM32F4xx_HAL_Driver/Src/stm32f4xx_hal_flash_ex.c ****   if (status == HAL_OK)
 823:Drivers/STM32F4xx_HAL_Driver/Src/stm32f4xx_hal_flash_ex.c ****   {
 824:Drivers/STM32F4xx_HAL_Driver/Src/stm32f4xx_hal_flash_ex.c ****     if ((Banks == FLASH_BANK_1) || (Banks == FLASH_BANK_BOTH))
 825:Drivers/STM32F4xx_HAL_Driver/Src/stm32f4xx_hal_flash_ex.c ****     {
 826:Drivers/STM32F4xx_HAL_Driver/Src/stm32f4xx_hal_flash_ex.c ****       assert_param(IS_OB_PCROP(SectorBank1));
 827:Drivers/STM32F4xx_HAL_Driver/Src/stm32f4xx_hal_flash_ex.c ****       /*Write protection done on sectors of BANK1*/
 828:Drivers/STM32F4xx_HAL_Driver/Src/stm32f4xx_hal_flash_ex.c ****       *(__IO uint16_t *)OPTCR_BYTE2_ADDRESS |= (uint16_t)SectorBank1;
 829:Drivers/STM32F4xx_HAL_Driver/Src/stm32f4xx_hal_flash_ex.c ****     }
 830:Drivers/STM32F4xx_HAL_Driver/Src/stm32f4xx_hal_flash_ex.c ****     else
 831:Drivers/STM32F4xx_HAL_Driver/Src/stm32f4xx_hal_flash_ex.c ****     {
 832:Drivers/STM32F4xx_HAL_Driver/Src/stm32f4xx_hal_flash_ex.c ****       assert_param(IS_OB_PCROP(SectorBank2));
 833:Drivers/STM32F4xx_HAL_Driver/Src/stm32f4xx_hal_flash_ex.c ****       /*Write protection done on sectors of BANK2*/
 834:Drivers/STM32F4xx_HAL_Driver/Src/stm32f4xx_hal_flash_ex.c ****       *(__IO uint16_t *)OPTCR1_BYTE2_ADDRESS |= (uint16_t)SectorBank2;
 835:Drivers/STM32F4xx_HAL_Driver/Src/stm32f4xx_hal_flash_ex.c ****     }
 836:Drivers/STM32F4xx_HAL_Driver/Src/stm32f4xx_hal_flash_ex.c **** 
 837:Drivers/STM32F4xx_HAL_Driver/Src/stm32f4xx_hal_flash_ex.c ****     /*Write protection on all sector  of BANK2*/
 838:Drivers/STM32F4xx_HAL_Driver/Src/stm32f4xx_hal_flash_ex.c ****     if (Banks == FLASH_BANK_BOTH)
 839:Drivers/STM32F4xx_HAL_Driver/Src/stm32f4xx_hal_flash_ex.c ****     {
 840:Drivers/STM32F4xx_HAL_Driver/Src/stm32f4xx_hal_flash_ex.c ****       assert_param(IS_OB_PCROP(SectorBank2));
 841:Drivers/STM32F4xx_HAL_Driver/Src/stm32f4xx_hal_flash_ex.c ****       /* Wait for last operation to be completed */
 842:Drivers/STM32F4xx_HAL_Driver/Src/stm32f4xx_hal_flash_ex.c ****       status = FLASH_WaitForLastOperation((uint32_t)FLASH_TIMEOUT_VALUE);
 843:Drivers/STM32F4xx_HAL_Driver/Src/stm32f4xx_hal_flash_ex.c **** 
 844:Drivers/STM32F4xx_HAL_Driver/Src/stm32f4xx_hal_flash_ex.c ****       if (status == HAL_OK)
 845:Drivers/STM32F4xx_HAL_Driver/Src/stm32f4xx_hal_flash_ex.c ****       {
 846:Drivers/STM32F4xx_HAL_Driver/Src/stm32f4xx_hal_flash_ex.c ****         /*Write protection done on sectors of BANK2*/
ARM GAS  C:\Users\DAELT-~1\AppData\Local\Temp\ccgEWNW2.s 			page 30


 847:Drivers/STM32F4xx_HAL_Driver/Src/stm32f4xx_hal_flash_ex.c ****         *(__IO uint16_t *)OPTCR1_BYTE2_ADDRESS |= (uint16_t)SectorBank2;
 848:Drivers/STM32F4xx_HAL_Driver/Src/stm32f4xx_hal_flash_ex.c ****       }
 849:Drivers/STM32F4xx_HAL_Driver/Src/stm32f4xx_hal_flash_ex.c ****     }
 850:Drivers/STM32F4xx_HAL_Driver/Src/stm32f4xx_hal_flash_ex.c **** 
 851:Drivers/STM32F4xx_HAL_Driver/Src/stm32f4xx_hal_flash_ex.c ****   }
 852:Drivers/STM32F4xx_HAL_Driver/Src/stm32f4xx_hal_flash_ex.c **** 
 853:Drivers/STM32F4xx_HAL_Driver/Src/stm32f4xx_hal_flash_ex.c ****   return status;
 854:Drivers/STM32F4xx_HAL_Driver/Src/stm32f4xx_hal_flash_ex.c **** }
 855:Drivers/STM32F4xx_HAL_Driver/Src/stm32f4xx_hal_flash_ex.c **** 
 856:Drivers/STM32F4xx_HAL_Driver/Src/stm32f4xx_hal_flash_ex.c **** 
 857:Drivers/STM32F4xx_HAL_Driver/Src/stm32f4xx_hal_flash_ex.c **** /**
 858:Drivers/STM32F4xx_HAL_Driver/Src/stm32f4xx_hal_flash_ex.c ****   * @brief  Disable the read/write protection (PCROP) of the desired
 859:Drivers/STM32F4xx_HAL_Driver/Src/stm32f4xx_hal_flash_ex.c ****   *         sectors  of Bank 1 and/or Bank 2.
 860:Drivers/STM32F4xx_HAL_Driver/Src/stm32f4xx_hal_flash_ex.c ****   * @note   This function can be used only for STM32F42xxx/43xxx devices.
 861:Drivers/STM32F4xx_HAL_Driver/Src/stm32f4xx_hal_flash_ex.c ****   * @param  SectorBank1 specifies the sector(s) to be read/write protected or unprotected for bank1
 862:Drivers/STM32F4xx_HAL_Driver/Src/stm32f4xx_hal_flash_ex.c ****   *          This parameter can be one of the following values:
 863:Drivers/STM32F4xx_HAL_Driver/Src/stm32f4xx_hal_flash_ex.c ****   *            @arg OB_PCROP: A value between OB_PCROP_SECTOR_0 and OB_PCROP_SECTOR_11
 864:Drivers/STM32F4xx_HAL_Driver/Src/stm32f4xx_hal_flash_ex.c ****   *            @arg OB_PCROP_SECTOR__All
 865:Drivers/STM32F4xx_HAL_Driver/Src/stm32f4xx_hal_flash_ex.c ****   * @param  SectorBank2 Specifies the sector(s) to be read/write protected or unprotected for bank2
 866:Drivers/STM32F4xx_HAL_Driver/Src/stm32f4xx_hal_flash_ex.c ****   *          This parameter can be one of the following values:
 867:Drivers/STM32F4xx_HAL_Driver/Src/stm32f4xx_hal_flash_ex.c ****   *            @arg OB_PCROP: A value between OB_PCROP_SECTOR_12 and OB_PCROP_SECTOR_23
 868:Drivers/STM32F4xx_HAL_Driver/Src/stm32f4xx_hal_flash_ex.c ****   *            @arg OB_PCROP_SECTOR__All
 869:Drivers/STM32F4xx_HAL_Driver/Src/stm32f4xx_hal_flash_ex.c ****   * @param  Banks Disable PCROP protection on all the sectors for the specific bank
 870:Drivers/STM32F4xx_HAL_Driver/Src/stm32f4xx_hal_flash_ex.c ****   *          This parameter can be one of the following values:
 871:Drivers/STM32F4xx_HAL_Driver/Src/stm32f4xx_hal_flash_ex.c ****   *            @arg FLASH_BANK_1: WRP on all sectors of bank1
 872:Drivers/STM32F4xx_HAL_Driver/Src/stm32f4xx_hal_flash_ex.c ****   *            @arg FLASH_BANK_2: WRP on all sectors of bank2
 873:Drivers/STM32F4xx_HAL_Driver/Src/stm32f4xx_hal_flash_ex.c ****   *            @arg FLASH_BANK_BOTH: WRP on all sectors of bank1 & bank2
 874:Drivers/STM32F4xx_HAL_Driver/Src/stm32f4xx_hal_flash_ex.c ****   *
 875:Drivers/STM32F4xx_HAL_Driver/Src/stm32f4xx_hal_flash_ex.c ****   * @retval HAL Status
 876:Drivers/STM32F4xx_HAL_Driver/Src/stm32f4xx_hal_flash_ex.c ****   */
 877:Drivers/STM32F4xx_HAL_Driver/Src/stm32f4xx_hal_flash_ex.c **** static HAL_StatusTypeDef FLASH_OB_DisablePCROP(uint32_t SectorBank1, uint32_t SectorBank2, uint32_t
 878:Drivers/STM32F4xx_HAL_Driver/Src/stm32f4xx_hal_flash_ex.c **** {
 879:Drivers/STM32F4xx_HAL_Driver/Src/stm32f4xx_hal_flash_ex.c ****   HAL_StatusTypeDef status = HAL_OK;
 880:Drivers/STM32F4xx_HAL_Driver/Src/stm32f4xx_hal_flash_ex.c **** 
 881:Drivers/STM32F4xx_HAL_Driver/Src/stm32f4xx_hal_flash_ex.c ****   /* Check the parameters */
 882:Drivers/STM32F4xx_HAL_Driver/Src/stm32f4xx_hal_flash_ex.c ****   assert_param(IS_FLASH_BANK(Banks));
 883:Drivers/STM32F4xx_HAL_Driver/Src/stm32f4xx_hal_flash_ex.c **** 
 884:Drivers/STM32F4xx_HAL_Driver/Src/stm32f4xx_hal_flash_ex.c ****   /* Wait for last operation to be completed */
 885:Drivers/STM32F4xx_HAL_Driver/Src/stm32f4xx_hal_flash_ex.c ****   status = FLASH_WaitForLastOperation((uint32_t)FLASH_TIMEOUT_VALUE);
 886:Drivers/STM32F4xx_HAL_Driver/Src/stm32f4xx_hal_flash_ex.c **** 
 887:Drivers/STM32F4xx_HAL_Driver/Src/stm32f4xx_hal_flash_ex.c ****   if (status == HAL_OK)
 888:Drivers/STM32F4xx_HAL_Driver/Src/stm32f4xx_hal_flash_ex.c ****   {
 889:Drivers/STM32F4xx_HAL_Driver/Src/stm32f4xx_hal_flash_ex.c ****     if ((Banks == FLASH_BANK_1) || (Banks == FLASH_BANK_BOTH))
 890:Drivers/STM32F4xx_HAL_Driver/Src/stm32f4xx_hal_flash_ex.c ****     {
 891:Drivers/STM32F4xx_HAL_Driver/Src/stm32f4xx_hal_flash_ex.c ****       assert_param(IS_OB_PCROP(SectorBank1));
 892:Drivers/STM32F4xx_HAL_Driver/Src/stm32f4xx_hal_flash_ex.c ****       /*Write protection done on sectors of BANK1*/
 893:Drivers/STM32F4xx_HAL_Driver/Src/stm32f4xx_hal_flash_ex.c ****       *(__IO uint16_t *)OPTCR_BYTE2_ADDRESS &= (~SectorBank1);
 894:Drivers/STM32F4xx_HAL_Driver/Src/stm32f4xx_hal_flash_ex.c ****     }
 895:Drivers/STM32F4xx_HAL_Driver/Src/stm32f4xx_hal_flash_ex.c ****     else
 896:Drivers/STM32F4xx_HAL_Driver/Src/stm32f4xx_hal_flash_ex.c ****     {
 897:Drivers/STM32F4xx_HAL_Driver/Src/stm32f4xx_hal_flash_ex.c ****       /*Write protection done on sectors of BANK2*/
 898:Drivers/STM32F4xx_HAL_Driver/Src/stm32f4xx_hal_flash_ex.c ****       assert_param(IS_OB_PCROP(SectorBank2));
 899:Drivers/STM32F4xx_HAL_Driver/Src/stm32f4xx_hal_flash_ex.c ****       *(__IO uint16_t *)OPTCR1_BYTE2_ADDRESS &= (~SectorBank2);
 900:Drivers/STM32F4xx_HAL_Driver/Src/stm32f4xx_hal_flash_ex.c ****     }
 901:Drivers/STM32F4xx_HAL_Driver/Src/stm32f4xx_hal_flash_ex.c **** 
 902:Drivers/STM32F4xx_HAL_Driver/Src/stm32f4xx_hal_flash_ex.c ****     /*Write protection on all sector  of BANK2*/
 903:Drivers/STM32F4xx_HAL_Driver/Src/stm32f4xx_hal_flash_ex.c ****     if (Banks == FLASH_BANK_BOTH)
ARM GAS  C:\Users\DAELT-~1\AppData\Local\Temp\ccgEWNW2.s 			page 31


 904:Drivers/STM32F4xx_HAL_Driver/Src/stm32f4xx_hal_flash_ex.c ****     {
 905:Drivers/STM32F4xx_HAL_Driver/Src/stm32f4xx_hal_flash_ex.c ****       assert_param(IS_OB_PCROP(SectorBank2));
 906:Drivers/STM32F4xx_HAL_Driver/Src/stm32f4xx_hal_flash_ex.c ****       /* Wait for last operation to be completed */
 907:Drivers/STM32F4xx_HAL_Driver/Src/stm32f4xx_hal_flash_ex.c ****       status = FLASH_WaitForLastOperation((uint32_t)FLASH_TIMEOUT_VALUE);
 908:Drivers/STM32F4xx_HAL_Driver/Src/stm32f4xx_hal_flash_ex.c **** 
 909:Drivers/STM32F4xx_HAL_Driver/Src/stm32f4xx_hal_flash_ex.c ****       if (status == HAL_OK)
 910:Drivers/STM32F4xx_HAL_Driver/Src/stm32f4xx_hal_flash_ex.c ****       {
 911:Drivers/STM32F4xx_HAL_Driver/Src/stm32f4xx_hal_flash_ex.c ****         /*Write protection done on sectors of BANK2*/
 912:Drivers/STM32F4xx_HAL_Driver/Src/stm32f4xx_hal_flash_ex.c ****         *(__IO uint16_t *)OPTCR1_BYTE2_ADDRESS &= (~SectorBank2);
 913:Drivers/STM32F4xx_HAL_Driver/Src/stm32f4xx_hal_flash_ex.c ****       }
 914:Drivers/STM32F4xx_HAL_Driver/Src/stm32f4xx_hal_flash_ex.c ****     }
 915:Drivers/STM32F4xx_HAL_Driver/Src/stm32f4xx_hal_flash_ex.c **** 
 916:Drivers/STM32F4xx_HAL_Driver/Src/stm32f4xx_hal_flash_ex.c ****   }
 917:Drivers/STM32F4xx_HAL_Driver/Src/stm32f4xx_hal_flash_ex.c **** 
 918:Drivers/STM32F4xx_HAL_Driver/Src/stm32f4xx_hal_flash_ex.c ****   return status;
 919:Drivers/STM32F4xx_HAL_Driver/Src/stm32f4xx_hal_flash_ex.c **** 
 920:Drivers/STM32F4xx_HAL_Driver/Src/stm32f4xx_hal_flash_ex.c **** }
 921:Drivers/STM32F4xx_HAL_Driver/Src/stm32f4xx_hal_flash_ex.c **** 
 922:Drivers/STM32F4xx_HAL_Driver/Src/stm32f4xx_hal_flash_ex.c **** #endif /* STM32F427xx || STM32F437xx || STM32F429xx || STM32F439xx || STM32F469xx || STM32F479xx */
 923:Drivers/STM32F4xx_HAL_Driver/Src/stm32f4xx_hal_flash_ex.c **** 
 924:Drivers/STM32F4xx_HAL_Driver/Src/stm32f4xx_hal_flash_ex.c **** #if defined(STM32F405xx) || defined(STM32F415xx) || defined(STM32F407xx) || defined(STM32F417xx) ||
 925:Drivers/STM32F4xx_HAL_Driver/Src/stm32f4xx_hal_flash_ex.c ****     defined(STM32F401xC) || defined(STM32F401xE) || defined(STM32F410Tx) || defined(STM32F410Cx) ||
 926:Drivers/STM32F4xx_HAL_Driver/Src/stm32f4xx_hal_flash_ex.c ****     defined(STM32F410Rx) || defined(STM32F411xE) || defined(STM32F446xx) || defined(STM32F412Zx) ||
 927:Drivers/STM32F4xx_HAL_Driver/Src/stm32f4xx_hal_flash_ex.c ****     defined(STM32F412Vx) || defined(STM32F412Rx) || defined(STM32F412Cx) || defined(STM32F413xx) ||
 928:Drivers/STM32F4xx_HAL_Driver/Src/stm32f4xx_hal_flash_ex.c ****     defined(STM32F423xx)
 929:Drivers/STM32F4xx_HAL_Driver/Src/stm32f4xx_hal_flash_ex.c **** /**
 930:Drivers/STM32F4xx_HAL_Driver/Src/stm32f4xx_hal_flash_ex.c ****   * @brief  Mass erase of FLASH memory
 931:Drivers/STM32F4xx_HAL_Driver/Src/stm32f4xx_hal_flash_ex.c ****   * @param  VoltageRange The device voltage range which defines the erase parallelism.
 932:Drivers/STM32F4xx_HAL_Driver/Src/stm32f4xx_hal_flash_ex.c ****   *          This parameter can be one of the following values:
 933:Drivers/STM32F4xx_HAL_Driver/Src/stm32f4xx_hal_flash_ex.c ****   *            @arg FLASH_VOLTAGE_RANGE_1: when the device voltage range is 1.8V to 2.1V,
 934:Drivers/STM32F4xx_HAL_Driver/Src/stm32f4xx_hal_flash_ex.c ****   *                                  the operation will be done by byte (8-bit)
 935:Drivers/STM32F4xx_HAL_Driver/Src/stm32f4xx_hal_flash_ex.c ****   *            @arg FLASH_VOLTAGE_RANGE_2: when the device voltage range is 2.1V to 2.7V,
 936:Drivers/STM32F4xx_HAL_Driver/Src/stm32f4xx_hal_flash_ex.c ****   *                                  the operation will be done by half word (16-bit)
 937:Drivers/STM32F4xx_HAL_Driver/Src/stm32f4xx_hal_flash_ex.c ****   *            @arg FLASH_VOLTAGE_RANGE_3: when the device voltage range is 2.7V to 3.6V,
 938:Drivers/STM32F4xx_HAL_Driver/Src/stm32f4xx_hal_flash_ex.c ****   *                                  the operation will be done by word (32-bit)
 939:Drivers/STM32F4xx_HAL_Driver/Src/stm32f4xx_hal_flash_ex.c ****   *            @arg FLASH_VOLTAGE_RANGE_4: when the device voltage range is 2.7V to 3.6V + External
 940:Drivers/STM32F4xx_HAL_Driver/Src/stm32f4xx_hal_flash_ex.c ****   *                                  the operation will be done by double word (64-bit)
 941:Drivers/STM32F4xx_HAL_Driver/Src/stm32f4xx_hal_flash_ex.c ****   *
 942:Drivers/STM32F4xx_HAL_Driver/Src/stm32f4xx_hal_flash_ex.c ****   * @param  Banks Banks to be erased
 943:Drivers/STM32F4xx_HAL_Driver/Src/stm32f4xx_hal_flash_ex.c ****   *          This parameter can be one of the following values:
 944:Drivers/STM32F4xx_HAL_Driver/Src/stm32f4xx_hal_flash_ex.c ****   *            @arg FLASH_BANK_1: Bank1 to be erased
 945:Drivers/STM32F4xx_HAL_Driver/Src/stm32f4xx_hal_flash_ex.c ****   *
 946:Drivers/STM32F4xx_HAL_Driver/Src/stm32f4xx_hal_flash_ex.c ****   * @retval None
 947:Drivers/STM32F4xx_HAL_Driver/Src/stm32f4xx_hal_flash_ex.c ****   */
 948:Drivers/STM32F4xx_HAL_Driver/Src/stm32f4xx_hal_flash_ex.c **** static void FLASH_MassErase(uint8_t VoltageRange, uint32_t Banks)
 949:Drivers/STM32F4xx_HAL_Driver/Src/stm32f4xx_hal_flash_ex.c **** {
 818              		.loc 1 949 1
 819              		.cfi_startproc
 820              		@ args = 0, pretend = 0, frame = 8
 821              		@ frame_needed = 1, uses_anonymous_args = 0
 822              		@ link register save eliminated.
 823 0000 80B4     		push	{r7}
 824              	.LCFI43:
 825              		.cfi_def_cfa_offset 4
 826              		.cfi_offset 7, -4
 827 0002 83B0     		sub	sp, sp, #12
 828              	.LCFI44:
ARM GAS  C:\Users\DAELT-~1\AppData\Local\Temp\ccgEWNW2.s 			page 32


 829              		.cfi_def_cfa_offset 16
 830 0004 00AF     		add	r7, sp, #0
 831              	.LCFI45:
 832              		.cfi_def_cfa_register 7
 833 0006 0346     		mov	r3, r0
 834 0008 3960     		str	r1, [r7]
 835 000a FB71     		strb	r3, [r7, #7]
 950:Drivers/STM32F4xx_HAL_Driver/Src/stm32f4xx_hal_flash_ex.c ****   /* Check the parameters */
 951:Drivers/STM32F4xx_HAL_Driver/Src/stm32f4xx_hal_flash_ex.c ****   assert_param(IS_VOLTAGERANGE(VoltageRange));
 952:Drivers/STM32F4xx_HAL_Driver/Src/stm32f4xx_hal_flash_ex.c ****   assert_param(IS_FLASH_BANK(Banks));
 953:Drivers/STM32F4xx_HAL_Driver/Src/stm32f4xx_hal_flash_ex.c **** 
 954:Drivers/STM32F4xx_HAL_Driver/Src/stm32f4xx_hal_flash_ex.c ****   /* If the previous operation is completed, proceed to erase all sectors */
 955:Drivers/STM32F4xx_HAL_Driver/Src/stm32f4xx_hal_flash_ex.c ****   CLEAR_BIT(FLASH->CR, FLASH_CR_PSIZE);
 836              		.loc 1 955 3
 837 000c 0D4B     		ldr	r3, .L45
 838 000e 1B69     		ldr	r3, [r3, #16]
 839 0010 0C4A     		ldr	r2, .L45
 840 0012 23F44073 		bic	r3, r3, #768
 841 0016 1361     		str	r3, [r2, #16]
 956:Drivers/STM32F4xx_HAL_Driver/Src/stm32f4xx_hal_flash_ex.c ****   FLASH->CR |= FLASH_CR_MER;
 842              		.loc 1 956 8
 843 0018 0A4B     		ldr	r3, .L45
 844 001a 1B69     		ldr	r3, [r3, #16]
 845 001c 094A     		ldr	r2, .L45
 846              		.loc 1 956 13
 847 001e 43F00403 		orr	r3, r3, #4
 848 0022 1361     		str	r3, [r2, #16]
 957:Drivers/STM32F4xx_HAL_Driver/Src/stm32f4xx_hal_flash_ex.c ****   FLASH->CR |= FLASH_CR_STRT | ((uint32_t)VoltageRange << 8U);
 849              		.loc 1 957 8
 850 0024 074B     		ldr	r3, .L45
 851 0026 1A69     		ldr	r2, [r3, #16]
 852              		.loc 1 957 33
 853 0028 FB79     		ldrb	r3, [r7, #7]	@ zero_extendqisi2
 854              		.loc 1 957 56
 855 002a 1B02     		lsls	r3, r3, #8
 856              		.loc 1 957 13
 857 002c 1343     		orrs	r3, r3, r2
 858              		.loc 1 957 8
 859 002e 054A     		ldr	r2, .L45
 860              		.loc 1 957 13
 861 0030 43F48033 		orr	r3, r3, #65536
 862 0034 1361     		str	r3, [r2, #16]
 958:Drivers/STM32F4xx_HAL_Driver/Src/stm32f4xx_hal_flash_ex.c **** }
 863              		.loc 1 958 1
 864 0036 00BF     		nop
 865 0038 0C37     		adds	r7, r7, #12
 866              	.LCFI46:
 867              		.cfi_def_cfa_offset 4
 868 003a BD46     		mov	sp, r7
 869              	.LCFI47:
 870              		.cfi_def_cfa_register 13
 871              		@ sp needed
 872 003c 5DF8047B 		ldr	r7, [sp], #4
 873              	.LCFI48:
 874              		.cfi_restore 7
 875              		.cfi_def_cfa_offset 0
 876 0040 7047     		bx	lr
ARM GAS  C:\Users\DAELT-~1\AppData\Local\Temp\ccgEWNW2.s 			page 33


 877              	.L46:
 878 0042 00BF     		.align	2
 879              	.L45:
 880 0044 003C0240 		.word	1073888256
 881              		.cfi_endproc
 882              	.LFE228:
 884              		.section	.text.FLASH_Erase_Sector,"ax",%progbits
 885              		.align	1
 886              		.global	FLASH_Erase_Sector
 887              		.syntax unified
 888              		.thumb
 889              		.thumb_func
 891              	FLASH_Erase_Sector:
 892              	.LFB229:
 959:Drivers/STM32F4xx_HAL_Driver/Src/stm32f4xx_hal_flash_ex.c **** 
 960:Drivers/STM32F4xx_HAL_Driver/Src/stm32f4xx_hal_flash_ex.c **** /**
 961:Drivers/STM32F4xx_HAL_Driver/Src/stm32f4xx_hal_flash_ex.c ****   * @brief  Erase the specified FLASH memory sector
 962:Drivers/STM32F4xx_HAL_Driver/Src/stm32f4xx_hal_flash_ex.c ****   * @param  Sector FLASH sector to erase
 963:Drivers/STM32F4xx_HAL_Driver/Src/stm32f4xx_hal_flash_ex.c ****   *         The value of this parameter depend on device used within the same series
 964:Drivers/STM32F4xx_HAL_Driver/Src/stm32f4xx_hal_flash_ex.c ****   * @param  VoltageRange The device voltage range which defines the erase parallelism.
 965:Drivers/STM32F4xx_HAL_Driver/Src/stm32f4xx_hal_flash_ex.c ****   *          This parameter can be one of the following values:
 966:Drivers/STM32F4xx_HAL_Driver/Src/stm32f4xx_hal_flash_ex.c ****   *            @arg FLASH_VOLTAGE_RANGE_1: when the device voltage range is 1.8V to 2.1V,
 967:Drivers/STM32F4xx_HAL_Driver/Src/stm32f4xx_hal_flash_ex.c ****   *                                  the operation will be done by byte (8-bit)
 968:Drivers/STM32F4xx_HAL_Driver/Src/stm32f4xx_hal_flash_ex.c ****   *            @arg FLASH_VOLTAGE_RANGE_2: when the device voltage range is 2.1V to 2.7V,
 969:Drivers/STM32F4xx_HAL_Driver/Src/stm32f4xx_hal_flash_ex.c ****   *                                  the operation will be done by half word (16-bit)
 970:Drivers/STM32F4xx_HAL_Driver/Src/stm32f4xx_hal_flash_ex.c ****   *            @arg FLASH_VOLTAGE_RANGE_3: when the device voltage range is 2.7V to 3.6V,
 971:Drivers/STM32F4xx_HAL_Driver/Src/stm32f4xx_hal_flash_ex.c ****   *                                  the operation will be done by word (32-bit)
 972:Drivers/STM32F4xx_HAL_Driver/Src/stm32f4xx_hal_flash_ex.c ****   *            @arg FLASH_VOLTAGE_RANGE_4: when the device voltage range is 2.7V to 3.6V + External
 973:Drivers/STM32F4xx_HAL_Driver/Src/stm32f4xx_hal_flash_ex.c ****   *                                  the operation will be done by double word (64-bit)
 974:Drivers/STM32F4xx_HAL_Driver/Src/stm32f4xx_hal_flash_ex.c ****   *
 975:Drivers/STM32F4xx_HAL_Driver/Src/stm32f4xx_hal_flash_ex.c ****   * @retval None
 976:Drivers/STM32F4xx_HAL_Driver/Src/stm32f4xx_hal_flash_ex.c ****   */
 977:Drivers/STM32F4xx_HAL_Driver/Src/stm32f4xx_hal_flash_ex.c **** void FLASH_Erase_Sector(uint32_t Sector, uint8_t VoltageRange)
 978:Drivers/STM32F4xx_HAL_Driver/Src/stm32f4xx_hal_flash_ex.c **** {
 893              		.loc 1 978 1
 894              		.cfi_startproc
 895              		@ args = 0, pretend = 0, frame = 16
 896              		@ frame_needed = 1, uses_anonymous_args = 0
 897              		@ link register save eliminated.
 898 0000 80B4     		push	{r7}
 899              	.LCFI49:
 900              		.cfi_def_cfa_offset 4
 901              		.cfi_offset 7, -4
 902 0002 85B0     		sub	sp, sp, #20
 903              	.LCFI50:
 904              		.cfi_def_cfa_offset 24
 905 0004 00AF     		add	r7, sp, #0
 906              	.LCFI51:
 907              		.cfi_def_cfa_register 7
 908 0006 7860     		str	r0, [r7, #4]
 909 0008 0B46     		mov	r3, r1
 910 000a FB70     		strb	r3, [r7, #3]
 979:Drivers/STM32F4xx_HAL_Driver/Src/stm32f4xx_hal_flash_ex.c ****   uint32_t tmp_psize = 0U;
 911              		.loc 1 979 12
 912 000c 0023     		movs	r3, #0
 913 000e FB60     		str	r3, [r7, #12]
 980:Drivers/STM32F4xx_HAL_Driver/Src/stm32f4xx_hal_flash_ex.c **** 
ARM GAS  C:\Users\DAELT-~1\AppData\Local\Temp\ccgEWNW2.s 			page 34


 981:Drivers/STM32F4xx_HAL_Driver/Src/stm32f4xx_hal_flash_ex.c ****   /* Check the parameters */
 982:Drivers/STM32F4xx_HAL_Driver/Src/stm32f4xx_hal_flash_ex.c ****   assert_param(IS_FLASH_SECTOR(Sector));
 983:Drivers/STM32F4xx_HAL_Driver/Src/stm32f4xx_hal_flash_ex.c ****   assert_param(IS_VOLTAGERANGE(VoltageRange));
 984:Drivers/STM32F4xx_HAL_Driver/Src/stm32f4xx_hal_flash_ex.c **** 
 985:Drivers/STM32F4xx_HAL_Driver/Src/stm32f4xx_hal_flash_ex.c ****   if (VoltageRange == FLASH_VOLTAGE_RANGE_1)
 914              		.loc 1 985 6
 915 0010 FB78     		ldrb	r3, [r7, #3]	@ zero_extendqisi2
 916 0012 002B     		cmp	r3, #0
 917 0014 02D1     		bne	.L48
 986:Drivers/STM32F4xx_HAL_Driver/Src/stm32f4xx_hal_flash_ex.c ****   {
 987:Drivers/STM32F4xx_HAL_Driver/Src/stm32f4xx_hal_flash_ex.c ****     tmp_psize = FLASH_PSIZE_BYTE;
 918              		.loc 1 987 15
 919 0016 0023     		movs	r3, #0
 920 0018 FB60     		str	r3, [r7, #12]
 921 001a 10E0     		b	.L49
 922              	.L48:
 988:Drivers/STM32F4xx_HAL_Driver/Src/stm32f4xx_hal_flash_ex.c ****   }
 989:Drivers/STM32F4xx_HAL_Driver/Src/stm32f4xx_hal_flash_ex.c ****   else if (VoltageRange == FLASH_VOLTAGE_RANGE_2)
 923              		.loc 1 989 11
 924 001c FB78     		ldrb	r3, [r7, #3]	@ zero_extendqisi2
 925 001e 012B     		cmp	r3, #1
 926 0020 03D1     		bne	.L50
 990:Drivers/STM32F4xx_HAL_Driver/Src/stm32f4xx_hal_flash_ex.c ****   {
 991:Drivers/STM32F4xx_HAL_Driver/Src/stm32f4xx_hal_flash_ex.c ****     tmp_psize = FLASH_PSIZE_HALF_WORD;
 927              		.loc 1 991 15
 928 0022 4FF48073 		mov	r3, #256
 929 0026 FB60     		str	r3, [r7, #12]
 930 0028 09E0     		b	.L49
 931              	.L50:
 992:Drivers/STM32F4xx_HAL_Driver/Src/stm32f4xx_hal_flash_ex.c ****   }
 993:Drivers/STM32F4xx_HAL_Driver/Src/stm32f4xx_hal_flash_ex.c ****   else if (VoltageRange == FLASH_VOLTAGE_RANGE_3)
 932              		.loc 1 993 11
 933 002a FB78     		ldrb	r3, [r7, #3]	@ zero_extendqisi2
 934 002c 022B     		cmp	r3, #2
 935 002e 03D1     		bne	.L51
 994:Drivers/STM32F4xx_HAL_Driver/Src/stm32f4xx_hal_flash_ex.c ****   {
 995:Drivers/STM32F4xx_HAL_Driver/Src/stm32f4xx_hal_flash_ex.c ****     tmp_psize = FLASH_PSIZE_WORD;
 936              		.loc 1 995 15
 937 0030 4FF40073 		mov	r3, #512
 938 0034 FB60     		str	r3, [r7, #12]
 939 0036 02E0     		b	.L49
 940              	.L51:
 996:Drivers/STM32F4xx_HAL_Driver/Src/stm32f4xx_hal_flash_ex.c ****   }
 997:Drivers/STM32F4xx_HAL_Driver/Src/stm32f4xx_hal_flash_ex.c ****   else
 998:Drivers/STM32F4xx_HAL_Driver/Src/stm32f4xx_hal_flash_ex.c ****   {
 999:Drivers/STM32F4xx_HAL_Driver/Src/stm32f4xx_hal_flash_ex.c ****     tmp_psize = FLASH_PSIZE_DOUBLE_WORD;
 941              		.loc 1 999 15
 942 0038 4FF44073 		mov	r3, #768
 943 003c FB60     		str	r3, [r7, #12]
 944              	.L49:
1000:Drivers/STM32F4xx_HAL_Driver/Src/stm32f4xx_hal_flash_ex.c ****   }
1001:Drivers/STM32F4xx_HAL_Driver/Src/stm32f4xx_hal_flash_ex.c **** 
1002:Drivers/STM32F4xx_HAL_Driver/Src/stm32f4xx_hal_flash_ex.c ****   /* If the previous operation is completed, proceed to erase the sector */
1003:Drivers/STM32F4xx_HAL_Driver/Src/stm32f4xx_hal_flash_ex.c ****   CLEAR_BIT(FLASH->CR, FLASH_CR_PSIZE);
 945              		.loc 1 1003 3
 946 003e 134B     		ldr	r3, .L52
 947 0040 1B69     		ldr	r3, [r3, #16]
ARM GAS  C:\Users\DAELT-~1\AppData\Local\Temp\ccgEWNW2.s 			page 35


 948 0042 124A     		ldr	r2, .L52
 949 0044 23F44073 		bic	r3, r3, #768
 950 0048 1361     		str	r3, [r2, #16]
1004:Drivers/STM32F4xx_HAL_Driver/Src/stm32f4xx_hal_flash_ex.c ****   FLASH->CR |= tmp_psize;
 951              		.loc 1 1004 8
 952 004a 104B     		ldr	r3, .L52
 953 004c 1A69     		ldr	r2, [r3, #16]
 954 004e 0F49     		ldr	r1, .L52
 955              		.loc 1 1004 13
 956 0050 FB68     		ldr	r3, [r7, #12]
 957 0052 1343     		orrs	r3, r3, r2
 958 0054 0B61     		str	r3, [r1, #16]
1005:Drivers/STM32F4xx_HAL_Driver/Src/stm32f4xx_hal_flash_ex.c ****   CLEAR_BIT(FLASH->CR, FLASH_CR_SNB);
 959              		.loc 1 1005 3
 960 0056 0D4B     		ldr	r3, .L52
 961 0058 1B69     		ldr	r3, [r3, #16]
 962 005a 0C4A     		ldr	r2, .L52
 963 005c 23F0F803 		bic	r3, r3, #248
 964 0060 1361     		str	r3, [r2, #16]
1006:Drivers/STM32F4xx_HAL_Driver/Src/stm32f4xx_hal_flash_ex.c ****   FLASH->CR |= FLASH_CR_SER | (Sector << FLASH_CR_SNB_Pos);
 965              		.loc 1 1006 8
 966 0062 0A4B     		ldr	r3, .L52
 967 0064 1A69     		ldr	r2, [r3, #16]
 968              		.loc 1 1006 39
 969 0066 7B68     		ldr	r3, [r7, #4]
 970 0068 DB00     		lsls	r3, r3, #3
 971              		.loc 1 1006 13
 972 006a 1343     		orrs	r3, r3, r2
 973              		.loc 1 1006 8
 974 006c 074A     		ldr	r2, .L52
 975              		.loc 1 1006 13
 976 006e 43F00203 		orr	r3, r3, #2
 977 0072 1361     		str	r3, [r2, #16]
1007:Drivers/STM32F4xx_HAL_Driver/Src/stm32f4xx_hal_flash_ex.c ****   FLASH->CR |= FLASH_CR_STRT;
 978              		.loc 1 1007 8
 979 0074 054B     		ldr	r3, .L52
 980 0076 1B69     		ldr	r3, [r3, #16]
 981 0078 044A     		ldr	r2, .L52
 982              		.loc 1 1007 13
 983 007a 43F48033 		orr	r3, r3, #65536
 984 007e 1361     		str	r3, [r2, #16]
1008:Drivers/STM32F4xx_HAL_Driver/Src/stm32f4xx_hal_flash_ex.c **** }
 985              		.loc 1 1008 1
 986 0080 00BF     		nop
 987 0082 1437     		adds	r7, r7, #20
 988              	.LCFI52:
 989              		.cfi_def_cfa_offset 4
 990 0084 BD46     		mov	sp, r7
 991              	.LCFI53:
 992              		.cfi_def_cfa_register 13
 993              		@ sp needed
 994 0086 5DF8047B 		ldr	r7, [sp], #4
 995              	.LCFI54:
 996              		.cfi_restore 7
 997              		.cfi_def_cfa_offset 0
 998 008a 7047     		bx	lr
 999              	.L53:
ARM GAS  C:\Users\DAELT-~1\AppData\Local\Temp\ccgEWNW2.s 			page 36


 1000              		.align	2
 1001              	.L52:
 1002 008c 003C0240 		.word	1073888256
 1003              		.cfi_endproc
 1004              	.LFE229:
 1006              		.section	.text.FLASH_OB_EnableWRP,"ax",%progbits
 1007              		.align	1
 1008              		.syntax unified
 1009              		.thumb
 1010              		.thumb_func
 1012              	FLASH_OB_EnableWRP:
 1013              	.LFB230:
1009:Drivers/STM32F4xx_HAL_Driver/Src/stm32f4xx_hal_flash_ex.c **** 
1010:Drivers/STM32F4xx_HAL_Driver/Src/stm32f4xx_hal_flash_ex.c **** /**
1011:Drivers/STM32F4xx_HAL_Driver/Src/stm32f4xx_hal_flash_ex.c ****   * @brief  Enable the write protection of the desired bank 1 sectors
1012:Drivers/STM32F4xx_HAL_Driver/Src/stm32f4xx_hal_flash_ex.c ****   *
1013:Drivers/STM32F4xx_HAL_Driver/Src/stm32f4xx_hal_flash_ex.c ****   * @note   When the memory read protection level is selected (RDP level = 1),
1014:Drivers/STM32F4xx_HAL_Driver/Src/stm32f4xx_hal_flash_ex.c ****   *         it is not possible to program or erase the flash sector i if CortexM4
1015:Drivers/STM32F4xx_HAL_Driver/Src/stm32f4xx_hal_flash_ex.c ****   *         debug features are connected or boot code is executed in RAM, even if nWRPi = 1
1016:Drivers/STM32F4xx_HAL_Driver/Src/stm32f4xx_hal_flash_ex.c ****   * @note   Active value of nWRPi bits is inverted when PCROP mode is active (SPRMOD =1).
1017:Drivers/STM32F4xx_HAL_Driver/Src/stm32f4xx_hal_flash_ex.c ****   *
1018:Drivers/STM32F4xx_HAL_Driver/Src/stm32f4xx_hal_flash_ex.c ****   * @param  WRPSector specifies the sector(s) to be write protected.
1019:Drivers/STM32F4xx_HAL_Driver/Src/stm32f4xx_hal_flash_ex.c ****   *         The value of this parameter depend on device used within the same series
1020:Drivers/STM32F4xx_HAL_Driver/Src/stm32f4xx_hal_flash_ex.c ****   *
1021:Drivers/STM32F4xx_HAL_Driver/Src/stm32f4xx_hal_flash_ex.c ****   * @param  Banks Enable write protection on all the sectors for the specific bank
1022:Drivers/STM32F4xx_HAL_Driver/Src/stm32f4xx_hal_flash_ex.c ****   *          This parameter can be one of the following values:
1023:Drivers/STM32F4xx_HAL_Driver/Src/stm32f4xx_hal_flash_ex.c ****   *            @arg FLASH_BANK_1: WRP on all sectors of bank1
1024:Drivers/STM32F4xx_HAL_Driver/Src/stm32f4xx_hal_flash_ex.c ****   *
1025:Drivers/STM32F4xx_HAL_Driver/Src/stm32f4xx_hal_flash_ex.c ****   * @retval HAL Status
1026:Drivers/STM32F4xx_HAL_Driver/Src/stm32f4xx_hal_flash_ex.c ****   */
1027:Drivers/STM32F4xx_HAL_Driver/Src/stm32f4xx_hal_flash_ex.c **** static HAL_StatusTypeDef FLASH_OB_EnableWRP(uint32_t WRPSector, uint32_t Banks)
1028:Drivers/STM32F4xx_HAL_Driver/Src/stm32f4xx_hal_flash_ex.c **** {
 1014              		.loc 1 1028 1
 1015              		.cfi_startproc
 1016              		@ args = 0, pretend = 0, frame = 16
 1017              		@ frame_needed = 1, uses_anonymous_args = 0
 1018 0000 80B5     		push	{r7, lr}
 1019              	.LCFI55:
 1020              		.cfi_def_cfa_offset 8
 1021              		.cfi_offset 7, -8
 1022              		.cfi_offset 14, -4
 1023 0002 84B0     		sub	sp, sp, #16
 1024              	.LCFI56:
 1025              		.cfi_def_cfa_offset 24
 1026 0004 00AF     		add	r7, sp, #0
 1027              	.LCFI57:
 1028              		.cfi_def_cfa_register 7
 1029 0006 7860     		str	r0, [r7, #4]
 1030 0008 3960     		str	r1, [r7]
1029:Drivers/STM32F4xx_HAL_Driver/Src/stm32f4xx_hal_flash_ex.c ****   HAL_StatusTypeDef status = HAL_OK;
 1031              		.loc 1 1029 21
 1032 000a 0023     		movs	r3, #0
 1033 000c FB73     		strb	r3, [r7, #15]
1030:Drivers/STM32F4xx_HAL_Driver/Src/stm32f4xx_hal_flash_ex.c **** 
1031:Drivers/STM32F4xx_HAL_Driver/Src/stm32f4xx_hal_flash_ex.c ****   /* Check the parameters */
1032:Drivers/STM32F4xx_HAL_Driver/Src/stm32f4xx_hal_flash_ex.c ****   assert_param(IS_OB_WRP_SECTOR(WRPSector));
1033:Drivers/STM32F4xx_HAL_Driver/Src/stm32f4xx_hal_flash_ex.c ****   assert_param(IS_FLASH_BANK(Banks));
ARM GAS  C:\Users\DAELT-~1\AppData\Local\Temp\ccgEWNW2.s 			page 37


1034:Drivers/STM32F4xx_HAL_Driver/Src/stm32f4xx_hal_flash_ex.c **** 
1035:Drivers/STM32F4xx_HAL_Driver/Src/stm32f4xx_hal_flash_ex.c ****   /* Wait for last operation to be completed */
1036:Drivers/STM32F4xx_HAL_Driver/Src/stm32f4xx_hal_flash_ex.c ****   status = FLASH_WaitForLastOperation((uint32_t)FLASH_TIMEOUT_VALUE);
 1034              		.loc 1 1036 12
 1035 000e 4CF25030 		movw	r0, #50000
 1036 0012 FFF7FEFF 		bl	FLASH_WaitForLastOperation
 1037 0016 0346     		mov	r3, r0
 1038 0018 FB73     		strb	r3, [r7, #15]
1037:Drivers/STM32F4xx_HAL_Driver/Src/stm32f4xx_hal_flash_ex.c **** 
1038:Drivers/STM32F4xx_HAL_Driver/Src/stm32f4xx_hal_flash_ex.c ****   if (status == HAL_OK)
 1039              		.loc 1 1038 6
 1040 001a FB7B     		ldrb	r3, [r7, #15]	@ zero_extendqisi2
 1041 001c 002B     		cmp	r3, #0
 1042 001e 0AD1     		bne	.L55
1039:Drivers/STM32F4xx_HAL_Driver/Src/stm32f4xx_hal_flash_ex.c ****   {
1040:Drivers/STM32F4xx_HAL_Driver/Src/stm32f4xx_hal_flash_ex.c ****     *(__IO uint16_t *)OPTCR_BYTE2_ADDRESS &= (~WRPSector);
 1043              		.loc 1 1040 5
 1044 0020 074B     		ldr	r3, .L57
 1045 0022 1B88     		ldrh	r3, [r3]	@ movhi
 1046 0024 9AB2     		uxth	r2, r3
 1047              		.loc 1 1040 43
 1048 0026 7B68     		ldr	r3, [r7, #4]
 1049 0028 9BB2     		uxth	r3, r3
 1050 002a DB43     		mvns	r3, r3
 1051 002c 9BB2     		uxth	r3, r3
 1052              		.loc 1 1040 5
 1053 002e 0449     		ldr	r1, .L57
 1054              		.loc 1 1040 43
 1055 0030 1340     		ands	r3, r3, r2
 1056 0032 9BB2     		uxth	r3, r3
 1057 0034 0B80     		strh	r3, [r1]	@ movhi
 1058              	.L55:
1041:Drivers/STM32F4xx_HAL_Driver/Src/stm32f4xx_hal_flash_ex.c ****   }
1042:Drivers/STM32F4xx_HAL_Driver/Src/stm32f4xx_hal_flash_ex.c **** 
1043:Drivers/STM32F4xx_HAL_Driver/Src/stm32f4xx_hal_flash_ex.c ****   return status;
 1059              		.loc 1 1043 10
 1060 0036 FB7B     		ldrb	r3, [r7, #15]	@ zero_extendqisi2
1044:Drivers/STM32F4xx_HAL_Driver/Src/stm32f4xx_hal_flash_ex.c **** }
 1061              		.loc 1 1044 1
 1062 0038 1846     		mov	r0, r3
 1063 003a 1037     		adds	r7, r7, #16
 1064              	.LCFI58:
 1065              		.cfi_def_cfa_offset 8
 1066 003c BD46     		mov	sp, r7
 1067              	.LCFI59:
 1068              		.cfi_def_cfa_register 13
 1069              		@ sp needed
 1070 003e 80BD     		pop	{r7, pc}
 1071              	.L58:
 1072              		.align	2
 1073              	.L57:
 1074 0040 163C0240 		.word	1073888278
 1075              		.cfi_endproc
 1076              	.LFE230:
 1078              		.section	.text.FLASH_OB_DisableWRP,"ax",%progbits
 1079              		.align	1
 1080              		.syntax unified
ARM GAS  C:\Users\DAELT-~1\AppData\Local\Temp\ccgEWNW2.s 			page 38


 1081              		.thumb
 1082              		.thumb_func
 1084              	FLASH_OB_DisableWRP:
 1085              	.LFB231:
1045:Drivers/STM32F4xx_HAL_Driver/Src/stm32f4xx_hal_flash_ex.c **** 
1046:Drivers/STM32F4xx_HAL_Driver/Src/stm32f4xx_hal_flash_ex.c **** /**
1047:Drivers/STM32F4xx_HAL_Driver/Src/stm32f4xx_hal_flash_ex.c ****   * @brief  Disable the write protection of the desired bank 1 sectors
1048:Drivers/STM32F4xx_HAL_Driver/Src/stm32f4xx_hal_flash_ex.c ****   *
1049:Drivers/STM32F4xx_HAL_Driver/Src/stm32f4xx_hal_flash_ex.c ****   * @note   When the memory read protection level is selected (RDP level = 1),
1050:Drivers/STM32F4xx_HAL_Driver/Src/stm32f4xx_hal_flash_ex.c ****   *         it is not possible to program or erase the flash sector i if CortexM4
1051:Drivers/STM32F4xx_HAL_Driver/Src/stm32f4xx_hal_flash_ex.c ****   *         debug features are connected or boot code is executed in RAM, even if nWRPi = 1
1052:Drivers/STM32F4xx_HAL_Driver/Src/stm32f4xx_hal_flash_ex.c ****   * @note   Active value of nWRPi bits is inverted when PCROP mode is active (SPRMOD =1).
1053:Drivers/STM32F4xx_HAL_Driver/Src/stm32f4xx_hal_flash_ex.c ****   *
1054:Drivers/STM32F4xx_HAL_Driver/Src/stm32f4xx_hal_flash_ex.c ****   * @param  WRPSector specifies the sector(s) to be write protected.
1055:Drivers/STM32F4xx_HAL_Driver/Src/stm32f4xx_hal_flash_ex.c ****   *         The value of this parameter depend on device used within the same series
1056:Drivers/STM32F4xx_HAL_Driver/Src/stm32f4xx_hal_flash_ex.c ****   *
1057:Drivers/STM32F4xx_HAL_Driver/Src/stm32f4xx_hal_flash_ex.c ****   * @param  Banks Enable write protection on all the sectors for the specific bank
1058:Drivers/STM32F4xx_HAL_Driver/Src/stm32f4xx_hal_flash_ex.c ****   *          This parameter can be one of the following values:
1059:Drivers/STM32F4xx_HAL_Driver/Src/stm32f4xx_hal_flash_ex.c ****   *            @arg FLASH_BANK_1: WRP on all sectors of bank1
1060:Drivers/STM32F4xx_HAL_Driver/Src/stm32f4xx_hal_flash_ex.c ****   *
1061:Drivers/STM32F4xx_HAL_Driver/Src/stm32f4xx_hal_flash_ex.c ****   * @retval HAL Status
1062:Drivers/STM32F4xx_HAL_Driver/Src/stm32f4xx_hal_flash_ex.c ****   */
1063:Drivers/STM32F4xx_HAL_Driver/Src/stm32f4xx_hal_flash_ex.c **** static HAL_StatusTypeDef FLASH_OB_DisableWRP(uint32_t WRPSector, uint32_t Banks)
1064:Drivers/STM32F4xx_HAL_Driver/Src/stm32f4xx_hal_flash_ex.c **** {
 1086              		.loc 1 1064 1
 1087              		.cfi_startproc
 1088              		@ args = 0, pretend = 0, frame = 16
 1089              		@ frame_needed = 1, uses_anonymous_args = 0
 1090 0000 80B5     		push	{r7, lr}
 1091              	.LCFI60:
 1092              		.cfi_def_cfa_offset 8
 1093              		.cfi_offset 7, -8
 1094              		.cfi_offset 14, -4
 1095 0002 84B0     		sub	sp, sp, #16
 1096              	.LCFI61:
 1097              		.cfi_def_cfa_offset 24
 1098 0004 00AF     		add	r7, sp, #0
 1099              	.LCFI62:
 1100              		.cfi_def_cfa_register 7
 1101 0006 7860     		str	r0, [r7, #4]
 1102 0008 3960     		str	r1, [r7]
1065:Drivers/STM32F4xx_HAL_Driver/Src/stm32f4xx_hal_flash_ex.c ****   HAL_StatusTypeDef status = HAL_OK;
 1103              		.loc 1 1065 21
 1104 000a 0023     		movs	r3, #0
 1105 000c FB73     		strb	r3, [r7, #15]
1066:Drivers/STM32F4xx_HAL_Driver/Src/stm32f4xx_hal_flash_ex.c **** 
1067:Drivers/STM32F4xx_HAL_Driver/Src/stm32f4xx_hal_flash_ex.c ****   /* Check the parameters */
1068:Drivers/STM32F4xx_HAL_Driver/Src/stm32f4xx_hal_flash_ex.c ****   assert_param(IS_OB_WRP_SECTOR(WRPSector));
1069:Drivers/STM32F4xx_HAL_Driver/Src/stm32f4xx_hal_flash_ex.c ****   assert_param(IS_FLASH_BANK(Banks));
1070:Drivers/STM32F4xx_HAL_Driver/Src/stm32f4xx_hal_flash_ex.c **** 
1071:Drivers/STM32F4xx_HAL_Driver/Src/stm32f4xx_hal_flash_ex.c ****   /* Wait for last operation to be completed */
1072:Drivers/STM32F4xx_HAL_Driver/Src/stm32f4xx_hal_flash_ex.c ****   status = FLASH_WaitForLastOperation((uint32_t)FLASH_TIMEOUT_VALUE);
 1106              		.loc 1 1072 12
 1107 000e 4CF25030 		movw	r0, #50000
 1108 0012 FFF7FEFF 		bl	FLASH_WaitForLastOperation
 1109 0016 0346     		mov	r3, r0
 1110 0018 FB73     		strb	r3, [r7, #15]
ARM GAS  C:\Users\DAELT-~1\AppData\Local\Temp\ccgEWNW2.s 			page 39


1073:Drivers/STM32F4xx_HAL_Driver/Src/stm32f4xx_hal_flash_ex.c **** 
1074:Drivers/STM32F4xx_HAL_Driver/Src/stm32f4xx_hal_flash_ex.c ****   if (status == HAL_OK)
 1111              		.loc 1 1074 6
 1112 001a FB7B     		ldrb	r3, [r7, #15]	@ zero_extendqisi2
 1113 001c 002B     		cmp	r3, #0
 1114 001e 08D1     		bne	.L60
1075:Drivers/STM32F4xx_HAL_Driver/Src/stm32f4xx_hal_flash_ex.c ****   {
1076:Drivers/STM32F4xx_HAL_Driver/Src/stm32f4xx_hal_flash_ex.c ****     *(__IO uint16_t *)OPTCR_BYTE2_ADDRESS |= (uint16_t)WRPSector;
 1115              		.loc 1 1076 5
 1116 0020 064B     		ldr	r3, .L62
 1117 0022 1B88     		ldrh	r3, [r3]	@ movhi
 1118 0024 9AB2     		uxth	r2, r3
 1119              		.loc 1 1076 46
 1120 0026 7B68     		ldr	r3, [r7, #4]
 1121 0028 9BB2     		uxth	r3, r3
 1122              		.loc 1 1076 5
 1123 002a 0449     		ldr	r1, .L62
 1124              		.loc 1 1076 43
 1125 002c 1343     		orrs	r3, r3, r2
 1126 002e 9BB2     		uxth	r3, r3
 1127 0030 0B80     		strh	r3, [r1]	@ movhi
 1128              	.L60:
1077:Drivers/STM32F4xx_HAL_Driver/Src/stm32f4xx_hal_flash_ex.c ****   }
1078:Drivers/STM32F4xx_HAL_Driver/Src/stm32f4xx_hal_flash_ex.c **** 
1079:Drivers/STM32F4xx_HAL_Driver/Src/stm32f4xx_hal_flash_ex.c ****   return status;
 1129              		.loc 1 1079 10
 1130 0032 FB7B     		ldrb	r3, [r7, #15]	@ zero_extendqisi2
1080:Drivers/STM32F4xx_HAL_Driver/Src/stm32f4xx_hal_flash_ex.c **** }
 1131              		.loc 1 1080 1
 1132 0034 1846     		mov	r0, r3
 1133 0036 1037     		adds	r7, r7, #16
 1134              	.LCFI63:
 1135              		.cfi_def_cfa_offset 8
 1136 0038 BD46     		mov	sp, r7
 1137              	.LCFI64:
 1138              		.cfi_def_cfa_register 13
 1139              		@ sp needed
 1140 003a 80BD     		pop	{r7, pc}
 1141              	.L63:
 1142              		.align	2
 1143              	.L62:
 1144 003c 163C0240 		.word	1073888278
 1145              		.cfi_endproc
 1146              	.LFE231:
 1148              		.section	.text.FLASH_OB_EnablePCROP,"ax",%progbits
 1149              		.align	1
 1150              		.syntax unified
 1151              		.thumb
 1152              		.thumb_func
 1154              	FLASH_OB_EnablePCROP:
 1155              	.LFB232:
1081:Drivers/STM32F4xx_HAL_Driver/Src/stm32f4xx_hal_flash_ex.c **** #endif /* STM32F40xxx || STM32F41xxx || STM32F401xx || STM32F410xx || STM32F411xE || STM32F446xx ||
1082:Drivers/STM32F4xx_HAL_Driver/Src/stm32f4xx_hal_flash_ex.c ****           STM32F413xx || STM32F423xx */
1083:Drivers/STM32F4xx_HAL_Driver/Src/stm32f4xx_hal_flash_ex.c **** 
1084:Drivers/STM32F4xx_HAL_Driver/Src/stm32f4xx_hal_flash_ex.c **** #if defined(STM32F401xC) || defined(STM32F401xE) || defined(STM32F410Tx) || defined(STM32F410Cx) ||
1085:Drivers/STM32F4xx_HAL_Driver/Src/stm32f4xx_hal_flash_ex.c ****     defined(STM32F411xE) || defined(STM32F446xx) || defined(STM32F412Zx) || defined(STM32F412Vx) ||
1086:Drivers/STM32F4xx_HAL_Driver/Src/stm32f4xx_hal_flash_ex.c ****     defined(STM32F412Cx) || defined(STM32F413xx) || defined(STM32F423xx)
ARM GAS  C:\Users\DAELT-~1\AppData\Local\Temp\ccgEWNW2.s 			page 40


1087:Drivers/STM32F4xx_HAL_Driver/Src/stm32f4xx_hal_flash_ex.c **** /**
1088:Drivers/STM32F4xx_HAL_Driver/Src/stm32f4xx_hal_flash_ex.c ****   * @brief  Enable the read/write protection (PCROP) of the desired sectors.
1089:Drivers/STM32F4xx_HAL_Driver/Src/stm32f4xx_hal_flash_ex.c ****   * @note   This function can be used only for STM32F401xx devices.
1090:Drivers/STM32F4xx_HAL_Driver/Src/stm32f4xx_hal_flash_ex.c ****   * @param  Sector specifies the sector(s) to be read/write protected or unprotected.
1091:Drivers/STM32F4xx_HAL_Driver/Src/stm32f4xx_hal_flash_ex.c ****   *          This parameter can be one of the following values:
1092:Drivers/STM32F4xx_HAL_Driver/Src/stm32f4xx_hal_flash_ex.c ****   *            @arg OB_PCROP: A value between OB_PCROP_Sector0 and OB_PCROP_Sector5
1093:Drivers/STM32F4xx_HAL_Driver/Src/stm32f4xx_hal_flash_ex.c ****   *            @arg OB_PCROP_Sector_All
1094:Drivers/STM32F4xx_HAL_Driver/Src/stm32f4xx_hal_flash_ex.c ****   * @retval HAL Status
1095:Drivers/STM32F4xx_HAL_Driver/Src/stm32f4xx_hal_flash_ex.c ****   */
1096:Drivers/STM32F4xx_HAL_Driver/Src/stm32f4xx_hal_flash_ex.c **** static HAL_StatusTypeDef FLASH_OB_EnablePCROP(uint32_t Sector)
1097:Drivers/STM32F4xx_HAL_Driver/Src/stm32f4xx_hal_flash_ex.c **** {
 1156              		.loc 1 1097 1
 1157              		.cfi_startproc
 1158              		@ args = 0, pretend = 0, frame = 16
 1159              		@ frame_needed = 1, uses_anonymous_args = 0
 1160 0000 80B5     		push	{r7, lr}
 1161              	.LCFI65:
 1162              		.cfi_def_cfa_offset 8
 1163              		.cfi_offset 7, -8
 1164              		.cfi_offset 14, -4
 1165 0002 84B0     		sub	sp, sp, #16
 1166              	.LCFI66:
 1167              		.cfi_def_cfa_offset 24
 1168 0004 00AF     		add	r7, sp, #0
 1169              	.LCFI67:
 1170              		.cfi_def_cfa_register 7
 1171 0006 7860     		str	r0, [r7, #4]
1098:Drivers/STM32F4xx_HAL_Driver/Src/stm32f4xx_hal_flash_ex.c ****   HAL_StatusTypeDef status = HAL_OK;
 1172              		.loc 1 1098 21
 1173 0008 0023     		movs	r3, #0
 1174 000a FB73     		strb	r3, [r7, #15]
1099:Drivers/STM32F4xx_HAL_Driver/Src/stm32f4xx_hal_flash_ex.c **** 
1100:Drivers/STM32F4xx_HAL_Driver/Src/stm32f4xx_hal_flash_ex.c ****   /* Check the parameters */
1101:Drivers/STM32F4xx_HAL_Driver/Src/stm32f4xx_hal_flash_ex.c ****   assert_param(IS_OB_PCROP(Sector));
1102:Drivers/STM32F4xx_HAL_Driver/Src/stm32f4xx_hal_flash_ex.c **** 
1103:Drivers/STM32F4xx_HAL_Driver/Src/stm32f4xx_hal_flash_ex.c ****   /* Wait for last operation to be completed */
1104:Drivers/STM32F4xx_HAL_Driver/Src/stm32f4xx_hal_flash_ex.c ****   status = FLASH_WaitForLastOperation((uint32_t)FLASH_TIMEOUT_VALUE);
 1175              		.loc 1 1104 12
 1176 000c 4CF25030 		movw	r0, #50000
 1177 0010 FFF7FEFF 		bl	FLASH_WaitForLastOperation
 1178 0014 0346     		mov	r3, r0
 1179 0016 FB73     		strb	r3, [r7, #15]
1105:Drivers/STM32F4xx_HAL_Driver/Src/stm32f4xx_hal_flash_ex.c **** 
1106:Drivers/STM32F4xx_HAL_Driver/Src/stm32f4xx_hal_flash_ex.c ****   if (status == HAL_OK)
 1180              		.loc 1 1106 6
 1181 0018 FB7B     		ldrb	r3, [r7, #15]	@ zero_extendqisi2
 1182 001a 002B     		cmp	r3, #0
 1183 001c 08D1     		bne	.L65
1107:Drivers/STM32F4xx_HAL_Driver/Src/stm32f4xx_hal_flash_ex.c ****   {
1108:Drivers/STM32F4xx_HAL_Driver/Src/stm32f4xx_hal_flash_ex.c ****     *(__IO uint16_t *)OPTCR_BYTE2_ADDRESS |= (uint16_t)Sector;
 1184              		.loc 1 1108 5
 1185 001e 074B     		ldr	r3, .L67
 1186 0020 1B88     		ldrh	r3, [r3]	@ movhi
 1187 0022 9AB2     		uxth	r2, r3
 1188              		.loc 1 1108 46
 1189 0024 7B68     		ldr	r3, [r7, #4]
 1190 0026 9BB2     		uxth	r3, r3
ARM GAS  C:\Users\DAELT-~1\AppData\Local\Temp\ccgEWNW2.s 			page 41


 1191              		.loc 1 1108 5
 1192 0028 0449     		ldr	r1, .L67
 1193              		.loc 1 1108 43
 1194 002a 1343     		orrs	r3, r3, r2
 1195 002c 9BB2     		uxth	r3, r3
 1196 002e 0B80     		strh	r3, [r1]	@ movhi
 1197              	.L65:
1109:Drivers/STM32F4xx_HAL_Driver/Src/stm32f4xx_hal_flash_ex.c ****   }
1110:Drivers/STM32F4xx_HAL_Driver/Src/stm32f4xx_hal_flash_ex.c **** 
1111:Drivers/STM32F4xx_HAL_Driver/Src/stm32f4xx_hal_flash_ex.c ****   return status;
 1198              		.loc 1 1111 10
 1199 0030 FB7B     		ldrb	r3, [r7, #15]	@ zero_extendqisi2
1112:Drivers/STM32F4xx_HAL_Driver/Src/stm32f4xx_hal_flash_ex.c **** }
 1200              		.loc 1 1112 1
 1201 0032 1846     		mov	r0, r3
 1202 0034 1037     		adds	r7, r7, #16
 1203              	.LCFI68:
 1204              		.cfi_def_cfa_offset 8
 1205 0036 BD46     		mov	sp, r7
 1206              	.LCFI69:
 1207              		.cfi_def_cfa_register 13
 1208              		@ sp needed
 1209 0038 80BD     		pop	{r7, pc}
 1210              	.L68:
 1211 003a 00BF     		.align	2
 1212              	.L67:
 1213 003c 163C0240 		.word	1073888278
 1214              		.cfi_endproc
 1215              	.LFE232:
 1217              		.section	.text.FLASH_OB_DisablePCROP,"ax",%progbits
 1218              		.align	1
 1219              		.syntax unified
 1220              		.thumb
 1221              		.thumb_func
 1223              	FLASH_OB_DisablePCROP:
 1224              	.LFB233:
1113:Drivers/STM32F4xx_HAL_Driver/Src/stm32f4xx_hal_flash_ex.c **** 
1114:Drivers/STM32F4xx_HAL_Driver/Src/stm32f4xx_hal_flash_ex.c **** 
1115:Drivers/STM32F4xx_HAL_Driver/Src/stm32f4xx_hal_flash_ex.c **** /**
1116:Drivers/STM32F4xx_HAL_Driver/Src/stm32f4xx_hal_flash_ex.c ****   * @brief  Disable the read/write protection (PCROP) of the desired sectors.
1117:Drivers/STM32F4xx_HAL_Driver/Src/stm32f4xx_hal_flash_ex.c ****   * @note   This function can be used only for STM32F401xx devices.
1118:Drivers/STM32F4xx_HAL_Driver/Src/stm32f4xx_hal_flash_ex.c ****   * @param  Sector specifies the sector(s) to be read/write protected or unprotected.
1119:Drivers/STM32F4xx_HAL_Driver/Src/stm32f4xx_hal_flash_ex.c ****   *          This parameter can be one of the following values:
1120:Drivers/STM32F4xx_HAL_Driver/Src/stm32f4xx_hal_flash_ex.c ****   *            @arg OB_PCROP: A value between OB_PCROP_Sector0 and OB_PCROP_Sector5
1121:Drivers/STM32F4xx_HAL_Driver/Src/stm32f4xx_hal_flash_ex.c ****   *            @arg OB_PCROP_Sector_All
1122:Drivers/STM32F4xx_HAL_Driver/Src/stm32f4xx_hal_flash_ex.c ****   * @retval HAL Status
1123:Drivers/STM32F4xx_HAL_Driver/Src/stm32f4xx_hal_flash_ex.c ****   */
1124:Drivers/STM32F4xx_HAL_Driver/Src/stm32f4xx_hal_flash_ex.c **** static HAL_StatusTypeDef FLASH_OB_DisablePCROP(uint32_t Sector)
1125:Drivers/STM32F4xx_HAL_Driver/Src/stm32f4xx_hal_flash_ex.c **** {
 1225              		.loc 1 1125 1
 1226              		.cfi_startproc
 1227              		@ args = 0, pretend = 0, frame = 16
 1228              		@ frame_needed = 1, uses_anonymous_args = 0
 1229 0000 80B5     		push	{r7, lr}
 1230              	.LCFI70:
 1231              		.cfi_def_cfa_offset 8
 1232              		.cfi_offset 7, -8
ARM GAS  C:\Users\DAELT-~1\AppData\Local\Temp\ccgEWNW2.s 			page 42


 1233              		.cfi_offset 14, -4
 1234 0002 84B0     		sub	sp, sp, #16
 1235              	.LCFI71:
 1236              		.cfi_def_cfa_offset 24
 1237 0004 00AF     		add	r7, sp, #0
 1238              	.LCFI72:
 1239              		.cfi_def_cfa_register 7
 1240 0006 7860     		str	r0, [r7, #4]
1126:Drivers/STM32F4xx_HAL_Driver/Src/stm32f4xx_hal_flash_ex.c ****   HAL_StatusTypeDef status = HAL_OK;
 1241              		.loc 1 1126 21
 1242 0008 0023     		movs	r3, #0
 1243 000a FB73     		strb	r3, [r7, #15]
1127:Drivers/STM32F4xx_HAL_Driver/Src/stm32f4xx_hal_flash_ex.c **** 
1128:Drivers/STM32F4xx_HAL_Driver/Src/stm32f4xx_hal_flash_ex.c ****   /* Check the parameters */
1129:Drivers/STM32F4xx_HAL_Driver/Src/stm32f4xx_hal_flash_ex.c ****   assert_param(IS_OB_PCROP(Sector));
1130:Drivers/STM32F4xx_HAL_Driver/Src/stm32f4xx_hal_flash_ex.c **** 
1131:Drivers/STM32F4xx_HAL_Driver/Src/stm32f4xx_hal_flash_ex.c ****   /* Wait for last operation to be completed */
1132:Drivers/STM32F4xx_HAL_Driver/Src/stm32f4xx_hal_flash_ex.c ****   status = FLASH_WaitForLastOperation((uint32_t)FLASH_TIMEOUT_VALUE);
 1244              		.loc 1 1132 12
 1245 000c 4CF25030 		movw	r0, #50000
 1246 0010 FFF7FEFF 		bl	FLASH_WaitForLastOperation
 1247 0014 0346     		mov	r3, r0
 1248 0016 FB73     		strb	r3, [r7, #15]
1133:Drivers/STM32F4xx_HAL_Driver/Src/stm32f4xx_hal_flash_ex.c **** 
1134:Drivers/STM32F4xx_HAL_Driver/Src/stm32f4xx_hal_flash_ex.c ****   if (status == HAL_OK)
 1249              		.loc 1 1134 6
 1250 0018 FB7B     		ldrb	r3, [r7, #15]	@ zero_extendqisi2
 1251 001a 002B     		cmp	r3, #0
 1252 001c 0AD1     		bne	.L70
1135:Drivers/STM32F4xx_HAL_Driver/Src/stm32f4xx_hal_flash_ex.c ****   {
1136:Drivers/STM32F4xx_HAL_Driver/Src/stm32f4xx_hal_flash_ex.c ****     *(__IO uint16_t *)OPTCR_BYTE2_ADDRESS &= (~Sector);
 1253              		.loc 1 1136 5
 1254 001e 084B     		ldr	r3, .L72
 1255 0020 1B88     		ldrh	r3, [r3]	@ movhi
 1256 0022 9AB2     		uxth	r2, r3
 1257              		.loc 1 1136 43
 1258 0024 7B68     		ldr	r3, [r7, #4]
 1259 0026 9BB2     		uxth	r3, r3
 1260 0028 DB43     		mvns	r3, r3
 1261 002a 9BB2     		uxth	r3, r3
 1262              		.loc 1 1136 5
 1263 002c 0449     		ldr	r1, .L72
 1264              		.loc 1 1136 43
 1265 002e 1340     		ands	r3, r3, r2
 1266 0030 9BB2     		uxth	r3, r3
 1267 0032 0B80     		strh	r3, [r1]	@ movhi
 1268              	.L70:
1137:Drivers/STM32F4xx_HAL_Driver/Src/stm32f4xx_hal_flash_ex.c ****   }
1138:Drivers/STM32F4xx_HAL_Driver/Src/stm32f4xx_hal_flash_ex.c **** 
1139:Drivers/STM32F4xx_HAL_Driver/Src/stm32f4xx_hal_flash_ex.c ****   return status;
 1269              		.loc 1 1139 10
 1270 0034 FB7B     		ldrb	r3, [r7, #15]	@ zero_extendqisi2
1140:Drivers/STM32F4xx_HAL_Driver/Src/stm32f4xx_hal_flash_ex.c **** 
1141:Drivers/STM32F4xx_HAL_Driver/Src/stm32f4xx_hal_flash_ex.c **** }
 1271              		.loc 1 1141 1
 1272 0036 1846     		mov	r0, r3
 1273 0038 1037     		adds	r7, r7, #16
ARM GAS  C:\Users\DAELT-~1\AppData\Local\Temp\ccgEWNW2.s 			page 43


 1274              	.LCFI73:
 1275              		.cfi_def_cfa_offset 8
 1276 003a BD46     		mov	sp, r7
 1277              	.LCFI74:
 1278              		.cfi_def_cfa_register 13
 1279              		@ sp needed
 1280 003c 80BD     		pop	{r7, pc}
 1281              	.L73:
 1282 003e 00BF     		.align	2
 1283              	.L72:
 1284 0040 163C0240 		.word	1073888278
 1285              		.cfi_endproc
 1286              	.LFE233:
 1288              		.section	.text.FLASH_OB_RDP_LevelConfig,"ax",%progbits
 1289              		.align	1
 1290              		.syntax unified
 1291              		.thumb
 1292              		.thumb_func
 1294              	FLASH_OB_RDP_LevelConfig:
 1295              	.LFB234:
1142:Drivers/STM32F4xx_HAL_Driver/Src/stm32f4xx_hal_flash_ex.c **** #endif /* STM32F401xC || STM32F401xE || STM32F411xE || STM32F446xx || STM32F412Zx || STM32F412Vx ||
1143:Drivers/STM32F4xx_HAL_Driver/Src/stm32f4xx_hal_flash_ex.c ****           STM32F413xx || STM32F423xx */
1144:Drivers/STM32F4xx_HAL_Driver/Src/stm32f4xx_hal_flash_ex.c **** 
1145:Drivers/STM32F4xx_HAL_Driver/Src/stm32f4xx_hal_flash_ex.c **** /**
1146:Drivers/STM32F4xx_HAL_Driver/Src/stm32f4xx_hal_flash_ex.c ****   * @brief  Set the read protection level.
1147:Drivers/STM32F4xx_HAL_Driver/Src/stm32f4xx_hal_flash_ex.c ****   * @param  Level specifies the read protection level.
1148:Drivers/STM32F4xx_HAL_Driver/Src/stm32f4xx_hal_flash_ex.c ****   *          This parameter can be one of the following values:
1149:Drivers/STM32F4xx_HAL_Driver/Src/stm32f4xx_hal_flash_ex.c ****   *            @arg OB_RDP_LEVEL_0: No protection
1150:Drivers/STM32F4xx_HAL_Driver/Src/stm32f4xx_hal_flash_ex.c ****   *            @arg OB_RDP_LEVEL_1: Read protection of the memory
1151:Drivers/STM32F4xx_HAL_Driver/Src/stm32f4xx_hal_flash_ex.c ****   *            @arg OB_RDP_LEVEL_2: Full chip protection
1152:Drivers/STM32F4xx_HAL_Driver/Src/stm32f4xx_hal_flash_ex.c ****   *
1153:Drivers/STM32F4xx_HAL_Driver/Src/stm32f4xx_hal_flash_ex.c ****   * @note WARNING: When enabling OB_RDP level 2 it's no more possible to go back to level 1 or 0
1154:Drivers/STM32F4xx_HAL_Driver/Src/stm32f4xx_hal_flash_ex.c ****   *
1155:Drivers/STM32F4xx_HAL_Driver/Src/stm32f4xx_hal_flash_ex.c ****   * @retval HAL Status
1156:Drivers/STM32F4xx_HAL_Driver/Src/stm32f4xx_hal_flash_ex.c ****   */
1157:Drivers/STM32F4xx_HAL_Driver/Src/stm32f4xx_hal_flash_ex.c **** static HAL_StatusTypeDef FLASH_OB_RDP_LevelConfig(uint8_t Level)
1158:Drivers/STM32F4xx_HAL_Driver/Src/stm32f4xx_hal_flash_ex.c **** {
 1296              		.loc 1 1158 1
 1297              		.cfi_startproc
 1298              		@ args = 0, pretend = 0, frame = 16
 1299              		@ frame_needed = 1, uses_anonymous_args = 0
 1300 0000 80B5     		push	{r7, lr}
 1301              	.LCFI75:
 1302              		.cfi_def_cfa_offset 8
 1303              		.cfi_offset 7, -8
 1304              		.cfi_offset 14, -4
 1305 0002 84B0     		sub	sp, sp, #16
 1306              	.LCFI76:
 1307              		.cfi_def_cfa_offset 24
 1308 0004 00AF     		add	r7, sp, #0
 1309              	.LCFI77:
 1310              		.cfi_def_cfa_register 7
 1311 0006 0346     		mov	r3, r0
 1312 0008 FB71     		strb	r3, [r7, #7]
1159:Drivers/STM32F4xx_HAL_Driver/Src/stm32f4xx_hal_flash_ex.c ****   HAL_StatusTypeDef status = HAL_OK;
 1313              		.loc 1 1159 21
 1314 000a 0023     		movs	r3, #0
ARM GAS  C:\Users\DAELT-~1\AppData\Local\Temp\ccgEWNW2.s 			page 44


 1315 000c FB73     		strb	r3, [r7, #15]
1160:Drivers/STM32F4xx_HAL_Driver/Src/stm32f4xx_hal_flash_ex.c **** 
1161:Drivers/STM32F4xx_HAL_Driver/Src/stm32f4xx_hal_flash_ex.c ****   /* Check the parameters */
1162:Drivers/STM32F4xx_HAL_Driver/Src/stm32f4xx_hal_flash_ex.c ****   assert_param(IS_OB_RDP_LEVEL(Level));
1163:Drivers/STM32F4xx_HAL_Driver/Src/stm32f4xx_hal_flash_ex.c **** 
1164:Drivers/STM32F4xx_HAL_Driver/Src/stm32f4xx_hal_flash_ex.c ****   /* Wait for last operation to be completed */
1165:Drivers/STM32F4xx_HAL_Driver/Src/stm32f4xx_hal_flash_ex.c ****   status = FLASH_WaitForLastOperation((uint32_t)FLASH_TIMEOUT_VALUE);
 1316              		.loc 1 1165 12
 1317 000e 4CF25030 		movw	r0, #50000
 1318 0012 FFF7FEFF 		bl	FLASH_WaitForLastOperation
 1319 0016 0346     		mov	r3, r0
 1320 0018 FB73     		strb	r3, [r7, #15]
1166:Drivers/STM32F4xx_HAL_Driver/Src/stm32f4xx_hal_flash_ex.c **** 
1167:Drivers/STM32F4xx_HAL_Driver/Src/stm32f4xx_hal_flash_ex.c ****   if (status == HAL_OK)
 1321              		.loc 1 1167 6
 1322 001a FB7B     		ldrb	r3, [r7, #15]	@ zero_extendqisi2
 1323 001c 002B     		cmp	r3, #0
 1324 001e 02D1     		bne	.L75
1168:Drivers/STM32F4xx_HAL_Driver/Src/stm32f4xx_hal_flash_ex.c ****   {
1169:Drivers/STM32F4xx_HAL_Driver/Src/stm32f4xx_hal_flash_ex.c ****     *(__IO uint8_t *)OPTCR_BYTE1_ADDRESS = Level;
 1325              		.loc 1 1169 5
 1326 0020 034A     		ldr	r2, .L77
 1327              		.loc 1 1169 42
 1328 0022 FB79     		ldrb	r3, [r7, #7]
 1329 0024 1370     		strb	r3, [r2]
 1330              	.L75:
1170:Drivers/STM32F4xx_HAL_Driver/Src/stm32f4xx_hal_flash_ex.c ****   }
1171:Drivers/STM32F4xx_HAL_Driver/Src/stm32f4xx_hal_flash_ex.c **** 
1172:Drivers/STM32F4xx_HAL_Driver/Src/stm32f4xx_hal_flash_ex.c ****   return status;
 1331              		.loc 1 1172 10
 1332 0026 FB7B     		ldrb	r3, [r7, #15]	@ zero_extendqisi2
1173:Drivers/STM32F4xx_HAL_Driver/Src/stm32f4xx_hal_flash_ex.c **** }
 1333              		.loc 1 1173 1
 1334 0028 1846     		mov	r0, r3
 1335 002a 1037     		adds	r7, r7, #16
 1336              	.LCFI78:
 1337              		.cfi_def_cfa_offset 8
 1338 002c BD46     		mov	sp, r7
 1339              	.LCFI79:
 1340              		.cfi_def_cfa_register 13
 1341              		@ sp needed
 1342 002e 80BD     		pop	{r7, pc}
 1343              	.L78:
 1344              		.align	2
 1345              	.L77:
 1346 0030 153C0240 		.word	1073888277
 1347              		.cfi_endproc
 1348              	.LFE234:
 1350              		.section	.text.FLASH_OB_UserConfig,"ax",%progbits
 1351              		.align	1
 1352              		.syntax unified
 1353              		.thumb
 1354              		.thumb_func
 1356              	FLASH_OB_UserConfig:
 1357              	.LFB235:
1174:Drivers/STM32F4xx_HAL_Driver/Src/stm32f4xx_hal_flash_ex.c **** 
1175:Drivers/STM32F4xx_HAL_Driver/Src/stm32f4xx_hal_flash_ex.c **** /**
ARM GAS  C:\Users\DAELT-~1\AppData\Local\Temp\ccgEWNW2.s 			page 45


1176:Drivers/STM32F4xx_HAL_Driver/Src/stm32f4xx_hal_flash_ex.c ****   * @brief  Program the FLASH User Option Byte: IWDG_SW / RST_STOP / RST_STDBY.
1177:Drivers/STM32F4xx_HAL_Driver/Src/stm32f4xx_hal_flash_ex.c ****   * @param  Iwdg Selects the IWDG mode
1178:Drivers/STM32F4xx_HAL_Driver/Src/stm32f4xx_hal_flash_ex.c ****   *          This parameter can be one of the following values:
1179:Drivers/STM32F4xx_HAL_Driver/Src/stm32f4xx_hal_flash_ex.c ****   *            @arg OB_IWDG_SW: Software IWDG selected
1180:Drivers/STM32F4xx_HAL_Driver/Src/stm32f4xx_hal_flash_ex.c ****   *            @arg OB_IWDG_HW: Hardware IWDG selected
1181:Drivers/STM32F4xx_HAL_Driver/Src/stm32f4xx_hal_flash_ex.c ****   * @param  Stop Reset event when entering STOP mode.
1182:Drivers/STM32F4xx_HAL_Driver/Src/stm32f4xx_hal_flash_ex.c ****   *          This parameter  can be one of the following values:
1183:Drivers/STM32F4xx_HAL_Driver/Src/stm32f4xx_hal_flash_ex.c ****   *            @arg OB_STOP_NO_RST: No reset generated when entering in STOP
1184:Drivers/STM32F4xx_HAL_Driver/Src/stm32f4xx_hal_flash_ex.c ****   *            @arg OB_STOP_RST: Reset generated when entering in STOP
1185:Drivers/STM32F4xx_HAL_Driver/Src/stm32f4xx_hal_flash_ex.c ****   * @param  Stdby Reset event when entering Standby mode.
1186:Drivers/STM32F4xx_HAL_Driver/Src/stm32f4xx_hal_flash_ex.c ****   *          This parameter  can be one of the following values:
1187:Drivers/STM32F4xx_HAL_Driver/Src/stm32f4xx_hal_flash_ex.c ****   *            @arg OB_STDBY_NO_RST: No reset generated when entering in STANDBY
1188:Drivers/STM32F4xx_HAL_Driver/Src/stm32f4xx_hal_flash_ex.c ****   *            @arg OB_STDBY_RST: Reset generated when entering in STANDBY
1189:Drivers/STM32F4xx_HAL_Driver/Src/stm32f4xx_hal_flash_ex.c ****   * @retval HAL Status
1190:Drivers/STM32F4xx_HAL_Driver/Src/stm32f4xx_hal_flash_ex.c ****   */
1191:Drivers/STM32F4xx_HAL_Driver/Src/stm32f4xx_hal_flash_ex.c **** static HAL_StatusTypeDef FLASH_OB_UserConfig(uint8_t Iwdg, uint8_t Stop, uint8_t Stdby)
1192:Drivers/STM32F4xx_HAL_Driver/Src/stm32f4xx_hal_flash_ex.c **** {
 1358              		.loc 1 1192 1
 1359              		.cfi_startproc
 1360              		@ args = 0, pretend = 0, frame = 16
 1361              		@ frame_needed = 1, uses_anonymous_args = 0
 1362 0000 80B5     		push	{r7, lr}
 1363              	.LCFI80:
 1364              		.cfi_def_cfa_offset 8
 1365              		.cfi_offset 7, -8
 1366              		.cfi_offset 14, -4
 1367 0002 84B0     		sub	sp, sp, #16
 1368              	.LCFI81:
 1369              		.cfi_def_cfa_offset 24
 1370 0004 00AF     		add	r7, sp, #0
 1371              	.LCFI82:
 1372              		.cfi_def_cfa_register 7
 1373 0006 0346     		mov	r3, r0
 1374 0008 FB71     		strb	r3, [r7, #7]
 1375 000a 0B46     		mov	r3, r1
 1376 000c BB71     		strb	r3, [r7, #6]
 1377 000e 1346     		mov	r3, r2
 1378 0010 7B71     		strb	r3, [r7, #5]
1193:Drivers/STM32F4xx_HAL_Driver/Src/stm32f4xx_hal_flash_ex.c ****   uint8_t optiontmp;
1194:Drivers/STM32F4xx_HAL_Driver/Src/stm32f4xx_hal_flash_ex.c ****   HAL_StatusTypeDef status = HAL_OK;
 1379              		.loc 1 1194 21
 1380 0012 0023     		movs	r3, #0
 1381 0014 FB73     		strb	r3, [r7, #15]
1195:Drivers/STM32F4xx_HAL_Driver/Src/stm32f4xx_hal_flash_ex.c **** 
1196:Drivers/STM32F4xx_HAL_Driver/Src/stm32f4xx_hal_flash_ex.c ****   /* Check the parameters */
1197:Drivers/STM32F4xx_HAL_Driver/Src/stm32f4xx_hal_flash_ex.c ****   assert_param(IS_OB_IWDG_SOURCE(Iwdg));
1198:Drivers/STM32F4xx_HAL_Driver/Src/stm32f4xx_hal_flash_ex.c ****   assert_param(IS_OB_STOP_SOURCE(Stop));
1199:Drivers/STM32F4xx_HAL_Driver/Src/stm32f4xx_hal_flash_ex.c ****   assert_param(IS_OB_STDBY_SOURCE(Stdby));
1200:Drivers/STM32F4xx_HAL_Driver/Src/stm32f4xx_hal_flash_ex.c **** 
1201:Drivers/STM32F4xx_HAL_Driver/Src/stm32f4xx_hal_flash_ex.c ****   /* Wait for last operation to be completed */
1202:Drivers/STM32F4xx_HAL_Driver/Src/stm32f4xx_hal_flash_ex.c ****   status = FLASH_WaitForLastOperation((uint32_t)FLASH_TIMEOUT_VALUE);
 1382              		.loc 1 1202 12
 1383 0016 4CF25030 		movw	r0, #50000
 1384 001a FFF7FEFF 		bl	FLASH_WaitForLastOperation
 1385 001e 0346     		mov	r3, r0
 1386 0020 FB73     		strb	r3, [r7, #15]
1203:Drivers/STM32F4xx_HAL_Driver/Src/stm32f4xx_hal_flash_ex.c **** 
ARM GAS  C:\Users\DAELT-~1\AppData\Local\Temp\ccgEWNW2.s 			page 46


1204:Drivers/STM32F4xx_HAL_Driver/Src/stm32f4xx_hal_flash_ex.c ****   if (status == HAL_OK)
 1387              		.loc 1 1204 6
 1388 0022 FB7B     		ldrb	r3, [r7, #15]	@ zero_extendqisi2
 1389 0024 002B     		cmp	r3, #0
 1390 0026 11D1     		bne	.L80
1205:Drivers/STM32F4xx_HAL_Driver/Src/stm32f4xx_hal_flash_ex.c ****   {
1206:Drivers/STM32F4xx_HAL_Driver/Src/stm32f4xx_hal_flash_ex.c ****     /* Mask OPTLOCK, OPTSTRT, BOR_LEV and BFB2 bits */
1207:Drivers/STM32F4xx_HAL_Driver/Src/stm32f4xx_hal_flash_ex.c ****     optiontmp = (uint8_t)((*(__IO uint8_t *)OPTCR_BYTE0_ADDRESS) & (uint8_t)0x1F);
 1391              		.loc 1 1207 66
 1392 0028 0B4B     		ldr	r3, .L82
 1393 002a 1B78     		ldrb	r3, [r3]
 1394 002c DBB2     		uxtb	r3, r3
 1395              		.loc 1 1207 15
 1396 002e 03F01F03 		and	r3, r3, #31
 1397 0032 BB73     		strb	r3, [r7, #14]
1208:Drivers/STM32F4xx_HAL_Driver/Src/stm32f4xx_hal_flash_ex.c **** 
1209:Drivers/STM32F4xx_HAL_Driver/Src/stm32f4xx_hal_flash_ex.c ****     /* Update User Option Byte */
1210:Drivers/STM32F4xx_HAL_Driver/Src/stm32f4xx_hal_flash_ex.c ****     *(__IO uint8_t *)OPTCR_BYTE0_ADDRESS = Iwdg | (uint8_t)(Stdby | (uint8_t)(Stop | ((uint8_t)opti
 1398              		.loc 1 1210 69
 1399 0034 BA79     		ldrb	r2, [r7, #6]
 1400 0036 BB7B     		ldrb	r3, [r7, #14]
 1401 0038 1343     		orrs	r3, r3, r2
 1402 003a DAB2     		uxtb	r2, r3
 1403              		.loc 1 1210 51
 1404 003c 7B79     		ldrb	r3, [r7, #5]
 1405 003e 1343     		orrs	r3, r3, r2
 1406 0040 DAB2     		uxtb	r2, r3
 1407              		.loc 1 1210 5
 1408 0042 0549     		ldr	r1, .L82
 1409              		.loc 1 1210 42
 1410 0044 FB79     		ldrb	r3, [r7, #7]
 1411 0046 1343     		orrs	r3, r3, r2
 1412 0048 DBB2     		uxtb	r3, r3
 1413 004a 0B70     		strb	r3, [r1]
 1414              	.L80:
1211:Drivers/STM32F4xx_HAL_Driver/Src/stm32f4xx_hal_flash_ex.c ****   }
1212:Drivers/STM32F4xx_HAL_Driver/Src/stm32f4xx_hal_flash_ex.c **** 
1213:Drivers/STM32F4xx_HAL_Driver/Src/stm32f4xx_hal_flash_ex.c ****   return status;
 1415              		.loc 1 1213 10
 1416 004c FB7B     		ldrb	r3, [r7, #15]	@ zero_extendqisi2
1214:Drivers/STM32F4xx_HAL_Driver/Src/stm32f4xx_hal_flash_ex.c **** }
 1417              		.loc 1 1214 1
 1418 004e 1846     		mov	r0, r3
 1419 0050 1037     		adds	r7, r7, #16
 1420              	.LCFI83:
 1421              		.cfi_def_cfa_offset 8
 1422 0052 BD46     		mov	sp, r7
 1423              	.LCFI84:
 1424              		.cfi_def_cfa_register 13
 1425              		@ sp needed
 1426 0054 80BD     		pop	{r7, pc}
 1427              	.L83:
 1428 0056 00BF     		.align	2
 1429              	.L82:
 1430 0058 143C0240 		.word	1073888276
 1431              		.cfi_endproc
 1432              	.LFE235:
ARM GAS  C:\Users\DAELT-~1\AppData\Local\Temp\ccgEWNW2.s 			page 47


 1434              		.section	.text.FLASH_OB_BOR_LevelConfig,"ax",%progbits
 1435              		.align	1
 1436              		.syntax unified
 1437              		.thumb
 1438              		.thumb_func
 1440              	FLASH_OB_BOR_LevelConfig:
 1441              	.LFB236:
1215:Drivers/STM32F4xx_HAL_Driver/Src/stm32f4xx_hal_flash_ex.c **** 
1216:Drivers/STM32F4xx_HAL_Driver/Src/stm32f4xx_hal_flash_ex.c **** /**
1217:Drivers/STM32F4xx_HAL_Driver/Src/stm32f4xx_hal_flash_ex.c ****   * @brief  Set the BOR Level.
1218:Drivers/STM32F4xx_HAL_Driver/Src/stm32f4xx_hal_flash_ex.c ****   * @param  Level specifies the Option Bytes BOR Reset Level.
1219:Drivers/STM32F4xx_HAL_Driver/Src/stm32f4xx_hal_flash_ex.c ****   *          This parameter can be one of the following values:
1220:Drivers/STM32F4xx_HAL_Driver/Src/stm32f4xx_hal_flash_ex.c ****   *            @arg OB_BOR_LEVEL3: Supply voltage ranges from 2.7 to 3.6 V
1221:Drivers/STM32F4xx_HAL_Driver/Src/stm32f4xx_hal_flash_ex.c ****   *            @arg OB_BOR_LEVEL2: Supply voltage ranges from 2.4 to 2.7 V
1222:Drivers/STM32F4xx_HAL_Driver/Src/stm32f4xx_hal_flash_ex.c ****   *            @arg OB_BOR_LEVEL1: Supply voltage ranges from 2.1 to 2.4 V
1223:Drivers/STM32F4xx_HAL_Driver/Src/stm32f4xx_hal_flash_ex.c ****   *            @arg OB_BOR_OFF: Supply voltage ranges from 1.62 to 2.1 V
1224:Drivers/STM32F4xx_HAL_Driver/Src/stm32f4xx_hal_flash_ex.c ****   * @retval HAL Status
1225:Drivers/STM32F4xx_HAL_Driver/Src/stm32f4xx_hal_flash_ex.c ****   */
1226:Drivers/STM32F4xx_HAL_Driver/Src/stm32f4xx_hal_flash_ex.c **** static HAL_StatusTypeDef FLASH_OB_BOR_LevelConfig(uint8_t Level)
1227:Drivers/STM32F4xx_HAL_Driver/Src/stm32f4xx_hal_flash_ex.c **** {
 1442              		.loc 1 1227 1
 1443              		.cfi_startproc
 1444              		@ args = 0, pretend = 0, frame = 8
 1445              		@ frame_needed = 1, uses_anonymous_args = 0
 1446              		@ link register save eliminated.
 1447 0000 80B4     		push	{r7}
 1448              	.LCFI85:
 1449              		.cfi_def_cfa_offset 4
 1450              		.cfi_offset 7, -4
 1451 0002 83B0     		sub	sp, sp, #12
 1452              	.LCFI86:
 1453              		.cfi_def_cfa_offset 16
 1454 0004 00AF     		add	r7, sp, #0
 1455              	.LCFI87:
 1456              		.cfi_def_cfa_register 7
 1457 0006 0346     		mov	r3, r0
 1458 0008 FB71     		strb	r3, [r7, #7]
1228:Drivers/STM32F4xx_HAL_Driver/Src/stm32f4xx_hal_flash_ex.c ****   /* Check the parameters */
1229:Drivers/STM32F4xx_HAL_Driver/Src/stm32f4xx_hal_flash_ex.c ****   assert_param(IS_OB_BOR_LEVEL(Level));
1230:Drivers/STM32F4xx_HAL_Driver/Src/stm32f4xx_hal_flash_ex.c **** 
1231:Drivers/STM32F4xx_HAL_Driver/Src/stm32f4xx_hal_flash_ex.c ****   /* Set the BOR Level */
1232:Drivers/STM32F4xx_HAL_Driver/Src/stm32f4xx_hal_flash_ex.c ****   *(__IO uint8_t *)OPTCR_BYTE0_ADDRESS &= (~FLASH_OPTCR_BOR_LEV);
 1459              		.loc 1 1232 3
 1460 000a 0B4B     		ldr	r3, .L86
 1461 000c 1B78     		ldrb	r3, [r3]
 1462 000e DBB2     		uxtb	r3, r3
 1463 0010 094A     		ldr	r2, .L86
 1464              		.loc 1 1232 40
 1465 0012 23F00C03 		bic	r3, r3, #12
 1466 0016 DBB2     		uxtb	r3, r3
 1467 0018 1370     		strb	r3, [r2]
1233:Drivers/STM32F4xx_HAL_Driver/Src/stm32f4xx_hal_flash_ex.c ****   *(__IO uint8_t *)OPTCR_BYTE0_ADDRESS |= Level;
 1468              		.loc 1 1233 3
 1469 001a 074B     		ldr	r3, .L86
 1470 001c 1B78     		ldrb	r3, [r3]
 1471 001e DAB2     		uxtb	r2, r3
 1472 0020 0549     		ldr	r1, .L86
ARM GAS  C:\Users\DAELT-~1\AppData\Local\Temp\ccgEWNW2.s 			page 48


 1473              		.loc 1 1233 40
 1474 0022 FB79     		ldrb	r3, [r7, #7]
 1475 0024 1343     		orrs	r3, r3, r2
 1476 0026 DBB2     		uxtb	r3, r3
 1477 0028 0B70     		strb	r3, [r1]
1234:Drivers/STM32F4xx_HAL_Driver/Src/stm32f4xx_hal_flash_ex.c **** 
1235:Drivers/STM32F4xx_HAL_Driver/Src/stm32f4xx_hal_flash_ex.c ****   return HAL_OK;
 1478              		.loc 1 1235 10
 1479 002a 0023     		movs	r3, #0
1236:Drivers/STM32F4xx_HAL_Driver/Src/stm32f4xx_hal_flash_ex.c **** 
1237:Drivers/STM32F4xx_HAL_Driver/Src/stm32f4xx_hal_flash_ex.c **** }
 1480              		.loc 1 1237 1
 1481 002c 1846     		mov	r0, r3
 1482 002e 0C37     		adds	r7, r7, #12
 1483              	.LCFI88:
 1484              		.cfi_def_cfa_offset 4
 1485 0030 BD46     		mov	sp, r7
 1486              	.LCFI89:
 1487              		.cfi_def_cfa_register 13
 1488              		@ sp needed
 1489 0032 5DF8047B 		ldr	r7, [sp], #4
 1490              	.LCFI90:
 1491              		.cfi_restore 7
 1492              		.cfi_def_cfa_offset 0
 1493 0036 7047     		bx	lr
 1494              	.L87:
 1495              		.align	2
 1496              	.L86:
 1497 0038 143C0240 		.word	1073888276
 1498              		.cfi_endproc
 1499              	.LFE236:
 1501              		.section	.text.FLASH_OB_GetUser,"ax",%progbits
 1502              		.align	1
 1503              		.syntax unified
 1504              		.thumb
 1505              		.thumb_func
 1507              	FLASH_OB_GetUser:
 1508              	.LFB237:
1238:Drivers/STM32F4xx_HAL_Driver/Src/stm32f4xx_hal_flash_ex.c **** 
1239:Drivers/STM32F4xx_HAL_Driver/Src/stm32f4xx_hal_flash_ex.c **** /**
1240:Drivers/STM32F4xx_HAL_Driver/Src/stm32f4xx_hal_flash_ex.c ****   * @brief  Return the FLASH User Option Byte value.
1241:Drivers/STM32F4xx_HAL_Driver/Src/stm32f4xx_hal_flash_ex.c ****   * @retval uint8_t FLASH User Option Bytes values: IWDG_SW(Bit0), RST_STOP(Bit1)
1242:Drivers/STM32F4xx_HAL_Driver/Src/stm32f4xx_hal_flash_ex.c ****   *         and RST_STDBY(Bit2).
1243:Drivers/STM32F4xx_HAL_Driver/Src/stm32f4xx_hal_flash_ex.c ****   */
1244:Drivers/STM32F4xx_HAL_Driver/Src/stm32f4xx_hal_flash_ex.c **** static uint8_t FLASH_OB_GetUser(void)
1245:Drivers/STM32F4xx_HAL_Driver/Src/stm32f4xx_hal_flash_ex.c **** {
 1509              		.loc 1 1245 1
 1510              		.cfi_startproc
 1511              		@ args = 0, pretend = 0, frame = 0
 1512              		@ frame_needed = 1, uses_anonymous_args = 0
 1513              		@ link register save eliminated.
 1514 0000 80B4     		push	{r7}
 1515              	.LCFI91:
 1516              		.cfi_def_cfa_offset 4
 1517              		.cfi_offset 7, -4
 1518 0002 00AF     		add	r7, sp, #0
 1519              	.LCFI92:
ARM GAS  C:\Users\DAELT-~1\AppData\Local\Temp\ccgEWNW2.s 			page 49


 1520              		.cfi_def_cfa_register 7
1246:Drivers/STM32F4xx_HAL_Driver/Src/stm32f4xx_hal_flash_ex.c ****   /* Return the User Option Byte */
1247:Drivers/STM32F4xx_HAL_Driver/Src/stm32f4xx_hal_flash_ex.c ****   return ((uint8_t)(FLASH->OPTCR & 0xE0));
 1521              		.loc 1 1247 26
 1522 0004 054B     		ldr	r3, .L90
 1523 0006 5B69     		ldr	r3, [r3, #20]
 1524              		.loc 1 1247 11
 1525 0008 DBB2     		uxtb	r3, r3
 1526 000a 23F01F03 		bic	r3, r3, #31
 1527 000e DBB2     		uxtb	r3, r3
1248:Drivers/STM32F4xx_HAL_Driver/Src/stm32f4xx_hal_flash_ex.c **** }
 1528              		.loc 1 1248 1
 1529 0010 1846     		mov	r0, r3
 1530 0012 BD46     		mov	sp, r7
 1531              	.LCFI93:
 1532              		.cfi_def_cfa_register 13
 1533              		@ sp needed
 1534 0014 5DF8047B 		ldr	r7, [sp], #4
 1535              	.LCFI94:
 1536              		.cfi_restore 7
 1537              		.cfi_def_cfa_offset 0
 1538 0018 7047     		bx	lr
 1539              	.L91:
 1540 001a 00BF     		.align	2
 1541              	.L90:
 1542 001c 003C0240 		.word	1073888256
 1543              		.cfi_endproc
 1544              	.LFE237:
 1546              		.section	.text.FLASH_OB_GetWRP,"ax",%progbits
 1547              		.align	1
 1548              		.syntax unified
 1549              		.thumb
 1550              		.thumb_func
 1552              	FLASH_OB_GetWRP:
 1553              	.LFB238:
1249:Drivers/STM32F4xx_HAL_Driver/Src/stm32f4xx_hal_flash_ex.c **** 
1250:Drivers/STM32F4xx_HAL_Driver/Src/stm32f4xx_hal_flash_ex.c **** /**
1251:Drivers/STM32F4xx_HAL_Driver/Src/stm32f4xx_hal_flash_ex.c ****   * @brief  Return the FLASH Write Protection Option Bytes value.
1252:Drivers/STM32F4xx_HAL_Driver/Src/stm32f4xx_hal_flash_ex.c ****   * @retval uint16_t FLASH Write Protection Option Bytes value
1253:Drivers/STM32F4xx_HAL_Driver/Src/stm32f4xx_hal_flash_ex.c ****   */
1254:Drivers/STM32F4xx_HAL_Driver/Src/stm32f4xx_hal_flash_ex.c **** static uint16_t FLASH_OB_GetWRP(void)
1255:Drivers/STM32F4xx_HAL_Driver/Src/stm32f4xx_hal_flash_ex.c **** {
 1554              		.loc 1 1255 1
 1555              		.cfi_startproc
 1556              		@ args = 0, pretend = 0, frame = 0
 1557              		@ frame_needed = 1, uses_anonymous_args = 0
 1558              		@ link register save eliminated.
 1559 0000 80B4     		push	{r7}
 1560              	.LCFI95:
 1561              		.cfi_def_cfa_offset 4
 1562              		.cfi_offset 7, -4
 1563 0002 00AF     		add	r7, sp, #0
 1564              	.LCFI96:
 1565              		.cfi_def_cfa_register 7
1256:Drivers/STM32F4xx_HAL_Driver/Src/stm32f4xx_hal_flash_ex.c ****   /* Return the FLASH write protection Register value */
1257:Drivers/STM32F4xx_HAL_Driver/Src/stm32f4xx_hal_flash_ex.c ****   return (*(__IO uint16_t *)(OPTCR_BYTE2_ADDRESS));
 1566              		.loc 1 1257 11
ARM GAS  C:\Users\DAELT-~1\AppData\Local\Temp\ccgEWNW2.s 			page 50


 1567 0004 034B     		ldr	r3, .L94
 1568 0006 1B88     		ldrh	r3, [r3]	@ movhi
 1569 0008 9BB2     		uxth	r3, r3
1258:Drivers/STM32F4xx_HAL_Driver/Src/stm32f4xx_hal_flash_ex.c **** }
 1570              		.loc 1 1258 1
 1571 000a 1846     		mov	r0, r3
 1572 000c BD46     		mov	sp, r7
 1573              	.LCFI97:
 1574              		.cfi_def_cfa_register 13
 1575              		@ sp needed
 1576 000e 5DF8047B 		ldr	r7, [sp], #4
 1577              	.LCFI98:
 1578              		.cfi_restore 7
 1579              		.cfi_def_cfa_offset 0
 1580 0012 7047     		bx	lr
 1581              	.L95:
 1582              		.align	2
 1583              	.L94:
 1584 0014 163C0240 		.word	1073888278
 1585              		.cfi_endproc
 1586              	.LFE238:
 1588              		.section	.text.FLASH_OB_GetRDP,"ax",%progbits
 1589              		.align	1
 1590              		.syntax unified
 1591              		.thumb
 1592              		.thumb_func
 1594              	FLASH_OB_GetRDP:
 1595              	.LFB239:
1259:Drivers/STM32F4xx_HAL_Driver/Src/stm32f4xx_hal_flash_ex.c **** 
1260:Drivers/STM32F4xx_HAL_Driver/Src/stm32f4xx_hal_flash_ex.c **** /**
1261:Drivers/STM32F4xx_HAL_Driver/Src/stm32f4xx_hal_flash_ex.c ****   * @brief  Returns the FLASH Read Protection level.
1262:Drivers/STM32F4xx_HAL_Driver/Src/stm32f4xx_hal_flash_ex.c ****   * @retval FLASH ReadOut Protection Status:
1263:Drivers/STM32F4xx_HAL_Driver/Src/stm32f4xx_hal_flash_ex.c ****   *         This parameter can be one of the following values:
1264:Drivers/STM32F4xx_HAL_Driver/Src/stm32f4xx_hal_flash_ex.c ****   *            @arg OB_RDP_LEVEL_0: No protection
1265:Drivers/STM32F4xx_HAL_Driver/Src/stm32f4xx_hal_flash_ex.c ****   *            @arg OB_RDP_LEVEL_1: Read protection of the memory
1266:Drivers/STM32F4xx_HAL_Driver/Src/stm32f4xx_hal_flash_ex.c ****   *            @arg OB_RDP_LEVEL_2: Full chip protection
1267:Drivers/STM32F4xx_HAL_Driver/Src/stm32f4xx_hal_flash_ex.c ****   */
1268:Drivers/STM32F4xx_HAL_Driver/Src/stm32f4xx_hal_flash_ex.c **** static uint8_t FLASH_OB_GetRDP(void)
1269:Drivers/STM32F4xx_HAL_Driver/Src/stm32f4xx_hal_flash_ex.c **** {
 1596              		.loc 1 1269 1
 1597              		.cfi_startproc
 1598              		@ args = 0, pretend = 0, frame = 8
 1599              		@ frame_needed = 1, uses_anonymous_args = 0
 1600              		@ link register save eliminated.
 1601 0000 80B4     		push	{r7}
 1602              	.LCFI99:
 1603              		.cfi_def_cfa_offset 4
 1604              		.cfi_offset 7, -4
 1605 0002 83B0     		sub	sp, sp, #12
 1606              	.LCFI100:
 1607              		.cfi_def_cfa_offset 16
 1608 0004 00AF     		add	r7, sp, #0
 1609              	.LCFI101:
 1610              		.cfi_def_cfa_register 7
1270:Drivers/STM32F4xx_HAL_Driver/Src/stm32f4xx_hal_flash_ex.c ****   uint8_t readstatus = OB_RDP_LEVEL_0;
 1611              		.loc 1 1270 11
 1612 0006 AA23     		movs	r3, #170
ARM GAS  C:\Users\DAELT-~1\AppData\Local\Temp\ccgEWNW2.s 			page 51


 1613 0008 FB71     		strb	r3, [r7, #7]
1271:Drivers/STM32F4xx_HAL_Driver/Src/stm32f4xx_hal_flash_ex.c **** 
1272:Drivers/STM32F4xx_HAL_Driver/Src/stm32f4xx_hal_flash_ex.c ****   if (*(__IO uint8_t *)(OPTCR_BYTE1_ADDRESS) == (uint8_t)OB_RDP_LEVEL_2)
 1614              		.loc 1 1272 7
 1615 000a 0C4B     		ldr	r3, .L101
 1616 000c 1B78     		ldrb	r3, [r3]
 1617 000e DBB2     		uxtb	r3, r3
 1618              		.loc 1 1272 6
 1619 0010 CC2B     		cmp	r3, #204
 1620 0012 02D1     		bne	.L97
1273:Drivers/STM32F4xx_HAL_Driver/Src/stm32f4xx_hal_flash_ex.c ****   {
1274:Drivers/STM32F4xx_HAL_Driver/Src/stm32f4xx_hal_flash_ex.c ****     readstatus = OB_RDP_LEVEL_2;
 1621              		.loc 1 1274 16
 1622 0014 CC23     		movs	r3, #204
 1623 0016 FB71     		strb	r3, [r7, #7]
 1624 0018 09E0     		b	.L98
 1625              	.L97:
1275:Drivers/STM32F4xx_HAL_Driver/Src/stm32f4xx_hal_flash_ex.c ****   }
1276:Drivers/STM32F4xx_HAL_Driver/Src/stm32f4xx_hal_flash_ex.c ****   else if (*(__IO uint8_t *)(OPTCR_BYTE1_ADDRESS) == (uint8_t)OB_RDP_LEVEL_0)
 1626              		.loc 1 1276 12
 1627 001a 084B     		ldr	r3, .L101
 1628 001c 1B78     		ldrb	r3, [r3]
 1629 001e DBB2     		uxtb	r3, r3
 1630              		.loc 1 1276 11
 1631 0020 AA2B     		cmp	r3, #170
 1632 0022 02D1     		bne	.L99
1277:Drivers/STM32F4xx_HAL_Driver/Src/stm32f4xx_hal_flash_ex.c ****   {
1278:Drivers/STM32F4xx_HAL_Driver/Src/stm32f4xx_hal_flash_ex.c ****     readstatus = OB_RDP_LEVEL_0;
 1633              		.loc 1 1278 16
 1634 0024 AA23     		movs	r3, #170
 1635 0026 FB71     		strb	r3, [r7, #7]
 1636 0028 01E0     		b	.L98
 1637              	.L99:
1279:Drivers/STM32F4xx_HAL_Driver/Src/stm32f4xx_hal_flash_ex.c ****   }
1280:Drivers/STM32F4xx_HAL_Driver/Src/stm32f4xx_hal_flash_ex.c ****   else
1281:Drivers/STM32F4xx_HAL_Driver/Src/stm32f4xx_hal_flash_ex.c ****   {
1282:Drivers/STM32F4xx_HAL_Driver/Src/stm32f4xx_hal_flash_ex.c ****     readstatus = OB_RDP_LEVEL_1;
 1638              		.loc 1 1282 16
 1639 002a 5523     		movs	r3, #85
 1640 002c FB71     		strb	r3, [r7, #7]
 1641              	.L98:
1283:Drivers/STM32F4xx_HAL_Driver/Src/stm32f4xx_hal_flash_ex.c ****   }
1284:Drivers/STM32F4xx_HAL_Driver/Src/stm32f4xx_hal_flash_ex.c **** 
1285:Drivers/STM32F4xx_HAL_Driver/Src/stm32f4xx_hal_flash_ex.c ****   return readstatus;
 1642              		.loc 1 1285 10
 1643 002e FB79     		ldrb	r3, [r7, #7]	@ zero_extendqisi2
1286:Drivers/STM32F4xx_HAL_Driver/Src/stm32f4xx_hal_flash_ex.c **** }
 1644              		.loc 1 1286 1
 1645 0030 1846     		mov	r0, r3
 1646 0032 0C37     		adds	r7, r7, #12
 1647              	.LCFI102:
 1648              		.cfi_def_cfa_offset 4
 1649 0034 BD46     		mov	sp, r7
 1650              	.LCFI103:
 1651              		.cfi_def_cfa_register 13
 1652              		@ sp needed
 1653 0036 5DF8047B 		ldr	r7, [sp], #4
ARM GAS  C:\Users\DAELT-~1\AppData\Local\Temp\ccgEWNW2.s 			page 52


 1654              	.LCFI104:
 1655              		.cfi_restore 7
 1656              		.cfi_def_cfa_offset 0
 1657 003a 7047     		bx	lr
 1658              	.L102:
 1659              		.align	2
 1660              	.L101:
 1661 003c 153C0240 		.word	1073888277
 1662              		.cfi_endproc
 1663              	.LFE239:
 1665              		.section	.text.FLASH_OB_GetBOR,"ax",%progbits
 1666              		.align	1
 1667              		.syntax unified
 1668              		.thumb
 1669              		.thumb_func
 1671              	FLASH_OB_GetBOR:
 1672              	.LFB240:
1287:Drivers/STM32F4xx_HAL_Driver/Src/stm32f4xx_hal_flash_ex.c **** 
1288:Drivers/STM32F4xx_HAL_Driver/Src/stm32f4xx_hal_flash_ex.c **** /**
1289:Drivers/STM32F4xx_HAL_Driver/Src/stm32f4xx_hal_flash_ex.c ****   * @brief  Returns the FLASH BOR level.
1290:Drivers/STM32F4xx_HAL_Driver/Src/stm32f4xx_hal_flash_ex.c ****   * @retval uint8_t The FLASH BOR level:
1291:Drivers/STM32F4xx_HAL_Driver/Src/stm32f4xx_hal_flash_ex.c ****   *           - OB_BOR_LEVEL3: Supply voltage ranges from 2.7 to 3.6 V
1292:Drivers/STM32F4xx_HAL_Driver/Src/stm32f4xx_hal_flash_ex.c ****   *           - OB_BOR_LEVEL2: Supply voltage ranges from 2.4 to 2.7 V
1293:Drivers/STM32F4xx_HAL_Driver/Src/stm32f4xx_hal_flash_ex.c ****   *           - OB_BOR_LEVEL1: Supply voltage ranges from 2.1 to 2.4 V
1294:Drivers/STM32F4xx_HAL_Driver/Src/stm32f4xx_hal_flash_ex.c ****   *           - OB_BOR_OFF   : Supply voltage ranges from 1.62 to 2.1 V
1295:Drivers/STM32F4xx_HAL_Driver/Src/stm32f4xx_hal_flash_ex.c ****   */
1296:Drivers/STM32F4xx_HAL_Driver/Src/stm32f4xx_hal_flash_ex.c **** static uint8_t FLASH_OB_GetBOR(void)
1297:Drivers/STM32F4xx_HAL_Driver/Src/stm32f4xx_hal_flash_ex.c **** {
 1673              		.loc 1 1297 1
 1674              		.cfi_startproc
 1675              		@ args = 0, pretend = 0, frame = 0
 1676              		@ frame_needed = 1, uses_anonymous_args = 0
 1677              		@ link register save eliminated.
 1678 0000 80B4     		push	{r7}
 1679              	.LCFI105:
 1680              		.cfi_def_cfa_offset 4
 1681              		.cfi_offset 7, -4
 1682 0002 00AF     		add	r7, sp, #0
 1683              	.LCFI106:
 1684              		.cfi_def_cfa_register 7
1298:Drivers/STM32F4xx_HAL_Driver/Src/stm32f4xx_hal_flash_ex.c ****   /* Return the FLASH BOR level */
1299:Drivers/STM32F4xx_HAL_Driver/Src/stm32f4xx_hal_flash_ex.c ****   return (uint8_t)(*(__IO uint8_t *)(OPTCR_BYTE0_ADDRESS) & (uint8_t)0x0C);
 1685              		.loc 1 1299 10
 1686 0004 054B     		ldr	r3, .L105
 1687 0006 1B78     		ldrb	r3, [r3]
 1688 0008 DBB2     		uxtb	r3, r3
 1689 000a 03F00C03 		and	r3, r3, #12
 1690 000e DBB2     		uxtb	r3, r3
1300:Drivers/STM32F4xx_HAL_Driver/Src/stm32f4xx_hal_flash_ex.c **** }
 1691              		.loc 1 1300 1
 1692 0010 1846     		mov	r0, r3
 1693 0012 BD46     		mov	sp, r7
 1694              	.LCFI107:
 1695              		.cfi_def_cfa_register 13
 1696              		@ sp needed
 1697 0014 5DF8047B 		ldr	r7, [sp], #4
 1698              	.LCFI108:
ARM GAS  C:\Users\DAELT-~1\AppData\Local\Temp\ccgEWNW2.s 			page 53


 1699              		.cfi_restore 7
 1700              		.cfi_def_cfa_offset 0
 1701 0018 7047     		bx	lr
 1702              	.L106:
 1703 001a 00BF     		.align	2
 1704              	.L105:
 1705 001c 143C0240 		.word	1073888276
 1706              		.cfi_endproc
 1707              	.LFE240:
 1709              		.section	.text.FLASH_FlushCaches,"ax",%progbits
 1710              		.align	1
 1711              		.global	FLASH_FlushCaches
 1712              		.syntax unified
 1713              		.thumb
 1714              		.thumb_func
 1716              	FLASH_FlushCaches:
 1717              	.LFB241:
1301:Drivers/STM32F4xx_HAL_Driver/Src/stm32f4xx_hal_flash_ex.c **** 
1302:Drivers/STM32F4xx_HAL_Driver/Src/stm32f4xx_hal_flash_ex.c **** /**
1303:Drivers/STM32F4xx_HAL_Driver/Src/stm32f4xx_hal_flash_ex.c ****   * @brief  Flush the instruction and data caches
1304:Drivers/STM32F4xx_HAL_Driver/Src/stm32f4xx_hal_flash_ex.c ****   * @retval None
1305:Drivers/STM32F4xx_HAL_Driver/Src/stm32f4xx_hal_flash_ex.c ****   */
1306:Drivers/STM32F4xx_HAL_Driver/Src/stm32f4xx_hal_flash_ex.c **** void FLASH_FlushCaches(void)
1307:Drivers/STM32F4xx_HAL_Driver/Src/stm32f4xx_hal_flash_ex.c **** {
 1718              		.loc 1 1307 1
 1719              		.cfi_startproc
 1720              		@ args = 0, pretend = 0, frame = 0
 1721              		@ frame_needed = 1, uses_anonymous_args = 0
 1722              		@ link register save eliminated.
 1723 0000 80B4     		push	{r7}
 1724              	.LCFI109:
 1725              		.cfi_def_cfa_offset 4
 1726              		.cfi_offset 7, -4
 1727 0002 00AF     		add	r7, sp, #0
 1728              	.LCFI110:
 1729              		.cfi_def_cfa_register 7
1308:Drivers/STM32F4xx_HAL_Driver/Src/stm32f4xx_hal_flash_ex.c ****   /* Flush instruction cache  */
1309:Drivers/STM32F4xx_HAL_Driver/Src/stm32f4xx_hal_flash_ex.c ****   if (READ_BIT(FLASH->ACR, FLASH_ACR_ICEN) != RESET)
 1730              		.loc 1 1309 7
 1731 0004 204B     		ldr	r3, .L111
 1732 0006 1B68     		ldr	r3, [r3]
 1733 0008 03F40073 		and	r3, r3, #512
 1734              		.loc 1 1309 6
 1735 000c 002B     		cmp	r3, #0
 1736 000e 17D0     		beq	.L108
1310:Drivers/STM32F4xx_HAL_Driver/Src/stm32f4xx_hal_flash_ex.c ****   {
1311:Drivers/STM32F4xx_HAL_Driver/Src/stm32f4xx_hal_flash_ex.c ****     /* Disable instruction cache  */
1312:Drivers/STM32F4xx_HAL_Driver/Src/stm32f4xx_hal_flash_ex.c ****     __HAL_FLASH_INSTRUCTION_CACHE_DISABLE();
 1737              		.loc 1 1312 5
 1738 0010 1D4B     		ldr	r3, .L111
 1739 0012 1B68     		ldr	r3, [r3]
 1740 0014 1C4A     		ldr	r2, .L111
 1741 0016 23F40073 		bic	r3, r3, #512
 1742 001a 1360     		str	r3, [r2]
1313:Drivers/STM32F4xx_HAL_Driver/Src/stm32f4xx_hal_flash_ex.c ****     /* Reset instruction cache */
1314:Drivers/STM32F4xx_HAL_Driver/Src/stm32f4xx_hal_flash_ex.c ****     __HAL_FLASH_INSTRUCTION_CACHE_RESET();
 1743              		.loc 1 1314 5
ARM GAS  C:\Users\DAELT-~1\AppData\Local\Temp\ccgEWNW2.s 			page 54


 1744 001c 1A4B     		ldr	r3, .L111
 1745 001e 1B68     		ldr	r3, [r3]
 1746 0020 194A     		ldr	r2, .L111
 1747 0022 43F40063 		orr	r3, r3, #2048
 1748 0026 1360     		str	r3, [r2]
 1749 0028 174B     		ldr	r3, .L111
 1750 002a 1B68     		ldr	r3, [r3]
 1751 002c 164A     		ldr	r2, .L111
 1752 002e 23F40063 		bic	r3, r3, #2048
 1753 0032 1360     		str	r3, [r2]
1315:Drivers/STM32F4xx_HAL_Driver/Src/stm32f4xx_hal_flash_ex.c ****     /* Enable instruction cache */
1316:Drivers/STM32F4xx_HAL_Driver/Src/stm32f4xx_hal_flash_ex.c ****     __HAL_FLASH_INSTRUCTION_CACHE_ENABLE();
 1754              		.loc 1 1316 5
 1755 0034 144B     		ldr	r3, .L111
 1756 0036 1B68     		ldr	r3, [r3]
 1757 0038 134A     		ldr	r2, .L111
 1758 003a 43F40073 		orr	r3, r3, #512
 1759 003e 1360     		str	r3, [r2]
 1760              	.L108:
1317:Drivers/STM32F4xx_HAL_Driver/Src/stm32f4xx_hal_flash_ex.c ****   }
1318:Drivers/STM32F4xx_HAL_Driver/Src/stm32f4xx_hal_flash_ex.c **** 
1319:Drivers/STM32F4xx_HAL_Driver/Src/stm32f4xx_hal_flash_ex.c ****   /* Flush data cache */
1320:Drivers/STM32F4xx_HAL_Driver/Src/stm32f4xx_hal_flash_ex.c ****   if (READ_BIT(FLASH->ACR, FLASH_ACR_DCEN) != RESET)
 1761              		.loc 1 1320 7
 1762 0040 114B     		ldr	r3, .L111
 1763 0042 1B68     		ldr	r3, [r3]
 1764 0044 03F48063 		and	r3, r3, #1024
 1765              		.loc 1 1320 6
 1766 0048 002B     		cmp	r3, #0
 1767 004a 17D0     		beq	.L110
1321:Drivers/STM32F4xx_HAL_Driver/Src/stm32f4xx_hal_flash_ex.c ****   {
1322:Drivers/STM32F4xx_HAL_Driver/Src/stm32f4xx_hal_flash_ex.c ****     /* Disable data cache  */
1323:Drivers/STM32F4xx_HAL_Driver/Src/stm32f4xx_hal_flash_ex.c ****     __HAL_FLASH_DATA_CACHE_DISABLE();
 1768              		.loc 1 1323 5
 1769 004c 0E4B     		ldr	r3, .L111
 1770 004e 1B68     		ldr	r3, [r3]
 1771 0050 0D4A     		ldr	r2, .L111
 1772 0052 23F48063 		bic	r3, r3, #1024
 1773 0056 1360     		str	r3, [r2]
1324:Drivers/STM32F4xx_HAL_Driver/Src/stm32f4xx_hal_flash_ex.c ****     /* Reset data cache */
1325:Drivers/STM32F4xx_HAL_Driver/Src/stm32f4xx_hal_flash_ex.c ****     __HAL_FLASH_DATA_CACHE_RESET();
 1774              		.loc 1 1325 5
 1775 0058 0B4B     		ldr	r3, .L111
 1776 005a 1B68     		ldr	r3, [r3]
 1777 005c 0A4A     		ldr	r2, .L111
 1778 005e 43F48053 		orr	r3, r3, #4096
 1779 0062 1360     		str	r3, [r2]
 1780 0064 084B     		ldr	r3, .L111
 1781 0066 1B68     		ldr	r3, [r3]
 1782 0068 074A     		ldr	r2, .L111
 1783 006a 23F48053 		bic	r3, r3, #4096
 1784 006e 1360     		str	r3, [r2]
1326:Drivers/STM32F4xx_HAL_Driver/Src/stm32f4xx_hal_flash_ex.c ****     /* Enable data cache */
1327:Drivers/STM32F4xx_HAL_Driver/Src/stm32f4xx_hal_flash_ex.c ****     __HAL_FLASH_DATA_CACHE_ENABLE();
 1785              		.loc 1 1327 5
 1786 0070 054B     		ldr	r3, .L111
 1787 0072 1B68     		ldr	r3, [r3]
ARM GAS  C:\Users\DAELT-~1\AppData\Local\Temp\ccgEWNW2.s 			page 55


 1788 0074 044A     		ldr	r2, .L111
 1789 0076 43F48063 		orr	r3, r3, #1024
 1790 007a 1360     		str	r3, [r2]
 1791              	.L110:
1328:Drivers/STM32F4xx_HAL_Driver/Src/stm32f4xx_hal_flash_ex.c ****   }
1329:Drivers/STM32F4xx_HAL_Driver/Src/stm32f4xx_hal_flash_ex.c **** }
 1792              		.loc 1 1329 1
 1793 007c 00BF     		nop
 1794 007e BD46     		mov	sp, r7
 1795              	.LCFI111:
 1796              		.cfi_def_cfa_register 13
 1797              		@ sp needed
 1798 0080 5DF8047B 		ldr	r7, [sp], #4
 1799              	.LCFI112:
 1800              		.cfi_restore 7
 1801              		.cfi_def_cfa_offset 0
 1802 0084 7047     		bx	lr
 1803              	.L112:
 1804 0086 00BF     		.align	2
 1805              	.L111:
 1806 0088 003C0240 		.word	1073888256
 1807              		.cfi_endproc
 1808              	.LFE241:
 1810              		.text
 1811              	.Letext0:
 1812              		.file 2 "C:/tools/arm-gnu-toolchain-13.2.rel1-mingw-w64-i686-arm-none-eabi/arm-none-eabi/include/m
 1813              		.file 3 "C:/tools/arm-gnu-toolchain-13.2.rel1-mingw-w64-i686-arm-none-eabi/arm-none-eabi/include/s
 1814              		.file 4 "Drivers/CMSIS/Device/ST/STM32F4xx/Include/stm32f411xe.h"
 1815              		.file 5 "Drivers/CMSIS/Device/ST/STM32F4xx/Include/stm32f4xx.h"
 1816              		.file 6 "Drivers/STM32F4xx_HAL_Driver/Inc/stm32f4xx_hal_def.h"
 1817              		.file 7 "Drivers/STM32F4xx_HAL_Driver/Inc/stm32f4xx_hal_flash.h"
 1818              		.file 8 "Drivers/STM32F4xx_HAL_Driver/Inc/stm32f4xx_hal_flash_ex.h"
ARM GAS  C:\Users\DAELT-~1\AppData\Local\Temp\ccgEWNW2.s 			page 56


DEFINED SYMBOLS
                            *ABS*:00000000 stm32f4xx_hal_flash_ex.c
C:\Users\DAELT-~1\AppData\Local\Temp\ccgEWNW2.s:21     .text.HAL_FLASHEx_Erase:00000000 $t
C:\Users\DAELT-~1\AppData\Local\Temp\ccgEWNW2.s:27     .text.HAL_FLASHEx_Erase:00000000 HAL_FLASHEx_Erase
C:\Users\DAELT-~1\AppData\Local\Temp\ccgEWNW2.s:816    .text.FLASH_MassErase:00000000 FLASH_MassErase
C:\Users\DAELT-~1\AppData\Local\Temp\ccgEWNW2.s:891    .text.FLASH_Erase_Sector:00000000 FLASH_Erase_Sector
C:\Users\DAELT-~1\AppData\Local\Temp\ccgEWNW2.s:1716   .text.FLASH_FlushCaches:00000000 FLASH_FlushCaches
C:\Users\DAELT-~1\AppData\Local\Temp\ccgEWNW2.s:184    .text.HAL_FLASHEx_Erase:000000d4 $d
C:\Users\DAELT-~1\AppData\Local\Temp\ccgEWNW2.s:190    .text.HAL_FLASHEx_Erase_IT:00000000 $t
C:\Users\DAELT-~1\AppData\Local\Temp\ccgEWNW2.s:196    .text.HAL_FLASHEx_Erase_IT:00000000 HAL_FLASHEx_Erase_IT
C:\Users\DAELT-~1\AppData\Local\Temp\ccgEWNW2.s:312    .text.HAL_FLASHEx_Erase_IT:00000090 $d
C:\Users\DAELT-~1\AppData\Local\Temp\ccgEWNW2.s:318    .text.HAL_FLASHEx_OBProgram:00000000 $t
C:\Users\DAELT-~1\AppData\Local\Temp\ccgEWNW2.s:324    .text.HAL_FLASHEx_OBProgram:00000000 HAL_FLASHEx_OBProgram
C:\Users\DAELT-~1\AppData\Local\Temp\ccgEWNW2.s:1012   .text.FLASH_OB_EnableWRP:00000000 FLASH_OB_EnableWRP
C:\Users\DAELT-~1\AppData\Local\Temp\ccgEWNW2.s:1084   .text.FLASH_OB_DisableWRP:00000000 FLASH_OB_DisableWRP
C:\Users\DAELT-~1\AppData\Local\Temp\ccgEWNW2.s:1294   .text.FLASH_OB_RDP_LevelConfig:00000000 FLASH_OB_RDP_LevelConfig
C:\Users\DAELT-~1\AppData\Local\Temp\ccgEWNW2.s:1356   .text.FLASH_OB_UserConfig:00000000 FLASH_OB_UserConfig
C:\Users\DAELT-~1\AppData\Local\Temp\ccgEWNW2.s:1440   .text.FLASH_OB_BOR_LevelConfig:00000000 FLASH_OB_BOR_LevelConfig
C:\Users\DAELT-~1\AppData\Local\Temp\ccgEWNW2.s:483    .text.HAL_FLASHEx_OBProgram:000000d8 $d
C:\Users\DAELT-~1\AppData\Local\Temp\ccgEWNW2.s:488    .text.HAL_FLASHEx_OBGetConfig:00000000 $t
C:\Users\DAELT-~1\AppData\Local\Temp\ccgEWNW2.s:494    .text.HAL_FLASHEx_OBGetConfig:00000000 HAL_FLASHEx_OBGetConfig
C:\Users\DAELT-~1\AppData\Local\Temp\ccgEWNW2.s:1552   .text.FLASH_OB_GetWRP:00000000 FLASH_OB_GetWRP
C:\Users\DAELT-~1\AppData\Local\Temp\ccgEWNW2.s:1594   .text.FLASH_OB_GetRDP:00000000 FLASH_OB_GetRDP
C:\Users\DAELT-~1\AppData\Local\Temp\ccgEWNW2.s:1507   .text.FLASH_OB_GetUser:00000000 FLASH_OB_GetUser
C:\Users\DAELT-~1\AppData\Local\Temp\ccgEWNW2.s:1671   .text.FLASH_OB_GetBOR:00000000 FLASH_OB_GetBOR
C:\Users\DAELT-~1\AppData\Local\Temp\ccgEWNW2.s:561    .text.HAL_FLASHEx_AdvOBProgram:00000000 $t
C:\Users\DAELT-~1\AppData\Local\Temp\ccgEWNW2.s:567    .text.HAL_FLASHEx_AdvOBProgram:00000000 HAL_FLASHEx_AdvOBProgram
C:\Users\DAELT-~1\AppData\Local\Temp\ccgEWNW2.s:1154   .text.FLASH_OB_EnablePCROP:00000000 FLASH_OB_EnablePCROP
C:\Users\DAELT-~1\AppData\Local\Temp\ccgEWNW2.s:1223   .text.FLASH_OB_DisablePCROP:00000000 FLASH_OB_DisablePCROP
C:\Users\DAELT-~1\AppData\Local\Temp\ccgEWNW2.s:637    .text.HAL_FLASHEx_AdvOBGetConfig:00000000 $t
C:\Users\DAELT-~1\AppData\Local\Temp\ccgEWNW2.s:643    .text.HAL_FLASHEx_AdvOBGetConfig:00000000 HAL_FLASHEx_AdvOBGetConfig
C:\Users\DAELT-~1\AppData\Local\Temp\ccgEWNW2.s:685    .text.HAL_FLASHEx_AdvOBGetConfig:00000020 $d
C:\Users\DAELT-~1\AppData\Local\Temp\ccgEWNW2.s:690    .text.HAL_FLASHEx_OB_SelectPCROP:00000000 $t
C:\Users\DAELT-~1\AppData\Local\Temp\ccgEWNW2.s:696    .text.HAL_FLASHEx_OB_SelectPCROP:00000000 HAL_FLASHEx_OB_SelectPCROP
C:\Users\DAELT-~1\AppData\Local\Temp\ccgEWNW2.s:747    .text.HAL_FLASHEx_OB_SelectPCROP:0000002c $d
C:\Users\DAELT-~1\AppData\Local\Temp\ccgEWNW2.s:752    .text.HAL_FLASHEx_OB_DeSelectPCROP:00000000 $t
C:\Users\DAELT-~1\AppData\Local\Temp\ccgEWNW2.s:758    .text.HAL_FLASHEx_OB_DeSelectPCROP:00000000 HAL_FLASHEx_OB_DeSelectPCROP
C:\Users\DAELT-~1\AppData\Local\Temp\ccgEWNW2.s:806    .text.HAL_FLASHEx_OB_DeSelectPCROP:00000028 $d
C:\Users\DAELT-~1\AppData\Local\Temp\ccgEWNW2.s:811    .text.FLASH_MassErase:00000000 $t
C:\Users\DAELT-~1\AppData\Local\Temp\ccgEWNW2.s:880    .text.FLASH_MassErase:00000044 $d
C:\Users\DAELT-~1\AppData\Local\Temp\ccgEWNW2.s:885    .text.FLASH_Erase_Sector:00000000 $t
C:\Users\DAELT-~1\AppData\Local\Temp\ccgEWNW2.s:1002   .text.FLASH_Erase_Sector:0000008c $d
C:\Users\DAELT-~1\AppData\Local\Temp\ccgEWNW2.s:1007   .text.FLASH_OB_EnableWRP:00000000 $t
C:\Users\DAELT-~1\AppData\Local\Temp\ccgEWNW2.s:1074   .text.FLASH_OB_EnableWRP:00000040 $d
C:\Users\DAELT-~1\AppData\Local\Temp\ccgEWNW2.s:1079   .text.FLASH_OB_DisableWRP:00000000 $t
C:\Users\DAELT-~1\AppData\Local\Temp\ccgEWNW2.s:1144   .text.FLASH_OB_DisableWRP:0000003c $d
C:\Users\DAELT-~1\AppData\Local\Temp\ccgEWNW2.s:1149   .text.FLASH_OB_EnablePCROP:00000000 $t
C:\Users\DAELT-~1\AppData\Local\Temp\ccgEWNW2.s:1213   .text.FLASH_OB_EnablePCROP:0000003c $d
C:\Users\DAELT-~1\AppData\Local\Temp\ccgEWNW2.s:1218   .text.FLASH_OB_DisablePCROP:00000000 $t
C:\Users\DAELT-~1\AppData\Local\Temp\ccgEWNW2.s:1284   .text.FLASH_OB_DisablePCROP:00000040 $d
C:\Users\DAELT-~1\AppData\Local\Temp\ccgEWNW2.s:1289   .text.FLASH_OB_RDP_LevelConfig:00000000 $t
C:\Users\DAELT-~1\AppData\Local\Temp\ccgEWNW2.s:1346   .text.FLASH_OB_RDP_LevelConfig:00000030 $d
C:\Users\DAELT-~1\AppData\Local\Temp\ccgEWNW2.s:1351   .text.FLASH_OB_UserConfig:00000000 $t
C:\Users\DAELT-~1\AppData\Local\Temp\ccgEWNW2.s:1430   .text.FLASH_OB_UserConfig:00000058 $d
C:\Users\DAELT-~1\AppData\Local\Temp\ccgEWNW2.s:1435   .text.FLASH_OB_BOR_LevelConfig:00000000 $t
C:\Users\DAELT-~1\AppData\Local\Temp\ccgEWNW2.s:1497   .text.FLASH_OB_BOR_LevelConfig:00000038 $d
C:\Users\DAELT-~1\AppData\Local\Temp\ccgEWNW2.s:1502   .text.FLASH_OB_GetUser:00000000 $t
ARM GAS  C:\Users\DAELT-~1\AppData\Local\Temp\ccgEWNW2.s 			page 57


C:\Users\DAELT-~1\AppData\Local\Temp\ccgEWNW2.s:1542   .text.FLASH_OB_GetUser:0000001c $d
C:\Users\DAELT-~1\AppData\Local\Temp\ccgEWNW2.s:1547   .text.FLASH_OB_GetWRP:00000000 $t
C:\Users\DAELT-~1\AppData\Local\Temp\ccgEWNW2.s:1584   .text.FLASH_OB_GetWRP:00000014 $d
C:\Users\DAELT-~1\AppData\Local\Temp\ccgEWNW2.s:1589   .text.FLASH_OB_GetRDP:00000000 $t
C:\Users\DAELT-~1\AppData\Local\Temp\ccgEWNW2.s:1661   .text.FLASH_OB_GetRDP:0000003c $d
C:\Users\DAELT-~1\AppData\Local\Temp\ccgEWNW2.s:1666   .text.FLASH_OB_GetBOR:00000000 $t
C:\Users\DAELT-~1\AppData\Local\Temp\ccgEWNW2.s:1705   .text.FLASH_OB_GetBOR:0000001c $d
C:\Users\DAELT-~1\AppData\Local\Temp\ccgEWNW2.s:1710   .text.FLASH_FlushCaches:00000000 $t
C:\Users\DAELT-~1\AppData\Local\Temp\ccgEWNW2.s:1806   .text.FLASH_FlushCaches:00000088 $d

UNDEFINED SYMBOLS
FLASH_WaitForLastOperation
pFlash
