ARM GAS  C:\Users\DAELT-~1\AppData\Local\Temp\ccK7IQ4D.s 			page 1


   1              		.cpu cortex-m4
   2              		.arch armv7e-m
   3              		.fpu fpv4-sp-d16
   4              		.eabi_attribute 27, 1
   5              		.eabi_attribute 28, 1
   6              		.eabi_attribute 20, 1
   7              		.eabi_attribute 21, 1
   8              		.eabi_attribute 23, 3
   9              		.eabi_attribute 24, 1
  10              		.eabi_attribute 25, 1
  11              		.eabi_attribute 26, 1
  12              		.eabi_attribute 30, 6
  13              		.eabi_attribute 34, 1
  14              		.eabi_attribute 18, 4
  15              		.file	"stm32f4xx_ll_usb.c"
  16              		.text
  17              	.Ltext0:
  18              		.cfi_sections	.debug_frame
  19              		.file 1 "Drivers/STM32F4xx_HAL_Driver/Src/stm32f4xx_ll_usb.c"
  20              		.section	.text.USB_CoreInit,"ax",%progbits
  21              		.align	1
  22              		.global	USB_CoreInit
  23              		.syntax unified
  24              		.thumb
  25              		.thumb_func
  27              	USB_CoreInit:
  28              	.LFB220:
   1:Drivers/STM32F4xx_HAL_Driver/Src/stm32f4xx_ll_usb.c **** /**
   2:Drivers/STM32F4xx_HAL_Driver/Src/stm32f4xx_ll_usb.c ****   ******************************************************************************
   3:Drivers/STM32F4xx_HAL_Driver/Src/stm32f4xx_ll_usb.c ****   * @file    stm32f4xx_ll_usb.c
   4:Drivers/STM32F4xx_HAL_Driver/Src/stm32f4xx_ll_usb.c ****   * @author  MCD Application Team
   5:Drivers/STM32F4xx_HAL_Driver/Src/stm32f4xx_ll_usb.c ****   * @brief   USB Low Layer HAL module driver.
   6:Drivers/STM32F4xx_HAL_Driver/Src/stm32f4xx_ll_usb.c ****   *
   7:Drivers/STM32F4xx_HAL_Driver/Src/stm32f4xx_ll_usb.c ****   *          This file provides firmware functions to manage the following
   8:Drivers/STM32F4xx_HAL_Driver/Src/stm32f4xx_ll_usb.c ****   *          functionalities of the USB Peripheral Controller:
   9:Drivers/STM32F4xx_HAL_Driver/Src/stm32f4xx_ll_usb.c ****   *           + Initialization/de-initialization functions
  10:Drivers/STM32F4xx_HAL_Driver/Src/stm32f4xx_ll_usb.c ****   *           + I/O operation functions
  11:Drivers/STM32F4xx_HAL_Driver/Src/stm32f4xx_ll_usb.c ****   *           + Peripheral Control functions
  12:Drivers/STM32F4xx_HAL_Driver/Src/stm32f4xx_ll_usb.c ****   *           + Peripheral State functions
  13:Drivers/STM32F4xx_HAL_Driver/Src/stm32f4xx_ll_usb.c ****   *
  14:Drivers/STM32F4xx_HAL_Driver/Src/stm32f4xx_ll_usb.c ****   ******************************************************************************
  15:Drivers/STM32F4xx_HAL_Driver/Src/stm32f4xx_ll_usb.c ****   * @attention
  16:Drivers/STM32F4xx_HAL_Driver/Src/stm32f4xx_ll_usb.c ****   *
  17:Drivers/STM32F4xx_HAL_Driver/Src/stm32f4xx_ll_usb.c ****   * Copyright (c) 2016 STMicroelectronics.
  18:Drivers/STM32F4xx_HAL_Driver/Src/stm32f4xx_ll_usb.c ****   * All rights reserved.
  19:Drivers/STM32F4xx_HAL_Driver/Src/stm32f4xx_ll_usb.c ****   *
  20:Drivers/STM32F4xx_HAL_Driver/Src/stm32f4xx_ll_usb.c ****   * This software is licensed under terms that can be found in the LICENSE file
  21:Drivers/STM32F4xx_HAL_Driver/Src/stm32f4xx_ll_usb.c ****   * in the root directory of this software component.
  22:Drivers/STM32F4xx_HAL_Driver/Src/stm32f4xx_ll_usb.c ****   * If no LICENSE file comes with this software, it is provided AS-IS.
  23:Drivers/STM32F4xx_HAL_Driver/Src/stm32f4xx_ll_usb.c ****   *
  24:Drivers/STM32F4xx_HAL_Driver/Src/stm32f4xx_ll_usb.c ****   ******************************************************************************
  25:Drivers/STM32F4xx_HAL_Driver/Src/stm32f4xx_ll_usb.c ****   @verbatim
  26:Drivers/STM32F4xx_HAL_Driver/Src/stm32f4xx_ll_usb.c ****   ==============================================================================
  27:Drivers/STM32F4xx_HAL_Driver/Src/stm32f4xx_ll_usb.c ****                     ##### How to use this driver #####
  28:Drivers/STM32F4xx_HAL_Driver/Src/stm32f4xx_ll_usb.c ****   ==============================================================================
  29:Drivers/STM32F4xx_HAL_Driver/Src/stm32f4xx_ll_usb.c ****     [..]
  30:Drivers/STM32F4xx_HAL_Driver/Src/stm32f4xx_ll_usb.c ****       (#) Fill parameters of Init structure in USB_CfgTypeDef structure.
ARM GAS  C:\Users\DAELT-~1\AppData\Local\Temp\ccK7IQ4D.s 			page 2


  31:Drivers/STM32F4xx_HAL_Driver/Src/stm32f4xx_ll_usb.c **** 
  32:Drivers/STM32F4xx_HAL_Driver/Src/stm32f4xx_ll_usb.c ****       (#) Call USB_CoreInit() API to initialize the USB Core peripheral.
  33:Drivers/STM32F4xx_HAL_Driver/Src/stm32f4xx_ll_usb.c **** 
  34:Drivers/STM32F4xx_HAL_Driver/Src/stm32f4xx_ll_usb.c ****       (#) The upper HAL HCD/PCD driver will call the right routines for its internal processes.
  35:Drivers/STM32F4xx_HAL_Driver/Src/stm32f4xx_ll_usb.c **** 
  36:Drivers/STM32F4xx_HAL_Driver/Src/stm32f4xx_ll_usb.c ****   @endverbatim
  37:Drivers/STM32F4xx_HAL_Driver/Src/stm32f4xx_ll_usb.c **** 
  38:Drivers/STM32F4xx_HAL_Driver/Src/stm32f4xx_ll_usb.c ****   ******************************************************************************
  39:Drivers/STM32F4xx_HAL_Driver/Src/stm32f4xx_ll_usb.c ****   */
  40:Drivers/STM32F4xx_HAL_Driver/Src/stm32f4xx_ll_usb.c **** 
  41:Drivers/STM32F4xx_HAL_Driver/Src/stm32f4xx_ll_usb.c **** /* Includes ------------------------------------------------------------------*/
  42:Drivers/STM32F4xx_HAL_Driver/Src/stm32f4xx_ll_usb.c **** #include "stm32f4xx_hal.h"
  43:Drivers/STM32F4xx_HAL_Driver/Src/stm32f4xx_ll_usb.c **** 
  44:Drivers/STM32F4xx_HAL_Driver/Src/stm32f4xx_ll_usb.c **** /** @addtogroup STM32F4xx_LL_USB_DRIVER
  45:Drivers/STM32F4xx_HAL_Driver/Src/stm32f4xx_ll_usb.c ****   * @{
  46:Drivers/STM32F4xx_HAL_Driver/Src/stm32f4xx_ll_usb.c ****   */
  47:Drivers/STM32F4xx_HAL_Driver/Src/stm32f4xx_ll_usb.c **** 
  48:Drivers/STM32F4xx_HAL_Driver/Src/stm32f4xx_ll_usb.c **** #if defined (HAL_PCD_MODULE_ENABLED) || defined (HAL_HCD_MODULE_ENABLED)
  49:Drivers/STM32F4xx_HAL_Driver/Src/stm32f4xx_ll_usb.c **** #if defined (USB_OTG_FS) || defined (USB_OTG_HS)
  50:Drivers/STM32F4xx_HAL_Driver/Src/stm32f4xx_ll_usb.c **** /* Private typedef -----------------------------------------------------------*/
  51:Drivers/STM32F4xx_HAL_Driver/Src/stm32f4xx_ll_usb.c **** /* Private define ------------------------------------------------------------*/
  52:Drivers/STM32F4xx_HAL_Driver/Src/stm32f4xx_ll_usb.c **** /* Private macro -------------------------------------------------------------*/
  53:Drivers/STM32F4xx_HAL_Driver/Src/stm32f4xx_ll_usb.c **** /* Private variables ---------------------------------------------------------*/
  54:Drivers/STM32F4xx_HAL_Driver/Src/stm32f4xx_ll_usb.c **** /* Private function prototypes -----------------------------------------------*/
  55:Drivers/STM32F4xx_HAL_Driver/Src/stm32f4xx_ll_usb.c **** /* Private functions ---------------------------------------------------------*/
  56:Drivers/STM32F4xx_HAL_Driver/Src/stm32f4xx_ll_usb.c **** #if defined (USB_OTG_FS) || defined (USB_OTG_HS)
  57:Drivers/STM32F4xx_HAL_Driver/Src/stm32f4xx_ll_usb.c **** static HAL_StatusTypeDef USB_CoreReset(USB_OTG_GlobalTypeDef *USBx);
  58:Drivers/STM32F4xx_HAL_Driver/Src/stm32f4xx_ll_usb.c **** 
  59:Drivers/STM32F4xx_HAL_Driver/Src/stm32f4xx_ll_usb.c **** /* Exported functions --------------------------------------------------------*/
  60:Drivers/STM32F4xx_HAL_Driver/Src/stm32f4xx_ll_usb.c **** /** @defgroup USB_LL_Exported_Functions USB Low Layer Exported Functions
  61:Drivers/STM32F4xx_HAL_Driver/Src/stm32f4xx_ll_usb.c ****   * @{
  62:Drivers/STM32F4xx_HAL_Driver/Src/stm32f4xx_ll_usb.c ****   */
  63:Drivers/STM32F4xx_HAL_Driver/Src/stm32f4xx_ll_usb.c **** 
  64:Drivers/STM32F4xx_HAL_Driver/Src/stm32f4xx_ll_usb.c **** /** @defgroup USB_LL_Exported_Functions_Group1 Initialization/de-initialization functions
  65:Drivers/STM32F4xx_HAL_Driver/Src/stm32f4xx_ll_usb.c ****   *  @brief    Initialization and Configuration functions
  66:Drivers/STM32F4xx_HAL_Driver/Src/stm32f4xx_ll_usb.c ****   *
  67:Drivers/STM32F4xx_HAL_Driver/Src/stm32f4xx_ll_usb.c **** @verbatim
  68:Drivers/STM32F4xx_HAL_Driver/Src/stm32f4xx_ll_usb.c ****  ===============================================================================
  69:Drivers/STM32F4xx_HAL_Driver/Src/stm32f4xx_ll_usb.c ****                       ##### Initialization/de-initialization functions #####
  70:Drivers/STM32F4xx_HAL_Driver/Src/stm32f4xx_ll_usb.c ****  ===============================================================================
  71:Drivers/STM32F4xx_HAL_Driver/Src/stm32f4xx_ll_usb.c **** 
  72:Drivers/STM32F4xx_HAL_Driver/Src/stm32f4xx_ll_usb.c **** @endverbatim
  73:Drivers/STM32F4xx_HAL_Driver/Src/stm32f4xx_ll_usb.c ****   * @{
  74:Drivers/STM32F4xx_HAL_Driver/Src/stm32f4xx_ll_usb.c ****   */
  75:Drivers/STM32F4xx_HAL_Driver/Src/stm32f4xx_ll_usb.c **** 
  76:Drivers/STM32F4xx_HAL_Driver/Src/stm32f4xx_ll_usb.c **** /**
  77:Drivers/STM32F4xx_HAL_Driver/Src/stm32f4xx_ll_usb.c ****   * @brief  Initializes the USB Core
  78:Drivers/STM32F4xx_HAL_Driver/Src/stm32f4xx_ll_usb.c ****   * @param  USBx USB Instance
  79:Drivers/STM32F4xx_HAL_Driver/Src/stm32f4xx_ll_usb.c ****   * @param  cfg pointer to a USB_OTG_CfgTypeDef structure that contains
  80:Drivers/STM32F4xx_HAL_Driver/Src/stm32f4xx_ll_usb.c ****   *         the configuration information for the specified USBx peripheral.
  81:Drivers/STM32F4xx_HAL_Driver/Src/stm32f4xx_ll_usb.c ****   * @retval HAL status
  82:Drivers/STM32F4xx_HAL_Driver/Src/stm32f4xx_ll_usb.c ****   */
  83:Drivers/STM32F4xx_HAL_Driver/Src/stm32f4xx_ll_usb.c **** HAL_StatusTypeDef USB_CoreInit(USB_OTG_GlobalTypeDef *USBx, USB_OTG_CfgTypeDef cfg)
  84:Drivers/STM32F4xx_HAL_Driver/Src/stm32f4xx_ll_usb.c **** {
  29              		.loc 1 84 1
  30              		.cfi_startproc
  31              		@ args = 20, pretend = 16, frame = 16
ARM GAS  C:\Users\DAELT-~1\AppData\Local\Temp\ccK7IQ4D.s 			page 3


  32              		@ frame_needed = 1, uses_anonymous_args = 0
  33 0000 84B0     		sub	sp, sp, #16
  34              	.LCFI0:
  35              		.cfi_def_cfa_offset 16
  36 0002 80B5     		push	{r7, lr}
  37              	.LCFI1:
  38              		.cfi_def_cfa_offset 24
  39              		.cfi_offset 7, -24
  40              		.cfi_offset 14, -20
  41 0004 84B0     		sub	sp, sp, #16
  42              	.LCFI2:
  43              		.cfi_def_cfa_offset 40
  44 0006 00AF     		add	r7, sp, #0
  45              	.LCFI3:
  46              		.cfi_def_cfa_register 7
  47 0008 7860     		str	r0, [r7, #4]
  48 000a 07F11C00 		add	r0, r7, #28
  49 000e 80E80E00 		stm	r0, {r1, r2, r3}
  85:Drivers/STM32F4xx_HAL_Driver/Src/stm32f4xx_ll_usb.c ****   HAL_StatusTypeDef ret;
  86:Drivers/STM32F4xx_HAL_Driver/Src/stm32f4xx_ll_usb.c ****   if (cfg.phy_itface == USB_OTG_ULPI_PHY)
  50              		.loc 1 86 10
  51 0012 97F82130 		ldrb	r3, [r7, #33]	@ zero_extendqisi2
  52              		.loc 1 86 6
  53 0016 012B     		cmp	r3, #1
  54 0018 23D1     		bne	.L2
  87:Drivers/STM32F4xx_HAL_Driver/Src/stm32f4xx_ll_usb.c ****   {
  88:Drivers/STM32F4xx_HAL_Driver/Src/stm32f4xx_ll_usb.c ****     USBx->GCCFG &= ~(USB_OTG_GCCFG_PWRDWN);
  55              		.loc 1 88 9
  56 001a 7B68     		ldr	r3, [r7, #4]
  57 001c 9B6B     		ldr	r3, [r3, #56]
  58              		.loc 1 88 17
  59 001e 23F48032 		bic	r2, r3, #65536
  60 0022 7B68     		ldr	r3, [r7, #4]
  61 0024 9A63     		str	r2, [r3, #56]
  89:Drivers/STM32F4xx_HAL_Driver/Src/stm32f4xx_ll_usb.c **** 
  90:Drivers/STM32F4xx_HAL_Driver/Src/stm32f4xx_ll_usb.c ****     /* Init The ULPI Interface */
  91:Drivers/STM32F4xx_HAL_Driver/Src/stm32f4xx_ll_usb.c ****     USBx->GUSBCFG &= ~(USB_OTG_GUSBCFG_TSDPS | USB_OTG_GUSBCFG_ULPIFSLS | USB_OTG_GUSBCFG_PHYSEL);
  62              		.loc 1 91 9
  63 0026 7B68     		ldr	r3, [r7, #4]
  64 0028 DB68     		ldr	r3, [r3, #12]
  65              		.loc 1 91 19
  66 002a 23F48403 		bic	r3, r3, #4325376
  67 002e 23F04003 		bic	r3, r3, #64
  68 0032 7A68     		ldr	r2, [r7, #4]
  69 0034 D360     		str	r3, [r2, #12]
  92:Drivers/STM32F4xx_HAL_Driver/Src/stm32f4xx_ll_usb.c **** 
  93:Drivers/STM32F4xx_HAL_Driver/Src/stm32f4xx_ll_usb.c ****     /* Select vbus source */
  94:Drivers/STM32F4xx_HAL_Driver/Src/stm32f4xx_ll_usb.c ****     USBx->GUSBCFG &= ~(USB_OTG_GUSBCFG_ULPIEVBUSD | USB_OTG_GUSBCFG_ULPIEVBUSI);
  70              		.loc 1 94 9
  71 0036 7B68     		ldr	r3, [r7, #4]
  72 0038 DB68     		ldr	r3, [r3, #12]
  73              		.loc 1 94 19
  74 003a 23F44012 		bic	r2, r3, #3145728
  75 003e 7B68     		ldr	r3, [r7, #4]
  76 0040 DA60     		str	r2, [r3, #12]
  95:Drivers/STM32F4xx_HAL_Driver/Src/stm32f4xx_ll_usb.c ****     if (cfg.use_external_vbus == 1U)
  77              		.loc 1 95 12
ARM GAS  C:\Users\DAELT-~1\AppData\Local\Temp\ccK7IQ4D.s 			page 4


  78 0042 97F82830 		ldrb	r3, [r7, #40]	@ zero_extendqisi2
  79              		.loc 1 95 8
  80 0046 012B     		cmp	r3, #1
  81 0048 05D1     		bne	.L3
  96:Drivers/STM32F4xx_HAL_Driver/Src/stm32f4xx_ll_usb.c ****     {
  97:Drivers/STM32F4xx_HAL_Driver/Src/stm32f4xx_ll_usb.c ****       USBx->GUSBCFG |= USB_OTG_GUSBCFG_ULPIEVBUSD;
  82              		.loc 1 97 11
  83 004a 7B68     		ldr	r3, [r7, #4]
  84 004c DB68     		ldr	r3, [r3, #12]
  85              		.loc 1 97 21
  86 004e 43F48012 		orr	r2, r3, #1048576
  87 0052 7B68     		ldr	r3, [r7, #4]
  88 0054 DA60     		str	r2, [r3, #12]
  89              	.L3:
  98:Drivers/STM32F4xx_HAL_Driver/Src/stm32f4xx_ll_usb.c ****     }
  99:Drivers/STM32F4xx_HAL_Driver/Src/stm32f4xx_ll_usb.c **** 
 100:Drivers/STM32F4xx_HAL_Driver/Src/stm32f4xx_ll_usb.c ****     /* Reset after a PHY select */
 101:Drivers/STM32F4xx_HAL_Driver/Src/stm32f4xx_ll_usb.c ****     ret = USB_CoreReset(USBx);
  90              		.loc 1 101 11
  91 0056 7868     		ldr	r0, [r7, #4]
  92 0058 FFF7FEFF 		bl	USB_CoreReset
  93 005c 0346     		mov	r3, r0
  94 005e FB73     		strb	r3, [r7, #15]
  95 0060 1BE0     		b	.L4
  96              	.L2:
 102:Drivers/STM32F4xx_HAL_Driver/Src/stm32f4xx_ll_usb.c ****   }
 103:Drivers/STM32F4xx_HAL_Driver/Src/stm32f4xx_ll_usb.c ****   else /* FS interface (embedded Phy) */
 104:Drivers/STM32F4xx_HAL_Driver/Src/stm32f4xx_ll_usb.c ****   {
 105:Drivers/STM32F4xx_HAL_Driver/Src/stm32f4xx_ll_usb.c ****     /* Select FS Embedded PHY */
 106:Drivers/STM32F4xx_HAL_Driver/Src/stm32f4xx_ll_usb.c ****     USBx->GUSBCFG |= USB_OTG_GUSBCFG_PHYSEL;
  97              		.loc 1 106 9
  98 0062 7B68     		ldr	r3, [r7, #4]
  99 0064 DB68     		ldr	r3, [r3, #12]
 100              		.loc 1 106 19
 101 0066 43F04002 		orr	r2, r3, #64
 102 006a 7B68     		ldr	r3, [r7, #4]
 103 006c DA60     		str	r2, [r3, #12]
 107:Drivers/STM32F4xx_HAL_Driver/Src/stm32f4xx_ll_usb.c **** 
 108:Drivers/STM32F4xx_HAL_Driver/Src/stm32f4xx_ll_usb.c ****     /* Reset after a PHY select */
 109:Drivers/STM32F4xx_HAL_Driver/Src/stm32f4xx_ll_usb.c ****     ret = USB_CoreReset(USBx);
 104              		.loc 1 109 11
 105 006e 7868     		ldr	r0, [r7, #4]
 106 0070 FFF7FEFF 		bl	USB_CoreReset
 107 0074 0346     		mov	r3, r0
 108 0076 FB73     		strb	r3, [r7, #15]
 110:Drivers/STM32F4xx_HAL_Driver/Src/stm32f4xx_ll_usb.c **** 
 111:Drivers/STM32F4xx_HAL_Driver/Src/stm32f4xx_ll_usb.c ****     if (cfg.battery_charging_enable == 0U)
 109              		.loc 1 111 12
 110 0078 97F82530 		ldrb	r3, [r7, #37]	@ zero_extendqisi2
 111              		.loc 1 111 8
 112 007c 002B     		cmp	r3, #0
 113 007e 06D1     		bne	.L5
 112:Drivers/STM32F4xx_HAL_Driver/Src/stm32f4xx_ll_usb.c ****     {
 113:Drivers/STM32F4xx_HAL_Driver/Src/stm32f4xx_ll_usb.c ****       /* Activate the USB Transceiver */
 114:Drivers/STM32F4xx_HAL_Driver/Src/stm32f4xx_ll_usb.c ****       USBx->GCCFG |= USB_OTG_GCCFG_PWRDWN;
 114              		.loc 1 114 11
 115 0080 7B68     		ldr	r3, [r7, #4]
ARM GAS  C:\Users\DAELT-~1\AppData\Local\Temp\ccK7IQ4D.s 			page 5


 116 0082 9B6B     		ldr	r3, [r3, #56]
 117              		.loc 1 114 19
 118 0084 43F48032 		orr	r2, r3, #65536
 119 0088 7B68     		ldr	r3, [r7, #4]
 120 008a 9A63     		str	r2, [r3, #56]
 121 008c 05E0     		b	.L4
 122              	.L5:
 115:Drivers/STM32F4xx_HAL_Driver/Src/stm32f4xx_ll_usb.c ****     }
 116:Drivers/STM32F4xx_HAL_Driver/Src/stm32f4xx_ll_usb.c ****     else
 117:Drivers/STM32F4xx_HAL_Driver/Src/stm32f4xx_ll_usb.c ****     {
 118:Drivers/STM32F4xx_HAL_Driver/Src/stm32f4xx_ll_usb.c ****       /* Deactivate the USB Transceiver */
 119:Drivers/STM32F4xx_HAL_Driver/Src/stm32f4xx_ll_usb.c ****       USBx->GCCFG &= ~(USB_OTG_GCCFG_PWRDWN);
 123              		.loc 1 119 11
 124 008e 7B68     		ldr	r3, [r7, #4]
 125 0090 9B6B     		ldr	r3, [r3, #56]
 126              		.loc 1 119 19
 127 0092 23F48032 		bic	r2, r3, #65536
 128 0096 7B68     		ldr	r3, [r7, #4]
 129 0098 9A63     		str	r2, [r3, #56]
 130              	.L4:
 120:Drivers/STM32F4xx_HAL_Driver/Src/stm32f4xx_ll_usb.c ****     }
 121:Drivers/STM32F4xx_HAL_Driver/Src/stm32f4xx_ll_usb.c ****   }
 122:Drivers/STM32F4xx_HAL_Driver/Src/stm32f4xx_ll_usb.c **** 
 123:Drivers/STM32F4xx_HAL_Driver/Src/stm32f4xx_ll_usb.c ****   if (cfg.dma_enable == 1U)
 131              		.loc 1 123 10
 132 009a BB7F     		ldrb	r3, [r7, #30]	@ zero_extendqisi2
 133              		.loc 1 123 6
 134 009c 012B     		cmp	r3, #1
 135 009e 0BD1     		bne	.L6
 124:Drivers/STM32F4xx_HAL_Driver/Src/stm32f4xx_ll_usb.c ****   {
 125:Drivers/STM32F4xx_HAL_Driver/Src/stm32f4xx_ll_usb.c ****     USBx->GAHBCFG |= USB_OTG_GAHBCFG_HBSTLEN_2;
 136              		.loc 1 125 9
 137 00a0 7B68     		ldr	r3, [r7, #4]
 138 00a2 9B68     		ldr	r3, [r3, #8]
 139              		.loc 1 125 19
 140 00a4 43F00602 		orr	r2, r3, #6
 141 00a8 7B68     		ldr	r3, [r7, #4]
 142 00aa 9A60     		str	r2, [r3, #8]
 126:Drivers/STM32F4xx_HAL_Driver/Src/stm32f4xx_ll_usb.c ****     USBx->GAHBCFG |= USB_OTG_GAHBCFG_DMAEN;
 143              		.loc 1 126 9
 144 00ac 7B68     		ldr	r3, [r7, #4]
 145 00ae 9B68     		ldr	r3, [r3, #8]
 146              		.loc 1 126 19
 147 00b0 43F02002 		orr	r2, r3, #32
 148 00b4 7B68     		ldr	r3, [r7, #4]
 149 00b6 9A60     		str	r2, [r3, #8]
 150              	.L6:
 127:Drivers/STM32F4xx_HAL_Driver/Src/stm32f4xx_ll_usb.c ****   }
 128:Drivers/STM32F4xx_HAL_Driver/Src/stm32f4xx_ll_usb.c **** 
 129:Drivers/STM32F4xx_HAL_Driver/Src/stm32f4xx_ll_usb.c ****   return ret;
 151              		.loc 1 129 10
 152 00b8 FB7B     		ldrb	r3, [r7, #15]	@ zero_extendqisi2
 130:Drivers/STM32F4xx_HAL_Driver/Src/stm32f4xx_ll_usb.c **** }
 153              		.loc 1 130 1
 154 00ba 1846     		mov	r0, r3
 155 00bc 1037     		adds	r7, r7, #16
 156              	.LCFI4:
ARM GAS  C:\Users\DAELT-~1\AppData\Local\Temp\ccK7IQ4D.s 			page 6


 157              		.cfi_def_cfa_offset 24
 158 00be BD46     		mov	sp, r7
 159              	.LCFI5:
 160              		.cfi_def_cfa_register 13
 161              		@ sp needed
 162 00c0 BDE88040 		pop	{r7, lr}
 163              	.LCFI6:
 164              		.cfi_restore 14
 165              		.cfi_restore 7
 166              		.cfi_def_cfa_offset 16
 167 00c4 04B0     		add	sp, sp, #16
 168              	.LCFI7:
 169              		.cfi_def_cfa_offset 0
 170 00c6 7047     		bx	lr
 171              		.cfi_endproc
 172              	.LFE220:
 174              		.section	.text.USB_SetTurnaroundTime,"ax",%progbits
 175              		.align	1
 176              		.global	USB_SetTurnaroundTime
 177              		.syntax unified
 178              		.thumb
 179              		.thumb_func
 181              	USB_SetTurnaroundTime:
 182              	.LFB221:
 131:Drivers/STM32F4xx_HAL_Driver/Src/stm32f4xx_ll_usb.c **** 
 132:Drivers/STM32F4xx_HAL_Driver/Src/stm32f4xx_ll_usb.c **** 
 133:Drivers/STM32F4xx_HAL_Driver/Src/stm32f4xx_ll_usb.c **** /**
 134:Drivers/STM32F4xx_HAL_Driver/Src/stm32f4xx_ll_usb.c ****   * @brief  Set the USB turnaround time
 135:Drivers/STM32F4xx_HAL_Driver/Src/stm32f4xx_ll_usb.c ****   * @param  USBx USB Instance
 136:Drivers/STM32F4xx_HAL_Driver/Src/stm32f4xx_ll_usb.c ****   * @param  hclk: AHB clock frequency
 137:Drivers/STM32F4xx_HAL_Driver/Src/stm32f4xx_ll_usb.c ****   * @retval USB turnaround time In PHY Clocks number
 138:Drivers/STM32F4xx_HAL_Driver/Src/stm32f4xx_ll_usb.c ****   */
 139:Drivers/STM32F4xx_HAL_Driver/Src/stm32f4xx_ll_usb.c **** HAL_StatusTypeDef USB_SetTurnaroundTime(USB_OTG_GlobalTypeDef *USBx,
 140:Drivers/STM32F4xx_HAL_Driver/Src/stm32f4xx_ll_usb.c ****                                         uint32_t hclk, uint8_t speed)
 141:Drivers/STM32F4xx_HAL_Driver/Src/stm32f4xx_ll_usb.c **** {
 183              		.loc 1 141 1
 184              		.cfi_startproc
 185              		@ args = 0, pretend = 0, frame = 24
 186              		@ frame_needed = 1, uses_anonymous_args = 0
 187              		@ link register save eliminated.
 188 0000 80B4     		push	{r7}
 189              	.LCFI8:
 190              		.cfi_def_cfa_offset 4
 191              		.cfi_offset 7, -4
 192 0002 87B0     		sub	sp, sp, #28
 193              	.LCFI9:
 194              		.cfi_def_cfa_offset 32
 195 0004 00AF     		add	r7, sp, #0
 196              	.LCFI10:
 197              		.cfi_def_cfa_register 7
 198 0006 F860     		str	r0, [r7, #12]
 199 0008 B960     		str	r1, [r7, #8]
 200 000a 1346     		mov	r3, r2
 201 000c FB71     		strb	r3, [r7, #7]
 142:Drivers/STM32F4xx_HAL_Driver/Src/stm32f4xx_ll_usb.c ****   uint32_t UsbTrd;
 143:Drivers/STM32F4xx_HAL_Driver/Src/stm32f4xx_ll_usb.c **** 
 144:Drivers/STM32F4xx_HAL_Driver/Src/stm32f4xx_ll_usb.c ****   /* The USBTRD is configured according to the tables below, depending on AHB frequency
ARM GAS  C:\Users\DAELT-~1\AppData\Local\Temp\ccK7IQ4D.s 			page 7


 145:Drivers/STM32F4xx_HAL_Driver/Src/stm32f4xx_ll_usb.c ****   used by application. In the low AHB frequency range it is used to stretch enough the USB response
 146:Drivers/STM32F4xx_HAL_Driver/Src/stm32f4xx_ll_usb.c ****   time to IN tokens, the USB turnaround time, so to compensate for the longer AHB read access
 147:Drivers/STM32F4xx_HAL_Driver/Src/stm32f4xx_ll_usb.c ****   latency to the Data FIFO */
 148:Drivers/STM32F4xx_HAL_Driver/Src/stm32f4xx_ll_usb.c ****   if (speed == USBD_FS_SPEED)
 202              		.loc 1 148 6
 203 000e FB79     		ldrb	r3, [r7, #7]	@ zero_extendqisi2
 204 0010 022B     		cmp	r3, #2
 205 0012 65D1     		bne	.L9
 149:Drivers/STM32F4xx_HAL_Driver/Src/stm32f4xx_ll_usb.c ****   {
 150:Drivers/STM32F4xx_HAL_Driver/Src/stm32f4xx_ll_usb.c ****     if ((hclk >= 14200000U) && (hclk < 15000000U))
 206              		.loc 1 150 8
 207 0014 BB68     		ldr	r3, [r7, #8]
 208 0016 414A     		ldr	r2, .L23
 209 0018 9342     		cmp	r3, r2
 210 001a 06D9     		bls	.L10
 211              		.loc 1 150 29 discriminator 1
 212 001c BB68     		ldr	r3, [r7, #8]
 213 001e 404A     		ldr	r2, .L23+4
 214 0020 9342     		cmp	r3, r2
 215 0022 02D2     		bcs	.L10
 151:Drivers/STM32F4xx_HAL_Driver/Src/stm32f4xx_ll_usb.c ****     {
 152:Drivers/STM32F4xx_HAL_Driver/Src/stm32f4xx_ll_usb.c ****       /* hclk Clock Range between 14.2-15 MHz */
 153:Drivers/STM32F4xx_HAL_Driver/Src/stm32f4xx_ll_usb.c ****       UsbTrd = 0xFU;
 216              		.loc 1 153 14
 217 0024 0F23     		movs	r3, #15
 218 0026 7B61     		str	r3, [r7, #20]
 219 0028 62E0     		b	.L20
 220              	.L10:
 154:Drivers/STM32F4xx_HAL_Driver/Src/stm32f4xx_ll_usb.c ****     }
 155:Drivers/STM32F4xx_HAL_Driver/Src/stm32f4xx_ll_usb.c ****     else if ((hclk >= 15000000U) && (hclk < 16000000U))
 221              		.loc 1 155 13
 222 002a BB68     		ldr	r3, [r7, #8]
 223 002c 3C4A     		ldr	r2, .L23+4
 224 002e 9342     		cmp	r3, r2
 225 0030 06D3     		bcc	.L12
 226              		.loc 1 155 34 discriminator 1
 227 0032 BB68     		ldr	r3, [r7, #8]
 228 0034 3B4A     		ldr	r2, .L23+8
 229 0036 9342     		cmp	r3, r2
 230 0038 02D2     		bcs	.L12
 156:Drivers/STM32F4xx_HAL_Driver/Src/stm32f4xx_ll_usb.c ****     {
 157:Drivers/STM32F4xx_HAL_Driver/Src/stm32f4xx_ll_usb.c ****       /* hclk Clock Range between 15-16 MHz */
 158:Drivers/STM32F4xx_HAL_Driver/Src/stm32f4xx_ll_usb.c ****       UsbTrd = 0xEU;
 231              		.loc 1 158 14
 232 003a 0E23     		movs	r3, #14
 233 003c 7B61     		str	r3, [r7, #20]
 234 003e 57E0     		b	.L20
 235              	.L12:
 159:Drivers/STM32F4xx_HAL_Driver/Src/stm32f4xx_ll_usb.c ****     }
 160:Drivers/STM32F4xx_HAL_Driver/Src/stm32f4xx_ll_usb.c ****     else if ((hclk >= 16000000U) && (hclk < 17200000U))
 236              		.loc 1 160 13
 237 0040 BB68     		ldr	r3, [r7, #8]
 238 0042 384A     		ldr	r2, .L23+8
 239 0044 9342     		cmp	r3, r2
 240 0046 06D3     		bcc	.L13
 241              		.loc 1 160 34 discriminator 1
 242 0048 BB68     		ldr	r3, [r7, #8]
ARM GAS  C:\Users\DAELT-~1\AppData\Local\Temp\ccK7IQ4D.s 			page 8


 243 004a 374A     		ldr	r2, .L23+12
 244 004c 9342     		cmp	r3, r2
 245 004e 02D2     		bcs	.L13
 161:Drivers/STM32F4xx_HAL_Driver/Src/stm32f4xx_ll_usb.c ****     {
 162:Drivers/STM32F4xx_HAL_Driver/Src/stm32f4xx_ll_usb.c ****       /* hclk Clock Range between 16-17.2 MHz */
 163:Drivers/STM32F4xx_HAL_Driver/Src/stm32f4xx_ll_usb.c ****       UsbTrd = 0xDU;
 246              		.loc 1 163 14
 247 0050 0D23     		movs	r3, #13
 248 0052 7B61     		str	r3, [r7, #20]
 249 0054 4CE0     		b	.L20
 250              	.L13:
 164:Drivers/STM32F4xx_HAL_Driver/Src/stm32f4xx_ll_usb.c ****     }
 165:Drivers/STM32F4xx_HAL_Driver/Src/stm32f4xx_ll_usb.c ****     else if ((hclk >= 17200000U) && (hclk < 18500000U))
 251              		.loc 1 165 13
 252 0056 BB68     		ldr	r3, [r7, #8]
 253 0058 334A     		ldr	r2, .L23+12
 254 005a 9342     		cmp	r3, r2
 255 005c 06D3     		bcc	.L14
 256              		.loc 1 165 34 discriminator 1
 257 005e BB68     		ldr	r3, [r7, #8]
 258 0060 324A     		ldr	r2, .L23+16
 259 0062 9342     		cmp	r3, r2
 260 0064 02D8     		bhi	.L14
 166:Drivers/STM32F4xx_HAL_Driver/Src/stm32f4xx_ll_usb.c ****     {
 167:Drivers/STM32F4xx_HAL_Driver/Src/stm32f4xx_ll_usb.c ****       /* hclk Clock Range between 17.2-18.5 MHz */
 168:Drivers/STM32F4xx_HAL_Driver/Src/stm32f4xx_ll_usb.c ****       UsbTrd = 0xCU;
 261              		.loc 1 168 14
 262 0066 0C23     		movs	r3, #12
 263 0068 7B61     		str	r3, [r7, #20]
 264 006a 41E0     		b	.L20
 265              	.L14:
 169:Drivers/STM32F4xx_HAL_Driver/Src/stm32f4xx_ll_usb.c ****     }
 170:Drivers/STM32F4xx_HAL_Driver/Src/stm32f4xx_ll_usb.c ****     else if ((hclk >= 18500000U) && (hclk < 20000000U))
 266              		.loc 1 170 13
 267 006c BB68     		ldr	r3, [r7, #8]
 268 006e 2F4A     		ldr	r2, .L23+16
 269 0070 9342     		cmp	r3, r2
 270 0072 06D9     		bls	.L15
 271              		.loc 1 170 34 discriminator 1
 272 0074 BB68     		ldr	r3, [r7, #8]
 273 0076 2E4A     		ldr	r2, .L23+20
 274 0078 9342     		cmp	r3, r2
 275 007a 02D8     		bhi	.L15
 171:Drivers/STM32F4xx_HAL_Driver/Src/stm32f4xx_ll_usb.c ****     {
 172:Drivers/STM32F4xx_HAL_Driver/Src/stm32f4xx_ll_usb.c ****       /* hclk Clock Range between 18.5-20 MHz */
 173:Drivers/STM32F4xx_HAL_Driver/Src/stm32f4xx_ll_usb.c ****       UsbTrd = 0xBU;
 276              		.loc 1 173 14
 277 007c 0B23     		movs	r3, #11
 278 007e 7B61     		str	r3, [r7, #20]
 279 0080 36E0     		b	.L20
 280              	.L15:
 174:Drivers/STM32F4xx_HAL_Driver/Src/stm32f4xx_ll_usb.c ****     }
 175:Drivers/STM32F4xx_HAL_Driver/Src/stm32f4xx_ll_usb.c ****     else if ((hclk >= 20000000U) && (hclk < 21800000U))
 281              		.loc 1 175 13
 282 0082 BB68     		ldr	r3, [r7, #8]
 283 0084 2A4A     		ldr	r2, .L23+20
 284 0086 9342     		cmp	r3, r2
ARM GAS  C:\Users\DAELT-~1\AppData\Local\Temp\ccK7IQ4D.s 			page 9


 285 0088 06D9     		bls	.L16
 286              		.loc 1 175 34 discriminator 1
 287 008a BB68     		ldr	r3, [r7, #8]
 288 008c 294A     		ldr	r2, .L23+24
 289 008e 9342     		cmp	r3, r2
 290 0090 02D8     		bhi	.L16
 176:Drivers/STM32F4xx_HAL_Driver/Src/stm32f4xx_ll_usb.c ****     {
 177:Drivers/STM32F4xx_HAL_Driver/Src/stm32f4xx_ll_usb.c ****       /* hclk Clock Range between 20-21.8 MHz */
 178:Drivers/STM32F4xx_HAL_Driver/Src/stm32f4xx_ll_usb.c ****       UsbTrd = 0xAU;
 291              		.loc 1 178 14
 292 0092 0A23     		movs	r3, #10
 293 0094 7B61     		str	r3, [r7, #20]
 294 0096 2BE0     		b	.L20
 295              	.L16:
 179:Drivers/STM32F4xx_HAL_Driver/Src/stm32f4xx_ll_usb.c ****     }
 180:Drivers/STM32F4xx_HAL_Driver/Src/stm32f4xx_ll_usb.c ****     else if ((hclk >= 21800000U) && (hclk < 24000000U))
 296              		.loc 1 180 13
 297 0098 BB68     		ldr	r3, [r7, #8]
 298 009a 264A     		ldr	r2, .L23+24
 299 009c 9342     		cmp	r3, r2
 300 009e 06D9     		bls	.L17
 301              		.loc 1 180 34 discriminator 1
 302 00a0 BB68     		ldr	r3, [r7, #8]
 303 00a2 254A     		ldr	r2, .L23+28
 304 00a4 9342     		cmp	r3, r2
 305 00a6 02D2     		bcs	.L17
 181:Drivers/STM32F4xx_HAL_Driver/Src/stm32f4xx_ll_usb.c ****     {
 182:Drivers/STM32F4xx_HAL_Driver/Src/stm32f4xx_ll_usb.c ****       /* hclk Clock Range between 21.8-24 MHz */
 183:Drivers/STM32F4xx_HAL_Driver/Src/stm32f4xx_ll_usb.c ****       UsbTrd = 0x9U;
 306              		.loc 1 183 14
 307 00a8 0923     		movs	r3, #9
 308 00aa 7B61     		str	r3, [r7, #20]
 309 00ac 20E0     		b	.L20
 310              	.L17:
 184:Drivers/STM32F4xx_HAL_Driver/Src/stm32f4xx_ll_usb.c ****     }
 185:Drivers/STM32F4xx_HAL_Driver/Src/stm32f4xx_ll_usb.c ****     else if ((hclk >= 24000000U) && (hclk < 27700000U))
 311              		.loc 1 185 13
 312 00ae BB68     		ldr	r3, [r7, #8]
 313 00b0 214A     		ldr	r2, .L23+28
 314 00b2 9342     		cmp	r3, r2
 315 00b4 06D3     		bcc	.L18
 316              		.loc 1 185 34 discriminator 1
 317 00b6 BB68     		ldr	r3, [r7, #8]
 318 00b8 204A     		ldr	r2, .L23+32
 319 00ba 9342     		cmp	r3, r2
 320 00bc 02D8     		bhi	.L18
 186:Drivers/STM32F4xx_HAL_Driver/Src/stm32f4xx_ll_usb.c ****     {
 187:Drivers/STM32F4xx_HAL_Driver/Src/stm32f4xx_ll_usb.c ****       /* hclk Clock Range between 24-27.7 MHz */
 188:Drivers/STM32F4xx_HAL_Driver/Src/stm32f4xx_ll_usb.c ****       UsbTrd = 0x8U;
 321              		.loc 1 188 14
 322 00be 0823     		movs	r3, #8
 323 00c0 7B61     		str	r3, [r7, #20]
 324 00c2 15E0     		b	.L20
 325              	.L18:
 189:Drivers/STM32F4xx_HAL_Driver/Src/stm32f4xx_ll_usb.c ****     }
 190:Drivers/STM32F4xx_HAL_Driver/Src/stm32f4xx_ll_usb.c ****     else if ((hclk >= 27700000U) && (hclk < 32000000U))
 326              		.loc 1 190 13
ARM GAS  C:\Users\DAELT-~1\AppData\Local\Temp\ccK7IQ4D.s 			page 10


 327 00c4 BB68     		ldr	r3, [r7, #8]
 328 00c6 1D4A     		ldr	r2, .L23+32
 329 00c8 9342     		cmp	r3, r2
 330 00ca 06D9     		bls	.L19
 331              		.loc 1 190 34 discriminator 1
 332 00cc BB68     		ldr	r3, [r7, #8]
 333 00ce 1C4A     		ldr	r2, .L23+36
 334 00d0 9342     		cmp	r3, r2
 335 00d2 02D2     		bcs	.L19
 191:Drivers/STM32F4xx_HAL_Driver/Src/stm32f4xx_ll_usb.c ****     {
 192:Drivers/STM32F4xx_HAL_Driver/Src/stm32f4xx_ll_usb.c ****       /* hclk Clock Range between 27.7-32 MHz */
 193:Drivers/STM32F4xx_HAL_Driver/Src/stm32f4xx_ll_usb.c ****       UsbTrd = 0x7U;
 336              		.loc 1 193 14
 337 00d4 0723     		movs	r3, #7
 338 00d6 7B61     		str	r3, [r7, #20]
 339 00d8 0AE0     		b	.L20
 340              	.L19:
 194:Drivers/STM32F4xx_HAL_Driver/Src/stm32f4xx_ll_usb.c ****     }
 195:Drivers/STM32F4xx_HAL_Driver/Src/stm32f4xx_ll_usb.c ****     else /* if(hclk >= 32000000) */
 196:Drivers/STM32F4xx_HAL_Driver/Src/stm32f4xx_ll_usb.c ****     {
 197:Drivers/STM32F4xx_HAL_Driver/Src/stm32f4xx_ll_usb.c ****       /* hclk Clock Range between 32-200 MHz */
 198:Drivers/STM32F4xx_HAL_Driver/Src/stm32f4xx_ll_usb.c ****       UsbTrd = 0x6U;
 341              		.loc 1 198 14
 342 00da 0623     		movs	r3, #6
 343 00dc 7B61     		str	r3, [r7, #20]
 344 00de 07E0     		b	.L20
 345              	.L9:
 199:Drivers/STM32F4xx_HAL_Driver/Src/stm32f4xx_ll_usb.c ****     }
 200:Drivers/STM32F4xx_HAL_Driver/Src/stm32f4xx_ll_usb.c ****   }
 201:Drivers/STM32F4xx_HAL_Driver/Src/stm32f4xx_ll_usb.c ****   else if (speed == USBD_HS_SPEED)
 346              		.loc 1 201 11
 347 00e0 FB79     		ldrb	r3, [r7, #7]	@ zero_extendqisi2
 348 00e2 002B     		cmp	r3, #0
 349 00e4 02D1     		bne	.L21
 202:Drivers/STM32F4xx_HAL_Driver/Src/stm32f4xx_ll_usb.c ****   {
 203:Drivers/STM32F4xx_HAL_Driver/Src/stm32f4xx_ll_usb.c ****     UsbTrd = USBD_HS_TRDT_VALUE;
 350              		.loc 1 203 12
 351 00e6 0923     		movs	r3, #9
 352 00e8 7B61     		str	r3, [r7, #20]
 353 00ea 01E0     		b	.L20
 354              	.L21:
 204:Drivers/STM32F4xx_HAL_Driver/Src/stm32f4xx_ll_usb.c ****   }
 205:Drivers/STM32F4xx_HAL_Driver/Src/stm32f4xx_ll_usb.c ****   else
 206:Drivers/STM32F4xx_HAL_Driver/Src/stm32f4xx_ll_usb.c ****   {
 207:Drivers/STM32F4xx_HAL_Driver/Src/stm32f4xx_ll_usb.c ****     UsbTrd = USBD_DEFAULT_TRDT_VALUE;
 355              		.loc 1 207 12
 356 00ec 0923     		movs	r3, #9
 357 00ee 7B61     		str	r3, [r7, #20]
 358              	.L20:
 208:Drivers/STM32F4xx_HAL_Driver/Src/stm32f4xx_ll_usb.c ****   }
 209:Drivers/STM32F4xx_HAL_Driver/Src/stm32f4xx_ll_usb.c **** 
 210:Drivers/STM32F4xx_HAL_Driver/Src/stm32f4xx_ll_usb.c ****   USBx->GUSBCFG &= ~USB_OTG_GUSBCFG_TRDT;
 359              		.loc 1 210 7
 360 00f0 FB68     		ldr	r3, [r7, #12]
 361 00f2 DB68     		ldr	r3, [r3, #12]
 362              		.loc 1 210 17
 363 00f4 23F47052 		bic	r2, r3, #15360
ARM GAS  C:\Users\DAELT-~1\AppData\Local\Temp\ccK7IQ4D.s 			page 11


 364 00f8 FB68     		ldr	r3, [r7, #12]
 365 00fa DA60     		str	r2, [r3, #12]
 211:Drivers/STM32F4xx_HAL_Driver/Src/stm32f4xx_ll_usb.c ****   USBx->GUSBCFG |= (uint32_t)((UsbTrd << 10) & USB_OTG_GUSBCFG_TRDT);
 366              		.loc 1 211 7
 367 00fc FB68     		ldr	r3, [r7, #12]
 368 00fe DA68     		ldr	r2, [r3, #12]
 369              		.loc 1 211 39
 370 0100 7B69     		ldr	r3, [r7, #20]
 371 0102 9B02     		lsls	r3, r3, #10
 372              		.loc 1 211 20
 373 0104 03F47053 		and	r3, r3, #15360
 374              		.loc 1 211 17
 375 0108 1A43     		orrs	r2, r2, r3
 376 010a FB68     		ldr	r3, [r7, #12]
 377 010c DA60     		str	r2, [r3, #12]
 212:Drivers/STM32F4xx_HAL_Driver/Src/stm32f4xx_ll_usb.c **** 
 213:Drivers/STM32F4xx_HAL_Driver/Src/stm32f4xx_ll_usb.c ****   return HAL_OK;
 378              		.loc 1 213 10
 379 010e 0023     		movs	r3, #0
 214:Drivers/STM32F4xx_HAL_Driver/Src/stm32f4xx_ll_usb.c **** }
 380              		.loc 1 214 1
 381 0110 1846     		mov	r0, r3
 382 0112 1C37     		adds	r7, r7, #28
 383              	.LCFI11:
 384              		.cfi_def_cfa_offset 4
 385 0114 BD46     		mov	sp, r7
 386              	.LCFI12:
 387              		.cfi_def_cfa_register 13
 388              		@ sp needed
 389 0116 5DF8047B 		ldr	r7, [sp], #4
 390              	.LCFI13:
 391              		.cfi_restore 7
 392              		.cfi_def_cfa_offset 0
 393 011a 7047     		bx	lr
 394              	.L24:
 395              		.align	2
 396              	.L23:
 397 011c BFACD800 		.word	14199999
 398 0120 C0E1E400 		.word	15000000
 399 0124 0024F400 		.word	16000000
 400 0128 80730601 		.word	17200000
 401 012c 9F491A01 		.word	18499999
 402 0130 FF2C3101 		.word	19999999
 403 0134 3FA44C01 		.word	21799999
 404 0138 00366E01 		.word	24000000
 405 013c 1FABA601 		.word	27699999
 406 0140 0048E801 		.word	32000000
 407              		.cfi_endproc
 408              	.LFE221:
 410              		.section	.text.USB_EnableGlobalInt,"ax",%progbits
 411              		.align	1
 412              		.global	USB_EnableGlobalInt
 413              		.syntax unified
 414              		.thumb
 415              		.thumb_func
 417              	USB_EnableGlobalInt:
 418              	.LFB222:
ARM GAS  C:\Users\DAELT-~1\AppData\Local\Temp\ccK7IQ4D.s 			page 12


 215:Drivers/STM32F4xx_HAL_Driver/Src/stm32f4xx_ll_usb.c **** 
 216:Drivers/STM32F4xx_HAL_Driver/Src/stm32f4xx_ll_usb.c **** /**
 217:Drivers/STM32F4xx_HAL_Driver/Src/stm32f4xx_ll_usb.c ****   * @brief  USB_EnableGlobalInt
 218:Drivers/STM32F4xx_HAL_Driver/Src/stm32f4xx_ll_usb.c ****   *         Enables the controller's Global Int in the AHB Config reg
 219:Drivers/STM32F4xx_HAL_Driver/Src/stm32f4xx_ll_usb.c ****   * @param  USBx  Selected device
 220:Drivers/STM32F4xx_HAL_Driver/Src/stm32f4xx_ll_usb.c ****   * @retval HAL status
 221:Drivers/STM32F4xx_HAL_Driver/Src/stm32f4xx_ll_usb.c ****   */
 222:Drivers/STM32F4xx_HAL_Driver/Src/stm32f4xx_ll_usb.c **** HAL_StatusTypeDef USB_EnableGlobalInt(USB_OTG_GlobalTypeDef *USBx)
 223:Drivers/STM32F4xx_HAL_Driver/Src/stm32f4xx_ll_usb.c **** {
 419              		.loc 1 223 1
 420              		.cfi_startproc
 421              		@ args = 0, pretend = 0, frame = 8
 422              		@ frame_needed = 1, uses_anonymous_args = 0
 423              		@ link register save eliminated.
 424 0000 80B4     		push	{r7}
 425              	.LCFI14:
 426              		.cfi_def_cfa_offset 4
 427              		.cfi_offset 7, -4
 428 0002 83B0     		sub	sp, sp, #12
 429              	.LCFI15:
 430              		.cfi_def_cfa_offset 16
 431 0004 00AF     		add	r7, sp, #0
 432              	.LCFI16:
 433              		.cfi_def_cfa_register 7
 434 0006 7860     		str	r0, [r7, #4]
 224:Drivers/STM32F4xx_HAL_Driver/Src/stm32f4xx_ll_usb.c ****   USBx->GAHBCFG |= USB_OTG_GAHBCFG_GINT;
 435              		.loc 1 224 7
 436 0008 7B68     		ldr	r3, [r7, #4]
 437 000a 9B68     		ldr	r3, [r3, #8]
 438              		.loc 1 224 17
 439 000c 43F00102 		orr	r2, r3, #1
 440 0010 7B68     		ldr	r3, [r7, #4]
 441 0012 9A60     		str	r2, [r3, #8]
 225:Drivers/STM32F4xx_HAL_Driver/Src/stm32f4xx_ll_usb.c ****   return HAL_OK;
 442              		.loc 1 225 10
 443 0014 0023     		movs	r3, #0
 226:Drivers/STM32F4xx_HAL_Driver/Src/stm32f4xx_ll_usb.c **** }
 444              		.loc 1 226 1
 445 0016 1846     		mov	r0, r3
 446 0018 0C37     		adds	r7, r7, #12
 447              	.LCFI17:
 448              		.cfi_def_cfa_offset 4
 449 001a BD46     		mov	sp, r7
 450              	.LCFI18:
 451              		.cfi_def_cfa_register 13
 452              		@ sp needed
 453 001c 5DF8047B 		ldr	r7, [sp], #4
 454              	.LCFI19:
 455              		.cfi_restore 7
 456              		.cfi_def_cfa_offset 0
 457 0020 7047     		bx	lr
 458              		.cfi_endproc
 459              	.LFE222:
 461              		.section	.text.USB_DisableGlobalInt,"ax",%progbits
 462              		.align	1
 463              		.global	USB_DisableGlobalInt
 464              		.syntax unified
ARM GAS  C:\Users\DAELT-~1\AppData\Local\Temp\ccK7IQ4D.s 			page 13


 465              		.thumb
 466              		.thumb_func
 468              	USB_DisableGlobalInt:
 469              	.LFB223:
 227:Drivers/STM32F4xx_HAL_Driver/Src/stm32f4xx_ll_usb.c **** 
 228:Drivers/STM32F4xx_HAL_Driver/Src/stm32f4xx_ll_usb.c **** /**
 229:Drivers/STM32F4xx_HAL_Driver/Src/stm32f4xx_ll_usb.c ****   * @brief  USB_DisableGlobalInt
 230:Drivers/STM32F4xx_HAL_Driver/Src/stm32f4xx_ll_usb.c ****   *         Disable the controller's Global Int in the AHB Config reg
 231:Drivers/STM32F4xx_HAL_Driver/Src/stm32f4xx_ll_usb.c ****   * @param  USBx  Selected device
 232:Drivers/STM32F4xx_HAL_Driver/Src/stm32f4xx_ll_usb.c ****   * @retval HAL status
 233:Drivers/STM32F4xx_HAL_Driver/Src/stm32f4xx_ll_usb.c ****   */
 234:Drivers/STM32F4xx_HAL_Driver/Src/stm32f4xx_ll_usb.c **** HAL_StatusTypeDef USB_DisableGlobalInt(USB_OTG_GlobalTypeDef *USBx)
 235:Drivers/STM32F4xx_HAL_Driver/Src/stm32f4xx_ll_usb.c **** {
 470              		.loc 1 235 1
 471              		.cfi_startproc
 472              		@ args = 0, pretend = 0, frame = 8
 473              		@ frame_needed = 1, uses_anonymous_args = 0
 474              		@ link register save eliminated.
 475 0000 80B4     		push	{r7}
 476              	.LCFI20:
 477              		.cfi_def_cfa_offset 4
 478              		.cfi_offset 7, -4
 479 0002 83B0     		sub	sp, sp, #12
 480              	.LCFI21:
 481              		.cfi_def_cfa_offset 16
 482 0004 00AF     		add	r7, sp, #0
 483              	.LCFI22:
 484              		.cfi_def_cfa_register 7
 485 0006 7860     		str	r0, [r7, #4]
 236:Drivers/STM32F4xx_HAL_Driver/Src/stm32f4xx_ll_usb.c ****   USBx->GAHBCFG &= ~USB_OTG_GAHBCFG_GINT;
 486              		.loc 1 236 7
 487 0008 7B68     		ldr	r3, [r7, #4]
 488 000a 9B68     		ldr	r3, [r3, #8]
 489              		.loc 1 236 17
 490 000c 23F00102 		bic	r2, r3, #1
 491 0010 7B68     		ldr	r3, [r7, #4]
 492 0012 9A60     		str	r2, [r3, #8]
 237:Drivers/STM32F4xx_HAL_Driver/Src/stm32f4xx_ll_usb.c ****   return HAL_OK;
 493              		.loc 1 237 10
 494 0014 0023     		movs	r3, #0
 238:Drivers/STM32F4xx_HAL_Driver/Src/stm32f4xx_ll_usb.c **** }
 495              		.loc 1 238 1
 496 0016 1846     		mov	r0, r3
 497 0018 0C37     		adds	r7, r7, #12
 498              	.LCFI23:
 499              		.cfi_def_cfa_offset 4
 500 001a BD46     		mov	sp, r7
 501              	.LCFI24:
 502              		.cfi_def_cfa_register 13
 503              		@ sp needed
 504 001c 5DF8047B 		ldr	r7, [sp], #4
 505              	.LCFI25:
 506              		.cfi_restore 7
 507              		.cfi_def_cfa_offset 0
 508 0020 7047     		bx	lr
 509              		.cfi_endproc
 510              	.LFE223:
ARM GAS  C:\Users\DAELT-~1\AppData\Local\Temp\ccK7IQ4D.s 			page 14


 512              		.section	.text.USB_SetCurrentMode,"ax",%progbits
 513              		.align	1
 514              		.global	USB_SetCurrentMode
 515              		.syntax unified
 516              		.thumb
 517              		.thumb_func
 519              	USB_SetCurrentMode:
 520              	.LFB224:
 239:Drivers/STM32F4xx_HAL_Driver/Src/stm32f4xx_ll_usb.c **** 
 240:Drivers/STM32F4xx_HAL_Driver/Src/stm32f4xx_ll_usb.c **** /**
 241:Drivers/STM32F4xx_HAL_Driver/Src/stm32f4xx_ll_usb.c ****   * @brief  USB_SetCurrentMode Set functional mode
 242:Drivers/STM32F4xx_HAL_Driver/Src/stm32f4xx_ll_usb.c ****   * @param  USBx  Selected device
 243:Drivers/STM32F4xx_HAL_Driver/Src/stm32f4xx_ll_usb.c ****   * @param  mode  current core mode
 244:Drivers/STM32F4xx_HAL_Driver/Src/stm32f4xx_ll_usb.c ****   *          This parameter can be one of these values:
 245:Drivers/STM32F4xx_HAL_Driver/Src/stm32f4xx_ll_usb.c ****   *            @arg USB_DEVICE_MODE Peripheral mode
 246:Drivers/STM32F4xx_HAL_Driver/Src/stm32f4xx_ll_usb.c ****   *            @arg USB_HOST_MODE Host mode
 247:Drivers/STM32F4xx_HAL_Driver/Src/stm32f4xx_ll_usb.c ****   * @retval HAL status
 248:Drivers/STM32F4xx_HAL_Driver/Src/stm32f4xx_ll_usb.c ****   */
 249:Drivers/STM32F4xx_HAL_Driver/Src/stm32f4xx_ll_usb.c **** HAL_StatusTypeDef USB_SetCurrentMode(USB_OTG_GlobalTypeDef *USBx, USB_OTG_ModeTypeDef mode)
 250:Drivers/STM32F4xx_HAL_Driver/Src/stm32f4xx_ll_usb.c **** {
 521              		.loc 1 250 1
 522              		.cfi_startproc
 523              		@ args = 0, pretend = 0, frame = 16
 524              		@ frame_needed = 1, uses_anonymous_args = 0
 525 0000 80B5     		push	{r7, lr}
 526              	.LCFI26:
 527              		.cfi_def_cfa_offset 8
 528              		.cfi_offset 7, -8
 529              		.cfi_offset 14, -4
 530 0002 84B0     		sub	sp, sp, #16
 531              	.LCFI27:
 532              		.cfi_def_cfa_offset 24
 533 0004 00AF     		add	r7, sp, #0
 534              	.LCFI28:
 535              		.cfi_def_cfa_register 7
 536 0006 7860     		str	r0, [r7, #4]
 537 0008 0B46     		mov	r3, r1
 538 000a FB70     		strb	r3, [r7, #3]
 251:Drivers/STM32F4xx_HAL_Driver/Src/stm32f4xx_ll_usb.c ****   uint32_t ms = 0U;
 539              		.loc 1 251 12
 540 000c 0023     		movs	r3, #0
 541 000e FB60     		str	r3, [r7, #12]
 252:Drivers/STM32F4xx_HAL_Driver/Src/stm32f4xx_ll_usb.c **** 
 253:Drivers/STM32F4xx_HAL_Driver/Src/stm32f4xx_ll_usb.c ****   USBx->GUSBCFG &= ~(USB_OTG_GUSBCFG_FHMOD | USB_OTG_GUSBCFG_FDMOD);
 542              		.loc 1 253 7
 543 0010 7B68     		ldr	r3, [r7, #4]
 544 0012 DB68     		ldr	r3, [r3, #12]
 545              		.loc 1 253 17
 546 0014 23F0C042 		bic	r2, r3, #1610612736
 547 0018 7B68     		ldr	r3, [r7, #4]
 548 001a DA60     		str	r2, [r3, #12]
 254:Drivers/STM32F4xx_HAL_Driver/Src/stm32f4xx_ll_usb.c **** 
 255:Drivers/STM32F4xx_HAL_Driver/Src/stm32f4xx_ll_usb.c ****   if (mode == USB_HOST_MODE)
 549              		.loc 1 255 6
 550 001c FB78     		ldrb	r3, [r7, #3]	@ zero_extendqisi2
 551 001e 012B     		cmp	r3, #1
 552 0020 15D1     		bne	.L30
ARM GAS  C:\Users\DAELT-~1\AppData\Local\Temp\ccK7IQ4D.s 			page 15


 256:Drivers/STM32F4xx_HAL_Driver/Src/stm32f4xx_ll_usb.c ****   {
 257:Drivers/STM32F4xx_HAL_Driver/Src/stm32f4xx_ll_usb.c ****     USBx->GUSBCFG |= USB_OTG_GUSBCFG_FHMOD;
 553              		.loc 1 257 9
 554 0022 7B68     		ldr	r3, [r7, #4]
 555 0024 DB68     		ldr	r3, [r3, #12]
 556              		.loc 1 257 19
 557 0026 43F00052 		orr	r2, r3, #536870912
 558 002a 7B68     		ldr	r3, [r7, #4]
 559 002c DA60     		str	r2, [r3, #12]
 560              	.L32:
 258:Drivers/STM32F4xx_HAL_Driver/Src/stm32f4xx_ll_usb.c **** 
 259:Drivers/STM32F4xx_HAL_Driver/Src/stm32f4xx_ll_usb.c ****     do
 260:Drivers/STM32F4xx_HAL_Driver/Src/stm32f4xx_ll_usb.c ****     {
 261:Drivers/STM32F4xx_HAL_Driver/Src/stm32f4xx_ll_usb.c ****       HAL_Delay(10U);
 561              		.loc 1 261 7
 562 002e 0A20     		movs	r0, #10
 563 0030 FFF7FEFF 		bl	HAL_Delay
 262:Drivers/STM32F4xx_HAL_Driver/Src/stm32f4xx_ll_usb.c ****       ms += 10U;
 564              		.loc 1 262 10
 565 0034 FB68     		ldr	r3, [r7, #12]
 566 0036 0A33     		adds	r3, r3, #10
 567 0038 FB60     		str	r3, [r7, #12]
 263:Drivers/STM32F4xx_HAL_Driver/Src/stm32f4xx_ll_usb.c ****     } while ((USB_GetMode(USBx) != (uint32_t)USB_HOST_MODE) && (ms < HAL_USB_CURRENT_MODE_MAX_DELAY
 568              		.loc 1 263 15 discriminator 2
 569 003a 7868     		ldr	r0, [r7, #4]
 570 003c FFF7FEFF 		bl	USB_GetMode
 571 0040 0346     		mov	r3, r0
 572              		.loc 1 263 61 discriminator 2
 573 0042 012B     		cmp	r3, #1
 574 0044 1ED0     		beq	.L31
 575              		.loc 1 263 61 is_stmt 0 discriminator 1
 576 0046 FB68     		ldr	r3, [r7, #12]
 577 0048 C72B     		cmp	r3, #199
 578 004a F0D9     		bls	.L32
 579 004c 1AE0     		b	.L31
 580              	.L30:
 264:Drivers/STM32F4xx_HAL_Driver/Src/stm32f4xx_ll_usb.c ****   }
 265:Drivers/STM32F4xx_HAL_Driver/Src/stm32f4xx_ll_usb.c ****   else if (mode == USB_DEVICE_MODE)
 581              		.loc 1 265 11 is_stmt 1
 582 004e FB78     		ldrb	r3, [r7, #3]	@ zero_extendqisi2
 583 0050 002B     		cmp	r3, #0
 584 0052 15D1     		bne	.L33
 266:Drivers/STM32F4xx_HAL_Driver/Src/stm32f4xx_ll_usb.c ****   {
 267:Drivers/STM32F4xx_HAL_Driver/Src/stm32f4xx_ll_usb.c ****     USBx->GUSBCFG |= USB_OTG_GUSBCFG_FDMOD;
 585              		.loc 1 267 9
 586 0054 7B68     		ldr	r3, [r7, #4]
 587 0056 DB68     		ldr	r3, [r3, #12]
 588              		.loc 1 267 19
 589 0058 43F08042 		orr	r2, r3, #1073741824
 590 005c 7B68     		ldr	r3, [r7, #4]
 591 005e DA60     		str	r2, [r3, #12]
 592              	.L34:
 268:Drivers/STM32F4xx_HAL_Driver/Src/stm32f4xx_ll_usb.c **** 
 269:Drivers/STM32F4xx_HAL_Driver/Src/stm32f4xx_ll_usb.c ****     do
 270:Drivers/STM32F4xx_HAL_Driver/Src/stm32f4xx_ll_usb.c ****     {
 271:Drivers/STM32F4xx_HAL_Driver/Src/stm32f4xx_ll_usb.c ****       HAL_Delay(10U);
 593              		.loc 1 271 7
ARM GAS  C:\Users\DAELT-~1\AppData\Local\Temp\ccK7IQ4D.s 			page 16


 594 0060 0A20     		movs	r0, #10
 595 0062 FFF7FEFF 		bl	HAL_Delay
 272:Drivers/STM32F4xx_HAL_Driver/Src/stm32f4xx_ll_usb.c ****       ms += 10U;
 596              		.loc 1 272 10
 597 0066 FB68     		ldr	r3, [r7, #12]
 598 0068 0A33     		adds	r3, r3, #10
 599 006a FB60     		str	r3, [r7, #12]
 273:Drivers/STM32F4xx_HAL_Driver/Src/stm32f4xx_ll_usb.c ****     } while ((USB_GetMode(USBx) != (uint32_t)USB_DEVICE_MODE) && (ms < HAL_USB_CURRENT_MODE_MAX_DEL
 600              		.loc 1 273 15 discriminator 2
 601 006c 7868     		ldr	r0, [r7, #4]
 602 006e FFF7FEFF 		bl	USB_GetMode
 603 0072 0346     		mov	r3, r0
 604              		.loc 1 273 63 discriminator 2
 605 0074 002B     		cmp	r3, #0
 606 0076 05D0     		beq	.L31
 607              		.loc 1 273 63 is_stmt 0 discriminator 1
 608 0078 FB68     		ldr	r3, [r7, #12]
 609 007a C72B     		cmp	r3, #199
 610 007c F0D9     		bls	.L34
 611 007e 01E0     		b	.L31
 612              	.L33:
 274:Drivers/STM32F4xx_HAL_Driver/Src/stm32f4xx_ll_usb.c ****   }
 275:Drivers/STM32F4xx_HAL_Driver/Src/stm32f4xx_ll_usb.c ****   else
 276:Drivers/STM32F4xx_HAL_Driver/Src/stm32f4xx_ll_usb.c ****   {
 277:Drivers/STM32F4xx_HAL_Driver/Src/stm32f4xx_ll_usb.c ****     return HAL_ERROR;
 613              		.loc 1 277 12 is_stmt 1
 614 0080 0123     		movs	r3, #1
 615 0082 05E0     		b	.L35
 616              	.L31:
 278:Drivers/STM32F4xx_HAL_Driver/Src/stm32f4xx_ll_usb.c ****   }
 279:Drivers/STM32F4xx_HAL_Driver/Src/stm32f4xx_ll_usb.c **** 
 280:Drivers/STM32F4xx_HAL_Driver/Src/stm32f4xx_ll_usb.c ****   if (ms == HAL_USB_CURRENT_MODE_MAX_DELAY_MS)
 617              		.loc 1 280 6
 618 0084 FB68     		ldr	r3, [r7, #12]
 619 0086 C82B     		cmp	r3, #200
 620 0088 01D1     		bne	.L36
 281:Drivers/STM32F4xx_HAL_Driver/Src/stm32f4xx_ll_usb.c ****   {
 282:Drivers/STM32F4xx_HAL_Driver/Src/stm32f4xx_ll_usb.c ****     return HAL_ERROR;
 621              		.loc 1 282 12
 622 008a 0123     		movs	r3, #1
 623 008c 00E0     		b	.L35
 624              	.L36:
 283:Drivers/STM32F4xx_HAL_Driver/Src/stm32f4xx_ll_usb.c ****   }
 284:Drivers/STM32F4xx_HAL_Driver/Src/stm32f4xx_ll_usb.c **** 
 285:Drivers/STM32F4xx_HAL_Driver/Src/stm32f4xx_ll_usb.c ****   return HAL_OK;
 625              		.loc 1 285 10
 626 008e 0023     		movs	r3, #0
 627              	.L35:
 286:Drivers/STM32F4xx_HAL_Driver/Src/stm32f4xx_ll_usb.c **** }
 628              		.loc 1 286 1
 629 0090 1846     		mov	r0, r3
 630 0092 1037     		adds	r7, r7, #16
 631              	.LCFI29:
 632              		.cfi_def_cfa_offset 8
 633 0094 BD46     		mov	sp, r7
 634              	.LCFI30:
 635              		.cfi_def_cfa_register 13
ARM GAS  C:\Users\DAELT-~1\AppData\Local\Temp\ccK7IQ4D.s 			page 17


 636              		@ sp needed
 637 0096 80BD     		pop	{r7, pc}
 638              		.cfi_endproc
 639              	.LFE224:
 641              		.section	.text.USB_DevInit,"ax",%progbits
 642              		.align	1
 643              		.global	USB_DevInit
 644              		.syntax unified
 645              		.thumb
 646              		.thumb_func
 648              	USB_DevInit:
 649              	.LFB225:
 287:Drivers/STM32F4xx_HAL_Driver/Src/stm32f4xx_ll_usb.c **** 
 288:Drivers/STM32F4xx_HAL_Driver/Src/stm32f4xx_ll_usb.c **** /**
 289:Drivers/STM32F4xx_HAL_Driver/Src/stm32f4xx_ll_usb.c ****   * @brief  USB_DevInit Initializes the USB_OTG controller registers
 290:Drivers/STM32F4xx_HAL_Driver/Src/stm32f4xx_ll_usb.c ****   *         for device mode
 291:Drivers/STM32F4xx_HAL_Driver/Src/stm32f4xx_ll_usb.c ****   * @param  USBx  Selected device
 292:Drivers/STM32F4xx_HAL_Driver/Src/stm32f4xx_ll_usb.c ****   * @param  cfg   pointer to a USB_OTG_CfgTypeDef structure that contains
 293:Drivers/STM32F4xx_HAL_Driver/Src/stm32f4xx_ll_usb.c ****   *         the configuration information for the specified USBx peripheral.
 294:Drivers/STM32F4xx_HAL_Driver/Src/stm32f4xx_ll_usb.c ****   * @retval HAL status
 295:Drivers/STM32F4xx_HAL_Driver/Src/stm32f4xx_ll_usb.c ****   */
 296:Drivers/STM32F4xx_HAL_Driver/Src/stm32f4xx_ll_usb.c **** HAL_StatusTypeDef USB_DevInit(USB_OTG_GlobalTypeDef *USBx, USB_OTG_CfgTypeDef cfg)
 297:Drivers/STM32F4xx_HAL_Driver/Src/stm32f4xx_ll_usb.c **** {
 650              		.loc 1 297 1
 651              		.cfi_startproc
 652              		@ args = 20, pretend = 16, frame = 24
 653              		@ frame_needed = 1, uses_anonymous_args = 0
 654 0000 84B0     		sub	sp, sp, #16
 655              	.LCFI31:
 656              		.cfi_def_cfa_offset 16
 657 0002 80B5     		push	{r7, lr}
 658              	.LCFI32:
 659              		.cfi_def_cfa_offset 24
 660              		.cfi_offset 7, -24
 661              		.cfi_offset 14, -20
 662 0004 86B0     		sub	sp, sp, #24
 663              	.LCFI33:
 664              		.cfi_def_cfa_offset 48
 665 0006 00AF     		add	r7, sp, #0
 666              	.LCFI34:
 667              		.cfi_def_cfa_register 7
 668 0008 7860     		str	r0, [r7, #4]
 669 000a 07F12400 		add	r0, r7, #36
 670 000e 80E80E00 		stm	r0, {r1, r2, r3}
 298:Drivers/STM32F4xx_HAL_Driver/Src/stm32f4xx_ll_usb.c ****   HAL_StatusTypeDef ret = HAL_OK;
 671              		.loc 1 298 21
 672 0012 0023     		movs	r3, #0
 673 0014 FB75     		strb	r3, [r7, #23]
 299:Drivers/STM32F4xx_HAL_Driver/Src/stm32f4xx_ll_usb.c ****   uint32_t USBx_BASE = (uint32_t)USBx;
 674              		.loc 1 299 12
 675 0016 7B68     		ldr	r3, [r7, #4]
 676 0018 FB60     		str	r3, [r7, #12]
 300:Drivers/STM32F4xx_HAL_Driver/Src/stm32f4xx_ll_usb.c ****   uint32_t i;
 301:Drivers/STM32F4xx_HAL_Driver/Src/stm32f4xx_ll_usb.c **** 
 302:Drivers/STM32F4xx_HAL_Driver/Src/stm32f4xx_ll_usb.c ****   for (i = 0U; i < 15U; i++)
 677              		.loc 1 302 10
 678 001a 0023     		movs	r3, #0
ARM GAS  C:\Users\DAELT-~1\AppData\Local\Temp\ccK7IQ4D.s 			page 18


 679 001c 3B61     		str	r3, [r7, #16]
 680              		.loc 1 302 3
 681 001e 09E0     		b	.L38
 682              	.L39:
 303:Drivers/STM32F4xx_HAL_Driver/Src/stm32f4xx_ll_usb.c ****   {
 304:Drivers/STM32F4xx_HAL_Driver/Src/stm32f4xx_ll_usb.c ****     USBx->DIEPTXF[i] = 0U;
 683              		.loc 1 304 22
 684 0020 7A68     		ldr	r2, [r7, #4]
 685 0022 3B69     		ldr	r3, [r7, #16]
 686 0024 4033     		adds	r3, r3, #64
 687 0026 9B00     		lsls	r3, r3, #2
 688 0028 1344     		add	r3, r3, r2
 689 002a 0022     		movs	r2, #0
 690 002c 5A60     		str	r2, [r3, #4]
 302:Drivers/STM32F4xx_HAL_Driver/Src/stm32f4xx_ll_usb.c ****   {
 691              		.loc 1 302 26 discriminator 3
 692 002e 3B69     		ldr	r3, [r7, #16]
 693 0030 0133     		adds	r3, r3, #1
 694 0032 3B61     		str	r3, [r7, #16]
 695              	.L38:
 302:Drivers/STM32F4xx_HAL_Driver/Src/stm32f4xx_ll_usb.c ****   {
 696              		.loc 1 302 18 discriminator 1
 697 0034 3B69     		ldr	r3, [r7, #16]
 698 0036 0E2B     		cmp	r3, #14
 699 0038 F2D9     		bls	.L39
 305:Drivers/STM32F4xx_HAL_Driver/Src/stm32f4xx_ll_usb.c ****   }
 306:Drivers/STM32F4xx_HAL_Driver/Src/stm32f4xx_ll_usb.c **** 
 307:Drivers/STM32F4xx_HAL_Driver/Src/stm32f4xx_ll_usb.c **** #if defined(STM32F446xx) || defined(STM32F469xx) || defined(STM32F479xx) || defined(STM32F412Zx) \
 308:Drivers/STM32F4xx_HAL_Driver/Src/stm32f4xx_ll_usb.c ****  || defined(STM32F412Vx) || defined(STM32F412Rx) || defined(STM32F412Cx) || defined(STM32F413xx) \
 309:Drivers/STM32F4xx_HAL_Driver/Src/stm32f4xx_ll_usb.c ****  || defined(STM32F423xx)
 310:Drivers/STM32F4xx_HAL_Driver/Src/stm32f4xx_ll_usb.c ****   /* VBUS Sensing setup */
 311:Drivers/STM32F4xx_HAL_Driver/Src/stm32f4xx_ll_usb.c ****   if (cfg.vbus_sensing_enable == 0U)
 312:Drivers/STM32F4xx_HAL_Driver/Src/stm32f4xx_ll_usb.c ****   {
 313:Drivers/STM32F4xx_HAL_Driver/Src/stm32f4xx_ll_usb.c ****     USBx_DEVICE->DCTL |= USB_OTG_DCTL_SDIS;
 314:Drivers/STM32F4xx_HAL_Driver/Src/stm32f4xx_ll_usb.c **** 
 315:Drivers/STM32F4xx_HAL_Driver/Src/stm32f4xx_ll_usb.c ****     /* Deactivate VBUS Sensing B */
 316:Drivers/STM32F4xx_HAL_Driver/Src/stm32f4xx_ll_usb.c ****     USBx->GCCFG &= ~USB_OTG_GCCFG_VBDEN;
 317:Drivers/STM32F4xx_HAL_Driver/Src/stm32f4xx_ll_usb.c **** 
 318:Drivers/STM32F4xx_HAL_Driver/Src/stm32f4xx_ll_usb.c ****     /* B-peripheral session valid override enable */
 319:Drivers/STM32F4xx_HAL_Driver/Src/stm32f4xx_ll_usb.c ****     USBx->GOTGCTL |= USB_OTG_GOTGCTL_BVALOEN;
 320:Drivers/STM32F4xx_HAL_Driver/Src/stm32f4xx_ll_usb.c ****     USBx->GOTGCTL |= USB_OTG_GOTGCTL_BVALOVAL;
 321:Drivers/STM32F4xx_HAL_Driver/Src/stm32f4xx_ll_usb.c ****   }
 322:Drivers/STM32F4xx_HAL_Driver/Src/stm32f4xx_ll_usb.c ****   else
 323:Drivers/STM32F4xx_HAL_Driver/Src/stm32f4xx_ll_usb.c ****   {
 324:Drivers/STM32F4xx_HAL_Driver/Src/stm32f4xx_ll_usb.c ****     /* Enable HW VBUS sensing */
 325:Drivers/STM32F4xx_HAL_Driver/Src/stm32f4xx_ll_usb.c ****     USBx->GCCFG |= USB_OTG_GCCFG_VBDEN;
 326:Drivers/STM32F4xx_HAL_Driver/Src/stm32f4xx_ll_usb.c ****   }
 327:Drivers/STM32F4xx_HAL_Driver/Src/stm32f4xx_ll_usb.c **** #else
 328:Drivers/STM32F4xx_HAL_Driver/Src/stm32f4xx_ll_usb.c ****   /* VBUS Sensing setup */
 329:Drivers/STM32F4xx_HAL_Driver/Src/stm32f4xx_ll_usb.c ****   if (cfg.vbus_sensing_enable == 0U)
 700              		.loc 1 329 10
 701 003a 97F82E30 		ldrb	r3, [r7, #46]	@ zero_extendqisi2
 702              		.loc 1 329 6
 703 003e 002B     		cmp	r3, #0
 704 0040 1CD1     		bne	.L40
 330:Drivers/STM32F4xx_HAL_Driver/Src/stm32f4xx_ll_usb.c ****   {
 331:Drivers/STM32F4xx_HAL_Driver/Src/stm32f4xx_ll_usb.c ****     /*
ARM GAS  C:\Users\DAELT-~1\AppData\Local\Temp\ccK7IQ4D.s 			page 19


 332:Drivers/STM32F4xx_HAL_Driver/Src/stm32f4xx_ll_usb.c ****      * Disable HW VBUS sensing. VBUS is internally considered to be always
 333:Drivers/STM32F4xx_HAL_Driver/Src/stm32f4xx_ll_usb.c ****      * at VBUS-Valid level (5V).
 334:Drivers/STM32F4xx_HAL_Driver/Src/stm32f4xx_ll_usb.c ****      */
 335:Drivers/STM32F4xx_HAL_Driver/Src/stm32f4xx_ll_usb.c ****     USBx_DEVICE->DCTL |= USB_OTG_DCTL_SDIS;
 705              		.loc 1 335 16
 706 0042 FB68     		ldr	r3, [r7, #12]
 707 0044 03F50063 		add	r3, r3, #2048
 708 0048 5B68     		ldr	r3, [r3, #4]
 709 004a FA68     		ldr	r2, [r7, #12]
 710 004c 02F50062 		add	r2, r2, #2048
 711              		.loc 1 335 23
 712 0050 43F00203 		orr	r3, r3, #2
 713 0054 5360     		str	r3, [r2, #4]
 336:Drivers/STM32F4xx_HAL_Driver/Src/stm32f4xx_ll_usb.c ****     USBx->GCCFG |= USB_OTG_GCCFG_NOVBUSSENS;
 714              		.loc 1 336 9
 715 0056 7B68     		ldr	r3, [r7, #4]
 716 0058 9B6B     		ldr	r3, [r3, #56]
 717              		.loc 1 336 17
 718 005a 43F40012 		orr	r2, r3, #2097152
 719 005e 7B68     		ldr	r3, [r7, #4]
 720 0060 9A63     		str	r2, [r3, #56]
 337:Drivers/STM32F4xx_HAL_Driver/Src/stm32f4xx_ll_usb.c ****     USBx->GCCFG &= ~USB_OTG_GCCFG_VBUSBSEN;
 721              		.loc 1 337 9
 722 0062 7B68     		ldr	r3, [r7, #4]
 723 0064 9B6B     		ldr	r3, [r3, #56]
 724              		.loc 1 337 17
 725 0066 23F40022 		bic	r2, r3, #524288
 726 006a 7B68     		ldr	r3, [r7, #4]
 727 006c 9A63     		str	r2, [r3, #56]
 338:Drivers/STM32F4xx_HAL_Driver/Src/stm32f4xx_ll_usb.c ****     USBx->GCCFG &= ~USB_OTG_GCCFG_VBUSASEN;
 728              		.loc 1 338 9
 729 006e 7B68     		ldr	r3, [r7, #4]
 730 0070 9B6B     		ldr	r3, [r3, #56]
 731              		.loc 1 338 17
 732 0072 23F48022 		bic	r2, r3, #262144
 733 0076 7B68     		ldr	r3, [r7, #4]
 734 0078 9A63     		str	r2, [r3, #56]
 735 007a 0BE0     		b	.L41
 736              	.L40:
 339:Drivers/STM32F4xx_HAL_Driver/Src/stm32f4xx_ll_usb.c ****   }
 340:Drivers/STM32F4xx_HAL_Driver/Src/stm32f4xx_ll_usb.c ****   else
 341:Drivers/STM32F4xx_HAL_Driver/Src/stm32f4xx_ll_usb.c ****   {
 342:Drivers/STM32F4xx_HAL_Driver/Src/stm32f4xx_ll_usb.c ****     /* Enable HW VBUS sensing */
 343:Drivers/STM32F4xx_HAL_Driver/Src/stm32f4xx_ll_usb.c ****     USBx->GCCFG &= ~USB_OTG_GCCFG_NOVBUSSENS;
 737              		.loc 1 343 9
 738 007c 7B68     		ldr	r3, [r7, #4]
 739 007e 9B6B     		ldr	r3, [r3, #56]
 740              		.loc 1 343 17
 741 0080 23F40012 		bic	r2, r3, #2097152
 742 0084 7B68     		ldr	r3, [r7, #4]
 743 0086 9A63     		str	r2, [r3, #56]
 344:Drivers/STM32F4xx_HAL_Driver/Src/stm32f4xx_ll_usb.c ****     USBx->GCCFG |= USB_OTG_GCCFG_VBUSBSEN;
 744              		.loc 1 344 9
 745 0088 7B68     		ldr	r3, [r7, #4]
 746 008a 9B6B     		ldr	r3, [r3, #56]
 747              		.loc 1 344 17
 748 008c 43F40022 		orr	r2, r3, #524288
ARM GAS  C:\Users\DAELT-~1\AppData\Local\Temp\ccK7IQ4D.s 			page 20


 749 0090 7B68     		ldr	r3, [r7, #4]
 750 0092 9A63     		str	r2, [r3, #56]
 751              	.L41:
 345:Drivers/STM32F4xx_HAL_Driver/Src/stm32f4xx_ll_usb.c ****   }
 346:Drivers/STM32F4xx_HAL_Driver/Src/stm32f4xx_ll_usb.c **** #endif /* defined(STM32F446xx) || defined(STM32F469xx) || defined(STM32F479xx) || defined(STM32F412
 347:Drivers/STM32F4xx_HAL_Driver/Src/stm32f4xx_ll_usb.c ****           defined(STM32F412Vx) || defined(STM32F412Rx) || defined(STM32F412Cx) || defined(STM32F413
 348:Drivers/STM32F4xx_HAL_Driver/Src/stm32f4xx_ll_usb.c ****           defined(STM32F423xx) */
 349:Drivers/STM32F4xx_HAL_Driver/Src/stm32f4xx_ll_usb.c **** 
 350:Drivers/STM32F4xx_HAL_Driver/Src/stm32f4xx_ll_usb.c ****   /* Restart the Phy Clock */
 351:Drivers/STM32F4xx_HAL_Driver/Src/stm32f4xx_ll_usb.c ****   USBx_PCGCCTL = 0U;
 752              		.loc 1 351 3
 753 0094 FB68     		ldr	r3, [r7, #12]
 754 0096 03F56063 		add	r3, r3, #3584
 755 009a 1A46     		mov	r2, r3
 756              		.loc 1 351 16
 757 009c 0023     		movs	r3, #0
 758 009e 1360     		str	r3, [r2]
 352:Drivers/STM32F4xx_HAL_Driver/Src/stm32f4xx_ll_usb.c **** 
 353:Drivers/STM32F4xx_HAL_Driver/Src/stm32f4xx_ll_usb.c ****   if (cfg.phy_itface == USB_OTG_ULPI_PHY)
 759              		.loc 1 353 10
 760 00a0 97F82930 		ldrb	r3, [r7, #41]	@ zero_extendqisi2
 761              		.loc 1 353 6
 762 00a4 012B     		cmp	r3, #1
 763 00a6 0DD1     		bne	.L42
 354:Drivers/STM32F4xx_HAL_Driver/Src/stm32f4xx_ll_usb.c ****   {
 355:Drivers/STM32F4xx_HAL_Driver/Src/stm32f4xx_ll_usb.c ****     if (cfg.speed == USBD_HS_SPEED)
 764              		.loc 1 355 12
 765 00a8 97F82730 		ldrb	r3, [r7, #39]	@ zero_extendqisi2
 766              		.loc 1 355 8
 767 00ac 002B     		cmp	r3, #0
 768 00ae 04D1     		bne	.L43
 356:Drivers/STM32F4xx_HAL_Driver/Src/stm32f4xx_ll_usb.c ****     {
 357:Drivers/STM32F4xx_HAL_Driver/Src/stm32f4xx_ll_usb.c ****       /* Set Core speed to High speed mode */
 358:Drivers/STM32F4xx_HAL_Driver/Src/stm32f4xx_ll_usb.c ****       (void)USB_SetDevSpeed(USBx, USB_OTG_SPEED_HIGH);
 769              		.loc 1 358 13
 770 00b0 0021     		movs	r1, #0
 771 00b2 7868     		ldr	r0, [r7, #4]
 772 00b4 FFF7FEFF 		bl	USB_SetDevSpeed
 773 00b8 08E0     		b	.L44
 774              	.L43:
 359:Drivers/STM32F4xx_HAL_Driver/Src/stm32f4xx_ll_usb.c ****     }
 360:Drivers/STM32F4xx_HAL_Driver/Src/stm32f4xx_ll_usb.c ****     else
 361:Drivers/STM32F4xx_HAL_Driver/Src/stm32f4xx_ll_usb.c ****     {
 362:Drivers/STM32F4xx_HAL_Driver/Src/stm32f4xx_ll_usb.c ****       /* Set Core speed to Full speed mode */
 363:Drivers/STM32F4xx_HAL_Driver/Src/stm32f4xx_ll_usb.c ****       (void)USB_SetDevSpeed(USBx, USB_OTG_SPEED_HIGH_IN_FULL);
 775              		.loc 1 363 13
 776 00ba 0121     		movs	r1, #1
 777 00bc 7868     		ldr	r0, [r7, #4]
 778 00be FFF7FEFF 		bl	USB_SetDevSpeed
 779 00c2 03E0     		b	.L44
 780              	.L42:
 364:Drivers/STM32F4xx_HAL_Driver/Src/stm32f4xx_ll_usb.c ****     }
 365:Drivers/STM32F4xx_HAL_Driver/Src/stm32f4xx_ll_usb.c ****   }
 366:Drivers/STM32F4xx_HAL_Driver/Src/stm32f4xx_ll_usb.c ****   else
 367:Drivers/STM32F4xx_HAL_Driver/Src/stm32f4xx_ll_usb.c ****   {
 368:Drivers/STM32F4xx_HAL_Driver/Src/stm32f4xx_ll_usb.c ****     /* Set Core speed to Full speed mode */
 369:Drivers/STM32F4xx_HAL_Driver/Src/stm32f4xx_ll_usb.c ****     (void)USB_SetDevSpeed(USBx, USB_OTG_SPEED_FULL);
ARM GAS  C:\Users\DAELT-~1\AppData\Local\Temp\ccK7IQ4D.s 			page 21


 781              		.loc 1 369 11
 782 00c4 0321     		movs	r1, #3
 783 00c6 7868     		ldr	r0, [r7, #4]
 784 00c8 FFF7FEFF 		bl	USB_SetDevSpeed
 785              	.L44:
 370:Drivers/STM32F4xx_HAL_Driver/Src/stm32f4xx_ll_usb.c ****   }
 371:Drivers/STM32F4xx_HAL_Driver/Src/stm32f4xx_ll_usb.c **** 
 372:Drivers/STM32F4xx_HAL_Driver/Src/stm32f4xx_ll_usb.c ****   /* Flush the FIFOs */
 373:Drivers/STM32F4xx_HAL_Driver/Src/stm32f4xx_ll_usb.c ****   if (USB_FlushTxFifo(USBx, 0x10U) != HAL_OK) /* all Tx FIFOs */
 786              		.loc 1 373 7
 787 00cc 1021     		movs	r1, #16
 788 00ce 7868     		ldr	r0, [r7, #4]
 789 00d0 FFF7FEFF 		bl	USB_FlushTxFifo
 790 00d4 0346     		mov	r3, r0
 791              		.loc 1 373 6 discriminator 1
 792 00d6 002B     		cmp	r3, #0
 793 00d8 01D0     		beq	.L45
 374:Drivers/STM32F4xx_HAL_Driver/Src/stm32f4xx_ll_usb.c ****   {
 375:Drivers/STM32F4xx_HAL_Driver/Src/stm32f4xx_ll_usb.c ****     ret = HAL_ERROR;
 794              		.loc 1 375 9
 795 00da 0123     		movs	r3, #1
 796 00dc FB75     		strb	r3, [r7, #23]
 797              	.L45:
 376:Drivers/STM32F4xx_HAL_Driver/Src/stm32f4xx_ll_usb.c ****   }
 377:Drivers/STM32F4xx_HAL_Driver/Src/stm32f4xx_ll_usb.c **** 
 378:Drivers/STM32F4xx_HAL_Driver/Src/stm32f4xx_ll_usb.c ****   if (USB_FlushRxFifo(USBx) != HAL_OK)
 798              		.loc 1 378 7
 799 00de 7868     		ldr	r0, [r7, #4]
 800 00e0 FFF7FEFF 		bl	USB_FlushRxFifo
 801 00e4 0346     		mov	r3, r0
 802              		.loc 1 378 6 discriminator 1
 803 00e6 002B     		cmp	r3, #0
 804 00e8 01D0     		beq	.L46
 379:Drivers/STM32F4xx_HAL_Driver/Src/stm32f4xx_ll_usb.c ****   {
 380:Drivers/STM32F4xx_HAL_Driver/Src/stm32f4xx_ll_usb.c ****     ret = HAL_ERROR;
 805              		.loc 1 380 9
 806 00ea 0123     		movs	r3, #1
 807 00ec FB75     		strb	r3, [r7, #23]
 808              	.L46:
 381:Drivers/STM32F4xx_HAL_Driver/Src/stm32f4xx_ll_usb.c ****   }
 382:Drivers/STM32F4xx_HAL_Driver/Src/stm32f4xx_ll_usb.c **** 
 383:Drivers/STM32F4xx_HAL_Driver/Src/stm32f4xx_ll_usb.c ****   /* Clear all pending Device Interrupts */
 384:Drivers/STM32F4xx_HAL_Driver/Src/stm32f4xx_ll_usb.c ****   USBx_DEVICE->DIEPMSK = 0U;
 809              		.loc 1 384 3
 810 00ee FB68     		ldr	r3, [r7, #12]
 811 00f0 03F50063 		add	r3, r3, #2048
 812 00f4 1A46     		mov	r2, r3
 813              		.loc 1 384 24
 814 00f6 0023     		movs	r3, #0
 815 00f8 1361     		str	r3, [r2, #16]
 385:Drivers/STM32F4xx_HAL_Driver/Src/stm32f4xx_ll_usb.c ****   USBx_DEVICE->DOEPMSK = 0U;
 816              		.loc 1 385 3
 817 00fa FB68     		ldr	r3, [r7, #12]
 818 00fc 03F50063 		add	r3, r3, #2048
 819 0100 1A46     		mov	r2, r3
 820              		.loc 1 385 24
 821 0102 0023     		movs	r3, #0
ARM GAS  C:\Users\DAELT-~1\AppData\Local\Temp\ccK7IQ4D.s 			page 22


 822 0104 5361     		str	r3, [r2, #20]
 386:Drivers/STM32F4xx_HAL_Driver/Src/stm32f4xx_ll_usb.c ****   USBx_DEVICE->DAINTMSK = 0U;
 823              		.loc 1 386 3
 824 0106 FB68     		ldr	r3, [r7, #12]
 825 0108 03F50063 		add	r3, r3, #2048
 826 010c 1A46     		mov	r2, r3
 827              		.loc 1 386 25
 828 010e 0023     		movs	r3, #0
 829 0110 D361     		str	r3, [r2, #28]
 387:Drivers/STM32F4xx_HAL_Driver/Src/stm32f4xx_ll_usb.c **** 
 388:Drivers/STM32F4xx_HAL_Driver/Src/stm32f4xx_ll_usb.c ****   for (i = 0U; i < cfg.dev_endpoints; i++)
 830              		.loc 1 388 10
 831 0112 0023     		movs	r3, #0
 832 0114 3B61     		str	r3, [r7, #16]
 833              		.loc 1 388 3
 834 0116 43E0     		b	.L47
 835              	.L51:
 389:Drivers/STM32F4xx_HAL_Driver/Src/stm32f4xx_ll_usb.c ****   {
 390:Drivers/STM32F4xx_HAL_Driver/Src/stm32f4xx_ll_usb.c ****     if ((USBx_INEP(i)->DIEPCTL & USB_OTG_DIEPCTL_EPENA) == USB_OTG_DIEPCTL_EPENA)
 836              		.loc 1 390 10
 837 0118 3B69     		ldr	r3, [r7, #16]
 838 011a 5A01     		lsls	r2, r3, #5
 839 011c FB68     		ldr	r3, [r7, #12]
 840 011e 1344     		add	r3, r3, r2
 841 0120 03F51063 		add	r3, r3, #2304
 842              		.loc 1 390 22
 843 0124 1B68     		ldr	r3, [r3]
 844              		.loc 1 390 32
 845 0126 03F00043 		and	r3, r3, #-2147483648
 846              		.loc 1 390 8
 847 012a B3F1004F 		cmp	r3, #-2147483648
 848 012e 18D1     		bne	.L48
 391:Drivers/STM32F4xx_HAL_Driver/Src/stm32f4xx_ll_usb.c ****     {
 392:Drivers/STM32F4xx_HAL_Driver/Src/stm32f4xx_ll_usb.c ****       if (i == 0U)
 849              		.loc 1 392 10
 850 0130 3B69     		ldr	r3, [r7, #16]
 851 0132 002B     		cmp	r3, #0
 852 0134 0AD1     		bne	.L49
 393:Drivers/STM32F4xx_HAL_Driver/Src/stm32f4xx_ll_usb.c ****       {
 394:Drivers/STM32F4xx_HAL_Driver/Src/stm32f4xx_ll_usb.c ****         USBx_INEP(i)->DIEPCTL = USB_OTG_DIEPCTL_SNAK;
 853              		.loc 1 394 9
 854 0136 3B69     		ldr	r3, [r7, #16]
 855 0138 5A01     		lsls	r2, r3, #5
 856 013a FB68     		ldr	r3, [r7, #12]
 857 013c 1344     		add	r3, r3, r2
 858 013e 03F51063 		add	r3, r3, #2304
 859 0142 1A46     		mov	r2, r3
 860              		.loc 1 394 31
 861 0144 4FF00063 		mov	r3, #134217728
 862 0148 1360     		str	r3, [r2]
 863 014a 13E0     		b	.L50
 864              	.L49:
 395:Drivers/STM32F4xx_HAL_Driver/Src/stm32f4xx_ll_usb.c ****       }
 396:Drivers/STM32F4xx_HAL_Driver/Src/stm32f4xx_ll_usb.c ****       else
 397:Drivers/STM32F4xx_HAL_Driver/Src/stm32f4xx_ll_usb.c ****       {
 398:Drivers/STM32F4xx_HAL_Driver/Src/stm32f4xx_ll_usb.c ****         USBx_INEP(i)->DIEPCTL = USB_OTG_DIEPCTL_EPDIS | USB_OTG_DIEPCTL_SNAK;
 865              		.loc 1 398 9
ARM GAS  C:\Users\DAELT-~1\AppData\Local\Temp\ccK7IQ4D.s 			page 23


 866 014c 3B69     		ldr	r3, [r7, #16]
 867 014e 5A01     		lsls	r2, r3, #5
 868 0150 FB68     		ldr	r3, [r7, #12]
 869 0152 1344     		add	r3, r3, r2
 870 0154 03F51063 		add	r3, r3, #2304
 871 0158 1A46     		mov	r2, r3
 872              		.loc 1 398 31
 873 015a 4FF09043 		mov	r3, #1207959552
 874 015e 1360     		str	r3, [r2]
 875 0160 08E0     		b	.L50
 876              	.L48:
 399:Drivers/STM32F4xx_HAL_Driver/Src/stm32f4xx_ll_usb.c ****       }
 400:Drivers/STM32F4xx_HAL_Driver/Src/stm32f4xx_ll_usb.c ****     }
 401:Drivers/STM32F4xx_HAL_Driver/Src/stm32f4xx_ll_usb.c ****     else
 402:Drivers/STM32F4xx_HAL_Driver/Src/stm32f4xx_ll_usb.c ****     {
 403:Drivers/STM32F4xx_HAL_Driver/Src/stm32f4xx_ll_usb.c ****       USBx_INEP(i)->DIEPCTL = 0U;
 877              		.loc 1 403 7
 878 0162 3B69     		ldr	r3, [r7, #16]
 879 0164 5A01     		lsls	r2, r3, #5
 880 0166 FB68     		ldr	r3, [r7, #12]
 881 0168 1344     		add	r3, r3, r2
 882 016a 03F51063 		add	r3, r3, #2304
 883 016e 1A46     		mov	r2, r3
 884              		.loc 1 403 29
 885 0170 0023     		movs	r3, #0
 886 0172 1360     		str	r3, [r2]
 887              	.L50:
 404:Drivers/STM32F4xx_HAL_Driver/Src/stm32f4xx_ll_usb.c ****     }
 405:Drivers/STM32F4xx_HAL_Driver/Src/stm32f4xx_ll_usb.c **** 
 406:Drivers/STM32F4xx_HAL_Driver/Src/stm32f4xx_ll_usb.c ****     USBx_INEP(i)->DIEPTSIZ = 0U;
 888              		.loc 1 406 5
 889 0174 3B69     		ldr	r3, [r7, #16]
 890 0176 5A01     		lsls	r2, r3, #5
 891 0178 FB68     		ldr	r3, [r7, #12]
 892 017a 1344     		add	r3, r3, r2
 893 017c 03F51063 		add	r3, r3, #2304
 894 0180 1A46     		mov	r2, r3
 895              		.loc 1 406 28
 896 0182 0023     		movs	r3, #0
 897 0184 1361     		str	r3, [r2, #16]
 407:Drivers/STM32F4xx_HAL_Driver/Src/stm32f4xx_ll_usb.c ****     USBx_INEP(i)->DIEPINT  = 0xFB7FU;
 898              		.loc 1 407 5
 899 0186 3B69     		ldr	r3, [r7, #16]
 900 0188 5A01     		lsls	r2, r3, #5
 901 018a FB68     		ldr	r3, [r7, #12]
 902 018c 1344     		add	r3, r3, r2
 903 018e 03F51063 		add	r3, r3, #2304
 904 0192 1A46     		mov	r2, r3
 905              		.loc 1 407 28
 906 0194 4FF67F33 		movw	r3, #64383
 907 0198 9360     		str	r3, [r2, #8]
 388:Drivers/STM32F4xx_HAL_Driver/Src/stm32f4xx_ll_usb.c ****   {
 908              		.loc 1 388 40 discriminator 2
 909 019a 3B69     		ldr	r3, [r7, #16]
 910 019c 0133     		adds	r3, r3, #1
 911 019e 3B61     		str	r3, [r7, #16]
 912              	.L47:
ARM GAS  C:\Users\DAELT-~1\AppData\Local\Temp\ccK7IQ4D.s 			page 24


 388:Drivers/STM32F4xx_HAL_Driver/Src/stm32f4xx_ll_usb.c ****   {
 913              		.loc 1 388 23 discriminator 1
 914 01a0 97F82430 		ldrb	r3, [r7, #36]	@ zero_extendqisi2
 915 01a4 1A46     		mov	r2, r3
 388:Drivers/STM32F4xx_HAL_Driver/Src/stm32f4xx_ll_usb.c ****   {
 916              		.loc 1 388 18 discriminator 1
 917 01a6 3B69     		ldr	r3, [r7, #16]
 918 01a8 9342     		cmp	r3, r2
 919 01aa B5D3     		bcc	.L51
 408:Drivers/STM32F4xx_HAL_Driver/Src/stm32f4xx_ll_usb.c ****   }
 409:Drivers/STM32F4xx_HAL_Driver/Src/stm32f4xx_ll_usb.c **** 
 410:Drivers/STM32F4xx_HAL_Driver/Src/stm32f4xx_ll_usb.c ****   for (i = 0U; i < cfg.dev_endpoints; i++)
 920              		.loc 1 410 10
 921 01ac 0023     		movs	r3, #0
 922 01ae 3B61     		str	r3, [r7, #16]
 923              		.loc 1 410 3
 924 01b0 43E0     		b	.L52
 925              	.L56:
 411:Drivers/STM32F4xx_HAL_Driver/Src/stm32f4xx_ll_usb.c ****   {
 412:Drivers/STM32F4xx_HAL_Driver/Src/stm32f4xx_ll_usb.c ****     if ((USBx_OUTEP(i)->DOEPCTL & USB_OTG_DOEPCTL_EPENA) == USB_OTG_DOEPCTL_EPENA)
 926              		.loc 1 412 10
 927 01b2 3B69     		ldr	r3, [r7, #16]
 928 01b4 5A01     		lsls	r2, r3, #5
 929 01b6 FB68     		ldr	r3, [r7, #12]
 930 01b8 1344     		add	r3, r3, r2
 931 01ba 03F53063 		add	r3, r3, #2816
 932              		.loc 1 412 23
 933 01be 1B68     		ldr	r3, [r3]
 934              		.loc 1 412 33
 935 01c0 03F00043 		and	r3, r3, #-2147483648
 936              		.loc 1 412 8
 937 01c4 B3F1004F 		cmp	r3, #-2147483648
 938 01c8 18D1     		bne	.L53
 413:Drivers/STM32F4xx_HAL_Driver/Src/stm32f4xx_ll_usb.c ****     {
 414:Drivers/STM32F4xx_HAL_Driver/Src/stm32f4xx_ll_usb.c ****       if (i == 0U)
 939              		.loc 1 414 10
 940 01ca 3B69     		ldr	r3, [r7, #16]
 941 01cc 002B     		cmp	r3, #0
 942 01ce 0AD1     		bne	.L54
 415:Drivers/STM32F4xx_HAL_Driver/Src/stm32f4xx_ll_usb.c ****       {
 416:Drivers/STM32F4xx_HAL_Driver/Src/stm32f4xx_ll_usb.c ****         USBx_OUTEP(i)->DOEPCTL = USB_OTG_DOEPCTL_SNAK;
 943              		.loc 1 416 9
 944 01d0 3B69     		ldr	r3, [r7, #16]
 945 01d2 5A01     		lsls	r2, r3, #5
 946 01d4 FB68     		ldr	r3, [r7, #12]
 947 01d6 1344     		add	r3, r3, r2
 948 01d8 03F53063 		add	r3, r3, #2816
 949 01dc 1A46     		mov	r2, r3
 950              		.loc 1 416 32
 951 01de 4FF00063 		mov	r3, #134217728
 952 01e2 1360     		str	r3, [r2]
 953 01e4 13E0     		b	.L55
 954              	.L54:
 417:Drivers/STM32F4xx_HAL_Driver/Src/stm32f4xx_ll_usb.c ****       }
 418:Drivers/STM32F4xx_HAL_Driver/Src/stm32f4xx_ll_usb.c ****       else
 419:Drivers/STM32F4xx_HAL_Driver/Src/stm32f4xx_ll_usb.c ****       {
 420:Drivers/STM32F4xx_HAL_Driver/Src/stm32f4xx_ll_usb.c ****         USBx_OUTEP(i)->DOEPCTL = USB_OTG_DOEPCTL_EPDIS | USB_OTG_DOEPCTL_SNAK;
ARM GAS  C:\Users\DAELT-~1\AppData\Local\Temp\ccK7IQ4D.s 			page 25


 955              		.loc 1 420 9
 956 01e6 3B69     		ldr	r3, [r7, #16]
 957 01e8 5A01     		lsls	r2, r3, #5
 958 01ea FB68     		ldr	r3, [r7, #12]
 959 01ec 1344     		add	r3, r3, r2
 960 01ee 03F53063 		add	r3, r3, #2816
 961 01f2 1A46     		mov	r2, r3
 962              		.loc 1 420 32
 963 01f4 4FF09043 		mov	r3, #1207959552
 964 01f8 1360     		str	r3, [r2]
 965 01fa 08E0     		b	.L55
 966              	.L53:
 421:Drivers/STM32F4xx_HAL_Driver/Src/stm32f4xx_ll_usb.c ****       }
 422:Drivers/STM32F4xx_HAL_Driver/Src/stm32f4xx_ll_usb.c ****     }
 423:Drivers/STM32F4xx_HAL_Driver/Src/stm32f4xx_ll_usb.c ****     else
 424:Drivers/STM32F4xx_HAL_Driver/Src/stm32f4xx_ll_usb.c ****     {
 425:Drivers/STM32F4xx_HAL_Driver/Src/stm32f4xx_ll_usb.c ****       USBx_OUTEP(i)->DOEPCTL = 0U;
 967              		.loc 1 425 7
 968 01fc 3B69     		ldr	r3, [r7, #16]
 969 01fe 5A01     		lsls	r2, r3, #5
 970 0200 FB68     		ldr	r3, [r7, #12]
 971 0202 1344     		add	r3, r3, r2
 972 0204 03F53063 		add	r3, r3, #2816
 973 0208 1A46     		mov	r2, r3
 974              		.loc 1 425 30
 975 020a 0023     		movs	r3, #0
 976 020c 1360     		str	r3, [r2]
 977              	.L55:
 426:Drivers/STM32F4xx_HAL_Driver/Src/stm32f4xx_ll_usb.c ****     }
 427:Drivers/STM32F4xx_HAL_Driver/Src/stm32f4xx_ll_usb.c **** 
 428:Drivers/STM32F4xx_HAL_Driver/Src/stm32f4xx_ll_usb.c ****     USBx_OUTEP(i)->DOEPTSIZ = 0U;
 978              		.loc 1 428 5
 979 020e 3B69     		ldr	r3, [r7, #16]
 980 0210 5A01     		lsls	r2, r3, #5
 981 0212 FB68     		ldr	r3, [r7, #12]
 982 0214 1344     		add	r3, r3, r2
 983 0216 03F53063 		add	r3, r3, #2816
 984 021a 1A46     		mov	r2, r3
 985              		.loc 1 428 29
 986 021c 0023     		movs	r3, #0
 987 021e 1361     		str	r3, [r2, #16]
 429:Drivers/STM32F4xx_HAL_Driver/Src/stm32f4xx_ll_usb.c ****     USBx_OUTEP(i)->DOEPINT  = 0xFB7FU;
 988              		.loc 1 429 5
 989 0220 3B69     		ldr	r3, [r7, #16]
 990 0222 5A01     		lsls	r2, r3, #5
 991 0224 FB68     		ldr	r3, [r7, #12]
 992 0226 1344     		add	r3, r3, r2
 993 0228 03F53063 		add	r3, r3, #2816
 994 022c 1A46     		mov	r2, r3
 995              		.loc 1 429 29
 996 022e 4FF67F33 		movw	r3, #64383
 997 0232 9360     		str	r3, [r2, #8]
 410:Drivers/STM32F4xx_HAL_Driver/Src/stm32f4xx_ll_usb.c ****   {
 998              		.loc 1 410 40 discriminator 2
 999 0234 3B69     		ldr	r3, [r7, #16]
 1000 0236 0133     		adds	r3, r3, #1
 1001 0238 3B61     		str	r3, [r7, #16]
ARM GAS  C:\Users\DAELT-~1\AppData\Local\Temp\ccK7IQ4D.s 			page 26


 1002              	.L52:
 410:Drivers/STM32F4xx_HAL_Driver/Src/stm32f4xx_ll_usb.c ****   {
 1003              		.loc 1 410 23 discriminator 1
 1004 023a 97F82430 		ldrb	r3, [r7, #36]	@ zero_extendqisi2
 1005 023e 1A46     		mov	r2, r3
 410:Drivers/STM32F4xx_HAL_Driver/Src/stm32f4xx_ll_usb.c ****   {
 1006              		.loc 1 410 18 discriminator 1
 1007 0240 3B69     		ldr	r3, [r7, #16]
 1008 0242 9342     		cmp	r3, r2
 1009 0244 B5D3     		bcc	.L56
 430:Drivers/STM32F4xx_HAL_Driver/Src/stm32f4xx_ll_usb.c ****   }
 431:Drivers/STM32F4xx_HAL_Driver/Src/stm32f4xx_ll_usb.c **** 
 432:Drivers/STM32F4xx_HAL_Driver/Src/stm32f4xx_ll_usb.c ****   USBx_DEVICE->DIEPMSK &= ~(USB_OTG_DIEPMSK_TXFURM);
 1010              		.loc 1 432 14
 1011 0246 FB68     		ldr	r3, [r7, #12]
 1012 0248 03F50063 		add	r3, r3, #2048
 1013 024c 1B69     		ldr	r3, [r3, #16]
 1014 024e FA68     		ldr	r2, [r7, #12]
 1015 0250 02F50062 		add	r2, r2, #2048
 1016              		.loc 1 432 24
 1017 0254 23F48073 		bic	r3, r3, #256
 1018 0258 1361     		str	r3, [r2, #16]
 433:Drivers/STM32F4xx_HAL_Driver/Src/stm32f4xx_ll_usb.c **** 
 434:Drivers/STM32F4xx_HAL_Driver/Src/stm32f4xx_ll_usb.c ****   /* Disable all interrupts. */
 435:Drivers/STM32F4xx_HAL_Driver/Src/stm32f4xx_ll_usb.c ****   USBx->GINTMSK = 0U;
 1019              		.loc 1 435 17
 1020 025a 7B68     		ldr	r3, [r7, #4]
 1021 025c 0022     		movs	r2, #0
 1022 025e 9A61     		str	r2, [r3, #24]
 436:Drivers/STM32F4xx_HAL_Driver/Src/stm32f4xx_ll_usb.c **** 
 437:Drivers/STM32F4xx_HAL_Driver/Src/stm32f4xx_ll_usb.c ****   /* Clear any pending interrupts */
 438:Drivers/STM32F4xx_HAL_Driver/Src/stm32f4xx_ll_usb.c ****   USBx->GINTSTS = 0xBFFFFFFFU;
 1023              		.loc 1 438 17
 1024 0260 7B68     		ldr	r3, [r7, #4]
 1025 0262 6FF08042 		mvn	r2, #1073741824
 1026 0266 5A61     		str	r2, [r3, #20]
 439:Drivers/STM32F4xx_HAL_Driver/Src/stm32f4xx_ll_usb.c **** 
 440:Drivers/STM32F4xx_HAL_Driver/Src/stm32f4xx_ll_usb.c ****   /* Enable the common interrupts */
 441:Drivers/STM32F4xx_HAL_Driver/Src/stm32f4xx_ll_usb.c ****   if (cfg.dma_enable == 0U)
 1027              		.loc 1 441 10
 1028 0268 97F82630 		ldrb	r3, [r7, #38]	@ zero_extendqisi2
 1029              		.loc 1 441 6
 1030 026c 002B     		cmp	r3, #0
 1031 026e 05D1     		bne	.L57
 442:Drivers/STM32F4xx_HAL_Driver/Src/stm32f4xx_ll_usb.c ****   {
 443:Drivers/STM32F4xx_HAL_Driver/Src/stm32f4xx_ll_usb.c ****     USBx->GINTMSK |= USB_OTG_GINTMSK_RXFLVLM;
 1032              		.loc 1 443 9
 1033 0270 7B68     		ldr	r3, [r7, #4]
 1034 0272 9B69     		ldr	r3, [r3, #24]
 1035              		.loc 1 443 19
 1036 0274 43F01002 		orr	r2, r3, #16
 1037 0278 7B68     		ldr	r3, [r7, #4]
 1038 027a 9A61     		str	r2, [r3, #24]
 1039              	.L57:
 444:Drivers/STM32F4xx_HAL_Driver/Src/stm32f4xx_ll_usb.c ****   }
 445:Drivers/STM32F4xx_HAL_Driver/Src/stm32f4xx_ll_usb.c **** 
 446:Drivers/STM32F4xx_HAL_Driver/Src/stm32f4xx_ll_usb.c ****   /* Enable interrupts matching to the Device mode ONLY */
ARM GAS  C:\Users\DAELT-~1\AppData\Local\Temp\ccK7IQ4D.s 			page 27


 447:Drivers/STM32F4xx_HAL_Driver/Src/stm32f4xx_ll_usb.c ****   USBx->GINTMSK |= USB_OTG_GINTMSK_USBSUSPM | USB_OTG_GINTMSK_USBRST |
 1040              		.loc 1 447 7
 1041 027c 7B68     		ldr	r3, [r7, #4]
 1042 027e 9A69     		ldr	r2, [r3, #24]
 1043              		.loc 1 447 17
 1044 0280 104B     		ldr	r3, .L61
 1045 0282 1343     		orrs	r3, r3, r2
 1046 0284 7A68     		ldr	r2, [r7, #4]
 1047 0286 9361     		str	r3, [r2, #24]
 448:Drivers/STM32F4xx_HAL_Driver/Src/stm32f4xx_ll_usb.c ****                    USB_OTG_GINTMSK_ENUMDNEM | USB_OTG_GINTMSK_IEPINT |
 449:Drivers/STM32F4xx_HAL_Driver/Src/stm32f4xx_ll_usb.c ****                    USB_OTG_GINTMSK_OEPINT   | USB_OTG_GINTMSK_IISOIXFRM |
 450:Drivers/STM32F4xx_HAL_Driver/Src/stm32f4xx_ll_usb.c ****                    USB_OTG_GINTMSK_PXFRM_IISOOXFRM | USB_OTG_GINTMSK_WUIM;
 451:Drivers/STM32F4xx_HAL_Driver/Src/stm32f4xx_ll_usb.c **** 
 452:Drivers/STM32F4xx_HAL_Driver/Src/stm32f4xx_ll_usb.c ****   if (cfg.Sof_enable != 0U)
 1048              		.loc 1 452 10
 1049 0288 97F82A30 		ldrb	r3, [r7, #42]	@ zero_extendqisi2
 1050              		.loc 1 452 6
 1051 028c 002B     		cmp	r3, #0
 1052 028e 05D0     		beq	.L58
 453:Drivers/STM32F4xx_HAL_Driver/Src/stm32f4xx_ll_usb.c ****   {
 454:Drivers/STM32F4xx_HAL_Driver/Src/stm32f4xx_ll_usb.c ****     USBx->GINTMSK |= USB_OTG_GINTMSK_SOFM;
 1053              		.loc 1 454 9
 1054 0290 7B68     		ldr	r3, [r7, #4]
 1055 0292 9B69     		ldr	r3, [r3, #24]
 1056              		.loc 1 454 19
 1057 0294 43F00802 		orr	r2, r3, #8
 1058 0298 7B68     		ldr	r3, [r7, #4]
 1059 029a 9A61     		str	r2, [r3, #24]
 1060              	.L58:
 455:Drivers/STM32F4xx_HAL_Driver/Src/stm32f4xx_ll_usb.c ****   }
 456:Drivers/STM32F4xx_HAL_Driver/Src/stm32f4xx_ll_usb.c **** 
 457:Drivers/STM32F4xx_HAL_Driver/Src/stm32f4xx_ll_usb.c ****   if (cfg.vbus_sensing_enable == 1U)
 1061              		.loc 1 457 10
 1062 029c 97F82E30 		ldrb	r3, [r7, #46]	@ zero_extendqisi2
 1063              		.loc 1 457 6
 1064 02a0 012B     		cmp	r3, #1
 1065 02a2 07D1     		bne	.L59
 458:Drivers/STM32F4xx_HAL_Driver/Src/stm32f4xx_ll_usb.c ****   {
 459:Drivers/STM32F4xx_HAL_Driver/Src/stm32f4xx_ll_usb.c ****     USBx->GINTMSK |= (USB_OTG_GINTMSK_SRQIM | USB_OTG_GINTMSK_OTGINT);
 1066              		.loc 1 459 9
 1067 02a4 7B68     		ldr	r3, [r7, #4]
 1068 02a6 9B69     		ldr	r3, [r3, #24]
 1069              		.loc 1 459 19
 1070 02a8 43F08043 		orr	r3, r3, #1073741824
 1071 02ac 43F00403 		orr	r3, r3, #4
 1072 02b0 7A68     		ldr	r2, [r7, #4]
 1073 02b2 9361     		str	r3, [r2, #24]
 1074              	.L59:
 460:Drivers/STM32F4xx_HAL_Driver/Src/stm32f4xx_ll_usb.c ****   }
 461:Drivers/STM32F4xx_HAL_Driver/Src/stm32f4xx_ll_usb.c **** 
 462:Drivers/STM32F4xx_HAL_Driver/Src/stm32f4xx_ll_usb.c ****   return ret;
 1075              		.loc 1 462 10
 1076 02b4 FB7D     		ldrb	r3, [r7, #23]	@ zero_extendqisi2
 463:Drivers/STM32F4xx_HAL_Driver/Src/stm32f4xx_ll_usb.c **** }
 1077              		.loc 1 463 1
 1078 02b6 1846     		mov	r0, r3
 1079 02b8 1837     		adds	r7, r7, #24
ARM GAS  C:\Users\DAELT-~1\AppData\Local\Temp\ccK7IQ4D.s 			page 28


 1080              	.LCFI35:
 1081              		.cfi_def_cfa_offset 24
 1082 02ba BD46     		mov	sp, r7
 1083              	.LCFI36:
 1084              		.cfi_def_cfa_register 13
 1085              		@ sp needed
 1086 02bc BDE88040 		pop	{r7, lr}
 1087              	.LCFI37:
 1088              		.cfi_restore 14
 1089              		.cfi_restore 7
 1090              		.cfi_def_cfa_offset 16
 1091 02c0 04B0     		add	sp, sp, #16
 1092              	.LCFI38:
 1093              		.cfi_def_cfa_offset 0
 1094 02c2 7047     		bx	lr
 1095              	.L62:
 1096              		.align	2
 1097              	.L61:
 1098 02c4 00383C80 		.word	-2143537152
 1099              		.cfi_endproc
 1100              	.LFE225:
 1102              		.section	.text.USB_FlushTxFifo,"ax",%progbits
 1103              		.align	1
 1104              		.global	USB_FlushTxFifo
 1105              		.syntax unified
 1106              		.thumb
 1107              		.thumb_func
 1109              	USB_FlushTxFifo:
 1110              	.LFB226:
 464:Drivers/STM32F4xx_HAL_Driver/Src/stm32f4xx_ll_usb.c **** 
 465:Drivers/STM32F4xx_HAL_Driver/Src/stm32f4xx_ll_usb.c **** /**
 466:Drivers/STM32F4xx_HAL_Driver/Src/stm32f4xx_ll_usb.c ****   * @brief  USB_FlushTxFifo Flush a Tx FIFO
 467:Drivers/STM32F4xx_HAL_Driver/Src/stm32f4xx_ll_usb.c ****   * @param  USBx  Selected device
 468:Drivers/STM32F4xx_HAL_Driver/Src/stm32f4xx_ll_usb.c ****   * @param  num  FIFO number
 469:Drivers/STM32F4xx_HAL_Driver/Src/stm32f4xx_ll_usb.c ****   *         This parameter can be a value from 1 to 15
 470:Drivers/STM32F4xx_HAL_Driver/Src/stm32f4xx_ll_usb.c ****             15 means Flush all Tx FIFOs
 471:Drivers/STM32F4xx_HAL_Driver/Src/stm32f4xx_ll_usb.c ****   * @retval HAL status
 472:Drivers/STM32F4xx_HAL_Driver/Src/stm32f4xx_ll_usb.c ****   */
 473:Drivers/STM32F4xx_HAL_Driver/Src/stm32f4xx_ll_usb.c **** HAL_StatusTypeDef USB_FlushTxFifo(USB_OTG_GlobalTypeDef *USBx, uint32_t num)
 474:Drivers/STM32F4xx_HAL_Driver/Src/stm32f4xx_ll_usb.c **** {
 1111              		.loc 1 474 1
 1112              		.cfi_startproc
 1113              		@ args = 0, pretend = 0, frame = 16
 1114              		@ frame_needed = 1, uses_anonymous_args = 0
 1115              		@ link register save eliminated.
 1116 0000 80B4     		push	{r7}
 1117              	.LCFI39:
 1118              		.cfi_def_cfa_offset 4
 1119              		.cfi_offset 7, -4
 1120 0002 85B0     		sub	sp, sp, #20
 1121              	.LCFI40:
 1122              		.cfi_def_cfa_offset 24
 1123 0004 00AF     		add	r7, sp, #0
 1124              	.LCFI41:
 1125              		.cfi_def_cfa_register 7
 1126 0006 7860     		str	r0, [r7, #4]
 1127 0008 3960     		str	r1, [r7]
ARM GAS  C:\Users\DAELT-~1\AppData\Local\Temp\ccK7IQ4D.s 			page 29


 475:Drivers/STM32F4xx_HAL_Driver/Src/stm32f4xx_ll_usb.c ****   __IO uint32_t count = 0U;
 1128              		.loc 1 475 17
 1129 000a 0023     		movs	r3, #0
 1130 000c FB60     		str	r3, [r7, #12]
 1131              	.L66:
 476:Drivers/STM32F4xx_HAL_Driver/Src/stm32f4xx_ll_usb.c **** 
 477:Drivers/STM32F4xx_HAL_Driver/Src/stm32f4xx_ll_usb.c ****   /* Wait for AHB master IDLE state. */
 478:Drivers/STM32F4xx_HAL_Driver/Src/stm32f4xx_ll_usb.c ****   do
 479:Drivers/STM32F4xx_HAL_Driver/Src/stm32f4xx_ll_usb.c ****   {
 480:Drivers/STM32F4xx_HAL_Driver/Src/stm32f4xx_ll_usb.c ****     count++;
 1132              		.loc 1 480 10
 1133 000e FB68     		ldr	r3, [r7, #12]
 1134 0010 0133     		adds	r3, r3, #1
 1135 0012 FB60     		str	r3, [r7, #12]
 481:Drivers/STM32F4xx_HAL_Driver/Src/stm32f4xx_ll_usb.c **** 
 482:Drivers/STM32F4xx_HAL_Driver/Src/stm32f4xx_ll_usb.c ****     if (count > HAL_USB_TIMEOUT)
 1136              		.loc 1 482 15
 1137 0014 FB68     		ldr	r3, [r7, #12]
 1138              		.loc 1 482 8
 1139 0016 B3F1706F 		cmp	r3, #251658240
 1140 001a 01D9     		bls	.L64
 483:Drivers/STM32F4xx_HAL_Driver/Src/stm32f4xx_ll_usb.c ****     {
 484:Drivers/STM32F4xx_HAL_Driver/Src/stm32f4xx_ll_usb.c ****       return HAL_TIMEOUT;
 1141              		.loc 1 484 14
 1142 001c 0323     		movs	r3, #3
 1143 001e 1BE0     		b	.L65
 1144              	.L64:
 485:Drivers/STM32F4xx_HAL_Driver/Src/stm32f4xx_ll_usb.c ****     }
 486:Drivers/STM32F4xx_HAL_Driver/Src/stm32f4xx_ll_usb.c ****   } while ((USBx->GRSTCTL & USB_OTG_GRSTCTL_AHBIDL) == 0U);
 1145              		.loc 1 486 17
 1146 0020 7B68     		ldr	r3, [r7, #4]
 1147 0022 1B69     		ldr	r3, [r3, #16]
 1148              		.loc 1 486 53
 1149 0024 002B     		cmp	r3, #0
 1150 0026 F2DA     		bge	.L66
 487:Drivers/STM32F4xx_HAL_Driver/Src/stm32f4xx_ll_usb.c **** 
 488:Drivers/STM32F4xx_HAL_Driver/Src/stm32f4xx_ll_usb.c ****   /* Flush TX Fifo */
 489:Drivers/STM32F4xx_HAL_Driver/Src/stm32f4xx_ll_usb.c ****   count = 0U;
 1151              		.loc 1 489 9
 1152 0028 0023     		movs	r3, #0
 1153 002a FB60     		str	r3, [r7, #12]
 490:Drivers/STM32F4xx_HAL_Driver/Src/stm32f4xx_ll_usb.c ****   USBx->GRSTCTL = (USB_OTG_GRSTCTL_TXFFLSH | (num << 6));
 1154              		.loc 1 490 51
 1155 002c 3B68     		ldr	r3, [r7]
 1156 002e 9B01     		lsls	r3, r3, #6
 1157              		.loc 1 490 44
 1158 0030 43F02002 		orr	r2, r3, #32
 1159              		.loc 1 490 17
 1160 0034 7B68     		ldr	r3, [r7, #4]
 1161 0036 1A61     		str	r2, [r3, #16]
 1162              	.L68:
 491:Drivers/STM32F4xx_HAL_Driver/Src/stm32f4xx_ll_usb.c **** 
 492:Drivers/STM32F4xx_HAL_Driver/Src/stm32f4xx_ll_usb.c ****   do
 493:Drivers/STM32F4xx_HAL_Driver/Src/stm32f4xx_ll_usb.c ****   {
 494:Drivers/STM32F4xx_HAL_Driver/Src/stm32f4xx_ll_usb.c ****     count++;
 1163              		.loc 1 494 10
 1164 0038 FB68     		ldr	r3, [r7, #12]
ARM GAS  C:\Users\DAELT-~1\AppData\Local\Temp\ccK7IQ4D.s 			page 30


 1165 003a 0133     		adds	r3, r3, #1
 1166 003c FB60     		str	r3, [r7, #12]
 495:Drivers/STM32F4xx_HAL_Driver/Src/stm32f4xx_ll_usb.c **** 
 496:Drivers/STM32F4xx_HAL_Driver/Src/stm32f4xx_ll_usb.c ****     if (count > HAL_USB_TIMEOUT)
 1167              		.loc 1 496 15
 1168 003e FB68     		ldr	r3, [r7, #12]
 1169              		.loc 1 496 8
 1170 0040 B3F1706F 		cmp	r3, #251658240
 1171 0044 01D9     		bls	.L67
 497:Drivers/STM32F4xx_HAL_Driver/Src/stm32f4xx_ll_usb.c ****     {
 498:Drivers/STM32F4xx_HAL_Driver/Src/stm32f4xx_ll_usb.c ****       return HAL_TIMEOUT;
 1172              		.loc 1 498 14
 1173 0046 0323     		movs	r3, #3
 1174 0048 06E0     		b	.L65
 1175              	.L67:
 499:Drivers/STM32F4xx_HAL_Driver/Src/stm32f4xx_ll_usb.c ****     }
 500:Drivers/STM32F4xx_HAL_Driver/Src/stm32f4xx_ll_usb.c ****   } while ((USBx->GRSTCTL & USB_OTG_GRSTCTL_TXFFLSH) == USB_OTG_GRSTCTL_TXFFLSH);
 1176              		.loc 1 500 17
 1177 004a 7B68     		ldr	r3, [r7, #4]
 1178 004c 1B69     		ldr	r3, [r3, #16]
 1179              		.loc 1 500 27
 1180 004e 03F02003 		and	r3, r3, #32
 1181              		.loc 1 500 54
 1182 0052 202B     		cmp	r3, #32
 1183 0054 F0D0     		beq	.L68
 501:Drivers/STM32F4xx_HAL_Driver/Src/stm32f4xx_ll_usb.c **** 
 502:Drivers/STM32F4xx_HAL_Driver/Src/stm32f4xx_ll_usb.c ****   return HAL_OK;
 1184              		.loc 1 502 10
 1185 0056 0023     		movs	r3, #0
 1186              	.L65:
 503:Drivers/STM32F4xx_HAL_Driver/Src/stm32f4xx_ll_usb.c **** }
 1187              		.loc 1 503 1
 1188 0058 1846     		mov	r0, r3
 1189 005a 1437     		adds	r7, r7, #20
 1190              	.LCFI42:
 1191              		.cfi_def_cfa_offset 4
 1192 005c BD46     		mov	sp, r7
 1193              	.LCFI43:
 1194              		.cfi_def_cfa_register 13
 1195              		@ sp needed
 1196 005e 5DF8047B 		ldr	r7, [sp], #4
 1197              	.LCFI44:
 1198              		.cfi_restore 7
 1199              		.cfi_def_cfa_offset 0
 1200 0062 7047     		bx	lr
 1201              		.cfi_endproc
 1202              	.LFE226:
 1204              		.section	.text.USB_FlushRxFifo,"ax",%progbits
 1205              		.align	1
 1206              		.global	USB_FlushRxFifo
 1207              		.syntax unified
 1208              		.thumb
 1209              		.thumb_func
 1211              	USB_FlushRxFifo:
 1212              	.LFB227:
 504:Drivers/STM32F4xx_HAL_Driver/Src/stm32f4xx_ll_usb.c **** 
 505:Drivers/STM32F4xx_HAL_Driver/Src/stm32f4xx_ll_usb.c **** /**
ARM GAS  C:\Users\DAELT-~1\AppData\Local\Temp\ccK7IQ4D.s 			page 31


 506:Drivers/STM32F4xx_HAL_Driver/Src/stm32f4xx_ll_usb.c ****   * @brief  USB_FlushRxFifo  Flush Rx FIFO
 507:Drivers/STM32F4xx_HAL_Driver/Src/stm32f4xx_ll_usb.c ****   * @param  USBx  Selected device
 508:Drivers/STM32F4xx_HAL_Driver/Src/stm32f4xx_ll_usb.c ****   * @retval HAL status
 509:Drivers/STM32F4xx_HAL_Driver/Src/stm32f4xx_ll_usb.c ****   */
 510:Drivers/STM32F4xx_HAL_Driver/Src/stm32f4xx_ll_usb.c **** HAL_StatusTypeDef USB_FlushRxFifo(USB_OTG_GlobalTypeDef *USBx)
 511:Drivers/STM32F4xx_HAL_Driver/Src/stm32f4xx_ll_usb.c **** {
 1213              		.loc 1 511 1
 1214              		.cfi_startproc
 1215              		@ args = 0, pretend = 0, frame = 16
 1216              		@ frame_needed = 1, uses_anonymous_args = 0
 1217              		@ link register save eliminated.
 1218 0000 80B4     		push	{r7}
 1219              	.LCFI45:
 1220              		.cfi_def_cfa_offset 4
 1221              		.cfi_offset 7, -4
 1222 0002 85B0     		sub	sp, sp, #20
 1223              	.LCFI46:
 1224              		.cfi_def_cfa_offset 24
 1225 0004 00AF     		add	r7, sp, #0
 1226              	.LCFI47:
 1227              		.cfi_def_cfa_register 7
 1228 0006 7860     		str	r0, [r7, #4]
 512:Drivers/STM32F4xx_HAL_Driver/Src/stm32f4xx_ll_usb.c ****   __IO uint32_t count = 0U;
 1229              		.loc 1 512 17
 1230 0008 0023     		movs	r3, #0
 1231 000a FB60     		str	r3, [r7, #12]
 1232              	.L72:
 513:Drivers/STM32F4xx_HAL_Driver/Src/stm32f4xx_ll_usb.c **** 
 514:Drivers/STM32F4xx_HAL_Driver/Src/stm32f4xx_ll_usb.c ****   /* Wait for AHB master IDLE state. */
 515:Drivers/STM32F4xx_HAL_Driver/Src/stm32f4xx_ll_usb.c ****   do
 516:Drivers/STM32F4xx_HAL_Driver/Src/stm32f4xx_ll_usb.c ****   {
 517:Drivers/STM32F4xx_HAL_Driver/Src/stm32f4xx_ll_usb.c ****     count++;
 1233              		.loc 1 517 10
 1234 000c FB68     		ldr	r3, [r7, #12]
 1235 000e 0133     		adds	r3, r3, #1
 1236 0010 FB60     		str	r3, [r7, #12]
 518:Drivers/STM32F4xx_HAL_Driver/Src/stm32f4xx_ll_usb.c **** 
 519:Drivers/STM32F4xx_HAL_Driver/Src/stm32f4xx_ll_usb.c ****     if (count > HAL_USB_TIMEOUT)
 1237              		.loc 1 519 15
 1238 0012 FB68     		ldr	r3, [r7, #12]
 1239              		.loc 1 519 8
 1240 0014 B3F1706F 		cmp	r3, #251658240
 1241 0018 01D9     		bls	.L70
 520:Drivers/STM32F4xx_HAL_Driver/Src/stm32f4xx_ll_usb.c ****     {
 521:Drivers/STM32F4xx_HAL_Driver/Src/stm32f4xx_ll_usb.c ****       return HAL_TIMEOUT;
 1242              		.loc 1 521 14
 1243 001a 0323     		movs	r3, #3
 1244 001c 18E0     		b	.L71
 1245              	.L70:
 522:Drivers/STM32F4xx_HAL_Driver/Src/stm32f4xx_ll_usb.c ****     }
 523:Drivers/STM32F4xx_HAL_Driver/Src/stm32f4xx_ll_usb.c ****   } while ((USBx->GRSTCTL & USB_OTG_GRSTCTL_AHBIDL) == 0U);
 1246              		.loc 1 523 17
 1247 001e 7B68     		ldr	r3, [r7, #4]
 1248 0020 1B69     		ldr	r3, [r3, #16]
 1249              		.loc 1 523 53
 1250 0022 002B     		cmp	r3, #0
 1251 0024 F2DA     		bge	.L72
ARM GAS  C:\Users\DAELT-~1\AppData\Local\Temp\ccK7IQ4D.s 			page 32


 524:Drivers/STM32F4xx_HAL_Driver/Src/stm32f4xx_ll_usb.c **** 
 525:Drivers/STM32F4xx_HAL_Driver/Src/stm32f4xx_ll_usb.c ****   /* Flush RX Fifo */
 526:Drivers/STM32F4xx_HAL_Driver/Src/stm32f4xx_ll_usb.c ****   count = 0U;
 1252              		.loc 1 526 9
 1253 0026 0023     		movs	r3, #0
 1254 0028 FB60     		str	r3, [r7, #12]
 527:Drivers/STM32F4xx_HAL_Driver/Src/stm32f4xx_ll_usb.c ****   USBx->GRSTCTL = USB_OTG_GRSTCTL_RXFFLSH;
 1255              		.loc 1 527 17
 1256 002a 7B68     		ldr	r3, [r7, #4]
 1257 002c 1022     		movs	r2, #16
 1258 002e 1A61     		str	r2, [r3, #16]
 1259              	.L74:
 528:Drivers/STM32F4xx_HAL_Driver/Src/stm32f4xx_ll_usb.c **** 
 529:Drivers/STM32F4xx_HAL_Driver/Src/stm32f4xx_ll_usb.c ****   do
 530:Drivers/STM32F4xx_HAL_Driver/Src/stm32f4xx_ll_usb.c ****   {
 531:Drivers/STM32F4xx_HAL_Driver/Src/stm32f4xx_ll_usb.c ****     count++;
 1260              		.loc 1 531 10
 1261 0030 FB68     		ldr	r3, [r7, #12]
 1262 0032 0133     		adds	r3, r3, #1
 1263 0034 FB60     		str	r3, [r7, #12]
 532:Drivers/STM32F4xx_HAL_Driver/Src/stm32f4xx_ll_usb.c **** 
 533:Drivers/STM32F4xx_HAL_Driver/Src/stm32f4xx_ll_usb.c ****     if (count > HAL_USB_TIMEOUT)
 1264              		.loc 1 533 15
 1265 0036 FB68     		ldr	r3, [r7, #12]
 1266              		.loc 1 533 8
 1267 0038 B3F1706F 		cmp	r3, #251658240
 1268 003c 01D9     		bls	.L73
 534:Drivers/STM32F4xx_HAL_Driver/Src/stm32f4xx_ll_usb.c ****     {
 535:Drivers/STM32F4xx_HAL_Driver/Src/stm32f4xx_ll_usb.c ****       return HAL_TIMEOUT;
 1269              		.loc 1 535 14
 1270 003e 0323     		movs	r3, #3
 1271 0040 06E0     		b	.L71
 1272              	.L73:
 536:Drivers/STM32F4xx_HAL_Driver/Src/stm32f4xx_ll_usb.c ****     }
 537:Drivers/STM32F4xx_HAL_Driver/Src/stm32f4xx_ll_usb.c ****   } while ((USBx->GRSTCTL & USB_OTG_GRSTCTL_RXFFLSH) == USB_OTG_GRSTCTL_RXFFLSH);
 1273              		.loc 1 537 17
 1274 0042 7B68     		ldr	r3, [r7, #4]
 1275 0044 1B69     		ldr	r3, [r3, #16]
 1276              		.loc 1 537 27
 1277 0046 03F01003 		and	r3, r3, #16
 1278              		.loc 1 537 54
 1279 004a 102B     		cmp	r3, #16
 1280 004c F0D0     		beq	.L74
 538:Drivers/STM32F4xx_HAL_Driver/Src/stm32f4xx_ll_usb.c **** 
 539:Drivers/STM32F4xx_HAL_Driver/Src/stm32f4xx_ll_usb.c ****   return HAL_OK;
 1281              		.loc 1 539 10
 1282 004e 0023     		movs	r3, #0
 1283              	.L71:
 540:Drivers/STM32F4xx_HAL_Driver/Src/stm32f4xx_ll_usb.c **** }
 1284              		.loc 1 540 1
 1285 0050 1846     		mov	r0, r3
 1286 0052 1437     		adds	r7, r7, #20
 1287              	.LCFI48:
 1288              		.cfi_def_cfa_offset 4
 1289 0054 BD46     		mov	sp, r7
 1290              	.LCFI49:
 1291              		.cfi_def_cfa_register 13
ARM GAS  C:\Users\DAELT-~1\AppData\Local\Temp\ccK7IQ4D.s 			page 33


 1292              		@ sp needed
 1293 0056 5DF8047B 		ldr	r7, [sp], #4
 1294              	.LCFI50:
 1295              		.cfi_restore 7
 1296              		.cfi_def_cfa_offset 0
 1297 005a 7047     		bx	lr
 1298              		.cfi_endproc
 1299              	.LFE227:
 1301              		.section	.text.USB_SetDevSpeed,"ax",%progbits
 1302              		.align	1
 1303              		.global	USB_SetDevSpeed
 1304              		.syntax unified
 1305              		.thumb
 1306              		.thumb_func
 1308              	USB_SetDevSpeed:
 1309              	.LFB228:
 541:Drivers/STM32F4xx_HAL_Driver/Src/stm32f4xx_ll_usb.c **** 
 542:Drivers/STM32F4xx_HAL_Driver/Src/stm32f4xx_ll_usb.c **** /**
 543:Drivers/STM32F4xx_HAL_Driver/Src/stm32f4xx_ll_usb.c ****   * @brief  USB_SetDevSpeed  Initializes the DevSpd field of DCFG register
 544:Drivers/STM32F4xx_HAL_Driver/Src/stm32f4xx_ll_usb.c ****   *         depending the PHY type and the enumeration speed of the device.
 545:Drivers/STM32F4xx_HAL_Driver/Src/stm32f4xx_ll_usb.c ****   * @param  USBx  Selected device
 546:Drivers/STM32F4xx_HAL_Driver/Src/stm32f4xx_ll_usb.c ****   * @param  speed  device speed
 547:Drivers/STM32F4xx_HAL_Driver/Src/stm32f4xx_ll_usb.c ****   *          This parameter can be one of these values:
 548:Drivers/STM32F4xx_HAL_Driver/Src/stm32f4xx_ll_usb.c ****   *            @arg USB_OTG_SPEED_HIGH: High speed mode
 549:Drivers/STM32F4xx_HAL_Driver/Src/stm32f4xx_ll_usb.c ****   *            @arg USB_OTG_SPEED_HIGH_IN_FULL: High speed core in Full Speed mode
 550:Drivers/STM32F4xx_HAL_Driver/Src/stm32f4xx_ll_usb.c ****   *            @arg USB_OTG_SPEED_FULL: Full speed mode
 551:Drivers/STM32F4xx_HAL_Driver/Src/stm32f4xx_ll_usb.c ****   * @retval  Hal status
 552:Drivers/STM32F4xx_HAL_Driver/Src/stm32f4xx_ll_usb.c ****   */
 553:Drivers/STM32F4xx_HAL_Driver/Src/stm32f4xx_ll_usb.c **** HAL_StatusTypeDef USB_SetDevSpeed(const USB_OTG_GlobalTypeDef *USBx, uint8_t speed)
 554:Drivers/STM32F4xx_HAL_Driver/Src/stm32f4xx_ll_usb.c **** {
 1310              		.loc 1 554 1
 1311              		.cfi_startproc
 1312              		@ args = 0, pretend = 0, frame = 16
 1313              		@ frame_needed = 1, uses_anonymous_args = 0
 1314              		@ link register save eliminated.
 1315 0000 80B4     		push	{r7}
 1316              	.LCFI51:
 1317              		.cfi_def_cfa_offset 4
 1318              		.cfi_offset 7, -4
 1319 0002 85B0     		sub	sp, sp, #20
 1320              	.LCFI52:
 1321              		.cfi_def_cfa_offset 24
 1322 0004 00AF     		add	r7, sp, #0
 1323              	.LCFI53:
 1324              		.cfi_def_cfa_register 7
 1325 0006 7860     		str	r0, [r7, #4]
 1326 0008 0B46     		mov	r3, r1
 1327 000a FB70     		strb	r3, [r7, #3]
 555:Drivers/STM32F4xx_HAL_Driver/Src/stm32f4xx_ll_usb.c ****   uint32_t USBx_BASE = (uint32_t)USBx;
 1328              		.loc 1 555 12
 1329 000c 7B68     		ldr	r3, [r7, #4]
 1330 000e FB60     		str	r3, [r7, #12]
 556:Drivers/STM32F4xx_HAL_Driver/Src/stm32f4xx_ll_usb.c **** 
 557:Drivers/STM32F4xx_HAL_Driver/Src/stm32f4xx_ll_usb.c ****   USBx_DEVICE->DCFG |= speed;
 1331              		.loc 1 557 14
 1332 0010 FB68     		ldr	r3, [r7, #12]
 1333 0012 03F50063 		add	r3, r3, #2048
ARM GAS  C:\Users\DAELT-~1\AppData\Local\Temp\ccK7IQ4D.s 			page 34


 1334 0016 1A68     		ldr	r2, [r3]
 1335              		.loc 1 557 21
 1336 0018 FB78     		ldrb	r3, [r7, #3]	@ zero_extendqisi2
 1337              		.loc 1 557 14
 1338 001a F968     		ldr	r1, [r7, #12]
 1339 001c 01F50061 		add	r1, r1, #2048
 1340              		.loc 1 557 21
 1341 0020 1343     		orrs	r3, r3, r2
 1342 0022 0B60     		str	r3, [r1]
 558:Drivers/STM32F4xx_HAL_Driver/Src/stm32f4xx_ll_usb.c ****   return HAL_OK;
 1343              		.loc 1 558 10
 1344 0024 0023     		movs	r3, #0
 559:Drivers/STM32F4xx_HAL_Driver/Src/stm32f4xx_ll_usb.c **** }
 1345              		.loc 1 559 1
 1346 0026 1846     		mov	r0, r3
 1347 0028 1437     		adds	r7, r7, #20
 1348              	.LCFI54:
 1349              		.cfi_def_cfa_offset 4
 1350 002a BD46     		mov	sp, r7
 1351              	.LCFI55:
 1352              		.cfi_def_cfa_register 13
 1353              		@ sp needed
 1354 002c 5DF8047B 		ldr	r7, [sp], #4
 1355              	.LCFI56:
 1356              		.cfi_restore 7
 1357              		.cfi_def_cfa_offset 0
 1358 0030 7047     		bx	lr
 1359              		.cfi_endproc
 1360              	.LFE228:
 1362              		.section	.text.USB_GetDevSpeed,"ax",%progbits
 1363              		.align	1
 1364              		.global	USB_GetDevSpeed
 1365              		.syntax unified
 1366              		.thumb
 1367              		.thumb_func
 1369              	USB_GetDevSpeed:
 1370              	.LFB229:
 560:Drivers/STM32F4xx_HAL_Driver/Src/stm32f4xx_ll_usb.c **** 
 561:Drivers/STM32F4xx_HAL_Driver/Src/stm32f4xx_ll_usb.c **** /**
 562:Drivers/STM32F4xx_HAL_Driver/Src/stm32f4xx_ll_usb.c ****   * @brief  USB_GetDevSpeed  Return the Dev Speed
 563:Drivers/STM32F4xx_HAL_Driver/Src/stm32f4xx_ll_usb.c ****   * @param  USBx  Selected device
 564:Drivers/STM32F4xx_HAL_Driver/Src/stm32f4xx_ll_usb.c ****   * @retval speed  device speed
 565:Drivers/STM32F4xx_HAL_Driver/Src/stm32f4xx_ll_usb.c ****   *          This parameter can be one of these values:
 566:Drivers/STM32F4xx_HAL_Driver/Src/stm32f4xx_ll_usb.c ****   *            @arg USBD_HS_SPEED: High speed mode
 567:Drivers/STM32F4xx_HAL_Driver/Src/stm32f4xx_ll_usb.c ****   *            @arg USBD_FS_SPEED: Full speed mode
 568:Drivers/STM32F4xx_HAL_Driver/Src/stm32f4xx_ll_usb.c ****   */
 569:Drivers/STM32F4xx_HAL_Driver/Src/stm32f4xx_ll_usb.c **** uint8_t USB_GetDevSpeed(const USB_OTG_GlobalTypeDef *USBx)
 570:Drivers/STM32F4xx_HAL_Driver/Src/stm32f4xx_ll_usb.c **** {
 1371              		.loc 1 570 1
 1372              		.cfi_startproc
 1373              		@ args = 0, pretend = 0, frame = 24
 1374              		@ frame_needed = 1, uses_anonymous_args = 0
 1375              		@ link register save eliminated.
 1376 0000 80B4     		push	{r7}
 1377              	.LCFI57:
 1378              		.cfi_def_cfa_offset 4
 1379              		.cfi_offset 7, -4
ARM GAS  C:\Users\DAELT-~1\AppData\Local\Temp\ccK7IQ4D.s 			page 35


 1380 0002 87B0     		sub	sp, sp, #28
 1381              	.LCFI58:
 1382              		.cfi_def_cfa_offset 32
 1383 0004 00AF     		add	r7, sp, #0
 1384              	.LCFI59:
 1385              		.cfi_def_cfa_register 7
 1386 0006 7860     		str	r0, [r7, #4]
 571:Drivers/STM32F4xx_HAL_Driver/Src/stm32f4xx_ll_usb.c ****   uint32_t USBx_BASE = (uint32_t)USBx;
 1387              		.loc 1 571 12
 1388 0008 7B68     		ldr	r3, [r7, #4]
 1389 000a 3B61     		str	r3, [r7, #16]
 572:Drivers/STM32F4xx_HAL_Driver/Src/stm32f4xx_ll_usb.c ****   uint8_t speed;
 573:Drivers/STM32F4xx_HAL_Driver/Src/stm32f4xx_ll_usb.c ****   uint32_t DevEnumSpeed = USBx_DEVICE->DSTS & USB_OTG_DSTS_ENUMSPD;
 1390              		.loc 1 573 27
 1391 000c 3B69     		ldr	r3, [r7, #16]
 1392 000e 03F50063 		add	r3, r3, #2048
 1393              		.loc 1 573 38
 1394 0012 9B68     		ldr	r3, [r3, #8]
 1395              		.loc 1 573 12
 1396 0014 03F00603 		and	r3, r3, #6
 1397 0018 FB60     		str	r3, [r7, #12]
 574:Drivers/STM32F4xx_HAL_Driver/Src/stm32f4xx_ll_usb.c **** 
 575:Drivers/STM32F4xx_HAL_Driver/Src/stm32f4xx_ll_usb.c ****   if (DevEnumSpeed == DSTS_ENUMSPD_HS_PHY_30MHZ_OR_60MHZ)
 1398              		.loc 1 575 6
 1399 001a FB68     		ldr	r3, [r7, #12]
 1400 001c 002B     		cmp	r3, #0
 1401 001e 02D1     		bne	.L78
 576:Drivers/STM32F4xx_HAL_Driver/Src/stm32f4xx_ll_usb.c ****   {
 577:Drivers/STM32F4xx_HAL_Driver/Src/stm32f4xx_ll_usb.c ****     speed = USBD_HS_SPEED;
 1402              		.loc 1 577 11
 1403 0020 0023     		movs	r3, #0
 1404 0022 FB75     		strb	r3, [r7, #23]
 1405 0024 0AE0     		b	.L79
 1406              	.L78:
 578:Drivers/STM32F4xx_HAL_Driver/Src/stm32f4xx_ll_usb.c ****   }
 579:Drivers/STM32F4xx_HAL_Driver/Src/stm32f4xx_ll_usb.c ****   else if ((DevEnumSpeed == DSTS_ENUMSPD_FS_PHY_30MHZ_OR_60MHZ) ||
 1407              		.loc 1 579 11
 1408 0026 FB68     		ldr	r3, [r7, #12]
 1409 0028 022B     		cmp	r3, #2
 1410 002a 02D0     		beq	.L80
 1411              		.loc 1 579 65 discriminator 1
 1412 002c FB68     		ldr	r3, [r7, #12]
 1413 002e 062B     		cmp	r3, #6
 1414 0030 02D1     		bne	.L81
 1415              	.L80:
 580:Drivers/STM32F4xx_HAL_Driver/Src/stm32f4xx_ll_usb.c ****            (DevEnumSpeed == DSTS_ENUMSPD_FS_PHY_48MHZ))
 581:Drivers/STM32F4xx_HAL_Driver/Src/stm32f4xx_ll_usb.c ****   {
 582:Drivers/STM32F4xx_HAL_Driver/Src/stm32f4xx_ll_usb.c ****     speed = USBD_FS_SPEED;
 1416              		.loc 1 582 11
 1417 0032 0223     		movs	r3, #2
 1418 0034 FB75     		strb	r3, [r7, #23]
 1419 0036 01E0     		b	.L79
 1420              	.L81:
 583:Drivers/STM32F4xx_HAL_Driver/Src/stm32f4xx_ll_usb.c ****   }
 584:Drivers/STM32F4xx_HAL_Driver/Src/stm32f4xx_ll_usb.c ****   else
 585:Drivers/STM32F4xx_HAL_Driver/Src/stm32f4xx_ll_usb.c ****   {
 586:Drivers/STM32F4xx_HAL_Driver/Src/stm32f4xx_ll_usb.c ****     speed = 0xFU;
ARM GAS  C:\Users\DAELT-~1\AppData\Local\Temp\ccK7IQ4D.s 			page 36


 1421              		.loc 1 586 11
 1422 0038 0F23     		movs	r3, #15
 1423 003a FB75     		strb	r3, [r7, #23]
 1424              	.L79:
 587:Drivers/STM32F4xx_HAL_Driver/Src/stm32f4xx_ll_usb.c ****   }
 588:Drivers/STM32F4xx_HAL_Driver/Src/stm32f4xx_ll_usb.c **** 
 589:Drivers/STM32F4xx_HAL_Driver/Src/stm32f4xx_ll_usb.c ****   return speed;
 1425              		.loc 1 589 10
 1426 003c FB7D     		ldrb	r3, [r7, #23]	@ zero_extendqisi2
 590:Drivers/STM32F4xx_HAL_Driver/Src/stm32f4xx_ll_usb.c **** }
 1427              		.loc 1 590 1
 1428 003e 1846     		mov	r0, r3
 1429 0040 1C37     		adds	r7, r7, #28
 1430              	.LCFI60:
 1431              		.cfi_def_cfa_offset 4
 1432 0042 BD46     		mov	sp, r7
 1433              	.LCFI61:
 1434              		.cfi_def_cfa_register 13
 1435              		@ sp needed
 1436 0044 5DF8047B 		ldr	r7, [sp], #4
 1437              	.LCFI62:
 1438              		.cfi_restore 7
 1439              		.cfi_def_cfa_offset 0
 1440 0048 7047     		bx	lr
 1441              		.cfi_endproc
 1442              	.LFE229:
 1444              		.section	.text.USB_ActivateEndpoint,"ax",%progbits
 1445              		.align	1
 1446              		.global	USB_ActivateEndpoint
 1447              		.syntax unified
 1448              		.thumb
 1449              		.thumb_func
 1451              	USB_ActivateEndpoint:
 1452              	.LFB230:
 591:Drivers/STM32F4xx_HAL_Driver/Src/stm32f4xx_ll_usb.c **** 
 592:Drivers/STM32F4xx_HAL_Driver/Src/stm32f4xx_ll_usb.c **** /**
 593:Drivers/STM32F4xx_HAL_Driver/Src/stm32f4xx_ll_usb.c ****   * @brief  Activate and configure an endpoint
 594:Drivers/STM32F4xx_HAL_Driver/Src/stm32f4xx_ll_usb.c ****   * @param  USBx  Selected device
 595:Drivers/STM32F4xx_HAL_Driver/Src/stm32f4xx_ll_usb.c ****   * @param  ep pointer to endpoint structure
 596:Drivers/STM32F4xx_HAL_Driver/Src/stm32f4xx_ll_usb.c ****   * @retval HAL status
 597:Drivers/STM32F4xx_HAL_Driver/Src/stm32f4xx_ll_usb.c ****   */
 598:Drivers/STM32F4xx_HAL_Driver/Src/stm32f4xx_ll_usb.c **** HAL_StatusTypeDef USB_ActivateEndpoint(const USB_OTG_GlobalTypeDef *USBx, const USB_OTG_EPTypeDef *
 599:Drivers/STM32F4xx_HAL_Driver/Src/stm32f4xx_ll_usb.c **** {
 1453              		.loc 1 599 1
 1454              		.cfi_startproc
 1455              		@ args = 0, pretend = 0, frame = 16
 1456              		@ frame_needed = 1, uses_anonymous_args = 0
 1457              		@ link register save eliminated.
 1458 0000 80B4     		push	{r7}
 1459              	.LCFI63:
 1460              		.cfi_def_cfa_offset 4
 1461              		.cfi_offset 7, -4
 1462 0002 85B0     		sub	sp, sp, #20
 1463              	.LCFI64:
 1464              		.cfi_def_cfa_offset 24
 1465 0004 00AF     		add	r7, sp, #0
 1466              	.LCFI65:
ARM GAS  C:\Users\DAELT-~1\AppData\Local\Temp\ccK7IQ4D.s 			page 37


 1467              		.cfi_def_cfa_register 7
 1468 0006 7860     		str	r0, [r7, #4]
 1469 0008 3960     		str	r1, [r7]
 600:Drivers/STM32F4xx_HAL_Driver/Src/stm32f4xx_ll_usb.c ****   uint32_t USBx_BASE = (uint32_t)USBx;
 1470              		.loc 1 600 12
 1471 000a 7B68     		ldr	r3, [r7, #4]
 1472 000c FB60     		str	r3, [r7, #12]
 601:Drivers/STM32F4xx_HAL_Driver/Src/stm32f4xx_ll_usb.c ****   uint32_t epnum = (uint32_t)ep->num;
 1473              		.loc 1 601 32
 1474 000e 3B68     		ldr	r3, [r7]
 1475 0010 1B78     		ldrb	r3, [r3]	@ zero_extendqisi2
 1476              		.loc 1 601 12
 1477 0012 BB60     		str	r3, [r7, #8]
 602:Drivers/STM32F4xx_HAL_Driver/Src/stm32f4xx_ll_usb.c **** 
 603:Drivers/STM32F4xx_HAL_Driver/Src/stm32f4xx_ll_usb.c ****   if (ep->is_in == 1U)
 1478              		.loc 1 603 9
 1479 0014 3B68     		ldr	r3, [r7]
 1480 0016 5B78     		ldrb	r3, [r3, #1]	@ zero_extendqisi2
 1481              		.loc 1 603 6
 1482 0018 012B     		cmp	r3, #1
 1483 001a 3AD1     		bne	.L84
 604:Drivers/STM32F4xx_HAL_Driver/Src/stm32f4xx_ll_usb.c ****   {
 605:Drivers/STM32F4xx_HAL_Driver/Src/stm32f4xx_ll_usb.c ****     USBx_DEVICE->DAINTMSK |= USB_OTG_DAINTMSK_IEPM & (uint32_t)(1UL << (ep->num & EP_ADDR_MSK));
 1484              		.loc 1 605 16
 1485 001c FB68     		ldr	r3, [r7, #12]
 1486 001e 03F50063 		add	r3, r3, #2048
 1487 0022 DA69     		ldr	r2, [r3, #28]
 1488              		.loc 1 605 75
 1489 0024 3B68     		ldr	r3, [r7]
 1490 0026 1B78     		ldrb	r3, [r3]	@ zero_extendqisi2
 1491              		.loc 1 605 81
 1492 0028 03F00F03 		and	r3, r3, #15
 1493              		.loc 1 605 54
 1494 002c 0121     		movs	r1, #1
 1495 002e 01FA03F3 		lsl	r3, r1, r3
 1496              		.loc 1 605 52
 1497 0032 9BB2     		uxth	r3, r3
 1498              		.loc 1 605 16
 1499 0034 F968     		ldr	r1, [r7, #12]
 1500 0036 01F50061 		add	r1, r1, #2048
 1501              		.loc 1 605 27
 1502 003a 1343     		orrs	r3, r3, r2
 1503 003c CB61     		str	r3, [r1, #28]
 606:Drivers/STM32F4xx_HAL_Driver/Src/stm32f4xx_ll_usb.c **** 
 607:Drivers/STM32F4xx_HAL_Driver/Src/stm32f4xx_ll_usb.c ****     if ((USBx_INEP(epnum)->DIEPCTL & USB_OTG_DIEPCTL_USBAEP) == 0U)
 1504              		.loc 1 607 10
 1505 003e BB68     		ldr	r3, [r7, #8]
 1506 0040 5A01     		lsls	r2, r3, #5
 1507 0042 FB68     		ldr	r3, [r7, #12]
 1508 0044 1344     		add	r3, r3, r2
 1509 0046 03F51063 		add	r3, r3, #2304
 1510              		.loc 1 607 26
 1511 004a 1B68     		ldr	r3, [r3]
 1512              		.loc 1 607 36
 1513 004c 03F40043 		and	r3, r3, #32768
 1514              		.loc 1 607 8
 1515 0050 002B     		cmp	r3, #0
ARM GAS  C:\Users\DAELT-~1\AppData\Local\Temp\ccK7IQ4D.s 			page 38


 1516 0052 55D1     		bne	.L85
 608:Drivers/STM32F4xx_HAL_Driver/Src/stm32f4xx_ll_usb.c ****     {
 609:Drivers/STM32F4xx_HAL_Driver/Src/stm32f4xx_ll_usb.c ****       USBx_INEP(epnum)->DIEPCTL |= (ep->maxpacket & USB_OTG_DIEPCTL_MPSIZ) |
 1517              		.loc 1 609 23
 1518 0054 BB68     		ldr	r3, [r7, #8]
 1519 0056 5A01     		lsls	r2, r3, #5
 1520 0058 FB68     		ldr	r3, [r7, #12]
 1521 005a 1344     		add	r3, r3, r2
 1522 005c 03F51063 		add	r3, r3, #2304
 1523 0060 1A68     		ldr	r2, [r3]
 1524              		.loc 1 609 39
 1525 0062 3B68     		ldr	r3, [r7]
 1526 0064 9B68     		ldr	r3, [r3, #8]
 1527              		.loc 1 609 51
 1528 0066 C3F30A01 		ubfx	r1, r3, #0, #11
 610:Drivers/STM32F4xx_HAL_Driver/Src/stm32f4xx_ll_usb.c ****                                    ((uint32_t)ep->type << 18) | (epnum << 22) |
 1529              		.loc 1 610 49
 1530 006a 3B68     		ldr	r3, [r7]
 1531 006c 1B79     		ldrb	r3, [r3, #4]	@ zero_extendqisi2
 1532              		.loc 1 610 56
 1533 006e 9B04     		lsls	r3, r3, #18
 609:Drivers/STM32F4xx_HAL_Driver/Src/stm32f4xx_ll_usb.c ****                                    ((uint32_t)ep->type << 18) | (epnum << 22) |
 1534              		.loc 1 609 76
 1535 0070 1943     		orrs	r1, r1, r3
 1536              		.loc 1 610 72
 1537 0072 BB68     		ldr	r3, [r7, #8]
 1538 0074 9B05     		lsls	r3, r3, #22
 1539              		.loc 1 610 63
 1540 0076 0B43     		orrs	r3, r3, r1
 609:Drivers/STM32F4xx_HAL_Driver/Src/stm32f4xx_ll_usb.c ****                                    ((uint32_t)ep->type << 18) | (epnum << 22) |
 1541              		.loc 1 609 33
 1542 0078 1343     		orrs	r3, r3, r2
 609:Drivers/STM32F4xx_HAL_Driver/Src/stm32f4xx_ll_usb.c ****                                    ((uint32_t)ep->type << 18) | (epnum << 22) |
 1543              		.loc 1 609 23
 1544 007a BA68     		ldr	r2, [r7, #8]
 1545 007c 5101     		lsls	r1, r2, #5
 1546 007e FA68     		ldr	r2, [r7, #12]
 1547 0080 0A44     		add	r2, r2, r1
 1548 0082 02F51062 		add	r2, r2, #2304
 609:Drivers/STM32F4xx_HAL_Driver/Src/stm32f4xx_ll_usb.c ****                                    ((uint32_t)ep->type << 18) | (epnum << 22) |
 1549              		.loc 1 609 33
 1550 0086 43F08053 		orr	r3, r3, #268435456
 1551 008a 43F40043 		orr	r3, r3, #32768
 1552 008e 1360     		str	r3, [r2]
 1553 0090 36E0     		b	.L85
 1554              	.L84:
 611:Drivers/STM32F4xx_HAL_Driver/Src/stm32f4xx_ll_usb.c ****                                    USB_OTG_DIEPCTL_SD0PID_SEVNFRM |
 612:Drivers/STM32F4xx_HAL_Driver/Src/stm32f4xx_ll_usb.c ****                                    USB_OTG_DIEPCTL_USBAEP;
 613:Drivers/STM32F4xx_HAL_Driver/Src/stm32f4xx_ll_usb.c ****     }
 614:Drivers/STM32F4xx_HAL_Driver/Src/stm32f4xx_ll_usb.c ****   }
 615:Drivers/STM32F4xx_HAL_Driver/Src/stm32f4xx_ll_usb.c ****   else
 616:Drivers/STM32F4xx_HAL_Driver/Src/stm32f4xx_ll_usb.c ****   {
 617:Drivers/STM32F4xx_HAL_Driver/Src/stm32f4xx_ll_usb.c ****     USBx_DEVICE->DAINTMSK |= USB_OTG_DAINTMSK_OEPM & ((uint32_t)(1UL << (ep->num & EP_ADDR_MSK)) <<
 1555              		.loc 1 617 16
 1556 0092 FB68     		ldr	r3, [r7, #12]
 1557 0094 03F50063 		add	r3, r3, #2048
 1558 0098 DA69     		ldr	r2, [r3, #28]
ARM GAS  C:\Users\DAELT-~1\AppData\Local\Temp\ccK7IQ4D.s 			page 39


 1559              		.loc 1 617 76
 1560 009a 3B68     		ldr	r3, [r7]
 1561 009c 1B78     		ldrb	r3, [r3]	@ zero_extendqisi2
 1562              		.loc 1 617 82
 1563 009e 03F00F03 		and	r3, r3, #15
 1564              		.loc 1 617 55
 1565 00a2 0121     		movs	r1, #1
 1566 00a4 01FA03F3 		lsl	r3, r1, r3
 1567              		.loc 1 617 52
 1568 00a8 1B04     		lsls	r3, r3, #16
 1569              		.loc 1 617 16
 1570 00aa F968     		ldr	r1, [r7, #12]
 1571 00ac 01F50061 		add	r1, r1, #2048
 1572              		.loc 1 617 27
 1573 00b0 1343     		orrs	r3, r3, r2
 1574 00b2 CB61     		str	r3, [r1, #28]
 618:Drivers/STM32F4xx_HAL_Driver/Src/stm32f4xx_ll_usb.c **** 
 619:Drivers/STM32F4xx_HAL_Driver/Src/stm32f4xx_ll_usb.c ****     if (((USBx_OUTEP(epnum)->DOEPCTL) & USB_OTG_DOEPCTL_USBAEP) == 0U)
 1575              		.loc 1 619 11
 1576 00b4 BB68     		ldr	r3, [r7, #8]
 1577 00b6 5A01     		lsls	r2, r3, #5
 1578 00b8 FB68     		ldr	r3, [r7, #12]
 1579 00ba 1344     		add	r3, r3, r2
 1580 00bc 03F53063 		add	r3, r3, #2816
 1581              		.loc 1 619 28
 1582 00c0 1B68     		ldr	r3, [r3]
 1583              		.loc 1 619 39
 1584 00c2 03F40043 		and	r3, r3, #32768
 1585              		.loc 1 619 8
 1586 00c6 002B     		cmp	r3, #0
 1587 00c8 1AD1     		bne	.L85
 620:Drivers/STM32F4xx_HAL_Driver/Src/stm32f4xx_ll_usb.c ****     {
 621:Drivers/STM32F4xx_HAL_Driver/Src/stm32f4xx_ll_usb.c ****       USBx_OUTEP(epnum)->DOEPCTL |= (ep->maxpacket & USB_OTG_DOEPCTL_MPSIZ) |
 1588              		.loc 1 621 24
 1589 00ca BB68     		ldr	r3, [r7, #8]
 1590 00cc 5A01     		lsls	r2, r3, #5
 1591 00ce FB68     		ldr	r3, [r7, #12]
 1592 00d0 1344     		add	r3, r3, r2
 1593 00d2 03F53063 		add	r3, r3, #2816
 1594 00d6 1A68     		ldr	r2, [r3]
 1595              		.loc 1 621 40
 1596 00d8 3B68     		ldr	r3, [r7]
 1597 00da 9B68     		ldr	r3, [r3, #8]
 1598              		.loc 1 621 52
 1599 00dc C3F30A01 		ubfx	r1, r3, #0, #11
 622:Drivers/STM32F4xx_HAL_Driver/Src/stm32f4xx_ll_usb.c ****                                     ((uint32_t)ep->type << 18) |
 1600              		.loc 1 622 50
 1601 00e0 3B68     		ldr	r3, [r7]
 1602 00e2 1B79     		ldrb	r3, [r3, #4]	@ zero_extendqisi2
 1603              		.loc 1 622 57
 1604 00e4 9B04     		lsls	r3, r3, #18
 621:Drivers/STM32F4xx_HAL_Driver/Src/stm32f4xx_ll_usb.c ****                                     ((uint32_t)ep->type << 18) |
 1605              		.loc 1 621 77
 1606 00e6 0B43     		orrs	r3, r3, r1
 621:Drivers/STM32F4xx_HAL_Driver/Src/stm32f4xx_ll_usb.c ****                                     ((uint32_t)ep->type << 18) |
 1607              		.loc 1 621 34
 1608 00e8 1343     		orrs	r3, r3, r2
ARM GAS  C:\Users\DAELT-~1\AppData\Local\Temp\ccK7IQ4D.s 			page 40


 621:Drivers/STM32F4xx_HAL_Driver/Src/stm32f4xx_ll_usb.c ****                                     ((uint32_t)ep->type << 18) |
 1609              		.loc 1 621 24
 1610 00ea BA68     		ldr	r2, [r7, #8]
 1611 00ec 5101     		lsls	r1, r2, #5
 1612 00ee FA68     		ldr	r2, [r7, #12]
 1613 00f0 0A44     		add	r2, r2, r1
 1614 00f2 02F53062 		add	r2, r2, #2816
 621:Drivers/STM32F4xx_HAL_Driver/Src/stm32f4xx_ll_usb.c ****                                     ((uint32_t)ep->type << 18) |
 1615              		.loc 1 621 34
 1616 00f6 43F08053 		orr	r3, r3, #268435456
 1617 00fa 43F40043 		orr	r3, r3, #32768
 1618 00fe 1360     		str	r3, [r2]
 1619              	.L85:
 623:Drivers/STM32F4xx_HAL_Driver/Src/stm32f4xx_ll_usb.c ****                                     USB_OTG_DIEPCTL_SD0PID_SEVNFRM |
 624:Drivers/STM32F4xx_HAL_Driver/Src/stm32f4xx_ll_usb.c ****                                     USB_OTG_DOEPCTL_USBAEP;
 625:Drivers/STM32F4xx_HAL_Driver/Src/stm32f4xx_ll_usb.c ****     }
 626:Drivers/STM32F4xx_HAL_Driver/Src/stm32f4xx_ll_usb.c ****   }
 627:Drivers/STM32F4xx_HAL_Driver/Src/stm32f4xx_ll_usb.c ****   return HAL_OK;
 1620              		.loc 1 627 10
 1621 0100 0023     		movs	r3, #0
 628:Drivers/STM32F4xx_HAL_Driver/Src/stm32f4xx_ll_usb.c **** }
 1622              		.loc 1 628 1
 1623 0102 1846     		mov	r0, r3
 1624 0104 1437     		adds	r7, r7, #20
 1625              	.LCFI66:
 1626              		.cfi_def_cfa_offset 4
 1627 0106 BD46     		mov	sp, r7
 1628              	.LCFI67:
 1629              		.cfi_def_cfa_register 13
 1630              		@ sp needed
 1631 0108 5DF8047B 		ldr	r7, [sp], #4
 1632              	.LCFI68:
 1633              		.cfi_restore 7
 1634              		.cfi_def_cfa_offset 0
 1635 010c 7047     		bx	lr
 1636              		.cfi_endproc
 1637              	.LFE230:
 1639              		.section	.text.USB_ActivateDedicatedEndpoint,"ax",%progbits
 1640              		.align	1
 1641              		.global	USB_ActivateDedicatedEndpoint
 1642              		.syntax unified
 1643              		.thumb
 1644              		.thumb_func
 1646              	USB_ActivateDedicatedEndpoint:
 1647              	.LFB231:
 629:Drivers/STM32F4xx_HAL_Driver/Src/stm32f4xx_ll_usb.c **** 
 630:Drivers/STM32F4xx_HAL_Driver/Src/stm32f4xx_ll_usb.c **** /**
 631:Drivers/STM32F4xx_HAL_Driver/Src/stm32f4xx_ll_usb.c ****   * @brief  Activate and configure a dedicated endpoint
 632:Drivers/STM32F4xx_HAL_Driver/Src/stm32f4xx_ll_usb.c ****   * @param  USBx  Selected device
 633:Drivers/STM32F4xx_HAL_Driver/Src/stm32f4xx_ll_usb.c ****   * @param  ep pointer to endpoint structure
 634:Drivers/STM32F4xx_HAL_Driver/Src/stm32f4xx_ll_usb.c ****   * @retval HAL status
 635:Drivers/STM32F4xx_HAL_Driver/Src/stm32f4xx_ll_usb.c ****   */
 636:Drivers/STM32F4xx_HAL_Driver/Src/stm32f4xx_ll_usb.c **** HAL_StatusTypeDef USB_ActivateDedicatedEndpoint(const USB_OTG_GlobalTypeDef *USBx, const USB_OTG_EP
 637:Drivers/STM32F4xx_HAL_Driver/Src/stm32f4xx_ll_usb.c **** {
 1648              		.loc 1 637 1
 1649              		.cfi_startproc
 1650              		@ args = 0, pretend = 0, frame = 16
ARM GAS  C:\Users\DAELT-~1\AppData\Local\Temp\ccK7IQ4D.s 			page 41


 1651              		@ frame_needed = 1, uses_anonymous_args = 0
 1652              		@ link register save eliminated.
 1653 0000 80B4     		push	{r7}
 1654              	.LCFI69:
 1655              		.cfi_def_cfa_offset 4
 1656              		.cfi_offset 7, -4
 1657 0002 85B0     		sub	sp, sp, #20
 1658              	.LCFI70:
 1659              		.cfi_def_cfa_offset 24
 1660 0004 00AF     		add	r7, sp, #0
 1661              	.LCFI71:
 1662              		.cfi_def_cfa_register 7
 1663 0006 7860     		str	r0, [r7, #4]
 1664 0008 3960     		str	r1, [r7]
 638:Drivers/STM32F4xx_HAL_Driver/Src/stm32f4xx_ll_usb.c ****   uint32_t USBx_BASE = (uint32_t)USBx;
 1665              		.loc 1 638 12
 1666 000a 7B68     		ldr	r3, [r7, #4]
 1667 000c FB60     		str	r3, [r7, #12]
 639:Drivers/STM32F4xx_HAL_Driver/Src/stm32f4xx_ll_usb.c ****   uint32_t epnum = (uint32_t)ep->num;
 1668              		.loc 1 639 32
 1669 000e 3B68     		ldr	r3, [r7]
 1670 0010 1B78     		ldrb	r3, [r3]	@ zero_extendqisi2
 1671              		.loc 1 639 12
 1672 0012 BB60     		str	r3, [r7, #8]
 640:Drivers/STM32F4xx_HAL_Driver/Src/stm32f4xx_ll_usb.c **** 
 641:Drivers/STM32F4xx_HAL_Driver/Src/stm32f4xx_ll_usb.c ****   /* Read DEPCTLn register */
 642:Drivers/STM32F4xx_HAL_Driver/Src/stm32f4xx_ll_usb.c ****   if (ep->is_in == 1U)
 1673              		.loc 1 642 9
 1674 0014 3B68     		ldr	r3, [r7]
 1675 0016 5B78     		ldrb	r3, [r3, #1]	@ zero_extendqisi2
 1676              		.loc 1 642 6
 1677 0018 012B     		cmp	r3, #1
 1678 001a 3AD1     		bne	.L88
 643:Drivers/STM32F4xx_HAL_Driver/Src/stm32f4xx_ll_usb.c ****   {
 644:Drivers/STM32F4xx_HAL_Driver/Src/stm32f4xx_ll_usb.c ****     if (((USBx_INEP(epnum)->DIEPCTL) & USB_OTG_DIEPCTL_USBAEP) == 0U)
 1679              		.loc 1 644 11
 1680 001c BB68     		ldr	r3, [r7, #8]
 1681 001e 5A01     		lsls	r2, r3, #5
 1682 0020 FB68     		ldr	r3, [r7, #12]
 1683 0022 1344     		add	r3, r3, r2
 1684 0024 03F51063 		add	r3, r3, #2304
 1685              		.loc 1 644 27
 1686 0028 1B68     		ldr	r3, [r3]
 1687              		.loc 1 644 38
 1688 002a 03F40043 		and	r3, r3, #32768
 1689              		.loc 1 644 8
 1690 002e 002B     		cmp	r3, #0
 1691 0030 1DD1     		bne	.L89
 645:Drivers/STM32F4xx_HAL_Driver/Src/stm32f4xx_ll_usb.c ****     {
 646:Drivers/STM32F4xx_HAL_Driver/Src/stm32f4xx_ll_usb.c ****       USBx_INEP(epnum)->DIEPCTL |= (ep->maxpacket & USB_OTG_DIEPCTL_MPSIZ) |
 1692              		.loc 1 646 23
 1693 0032 BB68     		ldr	r3, [r7, #8]
 1694 0034 5A01     		lsls	r2, r3, #5
 1695 0036 FB68     		ldr	r3, [r7, #12]
 1696 0038 1344     		add	r3, r3, r2
 1697 003a 03F51063 		add	r3, r3, #2304
 1698 003e 1A68     		ldr	r2, [r3]
ARM GAS  C:\Users\DAELT-~1\AppData\Local\Temp\ccK7IQ4D.s 			page 42


 1699              		.loc 1 646 39
 1700 0040 3B68     		ldr	r3, [r7]
 1701 0042 9B68     		ldr	r3, [r3, #8]
 1702              		.loc 1 646 51
 1703 0044 C3F30A01 		ubfx	r1, r3, #0, #11
 647:Drivers/STM32F4xx_HAL_Driver/Src/stm32f4xx_ll_usb.c ****                                    ((uint32_t)ep->type << 18) | (epnum << 22) |
 1704              		.loc 1 647 49
 1705 0048 3B68     		ldr	r3, [r7]
 1706 004a 1B79     		ldrb	r3, [r3, #4]	@ zero_extendqisi2
 1707              		.loc 1 647 56
 1708 004c 9B04     		lsls	r3, r3, #18
 646:Drivers/STM32F4xx_HAL_Driver/Src/stm32f4xx_ll_usb.c ****                                    ((uint32_t)ep->type << 18) | (epnum << 22) |
 1709              		.loc 1 646 76
 1710 004e 1943     		orrs	r1, r1, r3
 1711              		.loc 1 647 72
 1712 0050 BB68     		ldr	r3, [r7, #8]
 1713 0052 9B05     		lsls	r3, r3, #22
 1714              		.loc 1 647 63
 1715 0054 0B43     		orrs	r3, r3, r1
 646:Drivers/STM32F4xx_HAL_Driver/Src/stm32f4xx_ll_usb.c ****                                    ((uint32_t)ep->type << 18) | (epnum << 22) |
 1716              		.loc 1 646 33
 1717 0056 1343     		orrs	r3, r3, r2
 646:Drivers/STM32F4xx_HAL_Driver/Src/stm32f4xx_ll_usb.c ****                                    ((uint32_t)ep->type << 18) | (epnum << 22) |
 1718              		.loc 1 646 23
 1719 0058 BA68     		ldr	r2, [r7, #8]
 1720 005a 5101     		lsls	r1, r2, #5
 1721 005c FA68     		ldr	r2, [r7, #12]
 1722 005e 0A44     		add	r2, r2, r1
 1723 0060 02F51062 		add	r2, r2, #2304
 646:Drivers/STM32F4xx_HAL_Driver/Src/stm32f4xx_ll_usb.c ****                                    ((uint32_t)ep->type << 18) | (epnum << 22) |
 1724              		.loc 1 646 33
 1725 0064 43F08053 		orr	r3, r3, #268435456
 1726 0068 43F40043 		orr	r3, r3, #32768
 1727 006c 1360     		str	r3, [r2]
 1728              	.L89:
 648:Drivers/STM32F4xx_HAL_Driver/Src/stm32f4xx_ll_usb.c ****                                    USB_OTG_DIEPCTL_SD0PID_SEVNFRM |
 649:Drivers/STM32F4xx_HAL_Driver/Src/stm32f4xx_ll_usb.c ****                                    USB_OTG_DIEPCTL_USBAEP;
 650:Drivers/STM32F4xx_HAL_Driver/Src/stm32f4xx_ll_usb.c ****     }
 651:Drivers/STM32F4xx_HAL_Driver/Src/stm32f4xx_ll_usb.c **** 
 652:Drivers/STM32F4xx_HAL_Driver/Src/stm32f4xx_ll_usb.c ****     USBx_DEVICE->DEACHMSK |= USB_OTG_DAINTMSK_IEPM & (uint32_t)(1UL << (ep->num & EP_ADDR_MSK));
 1729              		.loc 1 652 16
 1730 006e FB68     		ldr	r3, [r7, #12]
 1731 0070 03F50063 		add	r3, r3, #2048
 1732 0074 DA6B     		ldr	r2, [r3, #60]
 1733              		.loc 1 652 75
 1734 0076 3B68     		ldr	r3, [r7]
 1735 0078 1B78     		ldrb	r3, [r3]	@ zero_extendqisi2
 1736              		.loc 1 652 81
 1737 007a 03F00F03 		and	r3, r3, #15
 1738              		.loc 1 652 54
 1739 007e 0121     		movs	r1, #1
 1740 0080 01FA03F3 		lsl	r3, r1, r3
 1741              		.loc 1 652 52
 1742 0084 9BB2     		uxth	r3, r3
 1743              		.loc 1 652 16
 1744 0086 F968     		ldr	r1, [r7, #12]
 1745 0088 01F50061 		add	r1, r1, #2048
ARM GAS  C:\Users\DAELT-~1\AppData\Local\Temp\ccK7IQ4D.s 			page 43


 1746              		.loc 1 652 27
 1747 008c 1343     		orrs	r3, r3, r2
 1748 008e CB63     		str	r3, [r1, #60]
 1749 0090 37E0     		b	.L90
 1750              	.L88:
 653:Drivers/STM32F4xx_HAL_Driver/Src/stm32f4xx_ll_usb.c ****   }
 654:Drivers/STM32F4xx_HAL_Driver/Src/stm32f4xx_ll_usb.c ****   else
 655:Drivers/STM32F4xx_HAL_Driver/Src/stm32f4xx_ll_usb.c ****   {
 656:Drivers/STM32F4xx_HAL_Driver/Src/stm32f4xx_ll_usb.c ****     if (((USBx_OUTEP(epnum)->DOEPCTL) & USB_OTG_DOEPCTL_USBAEP) == 0U)
 1751              		.loc 1 656 11
 1752 0092 BB68     		ldr	r3, [r7, #8]
 1753 0094 5A01     		lsls	r2, r3, #5
 1754 0096 FB68     		ldr	r3, [r7, #12]
 1755 0098 1344     		add	r3, r3, r2
 1756 009a 03F53063 		add	r3, r3, #2816
 1757              		.loc 1 656 28
 1758 009e 1B68     		ldr	r3, [r3]
 1759              		.loc 1 656 39
 1760 00a0 03F40043 		and	r3, r3, #32768
 1761              		.loc 1 656 8
 1762 00a4 002B     		cmp	r3, #0
 1763 00a6 1BD1     		bne	.L91
 657:Drivers/STM32F4xx_HAL_Driver/Src/stm32f4xx_ll_usb.c ****     {
 658:Drivers/STM32F4xx_HAL_Driver/Src/stm32f4xx_ll_usb.c ****       USBx_OUTEP(epnum)->DOEPCTL |= (ep->maxpacket & USB_OTG_DOEPCTL_MPSIZ) |
 1764              		.loc 1 658 24
 1765 00a8 BB68     		ldr	r3, [r7, #8]
 1766 00aa 5A01     		lsls	r2, r3, #5
 1767 00ac FB68     		ldr	r3, [r7, #12]
 1768 00ae 1344     		add	r3, r3, r2
 1769 00b0 03F53063 		add	r3, r3, #2816
 1770 00b4 1A68     		ldr	r2, [r3]
 1771              		.loc 1 658 40
 1772 00b6 3B68     		ldr	r3, [r7]
 1773 00b8 9B68     		ldr	r3, [r3, #8]
 1774              		.loc 1 658 52
 1775 00ba C3F30A01 		ubfx	r1, r3, #0, #11
 659:Drivers/STM32F4xx_HAL_Driver/Src/stm32f4xx_ll_usb.c ****                                     ((uint32_t)ep->type << 18) | (epnum << 22) |
 1776              		.loc 1 659 50
 1777 00be 3B68     		ldr	r3, [r7]
 1778 00c0 1B79     		ldrb	r3, [r3, #4]	@ zero_extendqisi2
 1779              		.loc 1 659 57
 1780 00c2 9B04     		lsls	r3, r3, #18
 658:Drivers/STM32F4xx_HAL_Driver/Src/stm32f4xx_ll_usb.c ****                                     ((uint32_t)ep->type << 18) | (epnum << 22) |
 1781              		.loc 1 658 77
 1782 00c4 1943     		orrs	r1, r1, r3
 1783              		.loc 1 659 73
 1784 00c6 BB68     		ldr	r3, [r7, #8]
 1785 00c8 9B05     		lsls	r3, r3, #22
 1786              		.loc 1 659 64
 1787 00ca 0B43     		orrs	r3, r3, r1
 658:Drivers/STM32F4xx_HAL_Driver/Src/stm32f4xx_ll_usb.c ****                                     ((uint32_t)ep->type << 18) | (epnum << 22) |
 1788              		.loc 1 658 34
 1789 00cc 1343     		orrs	r3, r3, r2
 658:Drivers/STM32F4xx_HAL_Driver/Src/stm32f4xx_ll_usb.c ****                                     ((uint32_t)ep->type << 18) | (epnum << 22) |
 1790              		.loc 1 658 24
 1791 00ce BA68     		ldr	r2, [r7, #8]
 1792 00d0 5101     		lsls	r1, r2, #5
ARM GAS  C:\Users\DAELT-~1\AppData\Local\Temp\ccK7IQ4D.s 			page 44


 1793 00d2 FA68     		ldr	r2, [r7, #12]
 1794 00d4 0A44     		add	r2, r2, r1
 1795 00d6 02F53062 		add	r2, r2, #2816
 658:Drivers/STM32F4xx_HAL_Driver/Src/stm32f4xx_ll_usb.c ****                                     ((uint32_t)ep->type << 18) | (epnum << 22) |
 1796              		.loc 1 658 34
 1797 00da 43F40043 		orr	r3, r3, #32768
 1798 00de 1360     		str	r3, [r2]
 1799              	.L91:
 660:Drivers/STM32F4xx_HAL_Driver/Src/stm32f4xx_ll_usb.c ****                                     USB_OTG_DOEPCTL_USBAEP;
 661:Drivers/STM32F4xx_HAL_Driver/Src/stm32f4xx_ll_usb.c ****     }
 662:Drivers/STM32F4xx_HAL_Driver/Src/stm32f4xx_ll_usb.c **** 
 663:Drivers/STM32F4xx_HAL_Driver/Src/stm32f4xx_ll_usb.c ****     USBx_DEVICE->DEACHMSK |= USB_OTG_DAINTMSK_OEPM & ((uint32_t)(1UL << (ep->num & EP_ADDR_MSK)) <<
 1800              		.loc 1 663 16
 1801 00e0 FB68     		ldr	r3, [r7, #12]
 1802 00e2 03F50063 		add	r3, r3, #2048
 1803 00e6 DA6B     		ldr	r2, [r3, #60]
 1804              		.loc 1 663 76
 1805 00e8 3B68     		ldr	r3, [r7]
 1806 00ea 1B78     		ldrb	r3, [r3]	@ zero_extendqisi2
 1807              		.loc 1 663 82
 1808 00ec 03F00F03 		and	r3, r3, #15
 1809              		.loc 1 663 55
 1810 00f0 0121     		movs	r1, #1
 1811 00f2 01FA03F3 		lsl	r3, r1, r3
 1812              		.loc 1 663 52
 1813 00f6 1B04     		lsls	r3, r3, #16
 1814              		.loc 1 663 16
 1815 00f8 F968     		ldr	r1, [r7, #12]
 1816 00fa 01F50061 		add	r1, r1, #2048
 1817              		.loc 1 663 27
 1818 00fe 1343     		orrs	r3, r3, r2
 1819 0100 CB63     		str	r3, [r1, #60]
 1820              	.L90:
 664:Drivers/STM32F4xx_HAL_Driver/Src/stm32f4xx_ll_usb.c ****   }
 665:Drivers/STM32F4xx_HAL_Driver/Src/stm32f4xx_ll_usb.c **** 
 666:Drivers/STM32F4xx_HAL_Driver/Src/stm32f4xx_ll_usb.c ****   return HAL_OK;
 1821              		.loc 1 666 10
 1822 0102 0023     		movs	r3, #0
 667:Drivers/STM32F4xx_HAL_Driver/Src/stm32f4xx_ll_usb.c **** }
 1823              		.loc 1 667 1
 1824 0104 1846     		mov	r0, r3
 1825 0106 1437     		adds	r7, r7, #20
 1826              	.LCFI72:
 1827              		.cfi_def_cfa_offset 4
 1828 0108 BD46     		mov	sp, r7
 1829              	.LCFI73:
 1830              		.cfi_def_cfa_register 13
 1831              		@ sp needed
 1832 010a 5DF8047B 		ldr	r7, [sp], #4
 1833              	.LCFI74:
 1834              		.cfi_restore 7
 1835              		.cfi_def_cfa_offset 0
 1836 010e 7047     		bx	lr
 1837              		.cfi_endproc
 1838              	.LFE231:
 1840              		.section	.text.USB_DeactivateEndpoint,"ax",%progbits
 1841              		.align	1
ARM GAS  C:\Users\DAELT-~1\AppData\Local\Temp\ccK7IQ4D.s 			page 45


 1842              		.global	USB_DeactivateEndpoint
 1843              		.syntax unified
 1844              		.thumb
 1845              		.thumb_func
 1847              	USB_DeactivateEndpoint:
 1848              	.LFB232:
 668:Drivers/STM32F4xx_HAL_Driver/Src/stm32f4xx_ll_usb.c **** 
 669:Drivers/STM32F4xx_HAL_Driver/Src/stm32f4xx_ll_usb.c **** /**
 670:Drivers/STM32F4xx_HAL_Driver/Src/stm32f4xx_ll_usb.c ****   * @brief  De-activate and de-initialize an endpoint
 671:Drivers/STM32F4xx_HAL_Driver/Src/stm32f4xx_ll_usb.c ****   * @param  USBx  Selected device
 672:Drivers/STM32F4xx_HAL_Driver/Src/stm32f4xx_ll_usb.c ****   * @param  ep pointer to endpoint structure
 673:Drivers/STM32F4xx_HAL_Driver/Src/stm32f4xx_ll_usb.c ****   * @retval HAL status
 674:Drivers/STM32F4xx_HAL_Driver/Src/stm32f4xx_ll_usb.c ****   */
 675:Drivers/STM32F4xx_HAL_Driver/Src/stm32f4xx_ll_usb.c **** HAL_StatusTypeDef USB_DeactivateEndpoint(const USB_OTG_GlobalTypeDef *USBx, const USB_OTG_EPTypeDef
 676:Drivers/STM32F4xx_HAL_Driver/Src/stm32f4xx_ll_usb.c **** {
 1849              		.loc 1 676 1
 1850              		.cfi_startproc
 1851              		@ args = 0, pretend = 0, frame = 16
 1852              		@ frame_needed = 1, uses_anonymous_args = 0
 1853              		@ link register save eliminated.
 1854 0000 80B4     		push	{r7}
 1855              	.LCFI75:
 1856              		.cfi_def_cfa_offset 4
 1857              		.cfi_offset 7, -4
 1858 0002 85B0     		sub	sp, sp, #20
 1859              	.LCFI76:
 1860              		.cfi_def_cfa_offset 24
 1861 0004 00AF     		add	r7, sp, #0
 1862              	.LCFI77:
 1863              		.cfi_def_cfa_register 7
 1864 0006 7860     		str	r0, [r7, #4]
 1865 0008 3960     		str	r1, [r7]
 677:Drivers/STM32F4xx_HAL_Driver/Src/stm32f4xx_ll_usb.c ****   uint32_t USBx_BASE = (uint32_t)USBx;
 1866              		.loc 1 677 12
 1867 000a 7B68     		ldr	r3, [r7, #4]
 1868 000c FB60     		str	r3, [r7, #12]
 678:Drivers/STM32F4xx_HAL_Driver/Src/stm32f4xx_ll_usb.c ****   uint32_t epnum = (uint32_t)ep->num;
 1869              		.loc 1 678 32
 1870 000e 3B68     		ldr	r3, [r7]
 1871 0010 1B78     		ldrb	r3, [r3]	@ zero_extendqisi2
 1872              		.loc 1 678 12
 1873 0012 BB60     		str	r3, [r7, #8]
 679:Drivers/STM32F4xx_HAL_Driver/Src/stm32f4xx_ll_usb.c **** 
 680:Drivers/STM32F4xx_HAL_Driver/Src/stm32f4xx_ll_usb.c ****   /* Read DEPCTLn register */
 681:Drivers/STM32F4xx_HAL_Driver/Src/stm32f4xx_ll_usb.c ****   if (ep->is_in == 1U)
 1874              		.loc 1 681 9
 1875 0014 3B68     		ldr	r3, [r7]
 1876 0016 5B78     		ldrb	r3, [r3, #1]	@ zero_extendqisi2
 1877              		.loc 1 681 6
 1878 0018 012B     		cmp	r3, #1
 1879 001a 61D1     		bne	.L94
 682:Drivers/STM32F4xx_HAL_Driver/Src/stm32f4xx_ll_usb.c ****   {
 683:Drivers/STM32F4xx_HAL_Driver/Src/stm32f4xx_ll_usb.c ****     if ((USBx_INEP(epnum)->DIEPCTL & USB_OTG_DIEPCTL_EPENA) == USB_OTG_DIEPCTL_EPENA)
 1880              		.loc 1 683 10
 1881 001c BB68     		ldr	r3, [r7, #8]
 1882 001e 5A01     		lsls	r2, r3, #5
 1883 0020 FB68     		ldr	r3, [r7, #12]
ARM GAS  C:\Users\DAELT-~1\AppData\Local\Temp\ccK7IQ4D.s 			page 46


 1884 0022 1344     		add	r3, r3, r2
 1885 0024 03F51063 		add	r3, r3, #2304
 1886              		.loc 1 683 26
 1887 0028 1B68     		ldr	r3, [r3]
 1888              		.loc 1 683 36
 1889 002a 03F00043 		and	r3, r3, #-2147483648
 1890              		.loc 1 683 8
 1891 002e B3F1004F 		cmp	r3, #-2147483648
 1892 0032 1FD1     		bne	.L95
 684:Drivers/STM32F4xx_HAL_Driver/Src/stm32f4xx_ll_usb.c ****     {
 685:Drivers/STM32F4xx_HAL_Driver/Src/stm32f4xx_ll_usb.c ****       USBx_INEP(epnum)->DIEPCTL |= USB_OTG_DIEPCTL_SNAK;
 1893              		.loc 1 685 23
 1894 0034 BB68     		ldr	r3, [r7, #8]
 1895 0036 5A01     		lsls	r2, r3, #5
 1896 0038 FB68     		ldr	r3, [r7, #12]
 1897 003a 1344     		add	r3, r3, r2
 1898 003c 03F51063 		add	r3, r3, #2304
 1899 0040 1B68     		ldr	r3, [r3]
 1900 0042 BA68     		ldr	r2, [r7, #8]
 1901 0044 5101     		lsls	r1, r2, #5
 1902 0046 FA68     		ldr	r2, [r7, #12]
 1903 0048 0A44     		add	r2, r2, r1
 1904 004a 02F51062 		add	r2, r2, #2304
 1905              		.loc 1 685 33
 1906 004e 43F00063 		orr	r3, r3, #134217728
 1907 0052 1360     		str	r3, [r2]
 686:Drivers/STM32F4xx_HAL_Driver/Src/stm32f4xx_ll_usb.c ****       USBx_INEP(epnum)->DIEPCTL |= USB_OTG_DIEPCTL_EPDIS;
 1908              		.loc 1 686 23
 1909 0054 BB68     		ldr	r3, [r7, #8]
 1910 0056 5A01     		lsls	r2, r3, #5
 1911 0058 FB68     		ldr	r3, [r7, #12]
 1912 005a 1344     		add	r3, r3, r2
 1913 005c 03F51063 		add	r3, r3, #2304
 1914 0060 1B68     		ldr	r3, [r3]
 1915 0062 BA68     		ldr	r2, [r7, #8]
 1916 0064 5101     		lsls	r1, r2, #5
 1917 0066 FA68     		ldr	r2, [r7, #12]
 1918 0068 0A44     		add	r2, r2, r1
 1919 006a 02F51062 		add	r2, r2, #2304
 1920              		.loc 1 686 33
 1921 006e 43F08043 		orr	r3, r3, #1073741824
 1922 0072 1360     		str	r3, [r2]
 1923              	.L95:
 687:Drivers/STM32F4xx_HAL_Driver/Src/stm32f4xx_ll_usb.c ****     }
 688:Drivers/STM32F4xx_HAL_Driver/Src/stm32f4xx_ll_usb.c **** 
 689:Drivers/STM32F4xx_HAL_Driver/Src/stm32f4xx_ll_usb.c ****     USBx_DEVICE->DEACHMSK &= ~(USB_OTG_DAINTMSK_IEPM & (uint32_t)(1UL << (ep->num & EP_ADDR_MSK)));
 1924              		.loc 1 689 16
 1925 0074 FB68     		ldr	r3, [r7, #12]
 1926 0076 03F50063 		add	r3, r3, #2048
 1927 007a DA6B     		ldr	r2, [r3, #60]
 1928              		.loc 1 689 77
 1929 007c 3B68     		ldr	r3, [r7]
 1930 007e 1B78     		ldrb	r3, [r3]	@ zero_extendqisi2
 1931              		.loc 1 689 83
 1932 0080 03F00F03 		and	r3, r3, #15
 1933              		.loc 1 689 56
 1934 0084 0121     		movs	r1, #1
ARM GAS  C:\Users\DAELT-~1\AppData\Local\Temp\ccK7IQ4D.s 			page 47


 1935 0086 01FA03F3 		lsl	r3, r1, r3
 1936              		.loc 1 689 54
 1937 008a 9BB2     		uxth	r3, r3
 1938              		.loc 1 689 30
 1939 008c DB43     		mvns	r3, r3
 1940              		.loc 1 689 16
 1941 008e F968     		ldr	r1, [r7, #12]
 1942 0090 01F50061 		add	r1, r1, #2048
 1943              		.loc 1 689 27
 1944 0094 1340     		ands	r3, r3, r2
 1945 0096 CB63     		str	r3, [r1, #60]
 690:Drivers/STM32F4xx_HAL_Driver/Src/stm32f4xx_ll_usb.c ****     USBx_DEVICE->DAINTMSK &= ~(USB_OTG_DAINTMSK_IEPM & (uint32_t)(1UL << (ep->num & EP_ADDR_MSK)));
 1946              		.loc 1 690 16
 1947 0098 FB68     		ldr	r3, [r7, #12]
 1948 009a 03F50063 		add	r3, r3, #2048
 1949 009e DA69     		ldr	r2, [r3, #28]
 1950              		.loc 1 690 77
 1951 00a0 3B68     		ldr	r3, [r7]
 1952 00a2 1B78     		ldrb	r3, [r3]	@ zero_extendqisi2
 1953              		.loc 1 690 83
 1954 00a4 03F00F03 		and	r3, r3, #15
 1955              		.loc 1 690 56
 1956 00a8 0121     		movs	r1, #1
 1957 00aa 01FA03F3 		lsl	r3, r1, r3
 1958              		.loc 1 690 54
 1959 00ae 9BB2     		uxth	r3, r3
 1960              		.loc 1 690 30
 1961 00b0 DB43     		mvns	r3, r3
 1962              		.loc 1 690 16
 1963 00b2 F968     		ldr	r1, [r7, #12]
 1964 00b4 01F50061 		add	r1, r1, #2048
 1965              		.loc 1 690 27
 1966 00b8 1340     		ands	r3, r3, r2
 1967 00ba CB61     		str	r3, [r1, #28]
 691:Drivers/STM32F4xx_HAL_Driver/Src/stm32f4xx_ll_usb.c ****     USBx_INEP(epnum)->DIEPCTL &= ~(USB_OTG_DIEPCTL_USBAEP |
 1968              		.loc 1 691 21
 1969 00bc BB68     		ldr	r3, [r7, #8]
 1970 00be 5A01     		lsls	r2, r3, #5
 1971 00c0 FB68     		ldr	r3, [r7, #12]
 1972 00c2 1344     		add	r3, r3, r2
 1973 00c4 03F51063 		add	r3, r3, #2304
 1974 00c8 1A68     		ldr	r2, [r3]
 1975 00ca BB68     		ldr	r3, [r7, #8]
 1976 00cc 5901     		lsls	r1, r3, #5
 1977 00ce FB68     		ldr	r3, [r7, #12]
 1978 00d0 0B44     		add	r3, r3, r1
 1979 00d2 03F51063 		add	r3, r3, #2304
 1980 00d6 1946     		mov	r1, r3
 1981              		.loc 1 691 31
 1982 00d8 354B     		ldr	r3, .L99
 1983 00da 1340     		ands	r3, r3, r2
 1984 00dc 0B60     		str	r3, [r1]
 1985 00de 60E0     		b	.L96
 1986              	.L94:
 692:Drivers/STM32F4xx_HAL_Driver/Src/stm32f4xx_ll_usb.c ****                                    USB_OTG_DIEPCTL_MPSIZ |
 693:Drivers/STM32F4xx_HAL_Driver/Src/stm32f4xx_ll_usb.c ****                                    USB_OTG_DIEPCTL_TXFNUM |
 694:Drivers/STM32F4xx_HAL_Driver/Src/stm32f4xx_ll_usb.c ****                                    USB_OTG_DIEPCTL_SD0PID_SEVNFRM |
ARM GAS  C:\Users\DAELT-~1\AppData\Local\Temp\ccK7IQ4D.s 			page 48


 695:Drivers/STM32F4xx_HAL_Driver/Src/stm32f4xx_ll_usb.c ****                                    USB_OTG_DIEPCTL_EPTYP);
 696:Drivers/STM32F4xx_HAL_Driver/Src/stm32f4xx_ll_usb.c ****   }
 697:Drivers/STM32F4xx_HAL_Driver/Src/stm32f4xx_ll_usb.c ****   else
 698:Drivers/STM32F4xx_HAL_Driver/Src/stm32f4xx_ll_usb.c ****   {
 699:Drivers/STM32F4xx_HAL_Driver/Src/stm32f4xx_ll_usb.c ****     if ((USBx_OUTEP(epnum)->DOEPCTL & USB_OTG_DOEPCTL_EPENA) == USB_OTG_DOEPCTL_EPENA)
 1987              		.loc 1 699 10
 1988 00e0 BB68     		ldr	r3, [r7, #8]
 1989 00e2 5A01     		lsls	r2, r3, #5
 1990 00e4 FB68     		ldr	r3, [r7, #12]
 1991 00e6 1344     		add	r3, r3, r2
 1992 00e8 03F53063 		add	r3, r3, #2816
 1993              		.loc 1 699 27
 1994 00ec 1B68     		ldr	r3, [r3]
 1995              		.loc 1 699 37
 1996 00ee 03F00043 		and	r3, r3, #-2147483648
 1997              		.loc 1 699 8
 1998 00f2 B3F1004F 		cmp	r3, #-2147483648
 1999 00f6 1FD1     		bne	.L97
 700:Drivers/STM32F4xx_HAL_Driver/Src/stm32f4xx_ll_usb.c ****     {
 701:Drivers/STM32F4xx_HAL_Driver/Src/stm32f4xx_ll_usb.c ****       USBx_OUTEP(epnum)->DOEPCTL |= USB_OTG_DOEPCTL_SNAK;
 2000              		.loc 1 701 24
 2001 00f8 BB68     		ldr	r3, [r7, #8]
 2002 00fa 5A01     		lsls	r2, r3, #5
 2003 00fc FB68     		ldr	r3, [r7, #12]
 2004 00fe 1344     		add	r3, r3, r2
 2005 0100 03F53063 		add	r3, r3, #2816
 2006 0104 1B68     		ldr	r3, [r3]
 2007 0106 BA68     		ldr	r2, [r7, #8]
 2008 0108 5101     		lsls	r1, r2, #5
 2009 010a FA68     		ldr	r2, [r7, #12]
 2010 010c 0A44     		add	r2, r2, r1
 2011 010e 02F53062 		add	r2, r2, #2816
 2012              		.loc 1 701 34
 2013 0112 43F00063 		orr	r3, r3, #134217728
 2014 0116 1360     		str	r3, [r2]
 702:Drivers/STM32F4xx_HAL_Driver/Src/stm32f4xx_ll_usb.c ****       USBx_OUTEP(epnum)->DOEPCTL |= USB_OTG_DOEPCTL_EPDIS;
 2015              		.loc 1 702 24
 2016 0118 BB68     		ldr	r3, [r7, #8]
 2017 011a 5A01     		lsls	r2, r3, #5
 2018 011c FB68     		ldr	r3, [r7, #12]
 2019 011e 1344     		add	r3, r3, r2
 2020 0120 03F53063 		add	r3, r3, #2816
 2021 0124 1B68     		ldr	r3, [r3]
 2022 0126 BA68     		ldr	r2, [r7, #8]
 2023 0128 5101     		lsls	r1, r2, #5
 2024 012a FA68     		ldr	r2, [r7, #12]
 2025 012c 0A44     		add	r2, r2, r1
 2026 012e 02F53062 		add	r2, r2, #2816
 2027              		.loc 1 702 34
 2028 0132 43F08043 		orr	r3, r3, #1073741824
 2029 0136 1360     		str	r3, [r2]
 2030              	.L97:
 703:Drivers/STM32F4xx_HAL_Driver/Src/stm32f4xx_ll_usb.c ****     }
 704:Drivers/STM32F4xx_HAL_Driver/Src/stm32f4xx_ll_usb.c **** 
 705:Drivers/STM32F4xx_HAL_Driver/Src/stm32f4xx_ll_usb.c ****     USBx_DEVICE->DEACHMSK &= ~(USB_OTG_DAINTMSK_OEPM & ((uint32_t)(1UL << (ep->num & EP_ADDR_MSK)) 
 2031              		.loc 1 705 16
 2032 0138 FB68     		ldr	r3, [r7, #12]
ARM GAS  C:\Users\DAELT-~1\AppData\Local\Temp\ccK7IQ4D.s 			page 49


 2033 013a 03F50063 		add	r3, r3, #2048
 2034 013e DA6B     		ldr	r2, [r3, #60]
 2035              		.loc 1 705 78
 2036 0140 3B68     		ldr	r3, [r7]
 2037 0142 1B78     		ldrb	r3, [r3]	@ zero_extendqisi2
 2038              		.loc 1 705 84
 2039 0144 03F00F03 		and	r3, r3, #15
 2040              		.loc 1 705 57
 2041 0148 0121     		movs	r1, #1
 2042 014a 01FA03F3 		lsl	r3, r1, r3
 2043              		.loc 1 705 54
 2044 014e 1B04     		lsls	r3, r3, #16
 2045              		.loc 1 705 30
 2046 0150 DB43     		mvns	r3, r3
 2047              		.loc 1 705 16
 2048 0152 F968     		ldr	r1, [r7, #12]
 2049 0154 01F50061 		add	r1, r1, #2048
 2050              		.loc 1 705 27
 2051 0158 1340     		ands	r3, r3, r2
 2052 015a CB63     		str	r3, [r1, #60]
 706:Drivers/STM32F4xx_HAL_Driver/Src/stm32f4xx_ll_usb.c ****     USBx_DEVICE->DAINTMSK &= ~(USB_OTG_DAINTMSK_OEPM & ((uint32_t)(1UL << (ep->num & EP_ADDR_MSK)) 
 2053              		.loc 1 706 16
 2054 015c FB68     		ldr	r3, [r7, #12]
 2055 015e 03F50063 		add	r3, r3, #2048
 2056 0162 DA69     		ldr	r2, [r3, #28]
 2057              		.loc 1 706 78
 2058 0164 3B68     		ldr	r3, [r7]
 2059 0166 1B78     		ldrb	r3, [r3]	@ zero_extendqisi2
 2060              		.loc 1 706 84
 2061 0168 03F00F03 		and	r3, r3, #15
 2062              		.loc 1 706 57
 2063 016c 0121     		movs	r1, #1
 2064 016e 01FA03F3 		lsl	r3, r1, r3
 2065              		.loc 1 706 54
 2066 0172 1B04     		lsls	r3, r3, #16
 2067              		.loc 1 706 30
 2068 0174 DB43     		mvns	r3, r3
 2069              		.loc 1 706 16
 2070 0176 F968     		ldr	r1, [r7, #12]
 2071 0178 01F50061 		add	r1, r1, #2048
 2072              		.loc 1 706 27
 2073 017c 1340     		ands	r3, r3, r2
 2074 017e CB61     		str	r3, [r1, #28]
 707:Drivers/STM32F4xx_HAL_Driver/Src/stm32f4xx_ll_usb.c ****     USBx_OUTEP(epnum)->DOEPCTL &= ~(USB_OTG_DOEPCTL_USBAEP |
 2075              		.loc 1 707 22
 2076 0180 BB68     		ldr	r3, [r7, #8]
 2077 0182 5A01     		lsls	r2, r3, #5
 2078 0184 FB68     		ldr	r3, [r7, #12]
 2079 0186 1344     		add	r3, r3, r2
 2080 0188 03F53063 		add	r3, r3, #2816
 2081 018c 1A68     		ldr	r2, [r3]
 2082 018e BB68     		ldr	r3, [r7, #8]
 2083 0190 5901     		lsls	r1, r3, #5
 2084 0192 FB68     		ldr	r3, [r7, #12]
 2085 0194 0B44     		add	r3, r3, r1
 2086 0196 03F53063 		add	r3, r3, #2816
 2087 019a 1946     		mov	r1, r3
ARM GAS  C:\Users\DAELT-~1\AppData\Local\Temp\ccK7IQ4D.s 			page 50


 2088              		.loc 1 707 32
 2089 019c 054B     		ldr	r3, .L99+4
 2090 019e 1340     		ands	r3, r3, r2
 2091 01a0 0B60     		str	r3, [r1]
 2092              	.L96:
 708:Drivers/STM32F4xx_HAL_Driver/Src/stm32f4xx_ll_usb.c ****                                     USB_OTG_DOEPCTL_MPSIZ |
 709:Drivers/STM32F4xx_HAL_Driver/Src/stm32f4xx_ll_usb.c ****                                     USB_OTG_DOEPCTL_SD0PID_SEVNFRM |
 710:Drivers/STM32F4xx_HAL_Driver/Src/stm32f4xx_ll_usb.c ****                                     USB_OTG_DOEPCTL_EPTYP);
 711:Drivers/STM32F4xx_HAL_Driver/Src/stm32f4xx_ll_usb.c ****   }
 712:Drivers/STM32F4xx_HAL_Driver/Src/stm32f4xx_ll_usb.c **** 
 713:Drivers/STM32F4xx_HAL_Driver/Src/stm32f4xx_ll_usb.c ****   return HAL_OK;
 2093              		.loc 1 713 10
 2094 01a2 0023     		movs	r3, #0
 714:Drivers/STM32F4xx_HAL_Driver/Src/stm32f4xx_ll_usb.c **** }
 2095              		.loc 1 714 1
 2096 01a4 1846     		mov	r0, r3
 2097 01a6 1437     		adds	r7, r7, #20
 2098              	.LCFI78:
 2099              		.cfi_def_cfa_offset 4
 2100 01a8 BD46     		mov	sp, r7
 2101              	.LCFI79:
 2102              		.cfi_def_cfa_register 13
 2103              		@ sp needed
 2104 01aa 5DF8047B 		ldr	r7, [sp], #4
 2105              	.LCFI80:
 2106              		.cfi_restore 7
 2107              		.cfi_def_cfa_offset 0
 2108 01ae 7047     		bx	lr
 2109              	.L100:
 2110              		.align	2
 2111              	.L99:
 2112 01b0 007833EC 		.word	-332171264
 2113 01b4 0078F3EF 		.word	-269256704
 2114              		.cfi_endproc
 2115              	.LFE232:
 2117              		.section	.text.USB_DeactivateDedicatedEndpoint,"ax",%progbits
 2118              		.align	1
 2119              		.global	USB_DeactivateDedicatedEndpoint
 2120              		.syntax unified
 2121              		.thumb
 2122              		.thumb_func
 2124              	USB_DeactivateDedicatedEndpoint:
 2125              	.LFB233:
 715:Drivers/STM32F4xx_HAL_Driver/Src/stm32f4xx_ll_usb.c **** 
 716:Drivers/STM32F4xx_HAL_Driver/Src/stm32f4xx_ll_usb.c **** /**
 717:Drivers/STM32F4xx_HAL_Driver/Src/stm32f4xx_ll_usb.c ****   * @brief  De-activate and de-initialize a dedicated endpoint
 718:Drivers/STM32F4xx_HAL_Driver/Src/stm32f4xx_ll_usb.c ****   * @param  USBx  Selected device
 719:Drivers/STM32F4xx_HAL_Driver/Src/stm32f4xx_ll_usb.c ****   * @param  ep pointer to endpoint structure
 720:Drivers/STM32F4xx_HAL_Driver/Src/stm32f4xx_ll_usb.c ****   * @retval HAL status
 721:Drivers/STM32F4xx_HAL_Driver/Src/stm32f4xx_ll_usb.c ****   */
 722:Drivers/STM32F4xx_HAL_Driver/Src/stm32f4xx_ll_usb.c **** HAL_StatusTypeDef USB_DeactivateDedicatedEndpoint(const USB_OTG_GlobalTypeDef *USBx, const USB_OTG_
 723:Drivers/STM32F4xx_HAL_Driver/Src/stm32f4xx_ll_usb.c **** {
 2126              		.loc 1 723 1
 2127              		.cfi_startproc
 2128              		@ args = 0, pretend = 0, frame = 16
 2129              		@ frame_needed = 1, uses_anonymous_args = 0
 2130              		@ link register save eliminated.
ARM GAS  C:\Users\DAELT-~1\AppData\Local\Temp\ccK7IQ4D.s 			page 51


 2131 0000 80B4     		push	{r7}
 2132              	.LCFI81:
 2133              		.cfi_def_cfa_offset 4
 2134              		.cfi_offset 7, -4
 2135 0002 85B0     		sub	sp, sp, #20
 2136              	.LCFI82:
 2137              		.cfi_def_cfa_offset 24
 2138 0004 00AF     		add	r7, sp, #0
 2139              	.LCFI83:
 2140              		.cfi_def_cfa_register 7
 2141 0006 7860     		str	r0, [r7, #4]
 2142 0008 3960     		str	r1, [r7]
 724:Drivers/STM32F4xx_HAL_Driver/Src/stm32f4xx_ll_usb.c ****   uint32_t USBx_BASE = (uint32_t)USBx;
 2143              		.loc 1 724 12
 2144 000a 7B68     		ldr	r3, [r7, #4]
 2145 000c FB60     		str	r3, [r7, #12]
 725:Drivers/STM32F4xx_HAL_Driver/Src/stm32f4xx_ll_usb.c ****   uint32_t epnum = (uint32_t)ep->num;
 2146              		.loc 1 725 32
 2147 000e 3B68     		ldr	r3, [r7]
 2148 0010 1B78     		ldrb	r3, [r3]	@ zero_extendqisi2
 2149              		.loc 1 725 12
 2150 0012 BB60     		str	r3, [r7, #8]
 726:Drivers/STM32F4xx_HAL_Driver/Src/stm32f4xx_ll_usb.c **** 
 727:Drivers/STM32F4xx_HAL_Driver/Src/stm32f4xx_ll_usb.c ****   /* Read DEPCTLn register */
 728:Drivers/STM32F4xx_HAL_Driver/Src/stm32f4xx_ll_usb.c ****   if (ep->is_in == 1U)
 2151              		.loc 1 728 9
 2152 0014 3B68     		ldr	r3, [r7]
 2153 0016 5B78     		ldrb	r3, [r3, #1]	@ zero_extendqisi2
 2154              		.loc 1 728 6
 2155 0018 012B     		cmp	r3, #1
 2156 001a 4ED1     		bne	.L102
 729:Drivers/STM32F4xx_HAL_Driver/Src/stm32f4xx_ll_usb.c ****   {
 730:Drivers/STM32F4xx_HAL_Driver/Src/stm32f4xx_ll_usb.c ****     if ((USBx_INEP(epnum)->DIEPCTL & USB_OTG_DIEPCTL_EPENA) == USB_OTG_DIEPCTL_EPENA)
 2157              		.loc 1 730 10
 2158 001c BB68     		ldr	r3, [r7, #8]
 2159 001e 5A01     		lsls	r2, r3, #5
 2160 0020 FB68     		ldr	r3, [r7, #12]
 2161 0022 1344     		add	r3, r3, r2
 2162 0024 03F51063 		add	r3, r3, #2304
 2163              		.loc 1 730 26
 2164 0028 1B68     		ldr	r3, [r3]
 2165              		.loc 1 730 36
 2166 002a 03F00043 		and	r3, r3, #-2147483648
 2167              		.loc 1 730 8
 2168 002e B3F1004F 		cmp	r3, #-2147483648
 2169 0032 1FD1     		bne	.L103
 731:Drivers/STM32F4xx_HAL_Driver/Src/stm32f4xx_ll_usb.c ****     {
 732:Drivers/STM32F4xx_HAL_Driver/Src/stm32f4xx_ll_usb.c ****       USBx_INEP(epnum)->DIEPCTL  |= USB_OTG_DIEPCTL_SNAK;
 2170              		.loc 1 732 23
 2171 0034 BB68     		ldr	r3, [r7, #8]
 2172 0036 5A01     		lsls	r2, r3, #5
 2173 0038 FB68     		ldr	r3, [r7, #12]
 2174 003a 1344     		add	r3, r3, r2
 2175 003c 03F51063 		add	r3, r3, #2304
 2176 0040 1B68     		ldr	r3, [r3]
 2177 0042 BA68     		ldr	r2, [r7, #8]
 2178 0044 5101     		lsls	r1, r2, #5
ARM GAS  C:\Users\DAELT-~1\AppData\Local\Temp\ccK7IQ4D.s 			page 52


 2179 0046 FA68     		ldr	r2, [r7, #12]
 2180 0048 0A44     		add	r2, r2, r1
 2181 004a 02F51062 		add	r2, r2, #2304
 2182              		.loc 1 732 34
 2183 004e 43F00063 		orr	r3, r3, #134217728
 2184 0052 1360     		str	r3, [r2]
 733:Drivers/STM32F4xx_HAL_Driver/Src/stm32f4xx_ll_usb.c ****       USBx_INEP(epnum)->DIEPCTL  |= USB_OTG_DIEPCTL_EPDIS;
 2185              		.loc 1 733 23
 2186 0054 BB68     		ldr	r3, [r7, #8]
 2187 0056 5A01     		lsls	r2, r3, #5
 2188 0058 FB68     		ldr	r3, [r7, #12]
 2189 005a 1344     		add	r3, r3, r2
 2190 005c 03F51063 		add	r3, r3, #2304
 2191 0060 1B68     		ldr	r3, [r3]
 2192 0062 BA68     		ldr	r2, [r7, #8]
 2193 0064 5101     		lsls	r1, r2, #5
 2194 0066 FA68     		ldr	r2, [r7, #12]
 2195 0068 0A44     		add	r2, r2, r1
 2196 006a 02F51062 		add	r2, r2, #2304
 2197              		.loc 1 733 34
 2198 006e 43F08043 		orr	r3, r3, #1073741824
 2199 0072 1360     		str	r3, [r2]
 2200              	.L103:
 734:Drivers/STM32F4xx_HAL_Driver/Src/stm32f4xx_ll_usb.c ****     }
 735:Drivers/STM32F4xx_HAL_Driver/Src/stm32f4xx_ll_usb.c **** 
 736:Drivers/STM32F4xx_HAL_Driver/Src/stm32f4xx_ll_usb.c ****     USBx_INEP(epnum)->DIEPCTL &= ~ USB_OTG_DIEPCTL_USBAEP;
 2201              		.loc 1 736 21
 2202 0074 BB68     		ldr	r3, [r7, #8]
 2203 0076 5A01     		lsls	r2, r3, #5
 2204 0078 FB68     		ldr	r3, [r7, #12]
 2205 007a 1344     		add	r3, r3, r2
 2206 007c 03F51063 		add	r3, r3, #2304
 2207 0080 1B68     		ldr	r3, [r3]
 2208 0082 BA68     		ldr	r2, [r7, #8]
 2209 0084 5101     		lsls	r1, r2, #5
 2210 0086 FA68     		ldr	r2, [r7, #12]
 2211 0088 0A44     		add	r2, r2, r1
 2212 008a 02F51062 		add	r2, r2, #2304
 2213              		.loc 1 736 31
 2214 008e 23F40043 		bic	r3, r3, #32768
 2215 0092 1360     		str	r3, [r2]
 737:Drivers/STM32F4xx_HAL_Driver/Src/stm32f4xx_ll_usb.c ****     USBx_DEVICE->DAINTMSK &= ~(USB_OTG_DAINTMSK_IEPM & (uint32_t)(1UL << (ep->num & EP_ADDR_MSK)));
 2216              		.loc 1 737 16
 2217 0094 FB68     		ldr	r3, [r7, #12]
 2218 0096 03F50063 		add	r3, r3, #2048
 2219 009a DA69     		ldr	r2, [r3, #28]
 2220              		.loc 1 737 77
 2221 009c 3B68     		ldr	r3, [r7]
 2222 009e 1B78     		ldrb	r3, [r3]	@ zero_extendqisi2
 2223              		.loc 1 737 83
 2224 00a0 03F00F03 		and	r3, r3, #15
 2225              		.loc 1 737 56
 2226 00a4 0121     		movs	r1, #1
 2227 00a6 01FA03F3 		lsl	r3, r1, r3
 2228              		.loc 1 737 54
 2229 00aa 9BB2     		uxth	r3, r3
 2230              		.loc 1 737 30
ARM GAS  C:\Users\DAELT-~1\AppData\Local\Temp\ccK7IQ4D.s 			page 53


 2231 00ac DB43     		mvns	r3, r3
 2232              		.loc 1 737 16
 2233 00ae F968     		ldr	r1, [r7, #12]
 2234 00b0 01F50061 		add	r1, r1, #2048
 2235              		.loc 1 737 27
 2236 00b4 1340     		ands	r3, r3, r2
 2237 00b6 CB61     		str	r3, [r1, #28]
 2238 00b8 4DE0     		b	.L104
 2239              	.L102:
 738:Drivers/STM32F4xx_HAL_Driver/Src/stm32f4xx_ll_usb.c ****   }
 739:Drivers/STM32F4xx_HAL_Driver/Src/stm32f4xx_ll_usb.c ****   else
 740:Drivers/STM32F4xx_HAL_Driver/Src/stm32f4xx_ll_usb.c ****   {
 741:Drivers/STM32F4xx_HAL_Driver/Src/stm32f4xx_ll_usb.c ****     if ((USBx_OUTEP(epnum)->DOEPCTL & USB_OTG_DOEPCTL_EPENA) == USB_OTG_DOEPCTL_EPENA)
 2240              		.loc 1 741 10
 2241 00ba BB68     		ldr	r3, [r7, #8]
 2242 00bc 5A01     		lsls	r2, r3, #5
 2243 00be FB68     		ldr	r3, [r7, #12]
 2244 00c0 1344     		add	r3, r3, r2
 2245 00c2 03F53063 		add	r3, r3, #2816
 2246              		.loc 1 741 27
 2247 00c6 1B68     		ldr	r3, [r3]
 2248              		.loc 1 741 37
 2249 00c8 03F00043 		and	r3, r3, #-2147483648
 2250              		.loc 1 741 8
 2251 00cc B3F1004F 		cmp	r3, #-2147483648
 2252 00d0 1FD1     		bne	.L105
 742:Drivers/STM32F4xx_HAL_Driver/Src/stm32f4xx_ll_usb.c ****     {
 743:Drivers/STM32F4xx_HAL_Driver/Src/stm32f4xx_ll_usb.c ****       USBx_OUTEP(epnum)->DOEPCTL  |= USB_OTG_DOEPCTL_SNAK;
 2253              		.loc 1 743 24
 2254 00d2 BB68     		ldr	r3, [r7, #8]
 2255 00d4 5A01     		lsls	r2, r3, #5
 2256 00d6 FB68     		ldr	r3, [r7, #12]
 2257 00d8 1344     		add	r3, r3, r2
 2258 00da 03F53063 		add	r3, r3, #2816
 2259 00de 1B68     		ldr	r3, [r3]
 2260 00e0 BA68     		ldr	r2, [r7, #8]
 2261 00e2 5101     		lsls	r1, r2, #5
 2262 00e4 FA68     		ldr	r2, [r7, #12]
 2263 00e6 0A44     		add	r2, r2, r1
 2264 00e8 02F53062 		add	r2, r2, #2816
 2265              		.loc 1 743 35
 2266 00ec 43F00063 		orr	r3, r3, #134217728
 2267 00f0 1360     		str	r3, [r2]
 744:Drivers/STM32F4xx_HAL_Driver/Src/stm32f4xx_ll_usb.c ****       USBx_OUTEP(epnum)->DOEPCTL  |= USB_OTG_DOEPCTL_EPDIS;
 2268              		.loc 1 744 24
 2269 00f2 BB68     		ldr	r3, [r7, #8]
 2270 00f4 5A01     		lsls	r2, r3, #5
 2271 00f6 FB68     		ldr	r3, [r7, #12]
 2272 00f8 1344     		add	r3, r3, r2
 2273 00fa 03F53063 		add	r3, r3, #2816
 2274 00fe 1B68     		ldr	r3, [r3]
 2275 0100 BA68     		ldr	r2, [r7, #8]
 2276 0102 5101     		lsls	r1, r2, #5
 2277 0104 FA68     		ldr	r2, [r7, #12]
 2278 0106 0A44     		add	r2, r2, r1
 2279 0108 02F53062 		add	r2, r2, #2816
 2280              		.loc 1 744 35
ARM GAS  C:\Users\DAELT-~1\AppData\Local\Temp\ccK7IQ4D.s 			page 54


 2281 010c 43F08043 		orr	r3, r3, #1073741824
 2282 0110 1360     		str	r3, [r2]
 2283              	.L105:
 745:Drivers/STM32F4xx_HAL_Driver/Src/stm32f4xx_ll_usb.c ****     }
 746:Drivers/STM32F4xx_HAL_Driver/Src/stm32f4xx_ll_usb.c **** 
 747:Drivers/STM32F4xx_HAL_Driver/Src/stm32f4xx_ll_usb.c ****     USBx_OUTEP(epnum)->DOEPCTL &= ~USB_OTG_DOEPCTL_USBAEP;
 2284              		.loc 1 747 22
 2285 0112 BB68     		ldr	r3, [r7, #8]
 2286 0114 5A01     		lsls	r2, r3, #5
 2287 0116 FB68     		ldr	r3, [r7, #12]
 2288 0118 1344     		add	r3, r3, r2
 2289 011a 03F53063 		add	r3, r3, #2816
 2290 011e 1B68     		ldr	r3, [r3]
 2291 0120 BA68     		ldr	r2, [r7, #8]
 2292 0122 5101     		lsls	r1, r2, #5
 2293 0124 FA68     		ldr	r2, [r7, #12]
 2294 0126 0A44     		add	r2, r2, r1
 2295 0128 02F53062 		add	r2, r2, #2816
 2296              		.loc 1 747 32
 2297 012c 23F40043 		bic	r3, r3, #32768
 2298 0130 1360     		str	r3, [r2]
 748:Drivers/STM32F4xx_HAL_Driver/Src/stm32f4xx_ll_usb.c ****     USBx_DEVICE->DAINTMSK &= ~(USB_OTG_DAINTMSK_OEPM & ((uint32_t)(1UL << (ep->num & EP_ADDR_MSK)) 
 2299              		.loc 1 748 16
 2300 0132 FB68     		ldr	r3, [r7, #12]
 2301 0134 03F50063 		add	r3, r3, #2048
 2302 0138 DA69     		ldr	r2, [r3, #28]
 2303              		.loc 1 748 78
 2304 013a 3B68     		ldr	r3, [r7]
 2305 013c 1B78     		ldrb	r3, [r3]	@ zero_extendqisi2
 2306              		.loc 1 748 84
 2307 013e 03F00F03 		and	r3, r3, #15
 2308              		.loc 1 748 57
 2309 0142 0121     		movs	r1, #1
 2310 0144 01FA03F3 		lsl	r3, r1, r3
 2311              		.loc 1 748 54
 2312 0148 1B04     		lsls	r3, r3, #16
 2313              		.loc 1 748 30
 2314 014a DB43     		mvns	r3, r3
 2315              		.loc 1 748 16
 2316 014c F968     		ldr	r1, [r7, #12]
 2317 014e 01F50061 		add	r1, r1, #2048
 2318              		.loc 1 748 27
 2319 0152 1340     		ands	r3, r3, r2
 2320 0154 CB61     		str	r3, [r1, #28]
 2321              	.L104:
 749:Drivers/STM32F4xx_HAL_Driver/Src/stm32f4xx_ll_usb.c ****   }
 750:Drivers/STM32F4xx_HAL_Driver/Src/stm32f4xx_ll_usb.c **** 
 751:Drivers/STM32F4xx_HAL_Driver/Src/stm32f4xx_ll_usb.c ****   return HAL_OK;
 2322              		.loc 1 751 10
 2323 0156 0023     		movs	r3, #0
 752:Drivers/STM32F4xx_HAL_Driver/Src/stm32f4xx_ll_usb.c **** }
 2324              		.loc 1 752 1
 2325 0158 1846     		mov	r0, r3
 2326 015a 1437     		adds	r7, r7, #20
 2327              	.LCFI84:
 2328              		.cfi_def_cfa_offset 4
 2329 015c BD46     		mov	sp, r7
ARM GAS  C:\Users\DAELT-~1\AppData\Local\Temp\ccK7IQ4D.s 			page 55


 2330              	.LCFI85:
 2331              		.cfi_def_cfa_register 13
 2332              		@ sp needed
 2333 015e 5DF8047B 		ldr	r7, [sp], #4
 2334              	.LCFI86:
 2335              		.cfi_restore 7
 2336              		.cfi_def_cfa_offset 0
 2337 0162 7047     		bx	lr
 2338              		.cfi_endproc
 2339              	.LFE233:
 2341              		.section	.text.USB_EPStartXfer,"ax",%progbits
 2342              		.align	1
 2343              		.global	USB_EPStartXfer
 2344              		.syntax unified
 2345              		.thumb
 2346              		.thumb_func
 2348              	USB_EPStartXfer:
 2349              	.LFB234:
 753:Drivers/STM32F4xx_HAL_Driver/Src/stm32f4xx_ll_usb.c **** 
 754:Drivers/STM32F4xx_HAL_Driver/Src/stm32f4xx_ll_usb.c **** /**
 755:Drivers/STM32F4xx_HAL_Driver/Src/stm32f4xx_ll_usb.c ****   * @brief  USB_EPStartXfer : setup and starts a transfer over an EP
 756:Drivers/STM32F4xx_HAL_Driver/Src/stm32f4xx_ll_usb.c ****   * @param  USBx  Selected device
 757:Drivers/STM32F4xx_HAL_Driver/Src/stm32f4xx_ll_usb.c ****   * @param  ep pointer to endpoint structure
 758:Drivers/STM32F4xx_HAL_Driver/Src/stm32f4xx_ll_usb.c ****   * @param  dma USB dma enabled or disabled
 759:Drivers/STM32F4xx_HAL_Driver/Src/stm32f4xx_ll_usb.c ****   *          This parameter can be one of these values:
 760:Drivers/STM32F4xx_HAL_Driver/Src/stm32f4xx_ll_usb.c ****   *           0 : DMA feature not used
 761:Drivers/STM32F4xx_HAL_Driver/Src/stm32f4xx_ll_usb.c ****   *           1 : DMA feature used
 762:Drivers/STM32F4xx_HAL_Driver/Src/stm32f4xx_ll_usb.c ****   * @retval HAL status
 763:Drivers/STM32F4xx_HAL_Driver/Src/stm32f4xx_ll_usb.c ****   */
 764:Drivers/STM32F4xx_HAL_Driver/Src/stm32f4xx_ll_usb.c **** HAL_StatusTypeDef USB_EPStartXfer(USB_OTG_GlobalTypeDef *USBx, USB_OTG_EPTypeDef *ep, uint8_t dma)
 765:Drivers/STM32F4xx_HAL_Driver/Src/stm32f4xx_ll_usb.c **** {
 2350              		.loc 1 765 1
 2351              		.cfi_startproc
 2352              		@ args = 0, pretend = 0, frame = 32
 2353              		@ frame_needed = 1, uses_anonymous_args = 0
 2354 0000 80B5     		push	{r7, lr}
 2355              	.LCFI87:
 2356              		.cfi_def_cfa_offset 8
 2357              		.cfi_offset 7, -8
 2358              		.cfi_offset 14, -4
 2359 0002 8AB0     		sub	sp, sp, #40
 2360              	.LCFI88:
 2361              		.cfi_def_cfa_offset 48
 2362 0004 02AF     		add	r7, sp, #8
 2363              	.LCFI89:
 2364              		.cfi_def_cfa 7, 40
 2365 0006 F860     		str	r0, [r7, #12]
 2366 0008 B960     		str	r1, [r7, #8]
 2367 000a 1346     		mov	r3, r2
 2368 000c FB71     		strb	r3, [r7, #7]
 766:Drivers/STM32F4xx_HAL_Driver/Src/stm32f4xx_ll_usb.c ****   uint32_t USBx_BASE = (uint32_t)USBx;
 2369              		.loc 1 766 12
 2370 000e FB68     		ldr	r3, [r7, #12]
 2371 0010 FB61     		str	r3, [r7, #28]
 767:Drivers/STM32F4xx_HAL_Driver/Src/stm32f4xx_ll_usb.c ****   uint32_t epnum = (uint32_t)ep->num;
 2372              		.loc 1 767 32
 2373 0012 BB68     		ldr	r3, [r7, #8]
ARM GAS  C:\Users\DAELT-~1\AppData\Local\Temp\ccK7IQ4D.s 			page 56


 2374 0014 1B78     		ldrb	r3, [r3]	@ zero_extendqisi2
 2375              		.loc 1 767 12
 2376 0016 BB61     		str	r3, [r7, #24]
 768:Drivers/STM32F4xx_HAL_Driver/Src/stm32f4xx_ll_usb.c ****   uint16_t pktcnt;
 769:Drivers/STM32F4xx_HAL_Driver/Src/stm32f4xx_ll_usb.c **** 
 770:Drivers/STM32F4xx_HAL_Driver/Src/stm32f4xx_ll_usb.c ****   /* IN endpoint */
 771:Drivers/STM32F4xx_HAL_Driver/Src/stm32f4xx_ll_usb.c ****   if (ep->is_in == 1U)
 2377              		.loc 1 771 9
 2378 0018 BB68     		ldr	r3, [r7, #8]
 2379 001a 5B78     		ldrb	r3, [r3, #1]	@ zero_extendqisi2
 2380              		.loc 1 771 6
 2381 001c 012B     		cmp	r3, #1
 2382 001e 40F07F81 		bne	.L108
 772:Drivers/STM32F4xx_HAL_Driver/Src/stm32f4xx_ll_usb.c ****   {
 773:Drivers/STM32F4xx_HAL_Driver/Src/stm32f4xx_ll_usb.c ****     /* Zero Length Packet? */
 774:Drivers/STM32F4xx_HAL_Driver/Src/stm32f4xx_ll_usb.c ****     if (ep->xfer_len == 0U)
 2383              		.loc 1 774 11
 2384 0022 BB68     		ldr	r3, [r7, #8]
 2385 0024 1B69     		ldr	r3, [r3, #16]
 2386              		.loc 1 774 8
 2387 0026 002B     		cmp	r3, #0
 2388 0028 32D1     		bne	.L109
 775:Drivers/STM32F4xx_HAL_Driver/Src/stm32f4xx_ll_usb.c ****     {
 776:Drivers/STM32F4xx_HAL_Driver/Src/stm32f4xx_ll_usb.c ****       USBx_INEP(epnum)->DIEPTSIZ &= ~(USB_OTG_DIEPTSIZ_PKTCNT);
 2389              		.loc 1 776 23
 2390 002a BB69     		ldr	r3, [r7, #24]
 2391 002c 5A01     		lsls	r2, r3, #5
 2392 002e FB69     		ldr	r3, [r7, #28]
 2393 0030 1344     		add	r3, r3, r2
 2394 0032 03F51063 		add	r3, r3, #2304
 2395 0036 1B69     		ldr	r3, [r3, #16]
 2396 0038 BA69     		ldr	r2, [r7, #24]
 2397 003a 5101     		lsls	r1, r2, #5
 2398 003c FA69     		ldr	r2, [r7, #28]
 2399 003e 0A44     		add	r2, r2, r1
 2400 0040 02F51062 		add	r2, r2, #2304
 2401              		.loc 1 776 34
 2402 0044 23F0FF53 		bic	r3, r3, #534773760
 2403 0048 23F4C013 		bic	r3, r3, #1572864
 2404 004c 1361     		str	r3, [r2, #16]
 777:Drivers/STM32F4xx_HAL_Driver/Src/stm32f4xx_ll_usb.c ****       USBx_INEP(epnum)->DIEPTSIZ |= (USB_OTG_DIEPTSIZ_PKTCNT & (1U << 19));
 2405              		.loc 1 777 23
 2406 004e BB69     		ldr	r3, [r7, #24]
 2407 0050 5A01     		lsls	r2, r3, #5
 2408 0052 FB69     		ldr	r3, [r7, #28]
 2409 0054 1344     		add	r3, r3, r2
 2410 0056 03F51063 		add	r3, r3, #2304
 2411 005a 1B69     		ldr	r3, [r3, #16]
 2412 005c BA69     		ldr	r2, [r7, #24]
 2413 005e 5101     		lsls	r1, r2, #5
 2414 0060 FA69     		ldr	r2, [r7, #28]
 2415 0062 0A44     		add	r2, r2, r1
 2416 0064 02F51062 		add	r2, r2, #2304
 2417              		.loc 1 777 34
 2418 0068 43F40023 		orr	r3, r3, #524288
 2419 006c 1361     		str	r3, [r2, #16]
 778:Drivers/STM32F4xx_HAL_Driver/Src/stm32f4xx_ll_usb.c ****       USBx_INEP(epnum)->DIEPTSIZ &= ~(USB_OTG_DIEPTSIZ_XFRSIZ);
ARM GAS  C:\Users\DAELT-~1\AppData\Local\Temp\ccK7IQ4D.s 			page 57


 2420              		.loc 1 778 23
 2421 006e BB69     		ldr	r3, [r7, #24]
 2422 0070 5A01     		lsls	r2, r3, #5
 2423 0072 FB69     		ldr	r3, [r7, #28]
 2424 0074 1344     		add	r3, r3, r2
 2425 0076 03F51063 		add	r3, r3, #2304
 2426 007a 1B69     		ldr	r3, [r3, #16]
 2427 007c BA69     		ldr	r2, [r7, #24]
 2428 007e 5101     		lsls	r1, r2, #5
 2429 0080 FA69     		ldr	r2, [r7, #28]
 2430 0082 0A44     		add	r2, r2, r1
 2431 0084 02F51062 		add	r2, r2, #2304
 2432              		.loc 1 778 34
 2433 0088 DB0C     		lsrs	r3, r3, #19
 2434 008a DB04     		lsls	r3, r3, #19
 2435 008c 1361     		str	r3, [r2, #16]
 2436 008e 97E0     		b	.L110
 2437              	.L109:
 779:Drivers/STM32F4xx_HAL_Driver/Src/stm32f4xx_ll_usb.c ****     }
 780:Drivers/STM32F4xx_HAL_Driver/Src/stm32f4xx_ll_usb.c ****     else
 781:Drivers/STM32F4xx_HAL_Driver/Src/stm32f4xx_ll_usb.c ****     {
 782:Drivers/STM32F4xx_HAL_Driver/Src/stm32f4xx_ll_usb.c ****       /* Program the transfer size and packet count
 783:Drivers/STM32F4xx_HAL_Driver/Src/stm32f4xx_ll_usb.c ****       * as follows: xfersize = N * maxpacket +
 784:Drivers/STM32F4xx_HAL_Driver/Src/stm32f4xx_ll_usb.c ****       * short_packet pktcnt = N + (short_packet
 785:Drivers/STM32F4xx_HAL_Driver/Src/stm32f4xx_ll_usb.c ****       * exist ? 1 : 0)
 786:Drivers/STM32F4xx_HAL_Driver/Src/stm32f4xx_ll_usb.c ****       */
 787:Drivers/STM32F4xx_HAL_Driver/Src/stm32f4xx_ll_usb.c ****       USBx_INEP(epnum)->DIEPTSIZ &= ~(USB_OTG_DIEPTSIZ_XFRSIZ);
 2438              		.loc 1 787 23
 2439 0090 BB69     		ldr	r3, [r7, #24]
 2440 0092 5A01     		lsls	r2, r3, #5
 2441 0094 FB69     		ldr	r3, [r7, #28]
 2442 0096 1344     		add	r3, r3, r2
 2443 0098 03F51063 		add	r3, r3, #2304
 2444 009c 1B69     		ldr	r3, [r3, #16]
 2445 009e BA69     		ldr	r2, [r7, #24]
 2446 00a0 5101     		lsls	r1, r2, #5
 2447 00a2 FA69     		ldr	r2, [r7, #28]
 2448 00a4 0A44     		add	r2, r2, r1
 2449 00a6 02F51062 		add	r2, r2, #2304
 2450              		.loc 1 787 34
 2451 00aa DB0C     		lsrs	r3, r3, #19
 2452 00ac DB04     		lsls	r3, r3, #19
 2453 00ae 1361     		str	r3, [r2, #16]
 788:Drivers/STM32F4xx_HAL_Driver/Src/stm32f4xx_ll_usb.c ****       USBx_INEP(epnum)->DIEPTSIZ &= ~(USB_OTG_DIEPTSIZ_PKTCNT);
 2454              		.loc 1 788 23
 2455 00b0 BB69     		ldr	r3, [r7, #24]
 2456 00b2 5A01     		lsls	r2, r3, #5
 2457 00b4 FB69     		ldr	r3, [r7, #28]
 2458 00b6 1344     		add	r3, r3, r2
 2459 00b8 03F51063 		add	r3, r3, #2304
 2460 00bc 1B69     		ldr	r3, [r3, #16]
 2461 00be BA69     		ldr	r2, [r7, #24]
 2462 00c0 5101     		lsls	r1, r2, #5
 2463 00c2 FA69     		ldr	r2, [r7, #28]
 2464 00c4 0A44     		add	r2, r2, r1
 2465 00c6 02F51062 		add	r2, r2, #2304
 2466              		.loc 1 788 34
ARM GAS  C:\Users\DAELT-~1\AppData\Local\Temp\ccK7IQ4D.s 			page 58


 2467 00ca 23F0FF53 		bic	r3, r3, #534773760
 2468 00ce 23F4C013 		bic	r3, r3, #1572864
 2469 00d2 1361     		str	r3, [r2, #16]
 789:Drivers/STM32F4xx_HAL_Driver/Src/stm32f4xx_ll_usb.c **** 
 790:Drivers/STM32F4xx_HAL_Driver/Src/stm32f4xx_ll_usb.c ****       if (epnum == 0U)
 2470              		.loc 1 790 10
 2471 00d4 BB69     		ldr	r3, [r7, #24]
 2472 00d6 002B     		cmp	r3, #0
 2473 00d8 1AD1     		bne	.L111
 791:Drivers/STM32F4xx_HAL_Driver/Src/stm32f4xx_ll_usb.c ****       {
 792:Drivers/STM32F4xx_HAL_Driver/Src/stm32f4xx_ll_usb.c ****         if (ep->xfer_len > ep->maxpacket)
 2474              		.loc 1 792 15
 2475 00da BB68     		ldr	r3, [r7, #8]
 2476 00dc 1A69     		ldr	r2, [r3, #16]
 2477              		.loc 1 792 30
 2478 00de BB68     		ldr	r3, [r7, #8]
 2479 00e0 9B68     		ldr	r3, [r3, #8]
 2480              		.loc 1 792 12
 2481 00e2 9A42     		cmp	r2, r3
 2482 00e4 03D9     		bls	.L112
 793:Drivers/STM32F4xx_HAL_Driver/Src/stm32f4xx_ll_usb.c ****         {
 794:Drivers/STM32F4xx_HAL_Driver/Src/stm32f4xx_ll_usb.c ****           ep->xfer_len = ep->maxpacket;
 2483              		.loc 1 794 28
 2484 00e6 BB68     		ldr	r3, [r7, #8]
 2485 00e8 9A68     		ldr	r2, [r3, #8]
 2486              		.loc 1 794 24
 2487 00ea BB68     		ldr	r3, [r7, #8]
 2488 00ec 1A61     		str	r2, [r3, #16]
 2489              	.L112:
 795:Drivers/STM32F4xx_HAL_Driver/Src/stm32f4xx_ll_usb.c ****         }
 796:Drivers/STM32F4xx_HAL_Driver/Src/stm32f4xx_ll_usb.c **** 
 797:Drivers/STM32F4xx_HAL_Driver/Src/stm32f4xx_ll_usb.c ****         USBx_INEP(epnum)->DIEPTSIZ |= (USB_OTG_DIEPTSIZ_PKTCNT & (1U << 19));
 2490              		.loc 1 797 25
 2491 00ee BB69     		ldr	r3, [r7, #24]
 2492 00f0 5A01     		lsls	r2, r3, #5
 2493 00f2 FB69     		ldr	r3, [r7, #28]
 2494 00f4 1344     		add	r3, r3, r2
 2495 00f6 03F51063 		add	r3, r3, #2304
 2496 00fa 1B69     		ldr	r3, [r3, #16]
 2497 00fc BA69     		ldr	r2, [r7, #24]
 2498 00fe 5101     		lsls	r1, r2, #5
 2499 0100 FA69     		ldr	r2, [r7, #28]
 2500 0102 0A44     		add	r2, r2, r1
 2501 0104 02F51062 		add	r2, r2, #2304
 2502              		.loc 1 797 36
 2503 0108 43F40023 		orr	r3, r3, #524288
 2504 010c 1361     		str	r3, [r2, #16]
 2505 010e 44E0     		b	.L113
 2506              	.L111:
 798:Drivers/STM32F4xx_HAL_Driver/Src/stm32f4xx_ll_usb.c ****       }
 799:Drivers/STM32F4xx_HAL_Driver/Src/stm32f4xx_ll_usb.c ****       else
 800:Drivers/STM32F4xx_HAL_Driver/Src/stm32f4xx_ll_usb.c ****       {
 801:Drivers/STM32F4xx_HAL_Driver/Src/stm32f4xx_ll_usb.c ****         pktcnt = (uint16_t)((ep->xfer_len + ep->maxpacket - 1U) / ep->maxpacket);
 2507              		.loc 1 801 32
 2508 0110 BB68     		ldr	r3, [r7, #8]
 2509 0112 1A69     		ldr	r2, [r3, #16]
 2510              		.loc 1 801 47
ARM GAS  C:\Users\DAELT-~1\AppData\Local\Temp\ccK7IQ4D.s 			page 59


 2511 0114 BB68     		ldr	r3, [r7, #8]
 2512 0116 9B68     		ldr	r3, [r3, #8]
 2513              		.loc 1 801 43
 2514 0118 1344     		add	r3, r3, r2
 2515              		.loc 1 801 59
 2516 011a 5A1E     		subs	r2, r3, #1
 2517              		.loc 1 801 69
 2518 011c BB68     		ldr	r3, [r7, #8]
 2519 011e 9B68     		ldr	r3, [r3, #8]
 2520              		.loc 1 801 65
 2521 0120 B2FBF3F3 		udiv	r3, r2, r3
 2522              		.loc 1 801 16
 2523 0124 FB82     		strh	r3, [r7, #22]	@ movhi
 802:Drivers/STM32F4xx_HAL_Driver/Src/stm32f4xx_ll_usb.c ****         USBx_INEP(epnum)->DIEPTSIZ |= (USB_OTG_DIEPTSIZ_PKTCNT & ((uint32_t)pktcnt << 19));
 2524              		.loc 1 802 25
 2525 0126 BB69     		ldr	r3, [r7, #24]
 2526 0128 5A01     		lsls	r2, r3, #5
 2527 012a FB69     		ldr	r3, [r7, #28]
 2528 012c 1344     		add	r3, r3, r2
 2529 012e 03F51063 		add	r3, r3, #2304
 2530 0132 1A69     		ldr	r2, [r3, #16]
 2531              		.loc 1 802 67
 2532 0134 FB8A     		ldrh	r3, [r7, #22]
 2533              		.loc 1 802 84
 2534 0136 D904     		lsls	r1, r3, #19
 2535              		.loc 1 802 64
 2536 0138 A44B     		ldr	r3, .L130
 2537 013a 0B40     		ands	r3, r3, r1
 2538              		.loc 1 802 25
 2539 013c B969     		ldr	r1, [r7, #24]
 2540 013e 4801     		lsls	r0, r1, #5
 2541 0140 F969     		ldr	r1, [r7, #28]
 2542 0142 0144     		add	r1, r1, r0
 2543 0144 01F51061 		add	r1, r1, #2304
 2544              		.loc 1 802 36
 2545 0148 1343     		orrs	r3, r3, r2
 2546 014a 0B61     		str	r3, [r1, #16]
 803:Drivers/STM32F4xx_HAL_Driver/Src/stm32f4xx_ll_usb.c **** 
 804:Drivers/STM32F4xx_HAL_Driver/Src/stm32f4xx_ll_usb.c ****         if (ep->type == EP_TYPE_ISOC)
 2547              		.loc 1 804 15
 2548 014c BB68     		ldr	r3, [r7, #8]
 2549 014e 1B79     		ldrb	r3, [r3, #4]	@ zero_extendqisi2
 2550              		.loc 1 804 12
 2551 0150 012B     		cmp	r3, #1
 2552 0152 22D1     		bne	.L113
 805:Drivers/STM32F4xx_HAL_Driver/Src/stm32f4xx_ll_usb.c ****         {
 806:Drivers/STM32F4xx_HAL_Driver/Src/stm32f4xx_ll_usb.c ****           USBx_INEP(epnum)->DIEPTSIZ &= ~(USB_OTG_DIEPTSIZ_MULCNT);
 2553              		.loc 1 806 27
 2554 0154 BB69     		ldr	r3, [r7, #24]
 2555 0156 5A01     		lsls	r2, r3, #5
 2556 0158 FB69     		ldr	r3, [r7, #28]
 2557 015a 1344     		add	r3, r3, r2
 2558 015c 03F51063 		add	r3, r3, #2304
 2559 0160 1B69     		ldr	r3, [r3, #16]
 2560 0162 BA69     		ldr	r2, [r7, #24]
 2561 0164 5101     		lsls	r1, r2, #5
 2562 0166 FA69     		ldr	r2, [r7, #28]
ARM GAS  C:\Users\DAELT-~1\AppData\Local\Temp\ccK7IQ4D.s 			page 60


 2563 0168 0A44     		add	r2, r2, r1
 2564 016a 02F51062 		add	r2, r2, #2304
 2565              		.loc 1 806 38
 2566 016e 23F0C043 		bic	r3, r3, #1610612736
 2567 0172 1361     		str	r3, [r2, #16]
 807:Drivers/STM32F4xx_HAL_Driver/Src/stm32f4xx_ll_usb.c ****           USBx_INEP(epnum)->DIEPTSIZ |= (USB_OTG_DIEPTSIZ_MULCNT & ((uint32_t)pktcnt << 29));
 2568              		.loc 1 807 27
 2569 0174 BB69     		ldr	r3, [r7, #24]
 2570 0176 5A01     		lsls	r2, r3, #5
 2571 0178 FB69     		ldr	r3, [r7, #28]
 2572 017a 1344     		add	r3, r3, r2
 2573 017c 03F51063 		add	r3, r3, #2304
 2574 0180 1A69     		ldr	r2, [r3, #16]
 2575              		.loc 1 807 69
 2576 0182 FB8A     		ldrh	r3, [r7, #22]
 2577              		.loc 1 807 86
 2578 0184 5B07     		lsls	r3, r3, #29
 2579              		.loc 1 807 66
 2580 0186 03F0C043 		and	r3, r3, #1610612736
 2581              		.loc 1 807 27
 2582 018a B969     		ldr	r1, [r7, #24]
 2583 018c 4801     		lsls	r0, r1, #5
 2584 018e F969     		ldr	r1, [r7, #28]
 2585 0190 0144     		add	r1, r1, r0
 2586 0192 01F51061 		add	r1, r1, #2304
 2587              		.loc 1 807 38
 2588 0196 1343     		orrs	r3, r3, r2
 2589 0198 0B61     		str	r3, [r1, #16]
 2590              	.L113:
 808:Drivers/STM32F4xx_HAL_Driver/Src/stm32f4xx_ll_usb.c ****         }
 809:Drivers/STM32F4xx_HAL_Driver/Src/stm32f4xx_ll_usb.c ****       }
 810:Drivers/STM32F4xx_HAL_Driver/Src/stm32f4xx_ll_usb.c **** 
 811:Drivers/STM32F4xx_HAL_Driver/Src/stm32f4xx_ll_usb.c ****       USBx_INEP(epnum)->DIEPTSIZ |= (USB_OTG_DIEPTSIZ_XFRSIZ & ep->xfer_len);
 2591              		.loc 1 811 23
 2592 019a BB69     		ldr	r3, [r7, #24]
 2593 019c 5A01     		lsls	r2, r3, #5
 2594 019e FB69     		ldr	r3, [r7, #28]
 2595 01a0 1344     		add	r3, r3, r2
 2596 01a2 03F51063 		add	r3, r3, #2304
 2597 01a6 1A69     		ldr	r2, [r3, #16]
 2598              		.loc 1 811 66
 2599 01a8 BB68     		ldr	r3, [r7, #8]
 2600 01aa 1B69     		ldr	r3, [r3, #16]
 2601              		.loc 1 811 62
 2602 01ac C3F31203 		ubfx	r3, r3, #0, #19
 2603              		.loc 1 811 23
 2604 01b0 B969     		ldr	r1, [r7, #24]
 2605 01b2 4801     		lsls	r0, r1, #5
 2606 01b4 F969     		ldr	r1, [r7, #28]
 2607 01b6 0144     		add	r1, r1, r0
 2608 01b8 01F51061 		add	r1, r1, #2304
 2609              		.loc 1 811 34
 2610 01bc 1343     		orrs	r3, r3, r2
 2611 01be 0B61     		str	r3, [r1, #16]
 2612              	.L110:
 812:Drivers/STM32F4xx_HAL_Driver/Src/stm32f4xx_ll_usb.c ****     }
 813:Drivers/STM32F4xx_HAL_Driver/Src/stm32f4xx_ll_usb.c **** 
ARM GAS  C:\Users\DAELT-~1\AppData\Local\Temp\ccK7IQ4D.s 			page 61


 814:Drivers/STM32F4xx_HAL_Driver/Src/stm32f4xx_ll_usb.c ****     if (dma == 1U)
 2613              		.loc 1 814 8
 2614 01c0 FB79     		ldrb	r3, [r7, #7]	@ zero_extendqisi2
 2615 01c2 012B     		cmp	r3, #1
 2616 01c4 4BD1     		bne	.L114
 815:Drivers/STM32F4xx_HAL_Driver/Src/stm32f4xx_ll_usb.c ****     {
 816:Drivers/STM32F4xx_HAL_Driver/Src/stm32f4xx_ll_usb.c ****       if ((uint32_t)ep->dma_addr != 0U)
 2617              		.loc 1 816 23
 2618 01c6 BB68     		ldr	r3, [r7, #8]
 2619 01c8 DB69     		ldr	r3, [r3, #28]
 2620              		.loc 1 816 10
 2621 01ca 002B     		cmp	r3, #0
 2622 01cc 09D0     		beq	.L115
 817:Drivers/STM32F4xx_HAL_Driver/Src/stm32f4xx_ll_usb.c ****       {
 818:Drivers/STM32F4xx_HAL_Driver/Src/stm32f4xx_ll_usb.c ****         USBx_INEP(epnum)->DIEPDMA = (uint32_t)(ep->dma_addr);
 2623              		.loc 1 818 9
 2624 01ce BB69     		ldr	r3, [r7, #24]
 2625 01d0 5A01     		lsls	r2, r3, #5
 2626 01d2 FB69     		ldr	r3, [r7, #28]
 2627 01d4 1344     		add	r3, r3, r2
 2628 01d6 03F51063 		add	r3, r3, #2304
 2629 01da 1A46     		mov	r2, r3
 2630              		.loc 1 818 50
 2631 01dc BB68     		ldr	r3, [r7, #8]
 2632 01de DB69     		ldr	r3, [r3, #28]
 2633              		.loc 1 818 35
 2634 01e0 5361     		str	r3, [r2, #20]
 2635              	.L115:
 819:Drivers/STM32F4xx_HAL_Driver/Src/stm32f4xx_ll_usb.c ****       }
 820:Drivers/STM32F4xx_HAL_Driver/Src/stm32f4xx_ll_usb.c **** 
 821:Drivers/STM32F4xx_HAL_Driver/Src/stm32f4xx_ll_usb.c ****       if (ep->type == EP_TYPE_ISOC)
 2636              		.loc 1 821 13
 2637 01e2 BB68     		ldr	r3, [r7, #8]
 2638 01e4 1B79     		ldrb	r3, [r3, #4]	@ zero_extendqisi2
 2639              		.loc 1 821 10
 2640 01e6 012B     		cmp	r3, #1
 2641 01e8 28D1     		bne	.L116
 822:Drivers/STM32F4xx_HAL_Driver/Src/stm32f4xx_ll_usb.c ****       {
 823:Drivers/STM32F4xx_HAL_Driver/Src/stm32f4xx_ll_usb.c ****         if ((USBx_DEVICE->DSTS & (1U << 8)) == 0U)
 2642              		.loc 1 823 14
 2643 01ea FB69     		ldr	r3, [r7, #28]
 2644 01ec 03F50063 		add	r3, r3, #2048
 2645              		.loc 1 823 25
 2646 01f0 9B68     		ldr	r3, [r3, #8]
 2647              		.loc 1 823 32
 2648 01f2 03F48073 		and	r3, r3, #256
 2649              		.loc 1 823 12
 2650 01f6 002B     		cmp	r3, #0
 2651 01f8 10D1     		bne	.L117
 824:Drivers/STM32F4xx_HAL_Driver/Src/stm32f4xx_ll_usb.c ****         {
 825:Drivers/STM32F4xx_HAL_Driver/Src/stm32f4xx_ll_usb.c ****           USBx_INEP(epnum)->DIEPCTL |= USB_OTG_DIEPCTL_SODDFRM;
 2652              		.loc 1 825 27
 2653 01fa BB69     		ldr	r3, [r7, #24]
 2654 01fc 5A01     		lsls	r2, r3, #5
 2655 01fe FB69     		ldr	r3, [r7, #28]
 2656 0200 1344     		add	r3, r3, r2
 2657 0202 03F51063 		add	r3, r3, #2304
ARM GAS  C:\Users\DAELT-~1\AppData\Local\Temp\ccK7IQ4D.s 			page 62


 2658 0206 1B68     		ldr	r3, [r3]
 2659 0208 BA69     		ldr	r2, [r7, #24]
 2660 020a 5101     		lsls	r1, r2, #5
 2661 020c FA69     		ldr	r2, [r7, #28]
 2662 020e 0A44     		add	r2, r2, r1
 2663 0210 02F51062 		add	r2, r2, #2304
 2664              		.loc 1 825 37
 2665 0214 43F00053 		orr	r3, r3, #536870912
 2666 0218 1360     		str	r3, [r2]
 2667 021a 0FE0     		b	.L116
 2668              	.L117:
 826:Drivers/STM32F4xx_HAL_Driver/Src/stm32f4xx_ll_usb.c ****         }
 827:Drivers/STM32F4xx_HAL_Driver/Src/stm32f4xx_ll_usb.c ****         else
 828:Drivers/STM32F4xx_HAL_Driver/Src/stm32f4xx_ll_usb.c ****         {
 829:Drivers/STM32F4xx_HAL_Driver/Src/stm32f4xx_ll_usb.c ****           USBx_INEP(epnum)->DIEPCTL |= USB_OTG_DIEPCTL_SD0PID_SEVNFRM;
 2669              		.loc 1 829 27
 2670 021c BB69     		ldr	r3, [r7, #24]
 2671 021e 5A01     		lsls	r2, r3, #5
 2672 0220 FB69     		ldr	r3, [r7, #28]
 2673 0222 1344     		add	r3, r3, r2
 2674 0224 03F51063 		add	r3, r3, #2304
 2675 0228 1B68     		ldr	r3, [r3]
 2676 022a BA69     		ldr	r2, [r7, #24]
 2677 022c 5101     		lsls	r1, r2, #5
 2678 022e FA69     		ldr	r2, [r7, #28]
 2679 0230 0A44     		add	r2, r2, r1
 2680 0232 02F51062 		add	r2, r2, #2304
 2681              		.loc 1 829 37
 2682 0236 43F08053 		orr	r3, r3, #268435456
 2683 023a 1360     		str	r3, [r2]
 2684              	.L116:
 830:Drivers/STM32F4xx_HAL_Driver/Src/stm32f4xx_ll_usb.c ****         }
 831:Drivers/STM32F4xx_HAL_Driver/Src/stm32f4xx_ll_usb.c ****       }
 832:Drivers/STM32F4xx_HAL_Driver/Src/stm32f4xx_ll_usb.c **** 
 833:Drivers/STM32F4xx_HAL_Driver/Src/stm32f4xx_ll_usb.c ****       /* EP enable, IN data in FIFO */
 834:Drivers/STM32F4xx_HAL_Driver/Src/stm32f4xx_ll_usb.c ****       USBx_INEP(epnum)->DIEPCTL |= (USB_OTG_DIEPCTL_CNAK | USB_OTG_DIEPCTL_EPENA);
 2685              		.loc 1 834 23
 2686 023c BB69     		ldr	r3, [r7, #24]
 2687 023e 5A01     		lsls	r2, r3, #5
 2688 0240 FB69     		ldr	r3, [r7, #28]
 2689 0242 1344     		add	r3, r3, r2
 2690 0244 03F51063 		add	r3, r3, #2304
 2691 0248 1B68     		ldr	r3, [r3]
 2692 024a BA69     		ldr	r2, [r7, #24]
 2693 024c 5101     		lsls	r1, r2, #5
 2694 024e FA69     		ldr	r2, [r7, #28]
 2695 0250 0A44     		add	r2, r2, r1
 2696 0252 02F51062 		add	r2, r2, #2304
 2697              		.loc 1 834 33
 2698 0256 43F00443 		orr	r3, r3, #-2080374784
 2699 025a 1360     		str	r3, [r2]
 2700 025c 66E1     		b	.L118
 2701              	.L114:
 835:Drivers/STM32F4xx_HAL_Driver/Src/stm32f4xx_ll_usb.c ****     }
 836:Drivers/STM32F4xx_HAL_Driver/Src/stm32f4xx_ll_usb.c ****     else
 837:Drivers/STM32F4xx_HAL_Driver/Src/stm32f4xx_ll_usb.c ****     {
 838:Drivers/STM32F4xx_HAL_Driver/Src/stm32f4xx_ll_usb.c ****       /* EP enable, IN data in FIFO */
ARM GAS  C:\Users\DAELT-~1\AppData\Local\Temp\ccK7IQ4D.s 			page 63


 839:Drivers/STM32F4xx_HAL_Driver/Src/stm32f4xx_ll_usb.c ****       USBx_INEP(epnum)->DIEPCTL |= (USB_OTG_DIEPCTL_CNAK | USB_OTG_DIEPCTL_EPENA);
 2702              		.loc 1 839 23
 2703 025e BB69     		ldr	r3, [r7, #24]
 2704 0260 5A01     		lsls	r2, r3, #5
 2705 0262 FB69     		ldr	r3, [r7, #28]
 2706 0264 1344     		add	r3, r3, r2
 2707 0266 03F51063 		add	r3, r3, #2304
 2708 026a 1B68     		ldr	r3, [r3]
 2709 026c BA69     		ldr	r2, [r7, #24]
 2710 026e 5101     		lsls	r1, r2, #5
 2711 0270 FA69     		ldr	r2, [r7, #28]
 2712 0272 0A44     		add	r2, r2, r1
 2713 0274 02F51062 		add	r2, r2, #2304
 2714              		.loc 1 839 33
 2715 0278 43F00443 		orr	r3, r3, #-2080374784
 2716 027c 1360     		str	r3, [r2]
 840:Drivers/STM32F4xx_HAL_Driver/Src/stm32f4xx_ll_usb.c **** 
 841:Drivers/STM32F4xx_HAL_Driver/Src/stm32f4xx_ll_usb.c ****       if (ep->type != EP_TYPE_ISOC)
 2717              		.loc 1 841 13
 2718 027e BB68     		ldr	r3, [r7, #8]
 2719 0280 1B79     		ldrb	r3, [r3, #4]	@ zero_extendqisi2
 2720              		.loc 1 841 10
 2721 0282 012B     		cmp	r3, #1
 2722 0284 15D0     		beq	.L119
 842:Drivers/STM32F4xx_HAL_Driver/Src/stm32f4xx_ll_usb.c ****       {
 843:Drivers/STM32F4xx_HAL_Driver/Src/stm32f4xx_ll_usb.c ****         /* Enable the Tx FIFO Empty Interrupt for this EP */
 844:Drivers/STM32F4xx_HAL_Driver/Src/stm32f4xx_ll_usb.c ****         if (ep->xfer_len > 0U)
 2723              		.loc 1 844 15
 2724 0286 BB68     		ldr	r3, [r7, #8]
 2725 0288 1B69     		ldr	r3, [r3, #16]
 2726              		.loc 1 844 12
 2727 028a 002B     		cmp	r3, #0
 2728 028c 00F04E81 		beq	.L118
 845:Drivers/STM32F4xx_HAL_Driver/Src/stm32f4xx_ll_usb.c ****         {
 846:Drivers/STM32F4xx_HAL_Driver/Src/stm32f4xx_ll_usb.c ****           USBx_DEVICE->DIEPEMPMSK |= 1UL << (ep->num & EP_ADDR_MSK);
 2729              		.loc 1 846 22
 2730 0290 FB69     		ldr	r3, [r7, #28]
 2731 0292 03F50063 		add	r3, r3, #2048
 2732 0296 5A6B     		ldr	r2, [r3, #52]
 2733              		.loc 1 846 48
 2734 0298 BB68     		ldr	r3, [r7, #8]
 2735 029a 1B78     		ldrb	r3, [r3]	@ zero_extendqisi2
 2736              		.loc 1 846 54
 2737 029c 03F00F03 		and	r3, r3, #15
 2738              		.loc 1 846 42
 2739 02a0 0121     		movs	r1, #1
 2740 02a2 01FA03F3 		lsl	r3, r1, r3
 2741              		.loc 1 846 22
 2742 02a6 F969     		ldr	r1, [r7, #28]
 2743 02a8 01F50061 		add	r1, r1, #2048
 2744              		.loc 1 846 35
 2745 02ac 1343     		orrs	r3, r3, r2
 2746 02ae 4B63     		str	r3, [r1, #52]
 2747 02b0 3CE1     		b	.L118
 2748              	.L119:
 847:Drivers/STM32F4xx_HAL_Driver/Src/stm32f4xx_ll_usb.c ****         }
 848:Drivers/STM32F4xx_HAL_Driver/Src/stm32f4xx_ll_usb.c ****       }
ARM GAS  C:\Users\DAELT-~1\AppData\Local\Temp\ccK7IQ4D.s 			page 64


 849:Drivers/STM32F4xx_HAL_Driver/Src/stm32f4xx_ll_usb.c ****       else
 850:Drivers/STM32F4xx_HAL_Driver/Src/stm32f4xx_ll_usb.c ****       {
 851:Drivers/STM32F4xx_HAL_Driver/Src/stm32f4xx_ll_usb.c ****         if ((USBx_DEVICE->DSTS & (1U << 8)) == 0U)
 2749              		.loc 1 851 14
 2750 02b2 FB69     		ldr	r3, [r7, #28]
 2751 02b4 03F50063 		add	r3, r3, #2048
 2752              		.loc 1 851 25
 2753 02b8 9B68     		ldr	r3, [r3, #8]
 2754              		.loc 1 851 32
 2755 02ba 03F48073 		and	r3, r3, #256
 2756              		.loc 1 851 12
 2757 02be 002B     		cmp	r3, #0
 2758 02c0 10D1     		bne	.L120
 852:Drivers/STM32F4xx_HAL_Driver/Src/stm32f4xx_ll_usb.c ****         {
 853:Drivers/STM32F4xx_HAL_Driver/Src/stm32f4xx_ll_usb.c ****           USBx_INEP(epnum)->DIEPCTL |= USB_OTG_DIEPCTL_SODDFRM;
 2759              		.loc 1 853 27
 2760 02c2 BB69     		ldr	r3, [r7, #24]
 2761 02c4 5A01     		lsls	r2, r3, #5
 2762 02c6 FB69     		ldr	r3, [r7, #28]
 2763 02c8 1344     		add	r3, r3, r2
 2764 02ca 03F51063 		add	r3, r3, #2304
 2765 02ce 1B68     		ldr	r3, [r3]
 2766 02d0 BA69     		ldr	r2, [r7, #24]
 2767 02d2 5101     		lsls	r1, r2, #5
 2768 02d4 FA69     		ldr	r2, [r7, #28]
 2769 02d6 0A44     		add	r2, r2, r1
 2770 02d8 02F51062 		add	r2, r2, #2304
 2771              		.loc 1 853 37
 2772 02dc 43F00053 		orr	r3, r3, #536870912
 2773 02e0 1360     		str	r3, [r2]
 2774 02e2 0FE0     		b	.L121
 2775              	.L120:
 854:Drivers/STM32F4xx_HAL_Driver/Src/stm32f4xx_ll_usb.c ****         }
 855:Drivers/STM32F4xx_HAL_Driver/Src/stm32f4xx_ll_usb.c ****         else
 856:Drivers/STM32F4xx_HAL_Driver/Src/stm32f4xx_ll_usb.c ****         {
 857:Drivers/STM32F4xx_HAL_Driver/Src/stm32f4xx_ll_usb.c ****           USBx_INEP(epnum)->DIEPCTL |= USB_OTG_DIEPCTL_SD0PID_SEVNFRM;
 2776              		.loc 1 857 27
 2777 02e4 BB69     		ldr	r3, [r7, #24]
 2778 02e6 5A01     		lsls	r2, r3, #5
 2779 02e8 FB69     		ldr	r3, [r7, #28]
 2780 02ea 1344     		add	r3, r3, r2
 2781 02ec 03F51063 		add	r3, r3, #2304
 2782 02f0 1B68     		ldr	r3, [r3]
 2783 02f2 BA69     		ldr	r2, [r7, #24]
 2784 02f4 5101     		lsls	r1, r2, #5
 2785 02f6 FA69     		ldr	r2, [r7, #28]
 2786 02f8 0A44     		add	r2, r2, r1
 2787 02fa 02F51062 		add	r2, r2, #2304
 2788              		.loc 1 857 37
 2789 02fe 43F08053 		orr	r3, r3, #268435456
 2790 0302 1360     		str	r3, [r2]
 2791              	.L121:
 858:Drivers/STM32F4xx_HAL_Driver/Src/stm32f4xx_ll_usb.c ****         }
 859:Drivers/STM32F4xx_HAL_Driver/Src/stm32f4xx_ll_usb.c **** 
 860:Drivers/STM32F4xx_HAL_Driver/Src/stm32f4xx_ll_usb.c ****         (void)USB_WritePacket(USBx, ep->xfer_buff, ep->num, (uint16_t)ep->xfer_len, dma);
 2792              		.loc 1 860 15
 2793 0304 BB68     		ldr	r3, [r7, #8]
ARM GAS  C:\Users\DAELT-~1\AppData\Local\Temp\ccK7IQ4D.s 			page 65


 2794 0306 D968     		ldr	r1, [r3, #12]
 2795 0308 BB68     		ldr	r3, [r7, #8]
 2796 030a 1A78     		ldrb	r2, [r3]	@ zero_extendqisi2
 2797              		.loc 1 860 73
 2798 030c BB68     		ldr	r3, [r7, #8]
 2799 030e 1B69     		ldr	r3, [r3, #16]
 2800              		.loc 1 860 15
 2801 0310 98B2     		uxth	r0, r3
 2802 0312 FB79     		ldrb	r3, [r7, #7]	@ zero_extendqisi2
 2803 0314 0093     		str	r3, [sp]
 2804 0316 0346     		mov	r3, r0
 2805 0318 F868     		ldr	r0, [r7, #12]
 2806 031a FFF7FEFF 		bl	USB_WritePacket
 2807 031e 05E1     		b	.L118
 2808              	.L108:
 861:Drivers/STM32F4xx_HAL_Driver/Src/stm32f4xx_ll_usb.c ****       }
 862:Drivers/STM32F4xx_HAL_Driver/Src/stm32f4xx_ll_usb.c ****     }
 863:Drivers/STM32F4xx_HAL_Driver/Src/stm32f4xx_ll_usb.c ****   }
 864:Drivers/STM32F4xx_HAL_Driver/Src/stm32f4xx_ll_usb.c ****   else /* OUT endpoint */
 865:Drivers/STM32F4xx_HAL_Driver/Src/stm32f4xx_ll_usb.c ****   {
 866:Drivers/STM32F4xx_HAL_Driver/Src/stm32f4xx_ll_usb.c ****     /* Program the transfer size and packet count as follows:
 867:Drivers/STM32F4xx_HAL_Driver/Src/stm32f4xx_ll_usb.c ****     * pktcnt = N
 868:Drivers/STM32F4xx_HAL_Driver/Src/stm32f4xx_ll_usb.c ****     * xfersize = N * maxpacket
 869:Drivers/STM32F4xx_HAL_Driver/Src/stm32f4xx_ll_usb.c ****     */
 870:Drivers/STM32F4xx_HAL_Driver/Src/stm32f4xx_ll_usb.c ****     USBx_OUTEP(epnum)->DOEPTSIZ &= ~(USB_OTG_DOEPTSIZ_XFRSIZ);
 2809              		.loc 1 870 22
 2810 0320 BB69     		ldr	r3, [r7, #24]
 2811 0322 5A01     		lsls	r2, r3, #5
 2812 0324 FB69     		ldr	r3, [r7, #28]
 2813 0326 1344     		add	r3, r3, r2
 2814 0328 03F53063 		add	r3, r3, #2816
 2815 032c 1B69     		ldr	r3, [r3, #16]
 2816 032e BA69     		ldr	r2, [r7, #24]
 2817 0330 5101     		lsls	r1, r2, #5
 2818 0332 FA69     		ldr	r2, [r7, #28]
 2819 0334 0A44     		add	r2, r2, r1
 2820 0336 02F53062 		add	r2, r2, #2816
 2821              		.loc 1 870 33
 2822 033a DB0C     		lsrs	r3, r3, #19
 2823 033c DB04     		lsls	r3, r3, #19
 2824 033e 1361     		str	r3, [r2, #16]
 871:Drivers/STM32F4xx_HAL_Driver/Src/stm32f4xx_ll_usb.c ****     USBx_OUTEP(epnum)->DOEPTSIZ &= ~(USB_OTG_DOEPTSIZ_PKTCNT);
 2825              		.loc 1 871 22
 2826 0340 BB69     		ldr	r3, [r7, #24]
 2827 0342 5A01     		lsls	r2, r3, #5
 2828 0344 FB69     		ldr	r3, [r7, #28]
 2829 0346 1344     		add	r3, r3, r2
 2830 0348 03F53063 		add	r3, r3, #2816
 2831 034c 1B69     		ldr	r3, [r3, #16]
 2832 034e BA69     		ldr	r2, [r7, #24]
 2833 0350 5101     		lsls	r1, r2, #5
 2834 0352 FA69     		ldr	r2, [r7, #28]
 2835 0354 0A44     		add	r2, r2, r1
 2836 0356 02F53062 		add	r2, r2, #2816
 2837              		.loc 1 871 33
 2838 035a 23F0FF53 		bic	r3, r3, #534773760
 2839 035e 23F4C013 		bic	r3, r3, #1572864
ARM GAS  C:\Users\DAELT-~1\AppData\Local\Temp\ccK7IQ4D.s 			page 66


 2840 0362 1361     		str	r3, [r2, #16]
 872:Drivers/STM32F4xx_HAL_Driver/Src/stm32f4xx_ll_usb.c **** 
 873:Drivers/STM32F4xx_HAL_Driver/Src/stm32f4xx_ll_usb.c ****     if (epnum == 0U)
 2841              		.loc 1 873 8
 2842 0364 BB69     		ldr	r3, [r7, #24]
 2843 0366 002B     		cmp	r3, #0
 2844 0368 32D1     		bne	.L122
 874:Drivers/STM32F4xx_HAL_Driver/Src/stm32f4xx_ll_usb.c ****     {
 875:Drivers/STM32F4xx_HAL_Driver/Src/stm32f4xx_ll_usb.c ****       if (ep->xfer_len > 0U)
 2845              		.loc 1 875 13
 2846 036a BB68     		ldr	r3, [r7, #8]
 2847 036c 1B69     		ldr	r3, [r3, #16]
 2848              		.loc 1 875 10
 2849 036e 002B     		cmp	r3, #0
 2850 0370 03D0     		beq	.L123
 876:Drivers/STM32F4xx_HAL_Driver/Src/stm32f4xx_ll_usb.c ****       {
 877:Drivers/STM32F4xx_HAL_Driver/Src/stm32f4xx_ll_usb.c ****         ep->xfer_len = ep->maxpacket;
 2851              		.loc 1 877 26
 2852 0372 BB68     		ldr	r3, [r7, #8]
 2853 0374 9A68     		ldr	r2, [r3, #8]
 2854              		.loc 1 877 22
 2855 0376 BB68     		ldr	r3, [r7, #8]
 2856 0378 1A61     		str	r2, [r3, #16]
 2857              	.L123:
 878:Drivers/STM32F4xx_HAL_Driver/Src/stm32f4xx_ll_usb.c ****       }
 879:Drivers/STM32F4xx_HAL_Driver/Src/stm32f4xx_ll_usb.c **** 
 880:Drivers/STM32F4xx_HAL_Driver/Src/stm32f4xx_ll_usb.c ****       /* Store transfer size, for EP0 this is equal to endpoint max packet size */
 881:Drivers/STM32F4xx_HAL_Driver/Src/stm32f4xx_ll_usb.c ****       ep->xfer_size = ep->maxpacket;
 2858              		.loc 1 881 25
 2859 037a BB68     		ldr	r3, [r7, #8]
 2860 037c 9A68     		ldr	r2, [r3, #8]
 2861              		.loc 1 881 21
 2862 037e BB68     		ldr	r3, [r7, #8]
 2863 0380 1A62     		str	r2, [r3, #32]
 882:Drivers/STM32F4xx_HAL_Driver/Src/stm32f4xx_ll_usb.c **** 
 883:Drivers/STM32F4xx_HAL_Driver/Src/stm32f4xx_ll_usb.c ****       USBx_OUTEP(epnum)->DOEPTSIZ |= (USB_OTG_DOEPTSIZ_XFRSIZ & ep->xfer_size);
 2864              		.loc 1 883 24
 2865 0382 BB69     		ldr	r3, [r7, #24]
 2866 0384 5A01     		lsls	r2, r3, #5
 2867 0386 FB69     		ldr	r3, [r7, #28]
 2868 0388 1344     		add	r3, r3, r2
 2869 038a 03F53063 		add	r3, r3, #2816
 2870 038e 1A69     		ldr	r2, [r3, #16]
 2871              		.loc 1 883 67
 2872 0390 BB68     		ldr	r3, [r7, #8]
 2873 0392 1B6A     		ldr	r3, [r3, #32]
 2874              		.loc 1 883 63
 2875 0394 C3F31203 		ubfx	r3, r3, #0, #19
 2876              		.loc 1 883 24
 2877 0398 B969     		ldr	r1, [r7, #24]
 2878 039a 4801     		lsls	r0, r1, #5
 2879 039c F969     		ldr	r1, [r7, #28]
 2880 039e 0144     		add	r1, r1, r0
 2881 03a0 01F53061 		add	r1, r1, #2816
 2882              		.loc 1 883 35
 2883 03a4 1343     		orrs	r3, r3, r2
 2884 03a6 0B61     		str	r3, [r1, #16]
ARM GAS  C:\Users\DAELT-~1\AppData\Local\Temp\ccK7IQ4D.s 			page 67


 884:Drivers/STM32F4xx_HAL_Driver/Src/stm32f4xx_ll_usb.c ****       USBx_OUTEP(epnum)->DOEPTSIZ |= (USB_OTG_DOEPTSIZ_PKTCNT & (1U << 19));
 2885              		.loc 1 884 24
 2886 03a8 BB69     		ldr	r3, [r7, #24]
 2887 03aa 5A01     		lsls	r2, r3, #5
 2888 03ac FB69     		ldr	r3, [r7, #28]
 2889 03ae 1344     		add	r3, r3, r2
 2890 03b0 03F53063 		add	r3, r3, #2816
 2891 03b4 1B69     		ldr	r3, [r3, #16]
 2892 03b6 BA69     		ldr	r2, [r7, #24]
 2893 03b8 5101     		lsls	r1, r2, #5
 2894 03ba FA69     		ldr	r2, [r7, #28]
 2895 03bc 0A44     		add	r2, r2, r1
 2896 03be 02F53062 		add	r2, r2, #2816
 2897              		.loc 1 884 35
 2898 03c2 43F40023 		orr	r3, r3, #524288
 2899 03c6 1361     		str	r3, [r2, #16]
 2900 03c8 62E0     		b	.L124
 2901              	.L131:
 2902 03ca 00BF     		.align	2
 2903              	.L130:
 2904 03cc 0000F81F 		.word	536346624
 2905              	.L122:
 885:Drivers/STM32F4xx_HAL_Driver/Src/stm32f4xx_ll_usb.c ****     }
 886:Drivers/STM32F4xx_HAL_Driver/Src/stm32f4xx_ll_usb.c ****     else
 887:Drivers/STM32F4xx_HAL_Driver/Src/stm32f4xx_ll_usb.c ****     {
 888:Drivers/STM32F4xx_HAL_Driver/Src/stm32f4xx_ll_usb.c ****       if (ep->xfer_len == 0U)
 2906              		.loc 1 888 13
 2907 03d0 BB68     		ldr	r3, [r7, #8]
 2908 03d2 1B69     		ldr	r3, [r3, #16]
 2909              		.loc 1 888 10
 2910 03d4 002B     		cmp	r3, #0
 2911 03d6 23D1     		bne	.L125
 889:Drivers/STM32F4xx_HAL_Driver/Src/stm32f4xx_ll_usb.c ****       {
 890:Drivers/STM32F4xx_HAL_Driver/Src/stm32f4xx_ll_usb.c ****         USBx_OUTEP(epnum)->DOEPTSIZ |= (USB_OTG_DOEPTSIZ_XFRSIZ & ep->maxpacket);
 2912              		.loc 1 890 26
 2913 03d8 BB69     		ldr	r3, [r7, #24]
 2914 03da 5A01     		lsls	r2, r3, #5
 2915 03dc FB69     		ldr	r3, [r7, #28]
 2916 03de 1344     		add	r3, r3, r2
 2917 03e0 03F53063 		add	r3, r3, #2816
 2918 03e4 1A69     		ldr	r2, [r3, #16]
 2919              		.loc 1 890 69
 2920 03e6 BB68     		ldr	r3, [r7, #8]
 2921 03e8 9B68     		ldr	r3, [r3, #8]
 2922              		.loc 1 890 65
 2923 03ea C3F31203 		ubfx	r3, r3, #0, #19
 2924              		.loc 1 890 26
 2925 03ee B969     		ldr	r1, [r7, #24]
 2926 03f0 4801     		lsls	r0, r1, #5
 2927 03f2 F969     		ldr	r1, [r7, #28]
 2928 03f4 0144     		add	r1, r1, r0
 2929 03f6 01F53061 		add	r1, r1, #2816
 2930              		.loc 1 890 37
 2931 03fa 1343     		orrs	r3, r3, r2
 2932 03fc 0B61     		str	r3, [r1, #16]
 891:Drivers/STM32F4xx_HAL_Driver/Src/stm32f4xx_ll_usb.c ****         USBx_OUTEP(epnum)->DOEPTSIZ |= (USB_OTG_DOEPTSIZ_PKTCNT & (1U << 19));
 2933              		.loc 1 891 26
ARM GAS  C:\Users\DAELT-~1\AppData\Local\Temp\ccK7IQ4D.s 			page 68


 2934 03fe BB69     		ldr	r3, [r7, #24]
 2935 0400 5A01     		lsls	r2, r3, #5
 2936 0402 FB69     		ldr	r3, [r7, #28]
 2937 0404 1344     		add	r3, r3, r2
 2938 0406 03F53063 		add	r3, r3, #2816
 2939 040a 1B69     		ldr	r3, [r3, #16]
 2940 040c BA69     		ldr	r2, [r7, #24]
 2941 040e 5101     		lsls	r1, r2, #5
 2942 0410 FA69     		ldr	r2, [r7, #28]
 2943 0412 0A44     		add	r2, r2, r1
 2944 0414 02F53062 		add	r2, r2, #2816
 2945              		.loc 1 891 37
 2946 0418 43F40023 		orr	r3, r3, #524288
 2947 041c 1361     		str	r3, [r2, #16]
 2948 041e 37E0     		b	.L124
 2949              	.L125:
 892:Drivers/STM32F4xx_HAL_Driver/Src/stm32f4xx_ll_usb.c ****       }
 893:Drivers/STM32F4xx_HAL_Driver/Src/stm32f4xx_ll_usb.c ****       else
 894:Drivers/STM32F4xx_HAL_Driver/Src/stm32f4xx_ll_usb.c ****       {
 895:Drivers/STM32F4xx_HAL_Driver/Src/stm32f4xx_ll_usb.c ****         pktcnt = (uint16_t)((ep->xfer_len + ep->maxpacket - 1U) / ep->maxpacket);
 2950              		.loc 1 895 32
 2951 0420 BB68     		ldr	r3, [r7, #8]
 2952 0422 1A69     		ldr	r2, [r3, #16]
 2953              		.loc 1 895 47
 2954 0424 BB68     		ldr	r3, [r7, #8]
 2955 0426 9B68     		ldr	r3, [r3, #8]
 2956              		.loc 1 895 43
 2957 0428 1344     		add	r3, r3, r2
 2958              		.loc 1 895 59
 2959 042a 5A1E     		subs	r2, r3, #1
 2960              		.loc 1 895 69
 2961 042c BB68     		ldr	r3, [r7, #8]
 2962 042e 9B68     		ldr	r3, [r3, #8]
 2963              		.loc 1 895 65
 2964 0430 B2FBF3F3 		udiv	r3, r2, r3
 2965              		.loc 1 895 16
 2966 0434 FB82     		strh	r3, [r7, #22]	@ movhi
 896:Drivers/STM32F4xx_HAL_Driver/Src/stm32f4xx_ll_usb.c ****         ep->xfer_size = ep->maxpacket * pktcnt;
 2967              		.loc 1 896 27
 2968 0436 BB68     		ldr	r3, [r7, #8]
 2969 0438 9B68     		ldr	r3, [r3, #8]
 2970              		.loc 1 896 39
 2971 043a FA8A     		ldrh	r2, [r7, #22]
 2972 043c 03FB02F2 		mul	r2, r3, r2
 2973              		.loc 1 896 23
 2974 0440 BB68     		ldr	r3, [r7, #8]
 2975 0442 1A62     		str	r2, [r3, #32]
 897:Drivers/STM32F4xx_HAL_Driver/Src/stm32f4xx_ll_usb.c **** 
 898:Drivers/STM32F4xx_HAL_Driver/Src/stm32f4xx_ll_usb.c ****         USBx_OUTEP(epnum)->DOEPTSIZ |= USB_OTG_DOEPTSIZ_PKTCNT & ((uint32_t)pktcnt << 19);
 2976              		.loc 1 898 26
 2977 0444 BB69     		ldr	r3, [r7, #24]
 2978 0446 5A01     		lsls	r2, r3, #5
 2979 0448 FB69     		ldr	r3, [r7, #28]
 2980 044a 1344     		add	r3, r3, r2
 2981 044c 03F53063 		add	r3, r3, #2816
 2982 0450 1A69     		ldr	r2, [r3, #16]
 2983              		.loc 1 898 67
ARM GAS  C:\Users\DAELT-~1\AppData\Local\Temp\ccK7IQ4D.s 			page 69


 2984 0452 FB8A     		ldrh	r3, [r7, #22]
 2985              		.loc 1 898 84
 2986 0454 D904     		lsls	r1, r3, #19
 2987              		.loc 1 898 64
 2988 0456 384B     		ldr	r3, .L132
 2989 0458 0B40     		ands	r3, r3, r1
 2990              		.loc 1 898 26
 2991 045a B969     		ldr	r1, [r7, #24]
 2992 045c 4801     		lsls	r0, r1, #5
 2993 045e F969     		ldr	r1, [r7, #28]
 2994 0460 0144     		add	r1, r1, r0
 2995 0462 01F53061 		add	r1, r1, #2816
 2996              		.loc 1 898 37
 2997 0466 1343     		orrs	r3, r3, r2
 2998 0468 0B61     		str	r3, [r1, #16]
 899:Drivers/STM32F4xx_HAL_Driver/Src/stm32f4xx_ll_usb.c ****         USBx_OUTEP(epnum)->DOEPTSIZ |= USB_OTG_DOEPTSIZ_XFRSIZ & ep->xfer_size;
 2999              		.loc 1 899 26
 3000 046a BB69     		ldr	r3, [r7, #24]
 3001 046c 5A01     		lsls	r2, r3, #5
 3002 046e FB69     		ldr	r3, [r7, #28]
 3003 0470 1344     		add	r3, r3, r2
 3004 0472 03F53063 		add	r3, r3, #2816
 3005 0476 1A69     		ldr	r2, [r3, #16]
 3006              		.loc 1 899 68
 3007 0478 BB68     		ldr	r3, [r7, #8]
 3008 047a 1B6A     		ldr	r3, [r3, #32]
 3009              		.loc 1 899 64
 3010 047c C3F31203 		ubfx	r3, r3, #0, #19
 3011              		.loc 1 899 26
 3012 0480 B969     		ldr	r1, [r7, #24]
 3013 0482 4801     		lsls	r0, r1, #5
 3014 0484 F969     		ldr	r1, [r7, #28]
 3015 0486 0144     		add	r1, r1, r0
 3016 0488 01F53061 		add	r1, r1, #2816
 3017              		.loc 1 899 37
 3018 048c 1343     		orrs	r3, r3, r2
 3019 048e 0B61     		str	r3, [r1, #16]
 3020              	.L124:
 900:Drivers/STM32F4xx_HAL_Driver/Src/stm32f4xx_ll_usb.c ****       }
 901:Drivers/STM32F4xx_HAL_Driver/Src/stm32f4xx_ll_usb.c ****     }
 902:Drivers/STM32F4xx_HAL_Driver/Src/stm32f4xx_ll_usb.c **** 
 903:Drivers/STM32F4xx_HAL_Driver/Src/stm32f4xx_ll_usb.c ****     if (dma == 1U)
 3021              		.loc 1 903 8
 3022 0490 FB79     		ldrb	r3, [r7, #7]	@ zero_extendqisi2
 3023 0492 012B     		cmp	r3, #1
 3024 0494 0DD1     		bne	.L126
 904:Drivers/STM32F4xx_HAL_Driver/Src/stm32f4xx_ll_usb.c ****     {
 905:Drivers/STM32F4xx_HAL_Driver/Src/stm32f4xx_ll_usb.c ****       if ((uint32_t)ep->xfer_buff != 0U)
 3025              		.loc 1 905 23
 3026 0496 BB68     		ldr	r3, [r7, #8]
 3027 0498 DB68     		ldr	r3, [r3, #12]
 3028              		.loc 1 905 10
 3029 049a 002B     		cmp	r3, #0
 3030 049c 09D0     		beq	.L126
 906:Drivers/STM32F4xx_HAL_Driver/Src/stm32f4xx_ll_usb.c ****       {
 907:Drivers/STM32F4xx_HAL_Driver/Src/stm32f4xx_ll_usb.c ****         USBx_OUTEP(epnum)->DOEPDMA = (uint32_t)(ep->xfer_buff);
 3031              		.loc 1 907 51
ARM GAS  C:\Users\DAELT-~1\AppData\Local\Temp\ccK7IQ4D.s 			page 70


 3032 049e BB68     		ldr	r3, [r7, #8]
 3033 04a0 D968     		ldr	r1, [r3, #12]
 3034              		.loc 1 907 9
 3035 04a2 BB69     		ldr	r3, [r7, #24]
 3036 04a4 5A01     		lsls	r2, r3, #5
 3037 04a6 FB69     		ldr	r3, [r7, #28]
 3038 04a8 1344     		add	r3, r3, r2
 3039 04aa 03F53063 		add	r3, r3, #2816
 3040              		.loc 1 907 38
 3041 04ae 0A46     		mov	r2, r1
 3042              		.loc 1 907 36
 3043 04b0 5A61     		str	r2, [r3, #20]
 3044              	.L126:
 908:Drivers/STM32F4xx_HAL_Driver/Src/stm32f4xx_ll_usb.c ****       }
 909:Drivers/STM32F4xx_HAL_Driver/Src/stm32f4xx_ll_usb.c ****     }
 910:Drivers/STM32F4xx_HAL_Driver/Src/stm32f4xx_ll_usb.c **** 
 911:Drivers/STM32F4xx_HAL_Driver/Src/stm32f4xx_ll_usb.c ****     if (ep->type == EP_TYPE_ISOC)
 3045              		.loc 1 911 11
 3046 04b2 BB68     		ldr	r3, [r7, #8]
 3047 04b4 1B79     		ldrb	r3, [r3, #4]	@ zero_extendqisi2
 3048              		.loc 1 911 8
 3049 04b6 012B     		cmp	r3, #1
 3050 04b8 28D1     		bne	.L127
 912:Drivers/STM32F4xx_HAL_Driver/Src/stm32f4xx_ll_usb.c ****     {
 913:Drivers/STM32F4xx_HAL_Driver/Src/stm32f4xx_ll_usb.c ****       if ((USBx_DEVICE->DSTS & (1U << 8)) == 0U)
 3051              		.loc 1 913 12
 3052 04ba FB69     		ldr	r3, [r7, #28]
 3053 04bc 03F50063 		add	r3, r3, #2048
 3054              		.loc 1 913 23
 3055 04c0 9B68     		ldr	r3, [r3, #8]
 3056              		.loc 1 913 30
 3057 04c2 03F48073 		and	r3, r3, #256
 3058              		.loc 1 913 10
 3059 04c6 002B     		cmp	r3, #0
 3060 04c8 10D1     		bne	.L128
 914:Drivers/STM32F4xx_HAL_Driver/Src/stm32f4xx_ll_usb.c ****       {
 915:Drivers/STM32F4xx_HAL_Driver/Src/stm32f4xx_ll_usb.c ****         USBx_OUTEP(epnum)->DOEPCTL |= USB_OTG_DOEPCTL_SODDFRM;
 3061              		.loc 1 915 26
 3062 04ca BB69     		ldr	r3, [r7, #24]
 3063 04cc 5A01     		lsls	r2, r3, #5
 3064 04ce FB69     		ldr	r3, [r7, #28]
 3065 04d0 1344     		add	r3, r3, r2
 3066 04d2 03F53063 		add	r3, r3, #2816
 3067 04d6 1B68     		ldr	r3, [r3]
 3068 04d8 BA69     		ldr	r2, [r7, #24]
 3069 04da 5101     		lsls	r1, r2, #5
 3070 04dc FA69     		ldr	r2, [r7, #28]
 3071 04de 0A44     		add	r2, r2, r1
 3072 04e0 02F53062 		add	r2, r2, #2816
 3073              		.loc 1 915 36
 3074 04e4 43F00053 		orr	r3, r3, #536870912
 3075 04e8 1360     		str	r3, [r2]
 3076 04ea 0FE0     		b	.L127
 3077              	.L128:
 916:Drivers/STM32F4xx_HAL_Driver/Src/stm32f4xx_ll_usb.c ****       }
 917:Drivers/STM32F4xx_HAL_Driver/Src/stm32f4xx_ll_usb.c ****       else
 918:Drivers/STM32F4xx_HAL_Driver/Src/stm32f4xx_ll_usb.c ****       {
ARM GAS  C:\Users\DAELT-~1\AppData\Local\Temp\ccK7IQ4D.s 			page 71


 919:Drivers/STM32F4xx_HAL_Driver/Src/stm32f4xx_ll_usb.c ****         USBx_OUTEP(epnum)->DOEPCTL |= USB_OTG_DOEPCTL_SD0PID_SEVNFRM;
 3078              		.loc 1 919 26
 3079 04ec BB69     		ldr	r3, [r7, #24]
 3080 04ee 5A01     		lsls	r2, r3, #5
 3081 04f0 FB69     		ldr	r3, [r7, #28]
 3082 04f2 1344     		add	r3, r3, r2
 3083 04f4 03F53063 		add	r3, r3, #2816
 3084 04f8 1B68     		ldr	r3, [r3]
 3085 04fa BA69     		ldr	r2, [r7, #24]
 3086 04fc 5101     		lsls	r1, r2, #5
 3087 04fe FA69     		ldr	r2, [r7, #28]
 3088 0500 0A44     		add	r2, r2, r1
 3089 0502 02F53062 		add	r2, r2, #2816
 3090              		.loc 1 919 36
 3091 0506 43F08053 		orr	r3, r3, #268435456
 3092 050a 1360     		str	r3, [r2]
 3093              	.L127:
 920:Drivers/STM32F4xx_HAL_Driver/Src/stm32f4xx_ll_usb.c ****       }
 921:Drivers/STM32F4xx_HAL_Driver/Src/stm32f4xx_ll_usb.c ****     }
 922:Drivers/STM32F4xx_HAL_Driver/Src/stm32f4xx_ll_usb.c ****     /* EP enable */
 923:Drivers/STM32F4xx_HAL_Driver/Src/stm32f4xx_ll_usb.c ****     USBx_OUTEP(epnum)->DOEPCTL |= (USB_OTG_DOEPCTL_CNAK | USB_OTG_DOEPCTL_EPENA);
 3094              		.loc 1 923 22
 3095 050c BB69     		ldr	r3, [r7, #24]
 3096 050e 5A01     		lsls	r2, r3, #5
 3097 0510 FB69     		ldr	r3, [r7, #28]
 3098 0512 1344     		add	r3, r3, r2
 3099 0514 03F53063 		add	r3, r3, #2816
 3100 0518 1B68     		ldr	r3, [r3]
 3101 051a BA69     		ldr	r2, [r7, #24]
 3102 051c 5101     		lsls	r1, r2, #5
 3103 051e FA69     		ldr	r2, [r7, #28]
 3104 0520 0A44     		add	r2, r2, r1
 3105 0522 02F53062 		add	r2, r2, #2816
 3106              		.loc 1 923 32
 3107 0526 43F00443 		orr	r3, r3, #-2080374784
 3108 052a 1360     		str	r3, [r2]
 3109              	.L118:
 924:Drivers/STM32F4xx_HAL_Driver/Src/stm32f4xx_ll_usb.c ****   }
 925:Drivers/STM32F4xx_HAL_Driver/Src/stm32f4xx_ll_usb.c **** 
 926:Drivers/STM32F4xx_HAL_Driver/Src/stm32f4xx_ll_usb.c ****   return HAL_OK;
 3110              		.loc 1 926 10
 3111 052c 0023     		movs	r3, #0
 927:Drivers/STM32F4xx_HAL_Driver/Src/stm32f4xx_ll_usb.c **** }
 3112              		.loc 1 927 1
 3113 052e 1846     		mov	r0, r3
 3114 0530 2037     		adds	r7, r7, #32
 3115              	.LCFI90:
 3116              		.cfi_def_cfa_offset 8
 3117 0532 BD46     		mov	sp, r7
 3118              	.LCFI91:
 3119              		.cfi_def_cfa_register 13
 3120              		@ sp needed
 3121 0534 80BD     		pop	{r7, pc}
 3122              	.L133:
 3123 0536 00BF     		.align	2
 3124              	.L132:
 3125 0538 0000F81F 		.word	536346624
ARM GAS  C:\Users\DAELT-~1\AppData\Local\Temp\ccK7IQ4D.s 			page 72


 3126              		.cfi_endproc
 3127              	.LFE234:
 3129              		.section	.text.USB_EPStopXfer,"ax",%progbits
 3130              		.align	1
 3131              		.global	USB_EPStopXfer
 3132              		.syntax unified
 3133              		.thumb
 3134              		.thumb_func
 3136              	USB_EPStopXfer:
 3137              	.LFB235:
 928:Drivers/STM32F4xx_HAL_Driver/Src/stm32f4xx_ll_usb.c **** 
 929:Drivers/STM32F4xx_HAL_Driver/Src/stm32f4xx_ll_usb.c **** 
 930:Drivers/STM32F4xx_HAL_Driver/Src/stm32f4xx_ll_usb.c **** /**
 931:Drivers/STM32F4xx_HAL_Driver/Src/stm32f4xx_ll_usb.c ****    * @brief  USB_EPStoptXfer  Stop transfer on an EP
 932:Drivers/STM32F4xx_HAL_Driver/Src/stm32f4xx_ll_usb.c ****    * @param  USBx  usb device instance
 933:Drivers/STM32F4xx_HAL_Driver/Src/stm32f4xx_ll_usb.c ****    * @param  ep pointer to endpoint structure
 934:Drivers/STM32F4xx_HAL_Driver/Src/stm32f4xx_ll_usb.c ****    * @retval HAL status
 935:Drivers/STM32F4xx_HAL_Driver/Src/stm32f4xx_ll_usb.c ****    */
 936:Drivers/STM32F4xx_HAL_Driver/Src/stm32f4xx_ll_usb.c **** HAL_StatusTypeDef USB_EPStopXfer(const USB_OTG_GlobalTypeDef *USBx, USB_OTG_EPTypeDef *ep)
 937:Drivers/STM32F4xx_HAL_Driver/Src/stm32f4xx_ll_usb.c **** {
 3138              		.loc 1 937 1
 3139              		.cfi_startproc
 3140              		@ args = 0, pretend = 0, frame = 24
 3141              		@ frame_needed = 1, uses_anonymous_args = 0
 3142              		@ link register save eliminated.
 3143 0000 80B4     		push	{r7}
 3144              	.LCFI92:
 3145              		.cfi_def_cfa_offset 4
 3146              		.cfi_offset 7, -4
 3147 0002 87B0     		sub	sp, sp, #28
 3148              	.LCFI93:
 3149              		.cfi_def_cfa_offset 32
 3150 0004 00AF     		add	r7, sp, #0
 3151              	.LCFI94:
 3152              		.cfi_def_cfa_register 7
 3153 0006 7860     		str	r0, [r7, #4]
 3154 0008 3960     		str	r1, [r7]
 938:Drivers/STM32F4xx_HAL_Driver/Src/stm32f4xx_ll_usb.c ****   __IO uint32_t count = 0U;
 3155              		.loc 1 938 17
 3156 000a 0023     		movs	r3, #0
 3157 000c FB60     		str	r3, [r7, #12]
 939:Drivers/STM32F4xx_HAL_Driver/Src/stm32f4xx_ll_usb.c ****   HAL_StatusTypeDef ret = HAL_OK;
 3158              		.loc 1 939 21
 3159 000e 0023     		movs	r3, #0
 3160 0010 FB75     		strb	r3, [r7, #23]
 940:Drivers/STM32F4xx_HAL_Driver/Src/stm32f4xx_ll_usb.c ****   uint32_t USBx_BASE = (uint32_t)USBx;
 3161              		.loc 1 940 12
 3162 0012 7B68     		ldr	r3, [r7, #4]
 3163 0014 3B61     		str	r3, [r7, #16]
 941:Drivers/STM32F4xx_HAL_Driver/Src/stm32f4xx_ll_usb.c **** 
 942:Drivers/STM32F4xx_HAL_Driver/Src/stm32f4xx_ll_usb.c ****   /* IN endpoint */
 943:Drivers/STM32F4xx_HAL_Driver/Src/stm32f4xx_ll_usb.c ****   if (ep->is_in == 1U)
 3164              		.loc 1 943 9
 3165 0016 3B68     		ldr	r3, [r7]
 3166 0018 5B78     		ldrb	r3, [r3, #1]	@ zero_extendqisi2
 3167              		.loc 1 943 6
 3168 001a 012B     		cmp	r3, #1
ARM GAS  C:\Users\DAELT-~1\AppData\Local\Temp\ccK7IQ4D.s 			page 73


 3169 001c 4AD1     		bne	.L135
 944:Drivers/STM32F4xx_HAL_Driver/Src/stm32f4xx_ll_usb.c ****   {
 945:Drivers/STM32F4xx_HAL_Driver/Src/stm32f4xx_ll_usb.c ****     /* EP enable, IN data in FIFO */
 946:Drivers/STM32F4xx_HAL_Driver/Src/stm32f4xx_ll_usb.c ****     if (((USBx_INEP(ep->num)->DIEPCTL) & USB_OTG_DIEPCTL_EPENA) == USB_OTG_DIEPCTL_EPENA)
 3170              		.loc 1 946 11
 3171 001e 3B68     		ldr	r3, [r7]
 3172 0020 1B78     		ldrb	r3, [r3]	@ zero_extendqisi2
 3173 0022 5A01     		lsls	r2, r3, #5
 3174 0024 3B69     		ldr	r3, [r7, #16]
 3175 0026 1344     		add	r3, r3, r2
 3176 0028 03F51063 		add	r3, r3, #2304
 3177              		.loc 1 946 29
 3178 002c 1B68     		ldr	r3, [r3]
 3179              		.loc 1 946 40
 3180 002e 03F00043 		and	r3, r3, #-2147483648
 3181              		.loc 1 946 8
 3182 0032 B3F1004F 		cmp	r3, #-2147483648
 3183 0036 40F08680 		bne	.L139
 947:Drivers/STM32F4xx_HAL_Driver/Src/stm32f4xx_ll_usb.c ****     {
 948:Drivers/STM32F4xx_HAL_Driver/Src/stm32f4xx_ll_usb.c ****       USBx_INEP(ep->num)->DIEPCTL |= (USB_OTG_DIEPCTL_SNAK);
 3184              		.loc 1 948 7
 3185 003a 3B68     		ldr	r3, [r7]
 3186 003c 1B78     		ldrb	r3, [r3]	@ zero_extendqisi2
 3187              		.loc 1 948 25
 3188 003e 5A01     		lsls	r2, r3, #5
 3189 0040 3B69     		ldr	r3, [r7, #16]
 3190 0042 1344     		add	r3, r3, r2
 3191 0044 03F51063 		add	r3, r3, #2304
 3192 0048 1B68     		ldr	r3, [r3]
 3193              		.loc 1 948 7
 3194 004a 3A68     		ldr	r2, [r7]
 3195 004c 1278     		ldrb	r2, [r2]	@ zero_extendqisi2
 3196              		.loc 1 948 25
 3197 004e 5101     		lsls	r1, r2, #5
 3198 0050 3A69     		ldr	r2, [r7, #16]
 3199 0052 0A44     		add	r2, r2, r1
 3200 0054 02F51062 		add	r2, r2, #2304
 3201              		.loc 1 948 35
 3202 0058 43F00063 		orr	r3, r3, #134217728
 3203 005c 1360     		str	r3, [r2]
 949:Drivers/STM32F4xx_HAL_Driver/Src/stm32f4xx_ll_usb.c ****       USBx_INEP(ep->num)->DIEPCTL |= (USB_OTG_DIEPCTL_EPDIS);
 3204              		.loc 1 949 7
 3205 005e 3B68     		ldr	r3, [r7]
 3206 0060 1B78     		ldrb	r3, [r3]	@ zero_extendqisi2
 3207              		.loc 1 949 25
 3208 0062 5A01     		lsls	r2, r3, #5
 3209 0064 3B69     		ldr	r3, [r7, #16]
 3210 0066 1344     		add	r3, r3, r2
 3211 0068 03F51063 		add	r3, r3, #2304
 3212 006c 1B68     		ldr	r3, [r3]
 3213              		.loc 1 949 7
 3214 006e 3A68     		ldr	r2, [r7]
 3215 0070 1278     		ldrb	r2, [r2]	@ zero_extendqisi2
 3216              		.loc 1 949 25
 3217 0072 5101     		lsls	r1, r2, #5
 3218 0074 3A69     		ldr	r2, [r7, #16]
 3219 0076 0A44     		add	r2, r2, r1
ARM GAS  C:\Users\DAELT-~1\AppData\Local\Temp\ccK7IQ4D.s 			page 74


 3220 0078 02F51062 		add	r2, r2, #2304
 3221              		.loc 1 949 35
 3222 007c 43F08043 		orr	r3, r3, #1073741824
 3223 0080 1360     		str	r3, [r2]
 3224              	.L138:
 950:Drivers/STM32F4xx_HAL_Driver/Src/stm32f4xx_ll_usb.c **** 
 951:Drivers/STM32F4xx_HAL_Driver/Src/stm32f4xx_ll_usb.c ****       do
 952:Drivers/STM32F4xx_HAL_Driver/Src/stm32f4xx_ll_usb.c ****       {
 953:Drivers/STM32F4xx_HAL_Driver/Src/stm32f4xx_ll_usb.c ****         count++;
 3225              		.loc 1 953 14
 3226 0082 FB68     		ldr	r3, [r7, #12]
 3227 0084 0133     		adds	r3, r3, #1
 3228 0086 FB60     		str	r3, [r7, #12]
 954:Drivers/STM32F4xx_HAL_Driver/Src/stm32f4xx_ll_usb.c **** 
 955:Drivers/STM32F4xx_HAL_Driver/Src/stm32f4xx_ll_usb.c ****         if (count > 10000U)
 3229              		.loc 1 955 19
 3230 0088 FB68     		ldr	r3, [r7, #12]
 3231              		.loc 1 955 12
 3232 008a 42F21072 		movw	r2, #10000
 3233 008e 9342     		cmp	r3, r2
 3234 0090 02D9     		bls	.L137
 956:Drivers/STM32F4xx_HAL_Driver/Src/stm32f4xx_ll_usb.c ****         {
 957:Drivers/STM32F4xx_HAL_Driver/Src/stm32f4xx_ll_usb.c ****           ret = HAL_ERROR;
 3235              		.loc 1 957 15
 3236 0092 0123     		movs	r3, #1
 3237 0094 FB75     		strb	r3, [r7, #23]
 958:Drivers/STM32F4xx_HAL_Driver/Src/stm32f4xx_ll_usb.c ****           break;
 3238              		.loc 1 958 11
 3239 0096 56E0     		b	.L139
 3240              	.L137:
 959:Drivers/STM32F4xx_HAL_Driver/Src/stm32f4xx_ll_usb.c ****         }
 960:Drivers/STM32F4xx_HAL_Driver/Src/stm32f4xx_ll_usb.c ****       } while (((USBx_INEP(ep->num)->DIEPCTL) & USB_OTG_DIEPCTL_EPENA) ==  USB_OTG_DIEPCTL_EPENA);
 3241              		.loc 1 960 18
 3242 0098 3B68     		ldr	r3, [r7]
 3243 009a 1B78     		ldrb	r3, [r3]	@ zero_extendqisi2
 3244 009c 5A01     		lsls	r2, r3, #5
 3245 009e 3B69     		ldr	r3, [r7, #16]
 3246 00a0 1344     		add	r3, r3, r2
 3247 00a2 03F51063 		add	r3, r3, #2304
 3248              		.loc 1 960 36
 3249 00a6 1B68     		ldr	r3, [r3]
 3250              		.loc 1 960 47
 3251 00a8 03F00043 		and	r3, r3, #-2147483648
 3252              		.loc 1 960 72
 3253 00ac B3F1004F 		cmp	r3, #-2147483648
 3254 00b0 E7D0     		beq	.L138
 3255 00b2 48E0     		b	.L139
 3256              	.L135:
 961:Drivers/STM32F4xx_HAL_Driver/Src/stm32f4xx_ll_usb.c ****     }
 962:Drivers/STM32F4xx_HAL_Driver/Src/stm32f4xx_ll_usb.c ****   }
 963:Drivers/STM32F4xx_HAL_Driver/Src/stm32f4xx_ll_usb.c ****   else /* OUT endpoint */
 964:Drivers/STM32F4xx_HAL_Driver/Src/stm32f4xx_ll_usb.c ****   {
 965:Drivers/STM32F4xx_HAL_Driver/Src/stm32f4xx_ll_usb.c ****     if (((USBx_OUTEP(ep->num)->DOEPCTL) & USB_OTG_DOEPCTL_EPENA) == USB_OTG_DOEPCTL_EPENA)
 3257              		.loc 1 965 11
 3258 00b4 3B68     		ldr	r3, [r7]
 3259 00b6 1B78     		ldrb	r3, [r3]	@ zero_extendqisi2
 3260 00b8 5A01     		lsls	r2, r3, #5
ARM GAS  C:\Users\DAELT-~1\AppData\Local\Temp\ccK7IQ4D.s 			page 75


 3261 00ba 3B69     		ldr	r3, [r7, #16]
 3262 00bc 1344     		add	r3, r3, r2
 3263 00be 03F53063 		add	r3, r3, #2816
 3264              		.loc 1 965 30
 3265 00c2 1B68     		ldr	r3, [r3]
 3266              		.loc 1 965 41
 3267 00c4 03F00043 		and	r3, r3, #-2147483648
 3268              		.loc 1 965 8
 3269 00c8 B3F1004F 		cmp	r3, #-2147483648
 3270 00cc 3BD1     		bne	.L139
 966:Drivers/STM32F4xx_HAL_Driver/Src/stm32f4xx_ll_usb.c ****     {
 967:Drivers/STM32F4xx_HAL_Driver/Src/stm32f4xx_ll_usb.c ****       USBx_OUTEP(ep->num)->DOEPCTL |= (USB_OTG_DOEPCTL_SNAK);
 3271              		.loc 1 967 7
 3272 00ce 3B68     		ldr	r3, [r7]
 3273 00d0 1B78     		ldrb	r3, [r3]	@ zero_extendqisi2
 3274              		.loc 1 967 26
 3275 00d2 5A01     		lsls	r2, r3, #5
 3276 00d4 3B69     		ldr	r3, [r7, #16]
 3277 00d6 1344     		add	r3, r3, r2
 3278 00d8 03F53063 		add	r3, r3, #2816
 3279 00dc 1B68     		ldr	r3, [r3]
 3280              		.loc 1 967 7
 3281 00de 3A68     		ldr	r2, [r7]
 3282 00e0 1278     		ldrb	r2, [r2]	@ zero_extendqisi2
 3283              		.loc 1 967 26
 3284 00e2 5101     		lsls	r1, r2, #5
 3285 00e4 3A69     		ldr	r2, [r7, #16]
 3286 00e6 0A44     		add	r2, r2, r1
 3287 00e8 02F53062 		add	r2, r2, #2816
 3288              		.loc 1 967 36
 3289 00ec 43F00063 		orr	r3, r3, #134217728
 3290 00f0 1360     		str	r3, [r2]
 968:Drivers/STM32F4xx_HAL_Driver/Src/stm32f4xx_ll_usb.c ****       USBx_OUTEP(ep->num)->DOEPCTL |= (USB_OTG_DOEPCTL_EPDIS);
 3291              		.loc 1 968 7
 3292 00f2 3B68     		ldr	r3, [r7]
 3293 00f4 1B78     		ldrb	r3, [r3]	@ zero_extendqisi2
 3294              		.loc 1 968 26
 3295 00f6 5A01     		lsls	r2, r3, #5
 3296 00f8 3B69     		ldr	r3, [r7, #16]
 3297 00fa 1344     		add	r3, r3, r2
 3298 00fc 03F53063 		add	r3, r3, #2816
 3299 0100 1B68     		ldr	r3, [r3]
 3300              		.loc 1 968 7
 3301 0102 3A68     		ldr	r2, [r7]
 3302 0104 1278     		ldrb	r2, [r2]	@ zero_extendqisi2
 3303              		.loc 1 968 26
 3304 0106 5101     		lsls	r1, r2, #5
 3305 0108 3A69     		ldr	r2, [r7, #16]
 3306 010a 0A44     		add	r2, r2, r1
 3307 010c 02F53062 		add	r2, r2, #2816
 3308              		.loc 1 968 36
 3309 0110 43F08043 		orr	r3, r3, #1073741824
 3310 0114 1360     		str	r3, [r2]
 3311              	.L141:
 969:Drivers/STM32F4xx_HAL_Driver/Src/stm32f4xx_ll_usb.c **** 
 970:Drivers/STM32F4xx_HAL_Driver/Src/stm32f4xx_ll_usb.c ****       do
 971:Drivers/STM32F4xx_HAL_Driver/Src/stm32f4xx_ll_usb.c ****       {
ARM GAS  C:\Users\DAELT-~1\AppData\Local\Temp\ccK7IQ4D.s 			page 76


 972:Drivers/STM32F4xx_HAL_Driver/Src/stm32f4xx_ll_usb.c ****         count++;
 3312              		.loc 1 972 14
 3313 0116 FB68     		ldr	r3, [r7, #12]
 3314 0118 0133     		adds	r3, r3, #1
 3315 011a FB60     		str	r3, [r7, #12]
 973:Drivers/STM32F4xx_HAL_Driver/Src/stm32f4xx_ll_usb.c **** 
 974:Drivers/STM32F4xx_HAL_Driver/Src/stm32f4xx_ll_usb.c ****         if (count > 10000U)
 3316              		.loc 1 974 19
 3317 011c FB68     		ldr	r3, [r7, #12]
 3318              		.loc 1 974 12
 3319 011e 42F21072 		movw	r2, #10000
 3320 0122 9342     		cmp	r3, r2
 3321 0124 02D9     		bls	.L140
 975:Drivers/STM32F4xx_HAL_Driver/Src/stm32f4xx_ll_usb.c ****         {
 976:Drivers/STM32F4xx_HAL_Driver/Src/stm32f4xx_ll_usb.c ****           ret = HAL_ERROR;
 3322              		.loc 1 976 15
 3323 0126 0123     		movs	r3, #1
 3324 0128 FB75     		strb	r3, [r7, #23]
 977:Drivers/STM32F4xx_HAL_Driver/Src/stm32f4xx_ll_usb.c ****           break;
 3325              		.loc 1 977 11
 3326 012a 0CE0     		b	.L139
 3327              	.L140:
 978:Drivers/STM32F4xx_HAL_Driver/Src/stm32f4xx_ll_usb.c ****         }
 979:Drivers/STM32F4xx_HAL_Driver/Src/stm32f4xx_ll_usb.c ****       } while (((USBx_OUTEP(ep->num)->DOEPCTL) & USB_OTG_DOEPCTL_EPENA) ==  USB_OTG_DOEPCTL_EPENA);
 3328              		.loc 1 979 18
 3329 012c 3B68     		ldr	r3, [r7]
 3330 012e 1B78     		ldrb	r3, [r3]	@ zero_extendqisi2
 3331 0130 5A01     		lsls	r2, r3, #5
 3332 0132 3B69     		ldr	r3, [r7, #16]
 3333 0134 1344     		add	r3, r3, r2
 3334 0136 03F53063 		add	r3, r3, #2816
 3335              		.loc 1 979 37
 3336 013a 1B68     		ldr	r3, [r3]
 3337              		.loc 1 979 48
 3338 013c 03F00043 		and	r3, r3, #-2147483648
 3339              		.loc 1 979 73
 3340 0140 B3F1004F 		cmp	r3, #-2147483648
 3341 0144 E7D0     		beq	.L141
 3342              	.L139:
 980:Drivers/STM32F4xx_HAL_Driver/Src/stm32f4xx_ll_usb.c ****     }
 981:Drivers/STM32F4xx_HAL_Driver/Src/stm32f4xx_ll_usb.c ****   }
 982:Drivers/STM32F4xx_HAL_Driver/Src/stm32f4xx_ll_usb.c **** 
 983:Drivers/STM32F4xx_HAL_Driver/Src/stm32f4xx_ll_usb.c ****   return ret;
 3343              		.loc 1 983 10
 3344 0146 FB7D     		ldrb	r3, [r7, #23]	@ zero_extendqisi2
 984:Drivers/STM32F4xx_HAL_Driver/Src/stm32f4xx_ll_usb.c **** }
 3345              		.loc 1 984 1
 3346 0148 1846     		mov	r0, r3
 3347 014a 1C37     		adds	r7, r7, #28
 3348              	.LCFI95:
 3349              		.cfi_def_cfa_offset 4
 3350 014c BD46     		mov	sp, r7
 3351              	.LCFI96:
 3352              		.cfi_def_cfa_register 13
 3353              		@ sp needed
 3354 014e 5DF8047B 		ldr	r7, [sp], #4
 3355              	.LCFI97:
ARM GAS  C:\Users\DAELT-~1\AppData\Local\Temp\ccK7IQ4D.s 			page 77


 3356              		.cfi_restore 7
 3357              		.cfi_def_cfa_offset 0
 3358 0152 7047     		bx	lr
 3359              		.cfi_endproc
 3360              	.LFE235:
 3362              		.section	.text.USB_WritePacket,"ax",%progbits
 3363              		.align	1
 3364              		.global	USB_WritePacket
 3365              		.syntax unified
 3366              		.thumb
 3367              		.thumb_func
 3369              	USB_WritePacket:
 3370              	.LFB236:
 985:Drivers/STM32F4xx_HAL_Driver/Src/stm32f4xx_ll_usb.c **** 
 986:Drivers/STM32F4xx_HAL_Driver/Src/stm32f4xx_ll_usb.c **** 
 987:Drivers/STM32F4xx_HAL_Driver/Src/stm32f4xx_ll_usb.c **** /**
 988:Drivers/STM32F4xx_HAL_Driver/Src/stm32f4xx_ll_usb.c ****   * @brief  USB_WritePacket : Writes a packet into the Tx FIFO associated
 989:Drivers/STM32F4xx_HAL_Driver/Src/stm32f4xx_ll_usb.c ****   *         with the EP/channel
 990:Drivers/STM32F4xx_HAL_Driver/Src/stm32f4xx_ll_usb.c ****   * @param  USBx  Selected device
 991:Drivers/STM32F4xx_HAL_Driver/Src/stm32f4xx_ll_usb.c ****   * @param  src   pointer to source buffer
 992:Drivers/STM32F4xx_HAL_Driver/Src/stm32f4xx_ll_usb.c ****   * @param  ch_ep_num  endpoint or host channel number
 993:Drivers/STM32F4xx_HAL_Driver/Src/stm32f4xx_ll_usb.c ****   * @param  len  Number of bytes to write
 994:Drivers/STM32F4xx_HAL_Driver/Src/stm32f4xx_ll_usb.c ****   * @param  dma USB dma enabled or disabled
 995:Drivers/STM32F4xx_HAL_Driver/Src/stm32f4xx_ll_usb.c ****   *          This parameter can be one of these values:
 996:Drivers/STM32F4xx_HAL_Driver/Src/stm32f4xx_ll_usb.c ****   *           0 : DMA feature not used
 997:Drivers/STM32F4xx_HAL_Driver/Src/stm32f4xx_ll_usb.c ****   *           1 : DMA feature used
 998:Drivers/STM32F4xx_HAL_Driver/Src/stm32f4xx_ll_usb.c ****   * @retval HAL status
 999:Drivers/STM32F4xx_HAL_Driver/Src/stm32f4xx_ll_usb.c ****   */
1000:Drivers/STM32F4xx_HAL_Driver/Src/stm32f4xx_ll_usb.c **** HAL_StatusTypeDef USB_WritePacket(const USB_OTG_GlobalTypeDef *USBx, uint8_t *src,
1001:Drivers/STM32F4xx_HAL_Driver/Src/stm32f4xx_ll_usb.c ****                                   uint8_t ch_ep_num, uint16_t len, uint8_t dma)
1002:Drivers/STM32F4xx_HAL_Driver/Src/stm32f4xx_ll_usb.c **** {
 3371              		.loc 1 1002 1
 3372              		.cfi_startproc
 3373              		@ args = 4, pretend = 0, frame = 32
 3374              		@ frame_needed = 1, uses_anonymous_args = 0
 3375              		@ link register save eliminated.
 3376 0000 80B4     		push	{r7}
 3377              	.LCFI98:
 3378              		.cfi_def_cfa_offset 4
 3379              		.cfi_offset 7, -4
 3380 0002 89B0     		sub	sp, sp, #36
 3381              	.LCFI99:
 3382              		.cfi_def_cfa_offset 40
 3383 0004 00AF     		add	r7, sp, #0
 3384              	.LCFI100:
 3385              		.cfi_def_cfa_register 7
 3386 0006 F860     		str	r0, [r7, #12]
 3387 0008 B960     		str	r1, [r7, #8]
 3388 000a 1146     		mov	r1, r2
 3389 000c 1A46     		mov	r2, r3
 3390 000e 0B46     		mov	r3, r1
 3391 0010 FB71     		strb	r3, [r7, #7]
 3392 0012 1346     		mov	r3, r2	@ movhi
 3393 0014 BB80     		strh	r3, [r7, #4]	@ movhi
1003:Drivers/STM32F4xx_HAL_Driver/Src/stm32f4xx_ll_usb.c ****   uint32_t USBx_BASE = (uint32_t)USBx;
 3394              		.loc 1 1003 12
 3395 0016 FB68     		ldr	r3, [r7, #12]
ARM GAS  C:\Users\DAELT-~1\AppData\Local\Temp\ccK7IQ4D.s 			page 78


 3396 0018 7B61     		str	r3, [r7, #20]
1004:Drivers/STM32F4xx_HAL_Driver/Src/stm32f4xx_ll_usb.c ****   uint8_t *pSrc = src;
 3397              		.loc 1 1004 12
 3398 001a BB68     		ldr	r3, [r7, #8]
 3399 001c FB61     		str	r3, [r7, #28]
1005:Drivers/STM32F4xx_HAL_Driver/Src/stm32f4xx_ll_usb.c ****   uint32_t count32b;
1006:Drivers/STM32F4xx_HAL_Driver/Src/stm32f4xx_ll_usb.c ****   uint32_t i;
1007:Drivers/STM32F4xx_HAL_Driver/Src/stm32f4xx_ll_usb.c **** 
1008:Drivers/STM32F4xx_HAL_Driver/Src/stm32f4xx_ll_usb.c ****   if (dma == 0U)
 3400              		.loc 1 1008 6
 3401 001e 97F82830 		ldrb	r3, [r7, #40]	@ zero_extendqisi2
 3402 0022 002B     		cmp	r3, #0
 3403 0024 23D1     		bne	.L144
1009:Drivers/STM32F4xx_HAL_Driver/Src/stm32f4xx_ll_usb.c ****   {
1010:Drivers/STM32F4xx_HAL_Driver/Src/stm32f4xx_ll_usb.c ****     count32b = ((uint32_t)len + 3U) / 4U;
 3404              		.loc 1 1010 17
 3405 0026 BB88     		ldrh	r3, [r7, #4]
 3406              		.loc 1 1010 31
 3407 0028 0333     		adds	r3, r3, #3
 3408              		.loc 1 1010 14
 3409 002a 9B08     		lsrs	r3, r3, #2
 3410 002c 3B61     		str	r3, [r7, #16]
1011:Drivers/STM32F4xx_HAL_Driver/Src/stm32f4xx_ll_usb.c ****     for (i = 0U; i < count32b; i++)
 3411              		.loc 1 1011 12
 3412 002e 0023     		movs	r3, #0
 3413 0030 BB61     		str	r3, [r7, #24]
 3414              		.loc 1 1011 5
 3415 0032 18E0     		b	.L145
 3416              	.L146:
1012:Drivers/STM32F4xx_HAL_Driver/Src/stm32f4xx_ll_usb.c ****     {
1013:Drivers/STM32F4xx_HAL_Driver/Src/stm32f4xx_ll_usb.c ****       USBx_DFIFO((uint32_t)ch_ep_num) = __UNALIGNED_UINT32_READ(pSrc);
 3417              		.loc 1 1013 7
 3418 0034 FB79     		ldrb	r3, [r7, #7]	@ zero_extendqisi2
 3419 0036 1A03     		lsls	r2, r3, #12
 3420 0038 7B69     		ldr	r3, [r7, #20]
 3421 003a 1344     		add	r3, r3, r2
 3422 003c 03F58053 		add	r3, r3, #4096
 3423 0040 1A46     		mov	r2, r3
 3424              		.loc 1 1013 41
 3425 0042 FB69     		ldr	r3, [r7, #28]
 3426 0044 1B68     		ldr	r3, [r3]	@ unaligned
 3427              		.loc 1 1013 39
 3428 0046 1360     		str	r3, [r2]
1014:Drivers/STM32F4xx_HAL_Driver/Src/stm32f4xx_ll_usb.c ****       pSrc++;
 3429              		.loc 1 1014 11
 3430 0048 FB69     		ldr	r3, [r7, #28]
 3431 004a 0133     		adds	r3, r3, #1
 3432 004c FB61     		str	r3, [r7, #28]
1015:Drivers/STM32F4xx_HAL_Driver/Src/stm32f4xx_ll_usb.c ****       pSrc++;
 3433              		.loc 1 1015 11
 3434 004e FB69     		ldr	r3, [r7, #28]
 3435 0050 0133     		adds	r3, r3, #1
 3436 0052 FB61     		str	r3, [r7, #28]
1016:Drivers/STM32F4xx_HAL_Driver/Src/stm32f4xx_ll_usb.c ****       pSrc++;
 3437              		.loc 1 1016 11
 3438 0054 FB69     		ldr	r3, [r7, #28]
 3439 0056 0133     		adds	r3, r3, #1
ARM GAS  C:\Users\DAELT-~1\AppData\Local\Temp\ccK7IQ4D.s 			page 79


 3440 0058 FB61     		str	r3, [r7, #28]
1017:Drivers/STM32F4xx_HAL_Driver/Src/stm32f4xx_ll_usb.c ****       pSrc++;
 3441              		.loc 1 1017 11
 3442 005a FB69     		ldr	r3, [r7, #28]
 3443 005c 0133     		adds	r3, r3, #1
 3444 005e FB61     		str	r3, [r7, #28]
1011:Drivers/STM32F4xx_HAL_Driver/Src/stm32f4xx_ll_usb.c ****     {
 3445              		.loc 1 1011 33 discriminator 3
 3446 0060 BB69     		ldr	r3, [r7, #24]
 3447 0062 0133     		adds	r3, r3, #1
 3448 0064 BB61     		str	r3, [r7, #24]
 3449              	.L145:
1011:Drivers/STM32F4xx_HAL_Driver/Src/stm32f4xx_ll_usb.c ****     {
 3450              		.loc 1 1011 20 discriminator 1
 3451 0066 BA69     		ldr	r2, [r7, #24]
 3452 0068 3B69     		ldr	r3, [r7, #16]
 3453 006a 9A42     		cmp	r2, r3
 3454 006c E2D3     		bcc	.L146
 3455              	.L144:
1018:Drivers/STM32F4xx_HAL_Driver/Src/stm32f4xx_ll_usb.c ****     }
1019:Drivers/STM32F4xx_HAL_Driver/Src/stm32f4xx_ll_usb.c ****   }
1020:Drivers/STM32F4xx_HAL_Driver/Src/stm32f4xx_ll_usb.c **** 
1021:Drivers/STM32F4xx_HAL_Driver/Src/stm32f4xx_ll_usb.c ****   return HAL_OK;
 3456              		.loc 1 1021 10
 3457 006e 0023     		movs	r3, #0
1022:Drivers/STM32F4xx_HAL_Driver/Src/stm32f4xx_ll_usb.c **** }
 3458              		.loc 1 1022 1
 3459 0070 1846     		mov	r0, r3
 3460 0072 2437     		adds	r7, r7, #36
 3461              	.LCFI101:
 3462              		.cfi_def_cfa_offset 4
 3463 0074 BD46     		mov	sp, r7
 3464              	.LCFI102:
 3465              		.cfi_def_cfa_register 13
 3466              		@ sp needed
 3467 0076 5DF8047B 		ldr	r7, [sp], #4
 3468              	.LCFI103:
 3469              		.cfi_restore 7
 3470              		.cfi_def_cfa_offset 0
 3471 007a 7047     		bx	lr
 3472              		.cfi_endproc
 3473              	.LFE236:
 3475              		.section	.text.USB_ReadPacket,"ax",%progbits
 3476              		.align	1
 3477              		.global	USB_ReadPacket
 3478              		.syntax unified
 3479              		.thumb
 3480              		.thumb_func
 3482              	USB_ReadPacket:
 3483              	.LFB237:
1023:Drivers/STM32F4xx_HAL_Driver/Src/stm32f4xx_ll_usb.c **** 
1024:Drivers/STM32F4xx_HAL_Driver/Src/stm32f4xx_ll_usb.c **** /**
1025:Drivers/STM32F4xx_HAL_Driver/Src/stm32f4xx_ll_usb.c ****   * @brief  USB_ReadPacket : read a packet from the RX FIFO
1026:Drivers/STM32F4xx_HAL_Driver/Src/stm32f4xx_ll_usb.c ****   * @param  USBx  Selected device
1027:Drivers/STM32F4xx_HAL_Driver/Src/stm32f4xx_ll_usb.c ****   * @param  dest  source pointer
1028:Drivers/STM32F4xx_HAL_Driver/Src/stm32f4xx_ll_usb.c ****   * @param  len  Number of bytes to read
1029:Drivers/STM32F4xx_HAL_Driver/Src/stm32f4xx_ll_usb.c ****   * @retval pointer to destination buffer
ARM GAS  C:\Users\DAELT-~1\AppData\Local\Temp\ccK7IQ4D.s 			page 80


1030:Drivers/STM32F4xx_HAL_Driver/Src/stm32f4xx_ll_usb.c ****   */
1031:Drivers/STM32F4xx_HAL_Driver/Src/stm32f4xx_ll_usb.c **** void *USB_ReadPacket(const USB_OTG_GlobalTypeDef *USBx, uint8_t *dest, uint16_t len)
1032:Drivers/STM32F4xx_HAL_Driver/Src/stm32f4xx_ll_usb.c **** {
 3484              		.loc 1 1032 1
 3485              		.cfi_startproc
 3486              		@ args = 0, pretend = 0, frame = 40
 3487              		@ frame_needed = 1, uses_anonymous_args = 0
 3488              		@ link register save eliminated.
 3489 0000 80B4     		push	{r7}
 3490              	.LCFI104:
 3491              		.cfi_def_cfa_offset 4
 3492              		.cfi_offset 7, -4
 3493 0002 8BB0     		sub	sp, sp, #44
 3494              	.LCFI105:
 3495              		.cfi_def_cfa_offset 48
 3496 0004 00AF     		add	r7, sp, #0
 3497              	.LCFI106:
 3498              		.cfi_def_cfa_register 7
 3499 0006 F860     		str	r0, [r7, #12]
 3500 0008 B960     		str	r1, [r7, #8]
 3501 000a 1346     		mov	r3, r2
 3502 000c FB80     		strh	r3, [r7, #6]	@ movhi
1033:Drivers/STM32F4xx_HAL_Driver/Src/stm32f4xx_ll_usb.c ****   uint32_t USBx_BASE = (uint32_t)USBx;
 3503              		.loc 1 1033 12
 3504 000e FB68     		ldr	r3, [r7, #12]
 3505 0010 BB61     		str	r3, [r7, #24]
1034:Drivers/STM32F4xx_HAL_Driver/Src/stm32f4xx_ll_usb.c ****   uint8_t *pDest = dest;
 3506              		.loc 1 1034 12
 3507 0012 BB68     		ldr	r3, [r7, #8]
 3508 0014 7B62     		str	r3, [r7, #36]
1035:Drivers/STM32F4xx_HAL_Driver/Src/stm32f4xx_ll_usb.c ****   uint32_t pData;
1036:Drivers/STM32F4xx_HAL_Driver/Src/stm32f4xx_ll_usb.c ****   uint32_t i;
1037:Drivers/STM32F4xx_HAL_Driver/Src/stm32f4xx_ll_usb.c ****   uint32_t count32b = (uint32_t)len >> 2U;
 3509              		.loc 1 1037 37
 3510 0016 FB88     		ldrh	r3, [r7, #6]
 3511 0018 9B08     		lsrs	r3, r3, #2
 3512 001a 9BB2     		uxth	r3, r3
 3513              		.loc 1 1037 12
 3514 001c 7B61     		str	r3, [r7, #20]
1038:Drivers/STM32F4xx_HAL_Driver/Src/stm32f4xx_ll_usb.c ****   uint16_t remaining_bytes = len % 4U;
 3515              		.loc 1 1038 12
 3516 001e FB88     		ldrh	r3, [r7, #6]	@ movhi
 3517 0020 03F00303 		and	r3, r3, #3
 3518 0024 FB83     		strh	r3, [r7, #30]	@ movhi
1039:Drivers/STM32F4xx_HAL_Driver/Src/stm32f4xx_ll_usb.c **** 
1040:Drivers/STM32F4xx_HAL_Driver/Src/stm32f4xx_ll_usb.c ****   for (i = 0U; i < count32b; i++)
 3519              		.loc 1 1040 10
 3520 0026 0023     		movs	r3, #0
 3521 0028 3B62     		str	r3, [r7, #32]
 3522              		.loc 1 1040 3
 3523 002a 14E0     		b	.L149
 3524              	.L150:
1041:Drivers/STM32F4xx_HAL_Driver/Src/stm32f4xx_ll_usb.c ****   {
1042:Drivers/STM32F4xx_HAL_Driver/Src/stm32f4xx_ll_usb.c ****     __UNALIGNED_UINT32_WRITE(pDest, USBx_DFIFO(0U));
 3525              		.loc 1 1042 5
 3526 002c BB69     		ldr	r3, [r7, #24]
 3527 002e 03F58053 		add	r3, r3, #4096
ARM GAS  C:\Users\DAELT-~1\AppData\Local\Temp\ccK7IQ4D.s 			page 81


 3528 0032 1A68     		ldr	r2, [r3]
 3529 0034 7B6A     		ldr	r3, [r7, #36]
 3530 0036 1A60     		str	r2, [r3]	@ unaligned
1043:Drivers/STM32F4xx_HAL_Driver/Src/stm32f4xx_ll_usb.c ****     pDest++;
 3531              		.loc 1 1043 10
 3532 0038 7B6A     		ldr	r3, [r7, #36]
 3533 003a 0133     		adds	r3, r3, #1
 3534 003c 7B62     		str	r3, [r7, #36]
1044:Drivers/STM32F4xx_HAL_Driver/Src/stm32f4xx_ll_usb.c ****     pDest++;
 3535              		.loc 1 1044 10
 3536 003e 7B6A     		ldr	r3, [r7, #36]
 3537 0040 0133     		adds	r3, r3, #1
 3538 0042 7B62     		str	r3, [r7, #36]
1045:Drivers/STM32F4xx_HAL_Driver/Src/stm32f4xx_ll_usb.c ****     pDest++;
 3539              		.loc 1 1045 10
 3540 0044 7B6A     		ldr	r3, [r7, #36]
 3541 0046 0133     		adds	r3, r3, #1
 3542 0048 7B62     		str	r3, [r7, #36]
1046:Drivers/STM32F4xx_HAL_Driver/Src/stm32f4xx_ll_usb.c ****     pDest++;
 3543              		.loc 1 1046 10
 3544 004a 7B6A     		ldr	r3, [r7, #36]
 3545 004c 0133     		adds	r3, r3, #1
 3546 004e 7B62     		str	r3, [r7, #36]
1040:Drivers/STM32F4xx_HAL_Driver/Src/stm32f4xx_ll_usb.c ****   {
 3547              		.loc 1 1040 31 discriminator 3
 3548 0050 3B6A     		ldr	r3, [r7, #32]
 3549 0052 0133     		adds	r3, r3, #1
 3550 0054 3B62     		str	r3, [r7, #32]
 3551              	.L149:
1040:Drivers/STM32F4xx_HAL_Driver/Src/stm32f4xx_ll_usb.c ****   {
 3552              		.loc 1 1040 18 discriminator 1
 3553 0056 3A6A     		ldr	r2, [r7, #32]
 3554 0058 7B69     		ldr	r3, [r7, #20]
 3555 005a 9A42     		cmp	r2, r3
 3556 005c E6D3     		bcc	.L150
1047:Drivers/STM32F4xx_HAL_Driver/Src/stm32f4xx_ll_usb.c ****   }
1048:Drivers/STM32F4xx_HAL_Driver/Src/stm32f4xx_ll_usb.c **** 
1049:Drivers/STM32F4xx_HAL_Driver/Src/stm32f4xx_ll_usb.c ****   /* When Number of data is not word aligned, read the remaining byte */
1050:Drivers/STM32F4xx_HAL_Driver/Src/stm32f4xx_ll_usb.c ****   if (remaining_bytes != 0U)
 3557              		.loc 1 1050 6
 3558 005e FB8B     		ldrh	r3, [r7, #30]
 3559 0060 002B     		cmp	r3, #0
 3560 0062 1ED0     		beq	.L151
1051:Drivers/STM32F4xx_HAL_Driver/Src/stm32f4xx_ll_usb.c ****   {
1052:Drivers/STM32F4xx_HAL_Driver/Src/stm32f4xx_ll_usb.c ****     i = 0U;
 3561              		.loc 1 1052 7
 3562 0064 0023     		movs	r3, #0
 3563 0066 3B62     		str	r3, [r7, #32]
1053:Drivers/STM32F4xx_HAL_Driver/Src/stm32f4xx_ll_usb.c ****     __UNALIGNED_UINT32_WRITE(&pData, USBx_DFIFO(0U));
 3564              		.loc 1 1053 5
 3565 0068 BB69     		ldr	r3, [r7, #24]
 3566 006a 03F58053 		add	r3, r3, #4096
 3567 006e 1A46     		mov	r2, r3
 3568 0070 07F11003 		add	r3, r7, #16
 3569 0074 1268     		ldr	r2, [r2]
 3570 0076 1A60     		str	r2, [r3]	@ unaligned
 3571              	.L152:
ARM GAS  C:\Users\DAELT-~1\AppData\Local\Temp\ccK7IQ4D.s 			page 82


1054:Drivers/STM32F4xx_HAL_Driver/Src/stm32f4xx_ll_usb.c **** 
1055:Drivers/STM32F4xx_HAL_Driver/Src/stm32f4xx_ll_usb.c ****     do
1056:Drivers/STM32F4xx_HAL_Driver/Src/stm32f4xx_ll_usb.c ****     {
1057:Drivers/STM32F4xx_HAL_Driver/Src/stm32f4xx_ll_usb.c ****       *(uint8_t *)pDest = (uint8_t)(pData >> (8U * (uint8_t)(i)));
 3572              		.loc 1 1057 43
 3573 0078 3A69     		ldr	r2, [r7, #16]
 3574              		.loc 1 1057 52
 3575 007a 3B6A     		ldr	r3, [r7, #32]
 3576 007c DBB2     		uxtb	r3, r3
 3577              		.loc 1 1057 50
 3578 007e DB00     		lsls	r3, r3, #3
 3579              		.loc 1 1057 43
 3580 0080 22FA03F3 		lsr	r3, r2, r3
 3581              		.loc 1 1057 27
 3582 0084 DAB2     		uxtb	r2, r3
 3583              		.loc 1 1057 25
 3584 0086 7B6A     		ldr	r3, [r7, #36]
 3585 0088 1A70     		strb	r2, [r3]
1058:Drivers/STM32F4xx_HAL_Driver/Src/stm32f4xx_ll_usb.c ****       i++;
 3586              		.loc 1 1058 8
 3587 008a 3B6A     		ldr	r3, [r7, #32]
 3588 008c 0133     		adds	r3, r3, #1
 3589 008e 3B62     		str	r3, [r7, #32]
1059:Drivers/STM32F4xx_HAL_Driver/Src/stm32f4xx_ll_usb.c ****       pDest++;
 3590              		.loc 1 1059 12
 3591 0090 7B6A     		ldr	r3, [r7, #36]
 3592 0092 0133     		adds	r3, r3, #1
 3593 0094 7B62     		str	r3, [r7, #36]
1060:Drivers/STM32F4xx_HAL_Driver/Src/stm32f4xx_ll_usb.c ****       remaining_bytes--;
 3594              		.loc 1 1060 22
 3595 0096 FB8B     		ldrh	r3, [r7, #30]
 3596 0098 013B     		subs	r3, r3, #1
 3597 009a FB83     		strh	r3, [r7, #30]	@ movhi
1061:Drivers/STM32F4xx_HAL_Driver/Src/stm32f4xx_ll_usb.c ****     } while (remaining_bytes != 0U);
 3598              		.loc 1 1061 30 discriminator 1
 3599 009c FB8B     		ldrh	r3, [r7, #30]
 3600 009e 002B     		cmp	r3, #0
 3601 00a0 EAD1     		bne	.L152
 3602              	.L151:
1062:Drivers/STM32F4xx_HAL_Driver/Src/stm32f4xx_ll_usb.c ****   }
1063:Drivers/STM32F4xx_HAL_Driver/Src/stm32f4xx_ll_usb.c **** 
1064:Drivers/STM32F4xx_HAL_Driver/Src/stm32f4xx_ll_usb.c ****   return ((void *)pDest);
 3603              		.loc 1 1064 11
 3604 00a2 7B6A     		ldr	r3, [r7, #36]
1065:Drivers/STM32F4xx_HAL_Driver/Src/stm32f4xx_ll_usb.c **** }
 3605              		.loc 1 1065 1
 3606 00a4 1846     		mov	r0, r3
 3607 00a6 2C37     		adds	r7, r7, #44
 3608              	.LCFI107:
 3609              		.cfi_def_cfa_offset 4
 3610 00a8 BD46     		mov	sp, r7
 3611              	.LCFI108:
 3612              		.cfi_def_cfa_register 13
 3613              		@ sp needed
 3614 00aa 5DF8047B 		ldr	r7, [sp], #4
 3615              	.LCFI109:
 3616              		.cfi_restore 7
ARM GAS  C:\Users\DAELT-~1\AppData\Local\Temp\ccK7IQ4D.s 			page 83


 3617              		.cfi_def_cfa_offset 0
 3618 00ae 7047     		bx	lr
 3619              		.cfi_endproc
 3620              	.LFE237:
 3622              		.section	.text.USB_EPSetStall,"ax",%progbits
 3623              		.align	1
 3624              		.global	USB_EPSetStall
 3625              		.syntax unified
 3626              		.thumb
 3627              		.thumb_func
 3629              	USB_EPSetStall:
 3630              	.LFB238:
1066:Drivers/STM32F4xx_HAL_Driver/Src/stm32f4xx_ll_usb.c **** 
1067:Drivers/STM32F4xx_HAL_Driver/Src/stm32f4xx_ll_usb.c **** /**
1068:Drivers/STM32F4xx_HAL_Driver/Src/stm32f4xx_ll_usb.c ****   * @brief  USB_EPSetStall : set a stall condition over an EP
1069:Drivers/STM32F4xx_HAL_Driver/Src/stm32f4xx_ll_usb.c ****   * @param  USBx  Selected device
1070:Drivers/STM32F4xx_HAL_Driver/Src/stm32f4xx_ll_usb.c ****   * @param  ep pointer to endpoint structure
1071:Drivers/STM32F4xx_HAL_Driver/Src/stm32f4xx_ll_usb.c ****   * @retval HAL status
1072:Drivers/STM32F4xx_HAL_Driver/Src/stm32f4xx_ll_usb.c ****   */
1073:Drivers/STM32F4xx_HAL_Driver/Src/stm32f4xx_ll_usb.c **** HAL_StatusTypeDef USB_EPSetStall(const USB_OTG_GlobalTypeDef *USBx, const USB_OTG_EPTypeDef *ep)
1074:Drivers/STM32F4xx_HAL_Driver/Src/stm32f4xx_ll_usb.c **** {
 3631              		.loc 1 1074 1
 3632              		.cfi_startproc
 3633              		@ args = 0, pretend = 0, frame = 16
 3634              		@ frame_needed = 1, uses_anonymous_args = 0
 3635              		@ link register save eliminated.
 3636 0000 80B4     		push	{r7}
 3637              	.LCFI110:
 3638              		.cfi_def_cfa_offset 4
 3639              		.cfi_offset 7, -4
 3640 0002 85B0     		sub	sp, sp, #20
 3641              	.LCFI111:
 3642              		.cfi_def_cfa_offset 24
 3643 0004 00AF     		add	r7, sp, #0
 3644              	.LCFI112:
 3645              		.cfi_def_cfa_register 7
 3646 0006 7860     		str	r0, [r7, #4]
 3647 0008 3960     		str	r1, [r7]
1075:Drivers/STM32F4xx_HAL_Driver/Src/stm32f4xx_ll_usb.c ****   uint32_t USBx_BASE = (uint32_t)USBx;
 3648              		.loc 1 1075 12
 3649 000a 7B68     		ldr	r3, [r7, #4]
 3650 000c FB60     		str	r3, [r7, #12]
1076:Drivers/STM32F4xx_HAL_Driver/Src/stm32f4xx_ll_usb.c ****   uint32_t epnum = (uint32_t)ep->num;
 3651              		.loc 1 1076 32
 3652 000e 3B68     		ldr	r3, [r7]
 3653 0010 1B78     		ldrb	r3, [r3]	@ zero_extendqisi2
 3654              		.loc 1 1076 12
 3655 0012 BB60     		str	r3, [r7, #8]
1077:Drivers/STM32F4xx_HAL_Driver/Src/stm32f4xx_ll_usb.c **** 
1078:Drivers/STM32F4xx_HAL_Driver/Src/stm32f4xx_ll_usb.c ****   if (ep->is_in == 1U)
 3656              		.loc 1 1078 9
 3657 0014 3B68     		ldr	r3, [r7]
 3658 0016 5B78     		ldrb	r3, [r3, #1]	@ zero_extendqisi2
 3659              		.loc 1 1078 6
 3660 0018 012B     		cmp	r3, #1
 3661 001a 2CD1     		bne	.L155
1079:Drivers/STM32F4xx_HAL_Driver/Src/stm32f4xx_ll_usb.c ****   {
ARM GAS  C:\Users\DAELT-~1\AppData\Local\Temp\ccK7IQ4D.s 			page 84


1080:Drivers/STM32F4xx_HAL_Driver/Src/stm32f4xx_ll_usb.c ****     if (((USBx_INEP(epnum)->DIEPCTL & USB_OTG_DIEPCTL_EPENA) == 0U) && (epnum != 0U))
 3662              		.loc 1 1080 11
 3663 001c BB68     		ldr	r3, [r7, #8]
 3664 001e 5A01     		lsls	r2, r3, #5
 3665 0020 FB68     		ldr	r3, [r7, #12]
 3666 0022 1344     		add	r3, r3, r2
 3667 0024 03F51063 		add	r3, r3, #2304
 3668              		.loc 1 1080 27
 3669 0028 1B68     		ldr	r3, [r3]
 3670              		.loc 1 1080 8
 3671 002a 002B     		cmp	r3, #0
 3672 002c 12DB     		blt	.L156
 3673              		.loc 1 1080 69 discriminator 1
 3674 002e BB68     		ldr	r3, [r7, #8]
 3675 0030 002B     		cmp	r3, #0
 3676 0032 0FD0     		beq	.L156
1081:Drivers/STM32F4xx_HAL_Driver/Src/stm32f4xx_ll_usb.c ****     {
1082:Drivers/STM32F4xx_HAL_Driver/Src/stm32f4xx_ll_usb.c ****       USBx_INEP(epnum)->DIEPCTL &= ~(USB_OTG_DIEPCTL_EPDIS);
 3677              		.loc 1 1082 23
 3678 0034 BB68     		ldr	r3, [r7, #8]
 3679 0036 5A01     		lsls	r2, r3, #5
 3680 0038 FB68     		ldr	r3, [r7, #12]
 3681 003a 1344     		add	r3, r3, r2
 3682 003c 03F51063 		add	r3, r3, #2304
 3683 0040 1B68     		ldr	r3, [r3]
 3684 0042 BA68     		ldr	r2, [r7, #8]
 3685 0044 5101     		lsls	r1, r2, #5
 3686 0046 FA68     		ldr	r2, [r7, #12]
 3687 0048 0A44     		add	r2, r2, r1
 3688 004a 02F51062 		add	r2, r2, #2304
 3689              		.loc 1 1082 33
 3690 004e 23F08043 		bic	r3, r3, #1073741824
 3691 0052 1360     		str	r3, [r2]
 3692              	.L156:
1083:Drivers/STM32F4xx_HAL_Driver/Src/stm32f4xx_ll_usb.c ****     }
1084:Drivers/STM32F4xx_HAL_Driver/Src/stm32f4xx_ll_usb.c ****     USBx_INEP(epnum)->DIEPCTL |= USB_OTG_DIEPCTL_STALL;
 3693              		.loc 1 1084 21
 3694 0054 BB68     		ldr	r3, [r7, #8]
 3695 0056 5A01     		lsls	r2, r3, #5
 3696 0058 FB68     		ldr	r3, [r7, #12]
 3697 005a 1344     		add	r3, r3, r2
 3698 005c 03F51063 		add	r3, r3, #2304
 3699 0060 1B68     		ldr	r3, [r3]
 3700 0062 BA68     		ldr	r2, [r7, #8]
 3701 0064 5101     		lsls	r1, r2, #5
 3702 0066 FA68     		ldr	r2, [r7, #12]
 3703 0068 0A44     		add	r2, r2, r1
 3704 006a 02F51062 		add	r2, r2, #2304
 3705              		.loc 1 1084 31
 3706 006e 43F40013 		orr	r3, r3, #2097152
 3707 0072 1360     		str	r3, [r2]
 3708 0074 2BE0     		b	.L157
 3709              	.L155:
1085:Drivers/STM32F4xx_HAL_Driver/Src/stm32f4xx_ll_usb.c ****   }
1086:Drivers/STM32F4xx_HAL_Driver/Src/stm32f4xx_ll_usb.c ****   else
1087:Drivers/STM32F4xx_HAL_Driver/Src/stm32f4xx_ll_usb.c ****   {
1088:Drivers/STM32F4xx_HAL_Driver/Src/stm32f4xx_ll_usb.c ****     if (((USBx_OUTEP(epnum)->DOEPCTL & USB_OTG_DOEPCTL_EPENA) == 0U) && (epnum != 0U))
ARM GAS  C:\Users\DAELT-~1\AppData\Local\Temp\ccK7IQ4D.s 			page 85


 3710              		.loc 1 1088 11
 3711 0076 BB68     		ldr	r3, [r7, #8]
 3712 0078 5A01     		lsls	r2, r3, #5
 3713 007a FB68     		ldr	r3, [r7, #12]
 3714 007c 1344     		add	r3, r3, r2
 3715 007e 03F53063 		add	r3, r3, #2816
 3716              		.loc 1 1088 28
 3717 0082 1B68     		ldr	r3, [r3]
 3718              		.loc 1 1088 8
 3719 0084 002B     		cmp	r3, #0
 3720 0086 12DB     		blt	.L158
 3721              		.loc 1 1088 70 discriminator 1
 3722 0088 BB68     		ldr	r3, [r7, #8]
 3723 008a 002B     		cmp	r3, #0
 3724 008c 0FD0     		beq	.L158
1089:Drivers/STM32F4xx_HAL_Driver/Src/stm32f4xx_ll_usb.c ****     {
1090:Drivers/STM32F4xx_HAL_Driver/Src/stm32f4xx_ll_usb.c ****       USBx_OUTEP(epnum)->DOEPCTL &= ~(USB_OTG_DOEPCTL_EPDIS);
 3725              		.loc 1 1090 24
 3726 008e BB68     		ldr	r3, [r7, #8]
 3727 0090 5A01     		lsls	r2, r3, #5
 3728 0092 FB68     		ldr	r3, [r7, #12]
 3729 0094 1344     		add	r3, r3, r2
 3730 0096 03F53063 		add	r3, r3, #2816
 3731 009a 1B68     		ldr	r3, [r3]
 3732 009c BA68     		ldr	r2, [r7, #8]
 3733 009e 5101     		lsls	r1, r2, #5
 3734 00a0 FA68     		ldr	r2, [r7, #12]
 3735 00a2 0A44     		add	r2, r2, r1
 3736 00a4 02F53062 		add	r2, r2, #2816
 3737              		.loc 1 1090 34
 3738 00a8 23F08043 		bic	r3, r3, #1073741824
 3739 00ac 1360     		str	r3, [r2]
 3740              	.L158:
1091:Drivers/STM32F4xx_HAL_Driver/Src/stm32f4xx_ll_usb.c ****     }
1092:Drivers/STM32F4xx_HAL_Driver/Src/stm32f4xx_ll_usb.c ****     USBx_OUTEP(epnum)->DOEPCTL |= USB_OTG_DOEPCTL_STALL;
 3741              		.loc 1 1092 22
 3742 00ae BB68     		ldr	r3, [r7, #8]
 3743 00b0 5A01     		lsls	r2, r3, #5
 3744 00b2 FB68     		ldr	r3, [r7, #12]
 3745 00b4 1344     		add	r3, r3, r2
 3746 00b6 03F53063 		add	r3, r3, #2816
 3747 00ba 1B68     		ldr	r3, [r3]
 3748 00bc BA68     		ldr	r2, [r7, #8]
 3749 00be 5101     		lsls	r1, r2, #5
 3750 00c0 FA68     		ldr	r2, [r7, #12]
 3751 00c2 0A44     		add	r2, r2, r1
 3752 00c4 02F53062 		add	r2, r2, #2816
 3753              		.loc 1 1092 32
 3754 00c8 43F40013 		orr	r3, r3, #2097152
 3755 00cc 1360     		str	r3, [r2]
 3756              	.L157:
1093:Drivers/STM32F4xx_HAL_Driver/Src/stm32f4xx_ll_usb.c ****   }
1094:Drivers/STM32F4xx_HAL_Driver/Src/stm32f4xx_ll_usb.c **** 
1095:Drivers/STM32F4xx_HAL_Driver/Src/stm32f4xx_ll_usb.c ****   return HAL_OK;
 3757              		.loc 1 1095 10
 3758 00ce 0023     		movs	r3, #0
1096:Drivers/STM32F4xx_HAL_Driver/Src/stm32f4xx_ll_usb.c **** }
ARM GAS  C:\Users\DAELT-~1\AppData\Local\Temp\ccK7IQ4D.s 			page 86


 3759              		.loc 1 1096 1
 3760 00d0 1846     		mov	r0, r3
 3761 00d2 1437     		adds	r7, r7, #20
 3762              	.LCFI113:
 3763              		.cfi_def_cfa_offset 4
 3764 00d4 BD46     		mov	sp, r7
 3765              	.LCFI114:
 3766              		.cfi_def_cfa_register 13
 3767              		@ sp needed
 3768 00d6 5DF8047B 		ldr	r7, [sp], #4
 3769              	.LCFI115:
 3770              		.cfi_restore 7
 3771              		.cfi_def_cfa_offset 0
 3772 00da 7047     		bx	lr
 3773              		.cfi_endproc
 3774              	.LFE238:
 3776              		.section	.text.USB_EPClearStall,"ax",%progbits
 3777              		.align	1
 3778              		.global	USB_EPClearStall
 3779              		.syntax unified
 3780              		.thumb
 3781              		.thumb_func
 3783              	USB_EPClearStall:
 3784              	.LFB239:
1097:Drivers/STM32F4xx_HAL_Driver/Src/stm32f4xx_ll_usb.c **** 
1098:Drivers/STM32F4xx_HAL_Driver/Src/stm32f4xx_ll_usb.c **** /**
1099:Drivers/STM32F4xx_HAL_Driver/Src/stm32f4xx_ll_usb.c ****   * @brief  USB_EPClearStall : Clear a stall condition over an EP
1100:Drivers/STM32F4xx_HAL_Driver/Src/stm32f4xx_ll_usb.c ****   * @param  USBx  Selected device
1101:Drivers/STM32F4xx_HAL_Driver/Src/stm32f4xx_ll_usb.c ****   * @param  ep pointer to endpoint structure
1102:Drivers/STM32F4xx_HAL_Driver/Src/stm32f4xx_ll_usb.c ****   * @retval HAL status
1103:Drivers/STM32F4xx_HAL_Driver/Src/stm32f4xx_ll_usb.c ****   */
1104:Drivers/STM32F4xx_HAL_Driver/Src/stm32f4xx_ll_usb.c **** HAL_StatusTypeDef USB_EPClearStall(const USB_OTG_GlobalTypeDef *USBx, const USB_OTG_EPTypeDef *ep)
1105:Drivers/STM32F4xx_HAL_Driver/Src/stm32f4xx_ll_usb.c **** {
 3785              		.loc 1 1105 1
 3786              		.cfi_startproc
 3787              		@ args = 0, pretend = 0, frame = 16
 3788              		@ frame_needed = 1, uses_anonymous_args = 0
 3789              		@ link register save eliminated.
 3790 0000 80B4     		push	{r7}
 3791              	.LCFI116:
 3792              		.cfi_def_cfa_offset 4
 3793              		.cfi_offset 7, -4
 3794 0002 85B0     		sub	sp, sp, #20
 3795              	.LCFI117:
 3796              		.cfi_def_cfa_offset 24
 3797 0004 00AF     		add	r7, sp, #0
 3798              	.LCFI118:
 3799              		.cfi_def_cfa_register 7
 3800 0006 7860     		str	r0, [r7, #4]
 3801 0008 3960     		str	r1, [r7]
1106:Drivers/STM32F4xx_HAL_Driver/Src/stm32f4xx_ll_usb.c ****   uint32_t USBx_BASE = (uint32_t)USBx;
 3802              		.loc 1 1106 12
 3803 000a 7B68     		ldr	r3, [r7, #4]
 3804 000c FB60     		str	r3, [r7, #12]
1107:Drivers/STM32F4xx_HAL_Driver/Src/stm32f4xx_ll_usb.c ****   uint32_t epnum = (uint32_t)ep->num;
 3805              		.loc 1 1107 32
 3806 000e 3B68     		ldr	r3, [r7]
ARM GAS  C:\Users\DAELT-~1\AppData\Local\Temp\ccK7IQ4D.s 			page 87


 3807 0010 1B78     		ldrb	r3, [r3]	@ zero_extendqisi2
 3808              		.loc 1 1107 12
 3809 0012 BB60     		str	r3, [r7, #8]
1108:Drivers/STM32F4xx_HAL_Driver/Src/stm32f4xx_ll_usb.c **** 
1109:Drivers/STM32F4xx_HAL_Driver/Src/stm32f4xx_ll_usb.c ****   if (ep->is_in == 1U)
 3810              		.loc 1 1109 9
 3811 0014 3B68     		ldr	r3, [r7]
 3812 0016 5B78     		ldrb	r3, [r3, #1]	@ zero_extendqisi2
 3813              		.loc 1 1109 6
 3814 0018 012B     		cmp	r3, #1
 3815 001a 28D1     		bne	.L161
1110:Drivers/STM32F4xx_HAL_Driver/Src/stm32f4xx_ll_usb.c ****   {
1111:Drivers/STM32F4xx_HAL_Driver/Src/stm32f4xx_ll_usb.c ****     USBx_INEP(epnum)->DIEPCTL &= ~USB_OTG_DIEPCTL_STALL;
 3816              		.loc 1 1111 21
 3817 001c BB68     		ldr	r3, [r7, #8]
 3818 001e 5A01     		lsls	r2, r3, #5
 3819 0020 FB68     		ldr	r3, [r7, #12]
 3820 0022 1344     		add	r3, r3, r2
 3821 0024 03F51063 		add	r3, r3, #2304
 3822 0028 1B68     		ldr	r3, [r3]
 3823 002a BA68     		ldr	r2, [r7, #8]
 3824 002c 5101     		lsls	r1, r2, #5
 3825 002e FA68     		ldr	r2, [r7, #12]
 3826 0030 0A44     		add	r2, r2, r1
 3827 0032 02F51062 		add	r2, r2, #2304
 3828              		.loc 1 1111 31
 3829 0036 23F40013 		bic	r3, r3, #2097152
 3830 003a 1360     		str	r3, [r2]
1112:Drivers/STM32F4xx_HAL_Driver/Src/stm32f4xx_ll_usb.c ****     if ((ep->type == EP_TYPE_INTR) || (ep->type == EP_TYPE_BULK))
 3831              		.loc 1 1112 12
 3832 003c 3B68     		ldr	r3, [r7]
 3833 003e 1B79     		ldrb	r3, [r3, #4]	@ zero_extendqisi2
 3834              		.loc 1 1112 8
 3835 0040 032B     		cmp	r3, #3
 3836 0042 03D0     		beq	.L162
 3837              		.loc 1 1112 42 discriminator 1
 3838 0044 3B68     		ldr	r3, [r7]
 3839 0046 1B79     		ldrb	r3, [r3, #4]	@ zero_extendqisi2
 3840              		.loc 1 1112 36 discriminator 1
 3841 0048 022B     		cmp	r3, #2
 3842 004a 38D1     		bne	.L163
 3843              	.L162:
1113:Drivers/STM32F4xx_HAL_Driver/Src/stm32f4xx_ll_usb.c ****     {
1114:Drivers/STM32F4xx_HAL_Driver/Src/stm32f4xx_ll_usb.c ****       USBx_INEP(epnum)->DIEPCTL |= USB_OTG_DIEPCTL_SD0PID_SEVNFRM; /* DATA0 */
 3844              		.loc 1 1114 23
 3845 004c BB68     		ldr	r3, [r7, #8]
 3846 004e 5A01     		lsls	r2, r3, #5
 3847 0050 FB68     		ldr	r3, [r7, #12]
 3848 0052 1344     		add	r3, r3, r2
 3849 0054 03F51063 		add	r3, r3, #2304
 3850 0058 1B68     		ldr	r3, [r3]
 3851 005a BA68     		ldr	r2, [r7, #8]
 3852 005c 5101     		lsls	r1, r2, #5
 3853 005e FA68     		ldr	r2, [r7, #12]
 3854 0060 0A44     		add	r2, r2, r1
 3855 0062 02F51062 		add	r2, r2, #2304
 3856              		.loc 1 1114 33
ARM GAS  C:\Users\DAELT-~1\AppData\Local\Temp\ccK7IQ4D.s 			page 88


 3857 0066 43F08053 		orr	r3, r3, #268435456
 3858 006a 1360     		str	r3, [r2]
 3859 006c 27E0     		b	.L163
 3860              	.L161:
1115:Drivers/STM32F4xx_HAL_Driver/Src/stm32f4xx_ll_usb.c ****     }
1116:Drivers/STM32F4xx_HAL_Driver/Src/stm32f4xx_ll_usb.c ****   }
1117:Drivers/STM32F4xx_HAL_Driver/Src/stm32f4xx_ll_usb.c ****   else
1118:Drivers/STM32F4xx_HAL_Driver/Src/stm32f4xx_ll_usb.c ****   {
1119:Drivers/STM32F4xx_HAL_Driver/Src/stm32f4xx_ll_usb.c ****     USBx_OUTEP(epnum)->DOEPCTL &= ~USB_OTG_DOEPCTL_STALL;
 3861              		.loc 1 1119 22
 3862 006e BB68     		ldr	r3, [r7, #8]
 3863 0070 5A01     		lsls	r2, r3, #5
 3864 0072 FB68     		ldr	r3, [r7, #12]
 3865 0074 1344     		add	r3, r3, r2
 3866 0076 03F53063 		add	r3, r3, #2816
 3867 007a 1B68     		ldr	r3, [r3]
 3868 007c BA68     		ldr	r2, [r7, #8]
 3869 007e 5101     		lsls	r1, r2, #5
 3870 0080 FA68     		ldr	r2, [r7, #12]
 3871 0082 0A44     		add	r2, r2, r1
 3872 0084 02F53062 		add	r2, r2, #2816
 3873              		.loc 1 1119 32
 3874 0088 23F40013 		bic	r3, r3, #2097152
 3875 008c 1360     		str	r3, [r2]
1120:Drivers/STM32F4xx_HAL_Driver/Src/stm32f4xx_ll_usb.c ****     if ((ep->type == EP_TYPE_INTR) || (ep->type == EP_TYPE_BULK))
 3876              		.loc 1 1120 12
 3877 008e 3B68     		ldr	r3, [r7]
 3878 0090 1B79     		ldrb	r3, [r3, #4]	@ zero_extendqisi2
 3879              		.loc 1 1120 8
 3880 0092 032B     		cmp	r3, #3
 3881 0094 03D0     		beq	.L164
 3882              		.loc 1 1120 42 discriminator 1
 3883 0096 3B68     		ldr	r3, [r7]
 3884 0098 1B79     		ldrb	r3, [r3, #4]	@ zero_extendqisi2
 3885              		.loc 1 1120 36 discriminator 1
 3886 009a 022B     		cmp	r3, #2
 3887 009c 0FD1     		bne	.L163
 3888              	.L164:
1121:Drivers/STM32F4xx_HAL_Driver/Src/stm32f4xx_ll_usb.c ****     {
1122:Drivers/STM32F4xx_HAL_Driver/Src/stm32f4xx_ll_usb.c ****       USBx_OUTEP(epnum)->DOEPCTL |= USB_OTG_DOEPCTL_SD0PID_SEVNFRM; /* DATA0 */
 3889              		.loc 1 1122 24
 3890 009e BB68     		ldr	r3, [r7, #8]
 3891 00a0 5A01     		lsls	r2, r3, #5
 3892 00a2 FB68     		ldr	r3, [r7, #12]
 3893 00a4 1344     		add	r3, r3, r2
 3894 00a6 03F53063 		add	r3, r3, #2816
 3895 00aa 1B68     		ldr	r3, [r3]
 3896 00ac BA68     		ldr	r2, [r7, #8]
 3897 00ae 5101     		lsls	r1, r2, #5
 3898 00b0 FA68     		ldr	r2, [r7, #12]
 3899 00b2 0A44     		add	r2, r2, r1
 3900 00b4 02F53062 		add	r2, r2, #2816
 3901              		.loc 1 1122 34
 3902 00b8 43F08053 		orr	r3, r3, #268435456
 3903 00bc 1360     		str	r3, [r2]
 3904              	.L163:
1123:Drivers/STM32F4xx_HAL_Driver/Src/stm32f4xx_ll_usb.c ****     }
ARM GAS  C:\Users\DAELT-~1\AppData\Local\Temp\ccK7IQ4D.s 			page 89


1124:Drivers/STM32F4xx_HAL_Driver/Src/stm32f4xx_ll_usb.c ****   }
1125:Drivers/STM32F4xx_HAL_Driver/Src/stm32f4xx_ll_usb.c ****   return HAL_OK;
 3905              		.loc 1 1125 10
 3906 00be 0023     		movs	r3, #0
1126:Drivers/STM32F4xx_HAL_Driver/Src/stm32f4xx_ll_usb.c **** }
 3907              		.loc 1 1126 1
 3908 00c0 1846     		mov	r0, r3
 3909 00c2 1437     		adds	r7, r7, #20
 3910              	.LCFI119:
 3911              		.cfi_def_cfa_offset 4
 3912 00c4 BD46     		mov	sp, r7
 3913              	.LCFI120:
 3914              		.cfi_def_cfa_register 13
 3915              		@ sp needed
 3916 00c6 5DF8047B 		ldr	r7, [sp], #4
 3917              	.LCFI121:
 3918              		.cfi_restore 7
 3919              		.cfi_def_cfa_offset 0
 3920 00ca 7047     		bx	lr
 3921              		.cfi_endproc
 3922              	.LFE239:
 3924              		.section	.text.USB_StopDevice,"ax",%progbits
 3925              		.align	1
 3926              		.global	USB_StopDevice
 3927              		.syntax unified
 3928              		.thumb
 3929              		.thumb_func
 3931              	USB_StopDevice:
 3932              	.LFB240:
1127:Drivers/STM32F4xx_HAL_Driver/Src/stm32f4xx_ll_usb.c **** 
1128:Drivers/STM32F4xx_HAL_Driver/Src/stm32f4xx_ll_usb.c **** /**
1129:Drivers/STM32F4xx_HAL_Driver/Src/stm32f4xx_ll_usb.c ****   * @brief  USB_StopDevice : Stop the usb device mode
1130:Drivers/STM32F4xx_HAL_Driver/Src/stm32f4xx_ll_usb.c ****   * @param  USBx  Selected device
1131:Drivers/STM32F4xx_HAL_Driver/Src/stm32f4xx_ll_usb.c ****   * @retval HAL status
1132:Drivers/STM32F4xx_HAL_Driver/Src/stm32f4xx_ll_usb.c ****   */
1133:Drivers/STM32F4xx_HAL_Driver/Src/stm32f4xx_ll_usb.c **** HAL_StatusTypeDef USB_StopDevice(USB_OTG_GlobalTypeDef *USBx)
1134:Drivers/STM32F4xx_HAL_Driver/Src/stm32f4xx_ll_usb.c **** {
 3933              		.loc 1 1134 1
 3934              		.cfi_startproc
 3935              		@ args = 0, pretend = 0, frame = 24
 3936              		@ frame_needed = 1, uses_anonymous_args = 0
 3937 0000 80B5     		push	{r7, lr}
 3938              	.LCFI122:
 3939              		.cfi_def_cfa_offset 8
 3940              		.cfi_offset 7, -8
 3941              		.cfi_offset 14, -4
 3942 0002 86B0     		sub	sp, sp, #24
 3943              	.LCFI123:
 3944              		.cfi_def_cfa_offset 32
 3945 0004 00AF     		add	r7, sp, #0
 3946              	.LCFI124:
 3947              		.cfi_def_cfa_register 7
 3948 0006 7860     		str	r0, [r7, #4]
1135:Drivers/STM32F4xx_HAL_Driver/Src/stm32f4xx_ll_usb.c ****   HAL_StatusTypeDef ret;
1136:Drivers/STM32F4xx_HAL_Driver/Src/stm32f4xx_ll_usb.c ****   uint32_t USBx_BASE = (uint32_t)USBx;
 3949              		.loc 1 1136 12
 3950 0008 7B68     		ldr	r3, [r7, #4]
ARM GAS  C:\Users\DAELT-~1\AppData\Local\Temp\ccK7IQ4D.s 			page 90


 3951 000a 3B61     		str	r3, [r7, #16]
1137:Drivers/STM32F4xx_HAL_Driver/Src/stm32f4xx_ll_usb.c ****   uint32_t i;
1138:Drivers/STM32F4xx_HAL_Driver/Src/stm32f4xx_ll_usb.c **** 
1139:Drivers/STM32F4xx_HAL_Driver/Src/stm32f4xx_ll_usb.c ****   /* Clear Pending interrupt */
1140:Drivers/STM32F4xx_HAL_Driver/Src/stm32f4xx_ll_usb.c ****   for (i = 0U; i < 15U; i++)
 3952              		.loc 1 1140 10
 3953 000c 0023     		movs	r3, #0
 3954 000e 7B61     		str	r3, [r7, #20]
 3955              		.loc 1 1140 3
 3956 0010 16E0     		b	.L167
 3957              	.L168:
1141:Drivers/STM32F4xx_HAL_Driver/Src/stm32f4xx_ll_usb.c ****   {
1142:Drivers/STM32F4xx_HAL_Driver/Src/stm32f4xx_ll_usb.c ****     USBx_INEP(i)->DIEPINT = 0xFB7FU;
 3958              		.loc 1 1142 5
 3959 0012 7B69     		ldr	r3, [r7, #20]
 3960 0014 5A01     		lsls	r2, r3, #5
 3961 0016 3B69     		ldr	r3, [r7, #16]
 3962 0018 1344     		add	r3, r3, r2
 3963 001a 03F51063 		add	r3, r3, #2304
 3964 001e 1A46     		mov	r2, r3
 3965              		.loc 1 1142 27
 3966 0020 4FF67F33 		movw	r3, #64383
 3967 0024 9360     		str	r3, [r2, #8]
1143:Drivers/STM32F4xx_HAL_Driver/Src/stm32f4xx_ll_usb.c ****     USBx_OUTEP(i)->DOEPINT = 0xFB7FU;
 3968              		.loc 1 1143 5
 3969 0026 7B69     		ldr	r3, [r7, #20]
 3970 0028 5A01     		lsls	r2, r3, #5
 3971 002a 3B69     		ldr	r3, [r7, #16]
 3972 002c 1344     		add	r3, r3, r2
 3973 002e 03F53063 		add	r3, r3, #2816
 3974 0032 1A46     		mov	r2, r3
 3975              		.loc 1 1143 28
 3976 0034 4FF67F33 		movw	r3, #64383
 3977 0038 9360     		str	r3, [r2, #8]
1140:Drivers/STM32F4xx_HAL_Driver/Src/stm32f4xx_ll_usb.c ****   {
 3978              		.loc 1 1140 26 discriminator 3
 3979 003a 7B69     		ldr	r3, [r7, #20]
 3980 003c 0133     		adds	r3, r3, #1
 3981 003e 7B61     		str	r3, [r7, #20]
 3982              	.L167:
1140:Drivers/STM32F4xx_HAL_Driver/Src/stm32f4xx_ll_usb.c ****   {
 3983              		.loc 1 1140 18 discriminator 1
 3984 0040 7B69     		ldr	r3, [r7, #20]
 3985 0042 0E2B     		cmp	r3, #14
 3986 0044 E5D9     		bls	.L168
1144:Drivers/STM32F4xx_HAL_Driver/Src/stm32f4xx_ll_usb.c ****   }
1145:Drivers/STM32F4xx_HAL_Driver/Src/stm32f4xx_ll_usb.c **** 
1146:Drivers/STM32F4xx_HAL_Driver/Src/stm32f4xx_ll_usb.c ****   /* Clear interrupt masks */
1147:Drivers/STM32F4xx_HAL_Driver/Src/stm32f4xx_ll_usb.c ****   USBx_DEVICE->DIEPMSK  = 0U;
 3987              		.loc 1 1147 3
 3988 0046 3B69     		ldr	r3, [r7, #16]
 3989 0048 03F50063 		add	r3, r3, #2048
 3990 004c 1A46     		mov	r2, r3
 3991              		.loc 1 1147 25
 3992 004e 0023     		movs	r3, #0
 3993 0050 1361     		str	r3, [r2, #16]
1148:Drivers/STM32F4xx_HAL_Driver/Src/stm32f4xx_ll_usb.c ****   USBx_DEVICE->DOEPMSK  = 0U;
ARM GAS  C:\Users\DAELT-~1\AppData\Local\Temp\ccK7IQ4D.s 			page 91


 3994              		.loc 1 1148 3
 3995 0052 3B69     		ldr	r3, [r7, #16]
 3996 0054 03F50063 		add	r3, r3, #2048
 3997 0058 1A46     		mov	r2, r3
 3998              		.loc 1 1148 25
 3999 005a 0023     		movs	r3, #0
 4000 005c 5361     		str	r3, [r2, #20]
1149:Drivers/STM32F4xx_HAL_Driver/Src/stm32f4xx_ll_usb.c ****   USBx_DEVICE->DAINTMSK = 0U;
 4001              		.loc 1 1149 3
 4002 005e 3B69     		ldr	r3, [r7, #16]
 4003 0060 03F50063 		add	r3, r3, #2048
 4004 0064 1A46     		mov	r2, r3
 4005              		.loc 1 1149 25
 4006 0066 0023     		movs	r3, #0
 4007 0068 D361     		str	r3, [r2, #28]
1150:Drivers/STM32F4xx_HAL_Driver/Src/stm32f4xx_ll_usb.c **** 
1151:Drivers/STM32F4xx_HAL_Driver/Src/stm32f4xx_ll_usb.c ****   /* Flush the FIFO */
1152:Drivers/STM32F4xx_HAL_Driver/Src/stm32f4xx_ll_usb.c ****   ret = USB_FlushRxFifo(USBx);
 4008              		.loc 1 1152 9
 4009 006a 7868     		ldr	r0, [r7, #4]
 4010 006c FFF7FEFF 		bl	USB_FlushRxFifo
 4011 0070 0346     		mov	r3, r0
 4012 0072 FB73     		strb	r3, [r7, #15]
1153:Drivers/STM32F4xx_HAL_Driver/Src/stm32f4xx_ll_usb.c ****   if (ret != HAL_OK)
 4013              		.loc 1 1153 6
 4014 0074 FB7B     		ldrb	r3, [r7, #15]	@ zero_extendqisi2
 4015 0076 002B     		cmp	r3, #0
 4016 0078 01D0     		beq	.L169
1154:Drivers/STM32F4xx_HAL_Driver/Src/stm32f4xx_ll_usb.c ****   {
1155:Drivers/STM32F4xx_HAL_Driver/Src/stm32f4xx_ll_usb.c ****     return ret;
 4017              		.loc 1 1155 12
 4018 007a FB7B     		ldrb	r3, [r7, #15]	@ zero_extendqisi2
 4019 007c 0BE0     		b	.L170
 4020              	.L169:
1156:Drivers/STM32F4xx_HAL_Driver/Src/stm32f4xx_ll_usb.c ****   }
1157:Drivers/STM32F4xx_HAL_Driver/Src/stm32f4xx_ll_usb.c **** 
1158:Drivers/STM32F4xx_HAL_Driver/Src/stm32f4xx_ll_usb.c ****   ret = USB_FlushTxFifo(USBx,  0x10U);
 4021              		.loc 1 1158 9
 4022 007e 1021     		movs	r1, #16
 4023 0080 7868     		ldr	r0, [r7, #4]
 4024 0082 FFF7FEFF 		bl	USB_FlushTxFifo
 4025 0086 0346     		mov	r3, r0
 4026 0088 FB73     		strb	r3, [r7, #15]
1159:Drivers/STM32F4xx_HAL_Driver/Src/stm32f4xx_ll_usb.c ****   if (ret != HAL_OK)
 4027              		.loc 1 1159 6
 4028 008a FB7B     		ldrb	r3, [r7, #15]	@ zero_extendqisi2
 4029 008c 002B     		cmp	r3, #0
 4030 008e 01D0     		beq	.L171
1160:Drivers/STM32F4xx_HAL_Driver/Src/stm32f4xx_ll_usb.c ****   {
1161:Drivers/STM32F4xx_HAL_Driver/Src/stm32f4xx_ll_usb.c ****     return ret;
 4031              		.loc 1 1161 12
 4032 0090 FB7B     		ldrb	r3, [r7, #15]	@ zero_extendqisi2
 4033 0092 00E0     		b	.L170
 4034              	.L171:
1162:Drivers/STM32F4xx_HAL_Driver/Src/stm32f4xx_ll_usb.c ****   }
1163:Drivers/STM32F4xx_HAL_Driver/Src/stm32f4xx_ll_usb.c **** 
1164:Drivers/STM32F4xx_HAL_Driver/Src/stm32f4xx_ll_usb.c ****   return ret;
ARM GAS  C:\Users\DAELT-~1\AppData\Local\Temp\ccK7IQ4D.s 			page 92


 4035              		.loc 1 1164 10
 4036 0094 FB7B     		ldrb	r3, [r7, #15]	@ zero_extendqisi2
 4037              	.L170:
1165:Drivers/STM32F4xx_HAL_Driver/Src/stm32f4xx_ll_usb.c **** }
 4038              		.loc 1 1165 1
 4039 0096 1846     		mov	r0, r3
 4040 0098 1837     		adds	r7, r7, #24
 4041              	.LCFI125:
 4042              		.cfi_def_cfa_offset 8
 4043 009a BD46     		mov	sp, r7
 4044              	.LCFI126:
 4045              		.cfi_def_cfa_register 13
 4046              		@ sp needed
 4047 009c 80BD     		pop	{r7, pc}
 4048              		.cfi_endproc
 4049              	.LFE240:
 4051              		.section	.text.USB_SetDevAddress,"ax",%progbits
 4052              		.align	1
 4053              		.global	USB_SetDevAddress
 4054              		.syntax unified
 4055              		.thumb
 4056              		.thumb_func
 4058              	USB_SetDevAddress:
 4059              	.LFB241:
1166:Drivers/STM32F4xx_HAL_Driver/Src/stm32f4xx_ll_usb.c **** 
1167:Drivers/STM32F4xx_HAL_Driver/Src/stm32f4xx_ll_usb.c **** /**
1168:Drivers/STM32F4xx_HAL_Driver/Src/stm32f4xx_ll_usb.c ****   * @brief  USB_SetDevAddress : Stop the usb device mode
1169:Drivers/STM32F4xx_HAL_Driver/Src/stm32f4xx_ll_usb.c ****   * @param  USBx  Selected device
1170:Drivers/STM32F4xx_HAL_Driver/Src/stm32f4xx_ll_usb.c ****   * @param  address  new device address to be assigned
1171:Drivers/STM32F4xx_HAL_Driver/Src/stm32f4xx_ll_usb.c ****   *          This parameter can be a value from 0 to 255
1172:Drivers/STM32F4xx_HAL_Driver/Src/stm32f4xx_ll_usb.c ****   * @retval HAL status
1173:Drivers/STM32F4xx_HAL_Driver/Src/stm32f4xx_ll_usb.c ****   */
1174:Drivers/STM32F4xx_HAL_Driver/Src/stm32f4xx_ll_usb.c **** HAL_StatusTypeDef USB_SetDevAddress(const USB_OTG_GlobalTypeDef *USBx, uint8_t address)
1175:Drivers/STM32F4xx_HAL_Driver/Src/stm32f4xx_ll_usb.c **** {
 4060              		.loc 1 1175 1
 4061              		.cfi_startproc
 4062              		@ args = 0, pretend = 0, frame = 16
 4063              		@ frame_needed = 1, uses_anonymous_args = 0
 4064              		@ link register save eliminated.
 4065 0000 80B4     		push	{r7}
 4066              	.LCFI127:
 4067              		.cfi_def_cfa_offset 4
 4068              		.cfi_offset 7, -4
 4069 0002 85B0     		sub	sp, sp, #20
 4070              	.LCFI128:
 4071              		.cfi_def_cfa_offset 24
 4072 0004 00AF     		add	r7, sp, #0
 4073              	.LCFI129:
 4074              		.cfi_def_cfa_register 7
 4075 0006 7860     		str	r0, [r7, #4]
 4076 0008 0B46     		mov	r3, r1
 4077 000a FB70     		strb	r3, [r7, #3]
1176:Drivers/STM32F4xx_HAL_Driver/Src/stm32f4xx_ll_usb.c ****   uint32_t USBx_BASE = (uint32_t)USBx;
 4078              		.loc 1 1176 12
 4079 000c 7B68     		ldr	r3, [r7, #4]
 4080 000e FB60     		str	r3, [r7, #12]
1177:Drivers/STM32F4xx_HAL_Driver/Src/stm32f4xx_ll_usb.c **** 
ARM GAS  C:\Users\DAELT-~1\AppData\Local\Temp\ccK7IQ4D.s 			page 93


1178:Drivers/STM32F4xx_HAL_Driver/Src/stm32f4xx_ll_usb.c ****   USBx_DEVICE->DCFG &= ~(USB_OTG_DCFG_DAD);
 4081              		.loc 1 1178 14
 4082 0010 FB68     		ldr	r3, [r7, #12]
 4083 0012 03F50063 		add	r3, r3, #2048
 4084 0016 1B68     		ldr	r3, [r3]
 4085 0018 FA68     		ldr	r2, [r7, #12]
 4086 001a 02F50062 		add	r2, r2, #2048
 4087              		.loc 1 1178 21
 4088 001e 23F4FE63 		bic	r3, r3, #2032
 4089 0022 1360     		str	r3, [r2]
1179:Drivers/STM32F4xx_HAL_Driver/Src/stm32f4xx_ll_usb.c ****   USBx_DEVICE->DCFG |= ((uint32_t)address << 4) & USB_OTG_DCFG_DAD;
 4090              		.loc 1 1179 14
 4091 0024 FB68     		ldr	r3, [r7, #12]
 4092 0026 03F50063 		add	r3, r3, #2048
 4093 002a 1A68     		ldr	r2, [r3]
 4094              		.loc 1 1179 25
 4095 002c FB78     		ldrb	r3, [r7, #3]	@ zero_extendqisi2
 4096              		.loc 1 1179 43
 4097 002e 1B01     		lsls	r3, r3, #4
 4098              		.loc 1 1179 49
 4099 0030 03F4FE63 		and	r3, r3, #2032
 4100              		.loc 1 1179 14
 4101 0034 F968     		ldr	r1, [r7, #12]
 4102 0036 01F50061 		add	r1, r1, #2048
 4103              		.loc 1 1179 21
 4104 003a 1343     		orrs	r3, r3, r2
 4105 003c 0B60     		str	r3, [r1]
1180:Drivers/STM32F4xx_HAL_Driver/Src/stm32f4xx_ll_usb.c **** 
1181:Drivers/STM32F4xx_HAL_Driver/Src/stm32f4xx_ll_usb.c ****   return HAL_OK;
 4106              		.loc 1 1181 10
 4107 003e 0023     		movs	r3, #0
1182:Drivers/STM32F4xx_HAL_Driver/Src/stm32f4xx_ll_usb.c **** }
 4108              		.loc 1 1182 1
 4109 0040 1846     		mov	r0, r3
 4110 0042 1437     		adds	r7, r7, #20
 4111              	.LCFI130:
 4112              		.cfi_def_cfa_offset 4
 4113 0044 BD46     		mov	sp, r7
 4114              	.LCFI131:
 4115              		.cfi_def_cfa_register 13
 4116              		@ sp needed
 4117 0046 5DF8047B 		ldr	r7, [sp], #4
 4118              	.LCFI132:
 4119              		.cfi_restore 7
 4120              		.cfi_def_cfa_offset 0
 4121 004a 7047     		bx	lr
 4122              		.cfi_endproc
 4123              	.LFE241:
 4125              		.section	.text.USB_DevConnect,"ax",%progbits
 4126              		.align	1
 4127              		.global	USB_DevConnect
 4128              		.syntax unified
 4129              		.thumb
 4130              		.thumb_func
 4132              	USB_DevConnect:
 4133              	.LFB242:
1183:Drivers/STM32F4xx_HAL_Driver/Src/stm32f4xx_ll_usb.c **** 
ARM GAS  C:\Users\DAELT-~1\AppData\Local\Temp\ccK7IQ4D.s 			page 94


1184:Drivers/STM32F4xx_HAL_Driver/Src/stm32f4xx_ll_usb.c **** /**
1185:Drivers/STM32F4xx_HAL_Driver/Src/stm32f4xx_ll_usb.c ****   * @brief  USB_DevConnect : Connect the USB device by enabling Rpu
1186:Drivers/STM32F4xx_HAL_Driver/Src/stm32f4xx_ll_usb.c ****   * @param  USBx  Selected device
1187:Drivers/STM32F4xx_HAL_Driver/Src/stm32f4xx_ll_usb.c ****   * @retval HAL status
1188:Drivers/STM32F4xx_HAL_Driver/Src/stm32f4xx_ll_usb.c ****   */
1189:Drivers/STM32F4xx_HAL_Driver/Src/stm32f4xx_ll_usb.c **** HAL_StatusTypeDef USB_DevConnect(const USB_OTG_GlobalTypeDef *USBx)
1190:Drivers/STM32F4xx_HAL_Driver/Src/stm32f4xx_ll_usb.c **** {
 4134              		.loc 1 1190 1
 4135              		.cfi_startproc
 4136              		@ args = 0, pretend = 0, frame = 16
 4137              		@ frame_needed = 1, uses_anonymous_args = 0
 4138              		@ link register save eliminated.
 4139 0000 80B4     		push	{r7}
 4140              	.LCFI133:
 4141              		.cfi_def_cfa_offset 4
 4142              		.cfi_offset 7, -4
 4143 0002 85B0     		sub	sp, sp, #20
 4144              	.LCFI134:
 4145              		.cfi_def_cfa_offset 24
 4146 0004 00AF     		add	r7, sp, #0
 4147              	.LCFI135:
 4148              		.cfi_def_cfa_register 7
 4149 0006 7860     		str	r0, [r7, #4]
1191:Drivers/STM32F4xx_HAL_Driver/Src/stm32f4xx_ll_usb.c ****   uint32_t USBx_BASE = (uint32_t)USBx;
 4150              		.loc 1 1191 12
 4151 0008 7B68     		ldr	r3, [r7, #4]
 4152 000a FB60     		str	r3, [r7, #12]
1192:Drivers/STM32F4xx_HAL_Driver/Src/stm32f4xx_ll_usb.c **** 
1193:Drivers/STM32F4xx_HAL_Driver/Src/stm32f4xx_ll_usb.c ****   /* In case phy is stopped, ensure to ungate and restore the phy CLK */
1194:Drivers/STM32F4xx_HAL_Driver/Src/stm32f4xx_ll_usb.c ****   USBx_PCGCCTL &= ~(USB_OTG_PCGCCTL_STOPCLK | USB_OTG_PCGCCTL_GATECLK);
 4153              		.loc 1 1194 3
 4154 000c FB68     		ldr	r3, [r7, #12]
 4155 000e 03F56063 		add	r3, r3, #3584
 4156 0012 1B68     		ldr	r3, [r3]
 4157 0014 FA68     		ldr	r2, [r7, #12]
 4158 0016 02F56062 		add	r2, r2, #3584
 4159              		.loc 1 1194 16
 4160 001a 23F00303 		bic	r3, r3, #3
 4161 001e 1360     		str	r3, [r2]
1195:Drivers/STM32F4xx_HAL_Driver/Src/stm32f4xx_ll_usb.c **** 
1196:Drivers/STM32F4xx_HAL_Driver/Src/stm32f4xx_ll_usb.c ****   USBx_DEVICE->DCTL &= ~USB_OTG_DCTL_SDIS;
 4162              		.loc 1 1196 14
 4163 0020 FB68     		ldr	r3, [r7, #12]
 4164 0022 03F50063 		add	r3, r3, #2048
 4165 0026 5B68     		ldr	r3, [r3, #4]
 4166 0028 FA68     		ldr	r2, [r7, #12]
 4167 002a 02F50062 		add	r2, r2, #2048
 4168              		.loc 1 1196 21
 4169 002e 23F00203 		bic	r3, r3, #2
 4170 0032 5360     		str	r3, [r2, #4]
1197:Drivers/STM32F4xx_HAL_Driver/Src/stm32f4xx_ll_usb.c **** 
1198:Drivers/STM32F4xx_HAL_Driver/Src/stm32f4xx_ll_usb.c ****   return HAL_OK;
 4171              		.loc 1 1198 10
 4172 0034 0023     		movs	r3, #0
1199:Drivers/STM32F4xx_HAL_Driver/Src/stm32f4xx_ll_usb.c **** }
 4173              		.loc 1 1199 1
 4174 0036 1846     		mov	r0, r3
ARM GAS  C:\Users\DAELT-~1\AppData\Local\Temp\ccK7IQ4D.s 			page 95


 4175 0038 1437     		adds	r7, r7, #20
 4176              	.LCFI136:
 4177              		.cfi_def_cfa_offset 4
 4178 003a BD46     		mov	sp, r7
 4179              	.LCFI137:
 4180              		.cfi_def_cfa_register 13
 4181              		@ sp needed
 4182 003c 5DF8047B 		ldr	r7, [sp], #4
 4183              	.LCFI138:
 4184              		.cfi_restore 7
 4185              		.cfi_def_cfa_offset 0
 4186 0040 7047     		bx	lr
 4187              		.cfi_endproc
 4188              	.LFE242:
 4190              		.section	.text.USB_DevDisconnect,"ax",%progbits
 4191              		.align	1
 4192              		.global	USB_DevDisconnect
 4193              		.syntax unified
 4194              		.thumb
 4195              		.thumb_func
 4197              	USB_DevDisconnect:
 4198              	.LFB243:
1200:Drivers/STM32F4xx_HAL_Driver/Src/stm32f4xx_ll_usb.c **** 
1201:Drivers/STM32F4xx_HAL_Driver/Src/stm32f4xx_ll_usb.c **** /**
1202:Drivers/STM32F4xx_HAL_Driver/Src/stm32f4xx_ll_usb.c ****   * @brief  USB_DevDisconnect : Disconnect the USB device by disabling Rpu
1203:Drivers/STM32F4xx_HAL_Driver/Src/stm32f4xx_ll_usb.c ****   * @param  USBx  Selected device
1204:Drivers/STM32F4xx_HAL_Driver/Src/stm32f4xx_ll_usb.c ****   * @retval HAL status
1205:Drivers/STM32F4xx_HAL_Driver/Src/stm32f4xx_ll_usb.c ****   */
1206:Drivers/STM32F4xx_HAL_Driver/Src/stm32f4xx_ll_usb.c **** HAL_StatusTypeDef USB_DevDisconnect(const USB_OTG_GlobalTypeDef *USBx)
1207:Drivers/STM32F4xx_HAL_Driver/Src/stm32f4xx_ll_usb.c **** {
 4199              		.loc 1 1207 1
 4200              		.cfi_startproc
 4201              		@ args = 0, pretend = 0, frame = 16
 4202              		@ frame_needed = 1, uses_anonymous_args = 0
 4203              		@ link register save eliminated.
 4204 0000 80B4     		push	{r7}
 4205              	.LCFI139:
 4206              		.cfi_def_cfa_offset 4
 4207              		.cfi_offset 7, -4
 4208 0002 85B0     		sub	sp, sp, #20
 4209              	.LCFI140:
 4210              		.cfi_def_cfa_offset 24
 4211 0004 00AF     		add	r7, sp, #0
 4212              	.LCFI141:
 4213              		.cfi_def_cfa_register 7
 4214 0006 7860     		str	r0, [r7, #4]
1208:Drivers/STM32F4xx_HAL_Driver/Src/stm32f4xx_ll_usb.c ****   uint32_t USBx_BASE = (uint32_t)USBx;
 4215              		.loc 1 1208 12
 4216 0008 7B68     		ldr	r3, [r7, #4]
 4217 000a FB60     		str	r3, [r7, #12]
1209:Drivers/STM32F4xx_HAL_Driver/Src/stm32f4xx_ll_usb.c **** 
1210:Drivers/STM32F4xx_HAL_Driver/Src/stm32f4xx_ll_usb.c ****   /* In case phy is stopped, ensure to ungate and restore the phy CLK */
1211:Drivers/STM32F4xx_HAL_Driver/Src/stm32f4xx_ll_usb.c ****   USBx_PCGCCTL &= ~(USB_OTG_PCGCCTL_STOPCLK | USB_OTG_PCGCCTL_GATECLK);
 4218              		.loc 1 1211 3
 4219 000c FB68     		ldr	r3, [r7, #12]
 4220 000e 03F56063 		add	r3, r3, #3584
 4221 0012 1B68     		ldr	r3, [r3]
ARM GAS  C:\Users\DAELT-~1\AppData\Local\Temp\ccK7IQ4D.s 			page 96


 4222 0014 FA68     		ldr	r2, [r7, #12]
 4223 0016 02F56062 		add	r2, r2, #3584
 4224              		.loc 1 1211 16
 4225 001a 23F00303 		bic	r3, r3, #3
 4226 001e 1360     		str	r3, [r2]
1212:Drivers/STM32F4xx_HAL_Driver/Src/stm32f4xx_ll_usb.c **** 
1213:Drivers/STM32F4xx_HAL_Driver/Src/stm32f4xx_ll_usb.c ****   USBx_DEVICE->DCTL |= USB_OTG_DCTL_SDIS;
 4227              		.loc 1 1213 14
 4228 0020 FB68     		ldr	r3, [r7, #12]
 4229 0022 03F50063 		add	r3, r3, #2048
 4230 0026 5B68     		ldr	r3, [r3, #4]
 4231 0028 FA68     		ldr	r2, [r7, #12]
 4232 002a 02F50062 		add	r2, r2, #2048
 4233              		.loc 1 1213 21
 4234 002e 43F00203 		orr	r3, r3, #2
 4235 0032 5360     		str	r3, [r2, #4]
1214:Drivers/STM32F4xx_HAL_Driver/Src/stm32f4xx_ll_usb.c **** 
1215:Drivers/STM32F4xx_HAL_Driver/Src/stm32f4xx_ll_usb.c ****   return HAL_OK;
 4236              		.loc 1 1215 10
 4237 0034 0023     		movs	r3, #0
1216:Drivers/STM32F4xx_HAL_Driver/Src/stm32f4xx_ll_usb.c **** }
 4238              		.loc 1 1216 1
 4239 0036 1846     		mov	r0, r3
 4240 0038 1437     		adds	r7, r7, #20
 4241              	.LCFI142:
 4242              		.cfi_def_cfa_offset 4
 4243 003a BD46     		mov	sp, r7
 4244              	.LCFI143:
 4245              		.cfi_def_cfa_register 13
 4246              		@ sp needed
 4247 003c 5DF8047B 		ldr	r7, [sp], #4
 4248              	.LCFI144:
 4249              		.cfi_restore 7
 4250              		.cfi_def_cfa_offset 0
 4251 0040 7047     		bx	lr
 4252              		.cfi_endproc
 4253              	.LFE243:
 4255              		.section	.text.USB_ReadInterrupts,"ax",%progbits
 4256              		.align	1
 4257              		.global	USB_ReadInterrupts
 4258              		.syntax unified
 4259              		.thumb
 4260              		.thumb_func
 4262              	USB_ReadInterrupts:
 4263              	.LFB244:
1217:Drivers/STM32F4xx_HAL_Driver/Src/stm32f4xx_ll_usb.c **** 
1218:Drivers/STM32F4xx_HAL_Driver/Src/stm32f4xx_ll_usb.c **** /**
1219:Drivers/STM32F4xx_HAL_Driver/Src/stm32f4xx_ll_usb.c ****   * @brief  USB_ReadInterrupts: return the global USB interrupt status
1220:Drivers/STM32F4xx_HAL_Driver/Src/stm32f4xx_ll_usb.c ****   * @param  USBx  Selected device
1221:Drivers/STM32F4xx_HAL_Driver/Src/stm32f4xx_ll_usb.c ****   * @retval USB Global Interrupt status
1222:Drivers/STM32F4xx_HAL_Driver/Src/stm32f4xx_ll_usb.c ****   */
1223:Drivers/STM32F4xx_HAL_Driver/Src/stm32f4xx_ll_usb.c **** uint32_t USB_ReadInterrupts(USB_OTG_GlobalTypeDef const *USBx)
1224:Drivers/STM32F4xx_HAL_Driver/Src/stm32f4xx_ll_usb.c **** {
 4264              		.loc 1 1224 1
 4265              		.cfi_startproc
 4266              		@ args = 0, pretend = 0, frame = 16
 4267              		@ frame_needed = 1, uses_anonymous_args = 0
ARM GAS  C:\Users\DAELT-~1\AppData\Local\Temp\ccK7IQ4D.s 			page 97


 4268              		@ link register save eliminated.
 4269 0000 80B4     		push	{r7}
 4270              	.LCFI145:
 4271              		.cfi_def_cfa_offset 4
 4272              		.cfi_offset 7, -4
 4273 0002 85B0     		sub	sp, sp, #20
 4274              	.LCFI146:
 4275              		.cfi_def_cfa_offset 24
 4276 0004 00AF     		add	r7, sp, #0
 4277              	.LCFI147:
 4278              		.cfi_def_cfa_register 7
 4279 0006 7860     		str	r0, [r7, #4]
1225:Drivers/STM32F4xx_HAL_Driver/Src/stm32f4xx_ll_usb.c ****   uint32_t tmpreg;
1226:Drivers/STM32F4xx_HAL_Driver/Src/stm32f4xx_ll_usb.c **** 
1227:Drivers/STM32F4xx_HAL_Driver/Src/stm32f4xx_ll_usb.c ****   tmpreg = USBx->GINTSTS;
 4280              		.loc 1 1227 10
 4281 0008 7B68     		ldr	r3, [r7, #4]
 4282 000a 5B69     		ldr	r3, [r3, #20]
 4283 000c FB60     		str	r3, [r7, #12]
1228:Drivers/STM32F4xx_HAL_Driver/Src/stm32f4xx_ll_usb.c ****   tmpreg &= USBx->GINTMSK;
 4284              		.loc 1 1228 17
 4285 000e 7B68     		ldr	r3, [r7, #4]
 4286 0010 9B69     		ldr	r3, [r3, #24]
 4287              		.loc 1 1228 10
 4288 0012 FA68     		ldr	r2, [r7, #12]
 4289 0014 1340     		ands	r3, r3, r2
 4290 0016 FB60     		str	r3, [r7, #12]
1229:Drivers/STM32F4xx_HAL_Driver/Src/stm32f4xx_ll_usb.c **** 
1230:Drivers/STM32F4xx_HAL_Driver/Src/stm32f4xx_ll_usb.c ****   return tmpreg;
 4291              		.loc 1 1230 10
 4292 0018 FB68     		ldr	r3, [r7, #12]
1231:Drivers/STM32F4xx_HAL_Driver/Src/stm32f4xx_ll_usb.c **** }
 4293              		.loc 1 1231 1
 4294 001a 1846     		mov	r0, r3
 4295 001c 1437     		adds	r7, r7, #20
 4296              	.LCFI148:
 4297              		.cfi_def_cfa_offset 4
 4298 001e BD46     		mov	sp, r7
 4299              	.LCFI149:
 4300              		.cfi_def_cfa_register 13
 4301              		@ sp needed
 4302 0020 5DF8047B 		ldr	r7, [sp], #4
 4303              	.LCFI150:
 4304              		.cfi_restore 7
 4305              		.cfi_def_cfa_offset 0
 4306 0024 7047     		bx	lr
 4307              		.cfi_endproc
 4308              	.LFE244:
 4310              		.section	.text.USB_ReadChInterrupts,"ax",%progbits
 4311              		.align	1
 4312              		.global	USB_ReadChInterrupts
 4313              		.syntax unified
 4314              		.thumb
 4315              		.thumb_func
 4317              	USB_ReadChInterrupts:
 4318              	.LFB245:
1232:Drivers/STM32F4xx_HAL_Driver/Src/stm32f4xx_ll_usb.c **** 
ARM GAS  C:\Users\DAELT-~1\AppData\Local\Temp\ccK7IQ4D.s 			page 98


1233:Drivers/STM32F4xx_HAL_Driver/Src/stm32f4xx_ll_usb.c **** /**
1234:Drivers/STM32F4xx_HAL_Driver/Src/stm32f4xx_ll_usb.c ****   * @brief  USB_ReadChInterrupts: return USB channel interrupt status
1235:Drivers/STM32F4xx_HAL_Driver/Src/stm32f4xx_ll_usb.c ****   * @param  USBx  Selected device
1236:Drivers/STM32F4xx_HAL_Driver/Src/stm32f4xx_ll_usb.c ****   * @param  chnum Channel number
1237:Drivers/STM32F4xx_HAL_Driver/Src/stm32f4xx_ll_usb.c ****   * @retval USB Channel Interrupt status
1238:Drivers/STM32F4xx_HAL_Driver/Src/stm32f4xx_ll_usb.c ****   */
1239:Drivers/STM32F4xx_HAL_Driver/Src/stm32f4xx_ll_usb.c **** uint32_t USB_ReadChInterrupts(const USB_OTG_GlobalTypeDef *USBx, uint8_t chnum)
1240:Drivers/STM32F4xx_HAL_Driver/Src/stm32f4xx_ll_usb.c **** {
 4319              		.loc 1 1240 1
 4320              		.cfi_startproc
 4321              		@ args = 0, pretend = 0, frame = 16
 4322              		@ frame_needed = 1, uses_anonymous_args = 0
 4323              		@ link register save eliminated.
 4324 0000 80B4     		push	{r7}
 4325              	.LCFI151:
 4326              		.cfi_def_cfa_offset 4
 4327              		.cfi_offset 7, -4
 4328 0002 85B0     		sub	sp, sp, #20
 4329              	.LCFI152:
 4330              		.cfi_def_cfa_offset 24
 4331 0004 00AF     		add	r7, sp, #0
 4332              	.LCFI153:
 4333              		.cfi_def_cfa_register 7
 4334 0006 7860     		str	r0, [r7, #4]
 4335 0008 0B46     		mov	r3, r1
 4336 000a FB70     		strb	r3, [r7, #3]
1241:Drivers/STM32F4xx_HAL_Driver/Src/stm32f4xx_ll_usb.c ****   uint32_t USBx_BASE = (uint32_t)USBx;
 4337              		.loc 1 1241 12
 4338 000c 7B68     		ldr	r3, [r7, #4]
 4339 000e FB60     		str	r3, [r7, #12]
1242:Drivers/STM32F4xx_HAL_Driver/Src/stm32f4xx_ll_usb.c ****   uint32_t tmpreg;
1243:Drivers/STM32F4xx_HAL_Driver/Src/stm32f4xx_ll_usb.c **** 
1244:Drivers/STM32F4xx_HAL_Driver/Src/stm32f4xx_ll_usb.c ****   tmpreg = USBx_HC(chnum)->HCINT;
 4340              		.loc 1 1244 12
 4341 0010 FB78     		ldrb	r3, [r7, #3]	@ zero_extendqisi2
 4342 0012 5A01     		lsls	r2, r3, #5
 4343 0014 FB68     		ldr	r3, [r7, #12]
 4344 0016 1344     		add	r3, r3, r2
 4345 0018 03F5A063 		add	r3, r3, #1280
 4346              		.loc 1 1244 10
 4347 001c 9B68     		ldr	r3, [r3, #8]
 4348 001e BB60     		str	r3, [r7, #8]
1245:Drivers/STM32F4xx_HAL_Driver/Src/stm32f4xx_ll_usb.c ****   tmpreg &= USBx_HC(chnum)->HCINTMSK;
 4349              		.loc 1 1245 13
 4350 0020 FB78     		ldrb	r3, [r7, #3]	@ zero_extendqisi2
 4351 0022 5A01     		lsls	r2, r3, #5
 4352 0024 FB68     		ldr	r3, [r7, #12]
 4353 0026 1344     		add	r3, r3, r2
 4354 0028 03F5A063 		add	r3, r3, #1280
 4355              		.loc 1 1245 27
 4356 002c DB68     		ldr	r3, [r3, #12]
 4357              		.loc 1 1245 10
 4358 002e BA68     		ldr	r2, [r7, #8]
 4359 0030 1340     		ands	r3, r3, r2
 4360 0032 BB60     		str	r3, [r7, #8]
1246:Drivers/STM32F4xx_HAL_Driver/Src/stm32f4xx_ll_usb.c **** 
1247:Drivers/STM32F4xx_HAL_Driver/Src/stm32f4xx_ll_usb.c ****   return tmpreg;
ARM GAS  C:\Users\DAELT-~1\AppData\Local\Temp\ccK7IQ4D.s 			page 99


 4361              		.loc 1 1247 10
 4362 0034 BB68     		ldr	r3, [r7, #8]
1248:Drivers/STM32F4xx_HAL_Driver/Src/stm32f4xx_ll_usb.c **** }
 4363              		.loc 1 1248 1
 4364 0036 1846     		mov	r0, r3
 4365 0038 1437     		adds	r7, r7, #20
 4366              	.LCFI154:
 4367              		.cfi_def_cfa_offset 4
 4368 003a BD46     		mov	sp, r7
 4369              	.LCFI155:
 4370              		.cfi_def_cfa_register 13
 4371              		@ sp needed
 4372 003c 5DF8047B 		ldr	r7, [sp], #4
 4373              	.LCFI156:
 4374              		.cfi_restore 7
 4375              		.cfi_def_cfa_offset 0
 4376 0040 7047     		bx	lr
 4377              		.cfi_endproc
 4378              	.LFE245:
 4380              		.section	.text.USB_ReadDevAllOutEpInterrupt,"ax",%progbits
 4381              		.align	1
 4382              		.global	USB_ReadDevAllOutEpInterrupt
 4383              		.syntax unified
 4384              		.thumb
 4385              		.thumb_func
 4387              	USB_ReadDevAllOutEpInterrupt:
 4388              	.LFB246:
1249:Drivers/STM32F4xx_HAL_Driver/Src/stm32f4xx_ll_usb.c **** 
1250:Drivers/STM32F4xx_HAL_Driver/Src/stm32f4xx_ll_usb.c **** /**
1251:Drivers/STM32F4xx_HAL_Driver/Src/stm32f4xx_ll_usb.c ****   * @brief  USB_ReadDevAllOutEpInterrupt: return the USB device OUT endpoints interrupt status
1252:Drivers/STM32F4xx_HAL_Driver/Src/stm32f4xx_ll_usb.c ****   * @param  USBx  Selected device
1253:Drivers/STM32F4xx_HAL_Driver/Src/stm32f4xx_ll_usb.c ****   * @retval USB Device OUT EP interrupt status
1254:Drivers/STM32F4xx_HAL_Driver/Src/stm32f4xx_ll_usb.c ****   */
1255:Drivers/STM32F4xx_HAL_Driver/Src/stm32f4xx_ll_usb.c **** uint32_t USB_ReadDevAllOutEpInterrupt(const USB_OTG_GlobalTypeDef *USBx)
1256:Drivers/STM32F4xx_HAL_Driver/Src/stm32f4xx_ll_usb.c **** {
 4389              		.loc 1 1256 1
 4390              		.cfi_startproc
 4391              		@ args = 0, pretend = 0, frame = 16
 4392              		@ frame_needed = 1, uses_anonymous_args = 0
 4393              		@ link register save eliminated.
 4394 0000 80B4     		push	{r7}
 4395              	.LCFI157:
 4396              		.cfi_def_cfa_offset 4
 4397              		.cfi_offset 7, -4
 4398 0002 85B0     		sub	sp, sp, #20
 4399              	.LCFI158:
 4400              		.cfi_def_cfa_offset 24
 4401 0004 00AF     		add	r7, sp, #0
 4402              	.LCFI159:
 4403              		.cfi_def_cfa_register 7
 4404 0006 7860     		str	r0, [r7, #4]
1257:Drivers/STM32F4xx_HAL_Driver/Src/stm32f4xx_ll_usb.c ****   uint32_t USBx_BASE = (uint32_t)USBx;
 4405              		.loc 1 1257 12
 4406 0008 7B68     		ldr	r3, [r7, #4]
 4407 000a FB60     		str	r3, [r7, #12]
1258:Drivers/STM32F4xx_HAL_Driver/Src/stm32f4xx_ll_usb.c ****   uint32_t tmpreg;
1259:Drivers/STM32F4xx_HAL_Driver/Src/stm32f4xx_ll_usb.c **** 
ARM GAS  C:\Users\DAELT-~1\AppData\Local\Temp\ccK7IQ4D.s 			page 100


1260:Drivers/STM32F4xx_HAL_Driver/Src/stm32f4xx_ll_usb.c ****   tmpreg  = USBx_DEVICE->DAINT;
 4408              		.loc 1 1260 13
 4409 000c FB68     		ldr	r3, [r7, #12]
 4410 000e 03F50063 		add	r3, r3, #2048
 4411              		.loc 1 1260 11
 4412 0012 9B69     		ldr	r3, [r3, #24]
 4413 0014 BB60     		str	r3, [r7, #8]
1261:Drivers/STM32F4xx_HAL_Driver/Src/stm32f4xx_ll_usb.c ****   tmpreg &= USBx_DEVICE->DAINTMSK;
 4414              		.loc 1 1261 13
 4415 0016 FB68     		ldr	r3, [r7, #12]
 4416 0018 03F50063 		add	r3, r3, #2048
 4417              		.loc 1 1261 24
 4418 001c DB69     		ldr	r3, [r3, #28]
 4419              		.loc 1 1261 10
 4420 001e BA68     		ldr	r2, [r7, #8]
 4421 0020 1340     		ands	r3, r3, r2
 4422 0022 BB60     		str	r3, [r7, #8]
1262:Drivers/STM32F4xx_HAL_Driver/Src/stm32f4xx_ll_usb.c **** 
1263:Drivers/STM32F4xx_HAL_Driver/Src/stm32f4xx_ll_usb.c ****   return ((tmpreg & 0xffff0000U) >> 16);
 4423              		.loc 1 1263 34
 4424 0024 BB68     		ldr	r3, [r7, #8]
 4425 0026 1B0C     		lsrs	r3, r3, #16
1264:Drivers/STM32F4xx_HAL_Driver/Src/stm32f4xx_ll_usb.c **** }
 4426              		.loc 1 1264 1
 4427 0028 1846     		mov	r0, r3
 4428 002a 1437     		adds	r7, r7, #20
 4429              	.LCFI160:
 4430              		.cfi_def_cfa_offset 4
 4431 002c BD46     		mov	sp, r7
 4432              	.LCFI161:
 4433              		.cfi_def_cfa_register 13
 4434              		@ sp needed
 4435 002e 5DF8047B 		ldr	r7, [sp], #4
 4436              	.LCFI162:
 4437              		.cfi_restore 7
 4438              		.cfi_def_cfa_offset 0
 4439 0032 7047     		bx	lr
 4440              		.cfi_endproc
 4441              	.LFE246:
 4443              		.section	.text.USB_ReadDevAllInEpInterrupt,"ax",%progbits
 4444              		.align	1
 4445              		.global	USB_ReadDevAllInEpInterrupt
 4446              		.syntax unified
 4447              		.thumb
 4448              		.thumb_func
 4450              	USB_ReadDevAllInEpInterrupt:
 4451              	.LFB247:
1265:Drivers/STM32F4xx_HAL_Driver/Src/stm32f4xx_ll_usb.c **** 
1266:Drivers/STM32F4xx_HAL_Driver/Src/stm32f4xx_ll_usb.c **** /**
1267:Drivers/STM32F4xx_HAL_Driver/Src/stm32f4xx_ll_usb.c ****   * @brief  USB_ReadDevAllInEpInterrupt: return the USB device IN endpoints interrupt status
1268:Drivers/STM32F4xx_HAL_Driver/Src/stm32f4xx_ll_usb.c ****   * @param  USBx  Selected device
1269:Drivers/STM32F4xx_HAL_Driver/Src/stm32f4xx_ll_usb.c ****   * @retval USB Device IN EP interrupt status
1270:Drivers/STM32F4xx_HAL_Driver/Src/stm32f4xx_ll_usb.c ****   */
1271:Drivers/STM32F4xx_HAL_Driver/Src/stm32f4xx_ll_usb.c **** uint32_t USB_ReadDevAllInEpInterrupt(const USB_OTG_GlobalTypeDef *USBx)
1272:Drivers/STM32F4xx_HAL_Driver/Src/stm32f4xx_ll_usb.c **** {
 4452              		.loc 1 1272 1
 4453              		.cfi_startproc
ARM GAS  C:\Users\DAELT-~1\AppData\Local\Temp\ccK7IQ4D.s 			page 101


 4454              		@ args = 0, pretend = 0, frame = 16
 4455              		@ frame_needed = 1, uses_anonymous_args = 0
 4456              		@ link register save eliminated.
 4457 0000 80B4     		push	{r7}
 4458              	.LCFI163:
 4459              		.cfi_def_cfa_offset 4
 4460              		.cfi_offset 7, -4
 4461 0002 85B0     		sub	sp, sp, #20
 4462              	.LCFI164:
 4463              		.cfi_def_cfa_offset 24
 4464 0004 00AF     		add	r7, sp, #0
 4465              	.LCFI165:
 4466              		.cfi_def_cfa_register 7
 4467 0006 7860     		str	r0, [r7, #4]
1273:Drivers/STM32F4xx_HAL_Driver/Src/stm32f4xx_ll_usb.c ****   uint32_t USBx_BASE = (uint32_t)USBx;
 4468              		.loc 1 1273 12
 4469 0008 7B68     		ldr	r3, [r7, #4]
 4470 000a FB60     		str	r3, [r7, #12]
1274:Drivers/STM32F4xx_HAL_Driver/Src/stm32f4xx_ll_usb.c ****   uint32_t tmpreg;
1275:Drivers/STM32F4xx_HAL_Driver/Src/stm32f4xx_ll_usb.c **** 
1276:Drivers/STM32F4xx_HAL_Driver/Src/stm32f4xx_ll_usb.c ****   tmpreg  = USBx_DEVICE->DAINT;
 4471              		.loc 1 1276 13
 4472 000c FB68     		ldr	r3, [r7, #12]
 4473 000e 03F50063 		add	r3, r3, #2048
 4474              		.loc 1 1276 11
 4475 0012 9B69     		ldr	r3, [r3, #24]
 4476 0014 BB60     		str	r3, [r7, #8]
1277:Drivers/STM32F4xx_HAL_Driver/Src/stm32f4xx_ll_usb.c ****   tmpreg &= USBx_DEVICE->DAINTMSK;
 4477              		.loc 1 1277 13
 4478 0016 FB68     		ldr	r3, [r7, #12]
 4479 0018 03F50063 		add	r3, r3, #2048
 4480              		.loc 1 1277 24
 4481 001c DB69     		ldr	r3, [r3, #28]
 4482              		.loc 1 1277 10
 4483 001e BA68     		ldr	r2, [r7, #8]
 4484 0020 1340     		ands	r3, r3, r2
 4485 0022 BB60     		str	r3, [r7, #8]
1278:Drivers/STM32F4xx_HAL_Driver/Src/stm32f4xx_ll_usb.c **** 
1279:Drivers/STM32F4xx_HAL_Driver/Src/stm32f4xx_ll_usb.c ****   return ((tmpreg & 0xFFFFU));
 4486              		.loc 1 1279 19
 4487 0024 BB68     		ldr	r3, [r7, #8]
 4488 0026 9BB2     		uxth	r3, r3
1280:Drivers/STM32F4xx_HAL_Driver/Src/stm32f4xx_ll_usb.c **** }
 4489              		.loc 1 1280 1
 4490 0028 1846     		mov	r0, r3
 4491 002a 1437     		adds	r7, r7, #20
 4492              	.LCFI166:
 4493              		.cfi_def_cfa_offset 4
 4494 002c BD46     		mov	sp, r7
 4495              	.LCFI167:
 4496              		.cfi_def_cfa_register 13
 4497              		@ sp needed
 4498 002e 5DF8047B 		ldr	r7, [sp], #4
 4499              	.LCFI168:
 4500              		.cfi_restore 7
 4501              		.cfi_def_cfa_offset 0
 4502 0032 7047     		bx	lr
ARM GAS  C:\Users\DAELT-~1\AppData\Local\Temp\ccK7IQ4D.s 			page 102


 4503              		.cfi_endproc
 4504              	.LFE247:
 4506              		.section	.text.USB_ReadDevOutEPInterrupt,"ax",%progbits
 4507              		.align	1
 4508              		.global	USB_ReadDevOutEPInterrupt
 4509              		.syntax unified
 4510              		.thumb
 4511              		.thumb_func
 4513              	USB_ReadDevOutEPInterrupt:
 4514              	.LFB248:
1281:Drivers/STM32F4xx_HAL_Driver/Src/stm32f4xx_ll_usb.c **** 
1282:Drivers/STM32F4xx_HAL_Driver/Src/stm32f4xx_ll_usb.c **** /**
1283:Drivers/STM32F4xx_HAL_Driver/Src/stm32f4xx_ll_usb.c ****   * @brief  Returns Device OUT EP Interrupt register
1284:Drivers/STM32F4xx_HAL_Driver/Src/stm32f4xx_ll_usb.c ****   * @param  USBx  Selected device
1285:Drivers/STM32F4xx_HAL_Driver/Src/stm32f4xx_ll_usb.c ****   * @param  epnum  endpoint number
1286:Drivers/STM32F4xx_HAL_Driver/Src/stm32f4xx_ll_usb.c ****   *          This parameter can be a value from 0 to 15
1287:Drivers/STM32F4xx_HAL_Driver/Src/stm32f4xx_ll_usb.c ****   * @retval Device OUT EP Interrupt register
1288:Drivers/STM32F4xx_HAL_Driver/Src/stm32f4xx_ll_usb.c ****   */
1289:Drivers/STM32F4xx_HAL_Driver/Src/stm32f4xx_ll_usb.c **** uint32_t USB_ReadDevOutEPInterrupt(const USB_OTG_GlobalTypeDef *USBx, uint8_t epnum)
1290:Drivers/STM32F4xx_HAL_Driver/Src/stm32f4xx_ll_usb.c **** {
 4515              		.loc 1 1290 1
 4516              		.cfi_startproc
 4517              		@ args = 0, pretend = 0, frame = 16
 4518              		@ frame_needed = 1, uses_anonymous_args = 0
 4519              		@ link register save eliminated.
 4520 0000 80B4     		push	{r7}
 4521              	.LCFI169:
 4522              		.cfi_def_cfa_offset 4
 4523              		.cfi_offset 7, -4
 4524 0002 85B0     		sub	sp, sp, #20
 4525              	.LCFI170:
 4526              		.cfi_def_cfa_offset 24
 4527 0004 00AF     		add	r7, sp, #0
 4528              	.LCFI171:
 4529              		.cfi_def_cfa_register 7
 4530 0006 7860     		str	r0, [r7, #4]
 4531 0008 0B46     		mov	r3, r1
 4532 000a FB70     		strb	r3, [r7, #3]
1291:Drivers/STM32F4xx_HAL_Driver/Src/stm32f4xx_ll_usb.c ****   uint32_t USBx_BASE = (uint32_t)USBx;
 4533              		.loc 1 1291 12
 4534 000c 7B68     		ldr	r3, [r7, #4]
 4535 000e FB60     		str	r3, [r7, #12]
1292:Drivers/STM32F4xx_HAL_Driver/Src/stm32f4xx_ll_usb.c ****   uint32_t tmpreg;
1293:Drivers/STM32F4xx_HAL_Driver/Src/stm32f4xx_ll_usb.c **** 
1294:Drivers/STM32F4xx_HAL_Driver/Src/stm32f4xx_ll_usb.c ****   tmpreg  = USBx_OUTEP((uint32_t)epnum)->DOEPINT;
 4536              		.loc 1 1294 13
 4537 0010 FB78     		ldrb	r3, [r7, #3]	@ zero_extendqisi2
 4538 0012 5A01     		lsls	r2, r3, #5
 4539 0014 FB68     		ldr	r3, [r7, #12]
 4540 0016 1344     		add	r3, r3, r2
 4541 0018 03F53063 		add	r3, r3, #2816
 4542              		.loc 1 1294 11
 4543 001c 9B68     		ldr	r3, [r3, #8]
 4544 001e BB60     		str	r3, [r7, #8]
1295:Drivers/STM32F4xx_HAL_Driver/Src/stm32f4xx_ll_usb.c ****   tmpreg &= USBx_DEVICE->DOEPMSK;
 4545              		.loc 1 1295 13
 4546 0020 FB68     		ldr	r3, [r7, #12]
ARM GAS  C:\Users\DAELT-~1\AppData\Local\Temp\ccK7IQ4D.s 			page 103


 4547 0022 03F50063 		add	r3, r3, #2048
 4548              		.loc 1 1295 24
 4549 0026 5B69     		ldr	r3, [r3, #20]
 4550              		.loc 1 1295 10
 4551 0028 BA68     		ldr	r2, [r7, #8]
 4552 002a 1340     		ands	r3, r3, r2
 4553 002c BB60     		str	r3, [r7, #8]
1296:Drivers/STM32F4xx_HAL_Driver/Src/stm32f4xx_ll_usb.c **** 
1297:Drivers/STM32F4xx_HAL_Driver/Src/stm32f4xx_ll_usb.c ****   return tmpreg;
 4554              		.loc 1 1297 10
 4555 002e BB68     		ldr	r3, [r7, #8]
1298:Drivers/STM32F4xx_HAL_Driver/Src/stm32f4xx_ll_usb.c **** }
 4556              		.loc 1 1298 1
 4557 0030 1846     		mov	r0, r3
 4558 0032 1437     		adds	r7, r7, #20
 4559              	.LCFI172:
 4560              		.cfi_def_cfa_offset 4
 4561 0034 BD46     		mov	sp, r7
 4562              	.LCFI173:
 4563              		.cfi_def_cfa_register 13
 4564              		@ sp needed
 4565 0036 5DF8047B 		ldr	r7, [sp], #4
 4566              	.LCFI174:
 4567              		.cfi_restore 7
 4568              		.cfi_def_cfa_offset 0
 4569 003a 7047     		bx	lr
 4570              		.cfi_endproc
 4571              	.LFE248:
 4573              		.section	.text.USB_ReadDevInEPInterrupt,"ax",%progbits
 4574              		.align	1
 4575              		.global	USB_ReadDevInEPInterrupt
 4576              		.syntax unified
 4577              		.thumb
 4578              		.thumb_func
 4580              	USB_ReadDevInEPInterrupt:
 4581              	.LFB249:
1299:Drivers/STM32F4xx_HAL_Driver/Src/stm32f4xx_ll_usb.c **** 
1300:Drivers/STM32F4xx_HAL_Driver/Src/stm32f4xx_ll_usb.c **** /**
1301:Drivers/STM32F4xx_HAL_Driver/Src/stm32f4xx_ll_usb.c ****   * @brief  Returns Device IN EP Interrupt register
1302:Drivers/STM32F4xx_HAL_Driver/Src/stm32f4xx_ll_usb.c ****   * @param  USBx  Selected device
1303:Drivers/STM32F4xx_HAL_Driver/Src/stm32f4xx_ll_usb.c ****   * @param  epnum  endpoint number
1304:Drivers/STM32F4xx_HAL_Driver/Src/stm32f4xx_ll_usb.c ****   *          This parameter can be a value from 0 to 15
1305:Drivers/STM32F4xx_HAL_Driver/Src/stm32f4xx_ll_usb.c ****   * @retval Device IN EP Interrupt register
1306:Drivers/STM32F4xx_HAL_Driver/Src/stm32f4xx_ll_usb.c ****   */
1307:Drivers/STM32F4xx_HAL_Driver/Src/stm32f4xx_ll_usb.c **** uint32_t USB_ReadDevInEPInterrupt(const USB_OTG_GlobalTypeDef *USBx, uint8_t epnum)
1308:Drivers/STM32F4xx_HAL_Driver/Src/stm32f4xx_ll_usb.c **** {
 4582              		.loc 1 1308 1
 4583              		.cfi_startproc
 4584              		@ args = 0, pretend = 0, frame = 24
 4585              		@ frame_needed = 1, uses_anonymous_args = 0
 4586              		@ link register save eliminated.
 4587 0000 80B4     		push	{r7}
 4588              	.LCFI175:
 4589              		.cfi_def_cfa_offset 4
 4590              		.cfi_offset 7, -4
 4591 0002 87B0     		sub	sp, sp, #28
 4592              	.LCFI176:
ARM GAS  C:\Users\DAELT-~1\AppData\Local\Temp\ccK7IQ4D.s 			page 104


 4593              		.cfi_def_cfa_offset 32
 4594 0004 00AF     		add	r7, sp, #0
 4595              	.LCFI177:
 4596              		.cfi_def_cfa_register 7
 4597 0006 7860     		str	r0, [r7, #4]
 4598 0008 0B46     		mov	r3, r1
 4599 000a FB70     		strb	r3, [r7, #3]
1309:Drivers/STM32F4xx_HAL_Driver/Src/stm32f4xx_ll_usb.c ****   uint32_t USBx_BASE = (uint32_t)USBx;
 4600              		.loc 1 1309 12
 4601 000c 7B68     		ldr	r3, [r7, #4]
 4602 000e 7B61     		str	r3, [r7, #20]
1310:Drivers/STM32F4xx_HAL_Driver/Src/stm32f4xx_ll_usb.c ****   uint32_t tmpreg;
1311:Drivers/STM32F4xx_HAL_Driver/Src/stm32f4xx_ll_usb.c ****   uint32_t msk;
1312:Drivers/STM32F4xx_HAL_Driver/Src/stm32f4xx_ll_usb.c ****   uint32_t emp;
1313:Drivers/STM32F4xx_HAL_Driver/Src/stm32f4xx_ll_usb.c **** 
1314:Drivers/STM32F4xx_HAL_Driver/Src/stm32f4xx_ll_usb.c ****   msk = USBx_DEVICE->DIEPMSK;
 4603              		.loc 1 1314 9
 4604 0010 7B69     		ldr	r3, [r7, #20]
 4605 0012 03F50063 		add	r3, r3, #2048
 4606              		.loc 1 1314 7
 4607 0016 1B69     		ldr	r3, [r3, #16]
 4608 0018 3B61     		str	r3, [r7, #16]
1315:Drivers/STM32F4xx_HAL_Driver/Src/stm32f4xx_ll_usb.c ****   emp = USBx_DEVICE->DIEPEMPMSK;
 4609              		.loc 1 1315 9
 4610 001a 7B69     		ldr	r3, [r7, #20]
 4611 001c 03F50063 		add	r3, r3, #2048
 4612              		.loc 1 1315 7
 4613 0020 5B6B     		ldr	r3, [r3, #52]
 4614 0022 FB60     		str	r3, [r7, #12]
1316:Drivers/STM32F4xx_HAL_Driver/Src/stm32f4xx_ll_usb.c ****   msk |= ((emp >> (epnum & EP_ADDR_MSK)) & 0x1U) << 7;
 4615              		.loc 1 1316 26
 4616 0024 FB78     		ldrb	r3, [r7, #3]	@ zero_extendqisi2
 4617 0026 03F00F03 		and	r3, r3, #15
 4618              		.loc 1 1316 16
 4619 002a FA68     		ldr	r2, [r7, #12]
 4620 002c 22FA03F3 		lsr	r3, r2, r3
 4621              		.loc 1 1316 50
 4622 0030 DB01     		lsls	r3, r3, #7
 4623 0032 DBB2     		uxtb	r3, r3
 4624              		.loc 1 1316 7
 4625 0034 3A69     		ldr	r2, [r7, #16]
 4626 0036 1343     		orrs	r3, r3, r2
 4627 0038 3B61     		str	r3, [r7, #16]
1317:Drivers/STM32F4xx_HAL_Driver/Src/stm32f4xx_ll_usb.c ****   tmpreg = USBx_INEP((uint32_t)epnum)->DIEPINT & msk;
 4628              		.loc 1 1317 12
 4629 003a FB78     		ldrb	r3, [r7, #3]	@ zero_extendqisi2
 4630 003c 5A01     		lsls	r2, r3, #5
 4631 003e 7B69     		ldr	r3, [r7, #20]
 4632 0040 1344     		add	r3, r3, r2
 4633 0042 03F51063 		add	r3, r3, #2304
 4634              		.loc 1 1317 38
 4635 0046 9B68     		ldr	r3, [r3, #8]
 4636              		.loc 1 1317 10
 4637 0048 3A69     		ldr	r2, [r7, #16]
 4638 004a 1340     		ands	r3, r3, r2
 4639 004c BB60     		str	r3, [r7, #8]
1318:Drivers/STM32F4xx_HAL_Driver/Src/stm32f4xx_ll_usb.c **** 
ARM GAS  C:\Users\DAELT-~1\AppData\Local\Temp\ccK7IQ4D.s 			page 105


1319:Drivers/STM32F4xx_HAL_Driver/Src/stm32f4xx_ll_usb.c ****   return tmpreg;
 4640              		.loc 1 1319 10
 4641 004e BB68     		ldr	r3, [r7, #8]
1320:Drivers/STM32F4xx_HAL_Driver/Src/stm32f4xx_ll_usb.c **** }
 4642              		.loc 1 1320 1
 4643 0050 1846     		mov	r0, r3
 4644 0052 1C37     		adds	r7, r7, #28
 4645              	.LCFI178:
 4646              		.cfi_def_cfa_offset 4
 4647 0054 BD46     		mov	sp, r7
 4648              	.LCFI179:
 4649              		.cfi_def_cfa_register 13
 4650              		@ sp needed
 4651 0056 5DF8047B 		ldr	r7, [sp], #4
 4652              	.LCFI180:
 4653              		.cfi_restore 7
 4654              		.cfi_def_cfa_offset 0
 4655 005a 7047     		bx	lr
 4656              		.cfi_endproc
 4657              	.LFE249:
 4659              		.section	.text.USB_ClearInterrupts,"ax",%progbits
 4660              		.align	1
 4661              		.global	USB_ClearInterrupts
 4662              		.syntax unified
 4663              		.thumb
 4664              		.thumb_func
 4666              	USB_ClearInterrupts:
 4667              	.LFB250:
1321:Drivers/STM32F4xx_HAL_Driver/Src/stm32f4xx_ll_usb.c **** 
1322:Drivers/STM32F4xx_HAL_Driver/Src/stm32f4xx_ll_usb.c **** /**
1323:Drivers/STM32F4xx_HAL_Driver/Src/stm32f4xx_ll_usb.c ****   * @brief  USB_ClearInterrupts: clear a USB interrupt
1324:Drivers/STM32F4xx_HAL_Driver/Src/stm32f4xx_ll_usb.c ****   * @param  USBx  Selected device
1325:Drivers/STM32F4xx_HAL_Driver/Src/stm32f4xx_ll_usb.c ****   * @param  interrupt  flag
1326:Drivers/STM32F4xx_HAL_Driver/Src/stm32f4xx_ll_usb.c ****   * @retval None
1327:Drivers/STM32F4xx_HAL_Driver/Src/stm32f4xx_ll_usb.c ****   */
1328:Drivers/STM32F4xx_HAL_Driver/Src/stm32f4xx_ll_usb.c **** void  USB_ClearInterrupts(USB_OTG_GlobalTypeDef *USBx, uint32_t interrupt)
1329:Drivers/STM32F4xx_HAL_Driver/Src/stm32f4xx_ll_usb.c **** {
 4668              		.loc 1 1329 1
 4669              		.cfi_startproc
 4670              		@ args = 0, pretend = 0, frame = 8
 4671              		@ frame_needed = 1, uses_anonymous_args = 0
 4672              		@ link register save eliminated.
 4673 0000 80B4     		push	{r7}
 4674              	.LCFI181:
 4675              		.cfi_def_cfa_offset 4
 4676              		.cfi_offset 7, -4
 4677 0002 83B0     		sub	sp, sp, #12
 4678              	.LCFI182:
 4679              		.cfi_def_cfa_offset 16
 4680 0004 00AF     		add	r7, sp, #0
 4681              	.LCFI183:
 4682              		.cfi_def_cfa_register 7
 4683 0006 7860     		str	r0, [r7, #4]
 4684 0008 3960     		str	r1, [r7]
1330:Drivers/STM32F4xx_HAL_Driver/Src/stm32f4xx_ll_usb.c ****   USBx->GINTSTS &= interrupt;
 4685              		.loc 1 1330 7
 4686 000a 7B68     		ldr	r3, [r7, #4]
ARM GAS  C:\Users\DAELT-~1\AppData\Local\Temp\ccK7IQ4D.s 			page 106


 4687 000c 5A69     		ldr	r2, [r3, #20]
 4688              		.loc 1 1330 17
 4689 000e 3B68     		ldr	r3, [r7]
 4690 0010 1A40     		ands	r2, r2, r3
 4691 0012 7B68     		ldr	r3, [r7, #4]
 4692 0014 5A61     		str	r2, [r3, #20]
1331:Drivers/STM32F4xx_HAL_Driver/Src/stm32f4xx_ll_usb.c **** }
 4693              		.loc 1 1331 1
 4694 0016 00BF     		nop
 4695 0018 0C37     		adds	r7, r7, #12
 4696              	.LCFI184:
 4697              		.cfi_def_cfa_offset 4
 4698 001a BD46     		mov	sp, r7
 4699              	.LCFI185:
 4700              		.cfi_def_cfa_register 13
 4701              		@ sp needed
 4702 001c 5DF8047B 		ldr	r7, [sp], #4
 4703              	.LCFI186:
 4704              		.cfi_restore 7
 4705              		.cfi_def_cfa_offset 0
 4706 0020 7047     		bx	lr
 4707              		.cfi_endproc
 4708              	.LFE250:
 4710              		.section	.text.USB_GetMode,"ax",%progbits
 4711              		.align	1
 4712              		.global	USB_GetMode
 4713              		.syntax unified
 4714              		.thumb
 4715              		.thumb_func
 4717              	USB_GetMode:
 4718              	.LFB251:
1332:Drivers/STM32F4xx_HAL_Driver/Src/stm32f4xx_ll_usb.c **** 
1333:Drivers/STM32F4xx_HAL_Driver/Src/stm32f4xx_ll_usb.c **** /**
1334:Drivers/STM32F4xx_HAL_Driver/Src/stm32f4xx_ll_usb.c ****   * @brief  Returns USB core mode
1335:Drivers/STM32F4xx_HAL_Driver/Src/stm32f4xx_ll_usb.c ****   * @param  USBx  Selected device
1336:Drivers/STM32F4xx_HAL_Driver/Src/stm32f4xx_ll_usb.c ****   * @retval return core mode : Host or Device
1337:Drivers/STM32F4xx_HAL_Driver/Src/stm32f4xx_ll_usb.c ****   *          This parameter can be one of these values:
1338:Drivers/STM32F4xx_HAL_Driver/Src/stm32f4xx_ll_usb.c ****   *           1 : Host
1339:Drivers/STM32F4xx_HAL_Driver/Src/stm32f4xx_ll_usb.c ****   *           0 : Device
1340:Drivers/STM32F4xx_HAL_Driver/Src/stm32f4xx_ll_usb.c ****   */
1341:Drivers/STM32F4xx_HAL_Driver/Src/stm32f4xx_ll_usb.c **** uint32_t USB_GetMode(const USB_OTG_GlobalTypeDef *USBx)
1342:Drivers/STM32F4xx_HAL_Driver/Src/stm32f4xx_ll_usb.c **** {
 4719              		.loc 1 1342 1
 4720              		.cfi_startproc
 4721              		@ args = 0, pretend = 0, frame = 8
 4722              		@ frame_needed = 1, uses_anonymous_args = 0
 4723              		@ link register save eliminated.
 4724 0000 80B4     		push	{r7}
 4725              	.LCFI187:
 4726              		.cfi_def_cfa_offset 4
 4727              		.cfi_offset 7, -4
 4728 0002 83B0     		sub	sp, sp, #12
 4729              	.LCFI188:
 4730              		.cfi_def_cfa_offset 16
 4731 0004 00AF     		add	r7, sp, #0
 4732              	.LCFI189:
 4733              		.cfi_def_cfa_register 7
ARM GAS  C:\Users\DAELT-~1\AppData\Local\Temp\ccK7IQ4D.s 			page 107


 4734 0006 7860     		str	r0, [r7, #4]
1343:Drivers/STM32F4xx_HAL_Driver/Src/stm32f4xx_ll_usb.c ****   return ((USBx->GINTSTS) & 0x1U);
 4735              		.loc 1 1343 16
 4736 0008 7B68     		ldr	r3, [r7, #4]
 4737 000a 5B69     		ldr	r3, [r3, #20]
 4738              		.loc 1 1343 27
 4739 000c 03F00103 		and	r3, r3, #1
1344:Drivers/STM32F4xx_HAL_Driver/Src/stm32f4xx_ll_usb.c **** }
 4740              		.loc 1 1344 1
 4741 0010 1846     		mov	r0, r3
 4742 0012 0C37     		adds	r7, r7, #12
 4743              	.LCFI190:
 4744              		.cfi_def_cfa_offset 4
 4745 0014 BD46     		mov	sp, r7
 4746              	.LCFI191:
 4747              		.cfi_def_cfa_register 13
 4748              		@ sp needed
 4749 0016 5DF8047B 		ldr	r7, [sp], #4
 4750              	.LCFI192:
 4751              		.cfi_restore 7
 4752              		.cfi_def_cfa_offset 0
 4753 001a 7047     		bx	lr
 4754              		.cfi_endproc
 4755              	.LFE251:
 4757              		.section	.text.USB_ActivateSetup,"ax",%progbits
 4758              		.align	1
 4759              		.global	USB_ActivateSetup
 4760              		.syntax unified
 4761              		.thumb
 4762              		.thumb_func
 4764              	USB_ActivateSetup:
 4765              	.LFB252:
1345:Drivers/STM32F4xx_HAL_Driver/Src/stm32f4xx_ll_usb.c **** 
1346:Drivers/STM32F4xx_HAL_Driver/Src/stm32f4xx_ll_usb.c **** /**
1347:Drivers/STM32F4xx_HAL_Driver/Src/stm32f4xx_ll_usb.c ****   * @brief  Activate EP0 for Setup transactions
1348:Drivers/STM32F4xx_HAL_Driver/Src/stm32f4xx_ll_usb.c ****   * @param  USBx  Selected device
1349:Drivers/STM32F4xx_HAL_Driver/Src/stm32f4xx_ll_usb.c ****   * @retval HAL status
1350:Drivers/STM32F4xx_HAL_Driver/Src/stm32f4xx_ll_usb.c ****   */
1351:Drivers/STM32F4xx_HAL_Driver/Src/stm32f4xx_ll_usb.c **** HAL_StatusTypeDef USB_ActivateSetup(const USB_OTG_GlobalTypeDef *USBx)
1352:Drivers/STM32F4xx_HAL_Driver/Src/stm32f4xx_ll_usb.c **** {
 4766              		.loc 1 1352 1
 4767              		.cfi_startproc
 4768              		@ args = 0, pretend = 0, frame = 16
 4769              		@ frame_needed = 1, uses_anonymous_args = 0
 4770              		@ link register save eliminated.
 4771 0000 80B4     		push	{r7}
 4772              	.LCFI193:
 4773              		.cfi_def_cfa_offset 4
 4774              		.cfi_offset 7, -4
 4775 0002 85B0     		sub	sp, sp, #20
 4776              	.LCFI194:
 4777              		.cfi_def_cfa_offset 24
 4778 0004 00AF     		add	r7, sp, #0
 4779              	.LCFI195:
 4780              		.cfi_def_cfa_register 7
 4781 0006 7860     		str	r0, [r7, #4]
1353:Drivers/STM32F4xx_HAL_Driver/Src/stm32f4xx_ll_usb.c ****   uint32_t USBx_BASE = (uint32_t)USBx;
ARM GAS  C:\Users\DAELT-~1\AppData\Local\Temp\ccK7IQ4D.s 			page 108


 4782              		.loc 1 1353 12
 4783 0008 7B68     		ldr	r3, [r7, #4]
 4784 000a FB60     		str	r3, [r7, #12]
1354:Drivers/STM32F4xx_HAL_Driver/Src/stm32f4xx_ll_usb.c **** 
1355:Drivers/STM32F4xx_HAL_Driver/Src/stm32f4xx_ll_usb.c ****   /* Set the MPS of the IN EP0 to 64 bytes */
1356:Drivers/STM32F4xx_HAL_Driver/Src/stm32f4xx_ll_usb.c ****   USBx_INEP(0U)->DIEPCTL &= ~USB_OTG_DIEPCTL_MPSIZ;
 4785              		.loc 1 1356 16
 4786 000c FB68     		ldr	r3, [r7, #12]
 4787 000e 03F51063 		add	r3, r3, #2304
 4788 0012 1B68     		ldr	r3, [r3]
 4789 0014 FA68     		ldr	r2, [r7, #12]
 4790 0016 02F51062 		add	r2, r2, #2304
 4791              		.loc 1 1356 26
 4792 001a 23F4FF63 		bic	r3, r3, #2040
 4793 001e 23F00703 		bic	r3, r3, #7
 4794 0022 1360     		str	r3, [r2]
1357:Drivers/STM32F4xx_HAL_Driver/Src/stm32f4xx_ll_usb.c **** 
1358:Drivers/STM32F4xx_HAL_Driver/Src/stm32f4xx_ll_usb.c ****   USBx_DEVICE->DCTL |= USB_OTG_DCTL_CGINAK;
 4795              		.loc 1 1358 14
 4796 0024 FB68     		ldr	r3, [r7, #12]
 4797 0026 03F50063 		add	r3, r3, #2048
 4798 002a 5B68     		ldr	r3, [r3, #4]
 4799 002c FA68     		ldr	r2, [r7, #12]
 4800 002e 02F50062 		add	r2, r2, #2048
 4801              		.loc 1 1358 21
 4802 0032 43F48073 		orr	r3, r3, #256
 4803 0036 5360     		str	r3, [r2, #4]
1359:Drivers/STM32F4xx_HAL_Driver/Src/stm32f4xx_ll_usb.c **** 
1360:Drivers/STM32F4xx_HAL_Driver/Src/stm32f4xx_ll_usb.c ****   return HAL_OK;
 4804              		.loc 1 1360 10
 4805 0038 0023     		movs	r3, #0
1361:Drivers/STM32F4xx_HAL_Driver/Src/stm32f4xx_ll_usb.c **** }
 4806              		.loc 1 1361 1
 4807 003a 1846     		mov	r0, r3
 4808 003c 1437     		adds	r7, r7, #20
 4809              	.LCFI196:
 4810              		.cfi_def_cfa_offset 4
 4811 003e BD46     		mov	sp, r7
 4812              	.LCFI197:
 4813              		.cfi_def_cfa_register 13
 4814              		@ sp needed
 4815 0040 5DF8047B 		ldr	r7, [sp], #4
 4816              	.LCFI198:
 4817              		.cfi_restore 7
 4818              		.cfi_def_cfa_offset 0
 4819 0044 7047     		bx	lr
 4820              		.cfi_endproc
 4821              	.LFE252:
 4823              		.section	.text.USB_EP0_OutStart,"ax",%progbits
 4824              		.align	1
 4825              		.global	USB_EP0_OutStart
 4826              		.syntax unified
 4827              		.thumb
 4828              		.thumb_func
 4830              	USB_EP0_OutStart:
 4831              	.LFB253:
1362:Drivers/STM32F4xx_HAL_Driver/Src/stm32f4xx_ll_usb.c **** 
ARM GAS  C:\Users\DAELT-~1\AppData\Local\Temp\ccK7IQ4D.s 			page 109


1363:Drivers/STM32F4xx_HAL_Driver/Src/stm32f4xx_ll_usb.c **** /**
1364:Drivers/STM32F4xx_HAL_Driver/Src/stm32f4xx_ll_usb.c ****   * @brief  Prepare the EP0 to start the first control setup
1365:Drivers/STM32F4xx_HAL_Driver/Src/stm32f4xx_ll_usb.c ****   * @param  USBx  Selected device
1366:Drivers/STM32F4xx_HAL_Driver/Src/stm32f4xx_ll_usb.c ****   * @param  dma USB dma enabled or disabled
1367:Drivers/STM32F4xx_HAL_Driver/Src/stm32f4xx_ll_usb.c ****   *          This parameter can be one of these values:
1368:Drivers/STM32F4xx_HAL_Driver/Src/stm32f4xx_ll_usb.c ****   *           0 : DMA feature not used
1369:Drivers/STM32F4xx_HAL_Driver/Src/stm32f4xx_ll_usb.c ****   *           1 : DMA feature used
1370:Drivers/STM32F4xx_HAL_Driver/Src/stm32f4xx_ll_usb.c ****   * @param  psetup  pointer to setup packet
1371:Drivers/STM32F4xx_HAL_Driver/Src/stm32f4xx_ll_usb.c ****   * @retval HAL status
1372:Drivers/STM32F4xx_HAL_Driver/Src/stm32f4xx_ll_usb.c ****   */
1373:Drivers/STM32F4xx_HAL_Driver/Src/stm32f4xx_ll_usb.c **** HAL_StatusTypeDef USB_EP0_OutStart(const USB_OTG_GlobalTypeDef *USBx, uint8_t dma, const uint8_t *p
1374:Drivers/STM32F4xx_HAL_Driver/Src/stm32f4xx_ll_usb.c **** {
 4832              		.loc 1 1374 1
 4833              		.cfi_startproc
 4834              		@ args = 0, pretend = 0, frame = 24
 4835              		@ frame_needed = 1, uses_anonymous_args = 0
 4836              		@ link register save eliminated.
 4837 0000 80B4     		push	{r7}
 4838              	.LCFI199:
 4839              		.cfi_def_cfa_offset 4
 4840              		.cfi_offset 7, -4
 4841 0002 87B0     		sub	sp, sp, #28
 4842              	.LCFI200:
 4843              		.cfi_def_cfa_offset 32
 4844 0004 00AF     		add	r7, sp, #0
 4845              	.LCFI201:
 4846              		.cfi_def_cfa_register 7
 4847 0006 F860     		str	r0, [r7, #12]
 4848 0008 0B46     		mov	r3, r1
 4849 000a 7A60     		str	r2, [r7, #4]
 4850 000c FB72     		strb	r3, [r7, #11]
1375:Drivers/STM32F4xx_HAL_Driver/Src/stm32f4xx_ll_usb.c ****   uint32_t USBx_BASE = (uint32_t)USBx;
 4851              		.loc 1 1375 12
 4852 000e FB68     		ldr	r3, [r7, #12]
 4853 0010 7B61     		str	r3, [r7, #20]
1376:Drivers/STM32F4xx_HAL_Driver/Src/stm32f4xx_ll_usb.c ****   uint32_t gSNPSiD = *(__IO const uint32_t *)(&USBx->CID + 0x1U);
 4854              		.loc 1 1376 47
 4855 0012 FB68     		ldr	r3, [r7, #12]
 4856 0014 3C33     		adds	r3, r3, #60
 4857              		.loc 1 1376 23
 4858 0016 0433     		adds	r3, r3, #4
 4859              		.loc 1 1376 12
 4860 0018 1B68     		ldr	r3, [r3]
 4861 001a 3B61     		str	r3, [r7, #16]
1377:Drivers/STM32F4xx_HAL_Driver/Src/stm32f4xx_ll_usb.c **** 
1378:Drivers/STM32F4xx_HAL_Driver/Src/stm32f4xx_ll_usb.c ****   if (gSNPSiD > USB_OTG_CORE_ID_300A)
 4862              		.loc 1 1378 6
 4863 001c 3B69     		ldr	r3, [r7, #16]
 4864 001e 264A     		ldr	r2, .L199
 4865 0020 9342     		cmp	r3, r2
 4866 0022 0AD9     		bls	.L196
1379:Drivers/STM32F4xx_HAL_Driver/Src/stm32f4xx_ll_usb.c ****   {
1380:Drivers/STM32F4xx_HAL_Driver/Src/stm32f4xx_ll_usb.c ****     if ((USBx_OUTEP(0U)->DOEPCTL & USB_OTG_DOEPCTL_EPENA) == USB_OTG_DOEPCTL_EPENA)
 4867              		.loc 1 1380 10
 4868 0024 7B69     		ldr	r3, [r7, #20]
 4869 0026 03F53063 		add	r3, r3, #2816
 4870              		.loc 1 1380 24
ARM GAS  C:\Users\DAELT-~1\AppData\Local\Temp\ccK7IQ4D.s 			page 110


 4871 002a 1B68     		ldr	r3, [r3]
 4872              		.loc 1 1380 34
 4873 002c 03F00043 		and	r3, r3, #-2147483648
 4874              		.loc 1 1380 8
 4875 0030 B3F1004F 		cmp	r3, #-2147483648
 4876 0034 01D1     		bne	.L196
1381:Drivers/STM32F4xx_HAL_Driver/Src/stm32f4xx_ll_usb.c ****     {
1382:Drivers/STM32F4xx_HAL_Driver/Src/stm32f4xx_ll_usb.c ****       return HAL_OK;
 4877              		.loc 1 1382 14
 4878 0036 0023     		movs	r3, #0
 4879 0038 37E0     		b	.L197
 4880              	.L196:
1383:Drivers/STM32F4xx_HAL_Driver/Src/stm32f4xx_ll_usb.c ****     }
1384:Drivers/STM32F4xx_HAL_Driver/Src/stm32f4xx_ll_usb.c ****   }
1385:Drivers/STM32F4xx_HAL_Driver/Src/stm32f4xx_ll_usb.c **** 
1386:Drivers/STM32F4xx_HAL_Driver/Src/stm32f4xx_ll_usb.c ****   USBx_OUTEP(0U)->DOEPTSIZ = 0U;
 4881              		.loc 1 1386 3
 4882 003a 7B69     		ldr	r3, [r7, #20]
 4883 003c 03F53063 		add	r3, r3, #2816
 4884 0040 1A46     		mov	r2, r3
 4885              		.loc 1 1386 28
 4886 0042 0023     		movs	r3, #0
 4887 0044 1361     		str	r3, [r2, #16]
1387:Drivers/STM32F4xx_HAL_Driver/Src/stm32f4xx_ll_usb.c ****   USBx_OUTEP(0U)->DOEPTSIZ |= (USB_OTG_DOEPTSIZ_PKTCNT & (1U << 19));
 4888              		.loc 1 1387 17
 4889 0046 7B69     		ldr	r3, [r7, #20]
 4890 0048 03F53063 		add	r3, r3, #2816
 4891 004c 1B69     		ldr	r3, [r3, #16]
 4892 004e 7A69     		ldr	r2, [r7, #20]
 4893 0050 02F53062 		add	r2, r2, #2816
 4894              		.loc 1 1387 28
 4895 0054 43F40023 		orr	r3, r3, #524288
 4896 0058 1361     		str	r3, [r2, #16]
1388:Drivers/STM32F4xx_HAL_Driver/Src/stm32f4xx_ll_usb.c ****   USBx_OUTEP(0U)->DOEPTSIZ |= (3U * 8U);
 4897              		.loc 1 1388 17
 4898 005a 7B69     		ldr	r3, [r7, #20]
 4899 005c 03F53063 		add	r3, r3, #2816
 4900 0060 1B69     		ldr	r3, [r3, #16]
 4901 0062 7A69     		ldr	r2, [r7, #20]
 4902 0064 02F53062 		add	r2, r2, #2816
 4903              		.loc 1 1388 28
 4904 0068 43F01803 		orr	r3, r3, #24
 4905 006c 1361     		str	r3, [r2, #16]
1389:Drivers/STM32F4xx_HAL_Driver/Src/stm32f4xx_ll_usb.c ****   USBx_OUTEP(0U)->DOEPTSIZ |=  USB_OTG_DOEPTSIZ_STUPCNT;
 4906              		.loc 1 1389 17
 4907 006e 7B69     		ldr	r3, [r7, #20]
 4908 0070 03F53063 		add	r3, r3, #2816
 4909 0074 1B69     		ldr	r3, [r3, #16]
 4910 0076 7A69     		ldr	r2, [r7, #20]
 4911 0078 02F53062 		add	r2, r2, #2816
 4912              		.loc 1 1389 28
 4913 007c 43F0C043 		orr	r3, r3, #1610612736
 4914 0080 1361     		str	r3, [r2, #16]
1390:Drivers/STM32F4xx_HAL_Driver/Src/stm32f4xx_ll_usb.c **** 
1391:Drivers/STM32F4xx_HAL_Driver/Src/stm32f4xx_ll_usb.c ****   if (dma == 1U)
 4915              		.loc 1 1391 6
 4916 0082 FB7A     		ldrb	r3, [r7, #11]	@ zero_extendqisi2
ARM GAS  C:\Users\DAELT-~1\AppData\Local\Temp\ccK7IQ4D.s 			page 111


 4917 0084 012B     		cmp	r3, #1
 4918 0086 0FD1     		bne	.L198
1392:Drivers/STM32F4xx_HAL_Driver/Src/stm32f4xx_ll_usb.c ****   {
1393:Drivers/STM32F4xx_HAL_Driver/Src/stm32f4xx_ll_usb.c ****     USBx_OUTEP(0U)->DOEPDMA = (uint32_t)psetup;
 4919              		.loc 1 1393 5
 4920 0088 7B69     		ldr	r3, [r7, #20]
 4921 008a 03F53063 		add	r3, r3, #2816
 4922 008e 1A46     		mov	r2, r3
 4923              		.loc 1 1393 31
 4924 0090 7B68     		ldr	r3, [r7, #4]
 4925              		.loc 1 1393 29
 4926 0092 5361     		str	r3, [r2, #20]
1394:Drivers/STM32F4xx_HAL_Driver/Src/stm32f4xx_ll_usb.c ****     /* EP enable */
1395:Drivers/STM32F4xx_HAL_Driver/Src/stm32f4xx_ll_usb.c ****     USBx_OUTEP(0U)->DOEPCTL |= USB_OTG_DOEPCTL_EPENA | USB_OTG_DOEPCTL_USBAEP;
 4927              		.loc 1 1395 19
 4928 0094 7B69     		ldr	r3, [r7, #20]
 4929 0096 03F53063 		add	r3, r3, #2816
 4930 009a 1B68     		ldr	r3, [r3]
 4931 009c 7A69     		ldr	r2, [r7, #20]
 4932 009e 02F53062 		add	r2, r2, #2816
 4933              		.loc 1 1395 29
 4934 00a2 43F08023 		orr	r3, r3, #-2147450880
 4935 00a6 1360     		str	r3, [r2]
 4936              	.L198:
1396:Drivers/STM32F4xx_HAL_Driver/Src/stm32f4xx_ll_usb.c ****   }
1397:Drivers/STM32F4xx_HAL_Driver/Src/stm32f4xx_ll_usb.c **** 
1398:Drivers/STM32F4xx_HAL_Driver/Src/stm32f4xx_ll_usb.c ****   return HAL_OK;
 4937              		.loc 1 1398 10
 4938 00a8 0023     		movs	r3, #0
 4939              	.L197:
1399:Drivers/STM32F4xx_HAL_Driver/Src/stm32f4xx_ll_usb.c **** }
 4940              		.loc 1 1399 1
 4941 00aa 1846     		mov	r0, r3
 4942 00ac 1C37     		adds	r7, r7, #28
 4943              	.LCFI202:
 4944              		.cfi_def_cfa_offset 4
 4945 00ae BD46     		mov	sp, r7
 4946              	.LCFI203:
 4947              		.cfi_def_cfa_register 13
 4948              		@ sp needed
 4949 00b0 5DF8047B 		ldr	r7, [sp], #4
 4950              	.LCFI204:
 4951              		.cfi_restore 7
 4952              		.cfi_def_cfa_offset 0
 4953 00b4 7047     		bx	lr
 4954              	.L200:
 4955 00b6 00BF     		.align	2
 4956              	.L199:
 4957 00b8 0A30544F 		.word	1330917386
 4958              		.cfi_endproc
 4959              	.LFE253:
 4961              		.section	.text.USB_CoreReset,"ax",%progbits
 4962              		.align	1
 4963              		.syntax unified
 4964              		.thumb
 4965              		.thumb_func
 4967              	USB_CoreReset:
ARM GAS  C:\Users\DAELT-~1\AppData\Local\Temp\ccK7IQ4D.s 			page 112


 4968              	.LFB254:
1400:Drivers/STM32F4xx_HAL_Driver/Src/stm32f4xx_ll_usb.c **** 
1401:Drivers/STM32F4xx_HAL_Driver/Src/stm32f4xx_ll_usb.c **** /**
1402:Drivers/STM32F4xx_HAL_Driver/Src/stm32f4xx_ll_usb.c ****   * @brief  Reset the USB Core (needed after USB clock settings change)
1403:Drivers/STM32F4xx_HAL_Driver/Src/stm32f4xx_ll_usb.c ****   * @param  USBx  Selected device
1404:Drivers/STM32F4xx_HAL_Driver/Src/stm32f4xx_ll_usb.c ****   * @retval HAL status
1405:Drivers/STM32F4xx_HAL_Driver/Src/stm32f4xx_ll_usb.c ****   */
1406:Drivers/STM32F4xx_HAL_Driver/Src/stm32f4xx_ll_usb.c **** static HAL_StatusTypeDef USB_CoreReset(USB_OTG_GlobalTypeDef *USBx)
1407:Drivers/STM32F4xx_HAL_Driver/Src/stm32f4xx_ll_usb.c **** {
 4969              		.loc 1 1407 1
 4970              		.cfi_startproc
 4971              		@ args = 0, pretend = 0, frame = 16
 4972              		@ frame_needed = 1, uses_anonymous_args = 0
 4973              		@ link register save eliminated.
 4974 0000 80B4     		push	{r7}
 4975              	.LCFI205:
 4976              		.cfi_def_cfa_offset 4
 4977              		.cfi_offset 7, -4
 4978 0002 85B0     		sub	sp, sp, #20
 4979              	.LCFI206:
 4980              		.cfi_def_cfa_offset 24
 4981 0004 00AF     		add	r7, sp, #0
 4982              	.LCFI207:
 4983              		.cfi_def_cfa_register 7
 4984 0006 7860     		str	r0, [r7, #4]
1408:Drivers/STM32F4xx_HAL_Driver/Src/stm32f4xx_ll_usb.c ****   __IO uint32_t count = 0U;
 4985              		.loc 1 1408 17
 4986 0008 0023     		movs	r3, #0
 4987 000a FB60     		str	r3, [r7, #12]
 4988              	.L204:
1409:Drivers/STM32F4xx_HAL_Driver/Src/stm32f4xx_ll_usb.c **** 
1410:Drivers/STM32F4xx_HAL_Driver/Src/stm32f4xx_ll_usb.c ****   /* Wait for AHB master IDLE state. */
1411:Drivers/STM32F4xx_HAL_Driver/Src/stm32f4xx_ll_usb.c ****   do
1412:Drivers/STM32F4xx_HAL_Driver/Src/stm32f4xx_ll_usb.c ****   {
1413:Drivers/STM32F4xx_HAL_Driver/Src/stm32f4xx_ll_usb.c ****     count++;
 4989              		.loc 1 1413 10
 4990 000c FB68     		ldr	r3, [r7, #12]
 4991 000e 0133     		adds	r3, r3, #1
 4992 0010 FB60     		str	r3, [r7, #12]
1414:Drivers/STM32F4xx_HAL_Driver/Src/stm32f4xx_ll_usb.c **** 
1415:Drivers/STM32F4xx_HAL_Driver/Src/stm32f4xx_ll_usb.c ****     if (count > HAL_USB_TIMEOUT)
 4993              		.loc 1 1415 15
 4994 0012 FB68     		ldr	r3, [r7, #12]
 4995              		.loc 1 1415 8
 4996 0014 B3F1706F 		cmp	r3, #251658240
 4997 0018 01D9     		bls	.L202
1416:Drivers/STM32F4xx_HAL_Driver/Src/stm32f4xx_ll_usb.c ****     {
1417:Drivers/STM32F4xx_HAL_Driver/Src/stm32f4xx_ll_usb.c ****       return HAL_TIMEOUT;
 4998              		.loc 1 1417 14
 4999 001a 0323     		movs	r3, #3
 5000 001c 22E0     		b	.L203
 5001              	.L202:
1418:Drivers/STM32F4xx_HAL_Driver/Src/stm32f4xx_ll_usb.c ****     }
1419:Drivers/STM32F4xx_HAL_Driver/Src/stm32f4xx_ll_usb.c ****   } while ((USBx->GRSTCTL & USB_OTG_GRSTCTL_AHBIDL) == 0U);
 5002              		.loc 1 1419 17
 5003 001e 7B68     		ldr	r3, [r7, #4]
 5004 0020 1B69     		ldr	r3, [r3, #16]
ARM GAS  C:\Users\DAELT-~1\AppData\Local\Temp\ccK7IQ4D.s 			page 113


 5005              		.loc 1 1419 53
 5006 0022 002B     		cmp	r3, #0
 5007 0024 F2DA     		bge	.L204
1420:Drivers/STM32F4xx_HAL_Driver/Src/stm32f4xx_ll_usb.c **** 
1421:Drivers/STM32F4xx_HAL_Driver/Src/stm32f4xx_ll_usb.c ****   count = 10U;
 5008              		.loc 1 1421 9
 5009 0026 0A23     		movs	r3, #10
 5010 0028 FB60     		str	r3, [r7, #12]
1422:Drivers/STM32F4xx_HAL_Driver/Src/stm32f4xx_ll_usb.c **** 
1423:Drivers/STM32F4xx_HAL_Driver/Src/stm32f4xx_ll_usb.c ****   /* few cycles before setting core reset */
1424:Drivers/STM32F4xx_HAL_Driver/Src/stm32f4xx_ll_usb.c ****   while (count > 0U)
 5011              		.loc 1 1424 9
 5012 002a 02E0     		b	.L205
 5013              	.L206:
1425:Drivers/STM32F4xx_HAL_Driver/Src/stm32f4xx_ll_usb.c ****   {
1426:Drivers/STM32F4xx_HAL_Driver/Src/stm32f4xx_ll_usb.c ****     count--;
 5014              		.loc 1 1426 10
 5015 002c FB68     		ldr	r3, [r7, #12]
 5016 002e 013B     		subs	r3, r3, #1
 5017 0030 FB60     		str	r3, [r7, #12]
 5018              	.L205:
1424:Drivers/STM32F4xx_HAL_Driver/Src/stm32f4xx_ll_usb.c ****   {
 5019              		.loc 1 1424 16
 5020 0032 FB68     		ldr	r3, [r7, #12]
 5021 0034 002B     		cmp	r3, #0
 5022 0036 F9D1     		bne	.L206
1427:Drivers/STM32F4xx_HAL_Driver/Src/stm32f4xx_ll_usb.c ****   }
1428:Drivers/STM32F4xx_HAL_Driver/Src/stm32f4xx_ll_usb.c **** 
1429:Drivers/STM32F4xx_HAL_Driver/Src/stm32f4xx_ll_usb.c ****   /* Core Soft Reset */
1430:Drivers/STM32F4xx_HAL_Driver/Src/stm32f4xx_ll_usb.c ****   USBx->GRSTCTL |= USB_OTG_GRSTCTL_CSRST;
 5023              		.loc 1 1430 7
 5024 0038 7B68     		ldr	r3, [r7, #4]
 5025 003a 1B69     		ldr	r3, [r3, #16]
 5026              		.loc 1 1430 17
 5027 003c 43F00102 		orr	r2, r3, #1
 5028 0040 7B68     		ldr	r3, [r7, #4]
 5029 0042 1A61     		str	r2, [r3, #16]
 5030              	.L208:
1431:Drivers/STM32F4xx_HAL_Driver/Src/stm32f4xx_ll_usb.c **** 
1432:Drivers/STM32F4xx_HAL_Driver/Src/stm32f4xx_ll_usb.c ****   do
1433:Drivers/STM32F4xx_HAL_Driver/Src/stm32f4xx_ll_usb.c ****   {
1434:Drivers/STM32F4xx_HAL_Driver/Src/stm32f4xx_ll_usb.c ****     count++;
 5031              		.loc 1 1434 10
 5032 0044 FB68     		ldr	r3, [r7, #12]
 5033 0046 0133     		adds	r3, r3, #1
 5034 0048 FB60     		str	r3, [r7, #12]
1435:Drivers/STM32F4xx_HAL_Driver/Src/stm32f4xx_ll_usb.c **** 
1436:Drivers/STM32F4xx_HAL_Driver/Src/stm32f4xx_ll_usb.c ****     if (count > HAL_USB_TIMEOUT)
 5035              		.loc 1 1436 15
 5036 004a FB68     		ldr	r3, [r7, #12]
 5037              		.loc 1 1436 8
 5038 004c B3F1706F 		cmp	r3, #251658240
 5039 0050 01D9     		bls	.L207
1437:Drivers/STM32F4xx_HAL_Driver/Src/stm32f4xx_ll_usb.c ****     {
1438:Drivers/STM32F4xx_HAL_Driver/Src/stm32f4xx_ll_usb.c ****       return HAL_TIMEOUT;
 5040              		.loc 1 1438 14
 5041 0052 0323     		movs	r3, #3
ARM GAS  C:\Users\DAELT-~1\AppData\Local\Temp\ccK7IQ4D.s 			page 114


 5042 0054 06E0     		b	.L203
 5043              	.L207:
1439:Drivers/STM32F4xx_HAL_Driver/Src/stm32f4xx_ll_usb.c ****     }
1440:Drivers/STM32F4xx_HAL_Driver/Src/stm32f4xx_ll_usb.c ****   } while ((USBx->GRSTCTL & USB_OTG_GRSTCTL_CSRST) == USB_OTG_GRSTCTL_CSRST);
 5044              		.loc 1 1440 17
 5045 0056 7B68     		ldr	r3, [r7, #4]
 5046 0058 1B69     		ldr	r3, [r3, #16]
 5047              		.loc 1 1440 27
 5048 005a 03F00103 		and	r3, r3, #1
 5049              		.loc 1 1440 52
 5050 005e 012B     		cmp	r3, #1
 5051 0060 F0D0     		beq	.L208
1441:Drivers/STM32F4xx_HAL_Driver/Src/stm32f4xx_ll_usb.c **** 
1442:Drivers/STM32F4xx_HAL_Driver/Src/stm32f4xx_ll_usb.c ****   return HAL_OK;
 5052              		.loc 1 1442 10
 5053 0062 0023     		movs	r3, #0
 5054              	.L203:
1443:Drivers/STM32F4xx_HAL_Driver/Src/stm32f4xx_ll_usb.c **** }
 5055              		.loc 1 1443 1
 5056 0064 1846     		mov	r0, r3
 5057 0066 1437     		adds	r7, r7, #20
 5058              	.LCFI208:
 5059              		.cfi_def_cfa_offset 4
 5060 0068 BD46     		mov	sp, r7
 5061              	.LCFI209:
 5062              		.cfi_def_cfa_register 13
 5063              		@ sp needed
 5064 006a 5DF8047B 		ldr	r7, [sp], #4
 5065              	.LCFI210:
 5066              		.cfi_restore 7
 5067              		.cfi_def_cfa_offset 0
 5068 006e 7047     		bx	lr
 5069              		.cfi_endproc
 5070              	.LFE254:
 5072              		.section	.text.USB_HostInit,"ax",%progbits
 5073              		.align	1
 5074              		.global	USB_HostInit
 5075              		.syntax unified
 5076              		.thumb
 5077              		.thumb_func
 5079              	USB_HostInit:
 5080              	.LFB255:
1444:Drivers/STM32F4xx_HAL_Driver/Src/stm32f4xx_ll_usb.c **** 
1445:Drivers/STM32F4xx_HAL_Driver/Src/stm32f4xx_ll_usb.c **** /**
1446:Drivers/STM32F4xx_HAL_Driver/Src/stm32f4xx_ll_usb.c ****   * @brief  USB_HostInit : Initializes the USB OTG controller registers
1447:Drivers/STM32F4xx_HAL_Driver/Src/stm32f4xx_ll_usb.c ****   *         for Host mode
1448:Drivers/STM32F4xx_HAL_Driver/Src/stm32f4xx_ll_usb.c ****   * @param  USBx  Selected device
1449:Drivers/STM32F4xx_HAL_Driver/Src/stm32f4xx_ll_usb.c ****   * @param  cfg   pointer to a USB_OTG_CfgTypeDef structure that contains
1450:Drivers/STM32F4xx_HAL_Driver/Src/stm32f4xx_ll_usb.c ****   *         the configuration information for the specified USBx peripheral.
1451:Drivers/STM32F4xx_HAL_Driver/Src/stm32f4xx_ll_usb.c ****   * @retval HAL status
1452:Drivers/STM32F4xx_HAL_Driver/Src/stm32f4xx_ll_usb.c ****   */
1453:Drivers/STM32F4xx_HAL_Driver/Src/stm32f4xx_ll_usb.c **** HAL_StatusTypeDef USB_HostInit(USB_OTG_GlobalTypeDef *USBx, USB_OTG_CfgTypeDef cfg)
1454:Drivers/STM32F4xx_HAL_Driver/Src/stm32f4xx_ll_usb.c **** {
 5081              		.loc 1 1454 1
 5082              		.cfi_startproc
 5083              		@ args = 20, pretend = 16, frame = 24
 5084              		@ frame_needed = 1, uses_anonymous_args = 0
ARM GAS  C:\Users\DAELT-~1\AppData\Local\Temp\ccK7IQ4D.s 			page 115


 5085 0000 84B0     		sub	sp, sp, #16
 5086              	.LCFI211:
 5087              		.cfi_def_cfa_offset 16
 5088 0002 80B5     		push	{r7, lr}
 5089              	.LCFI212:
 5090              		.cfi_def_cfa_offset 24
 5091              		.cfi_offset 7, -24
 5092              		.cfi_offset 14, -20
 5093 0004 86B0     		sub	sp, sp, #24
 5094              	.LCFI213:
 5095              		.cfi_def_cfa_offset 48
 5096 0006 00AF     		add	r7, sp, #0
 5097              	.LCFI214:
 5098              		.cfi_def_cfa_register 7
 5099 0008 7860     		str	r0, [r7, #4]
 5100 000a 07F12400 		add	r0, r7, #36
 5101 000e 80E80E00 		stm	r0, {r1, r2, r3}
1455:Drivers/STM32F4xx_HAL_Driver/Src/stm32f4xx_ll_usb.c ****   HAL_StatusTypeDef ret = HAL_OK;
 5102              		.loc 1 1455 21
 5103 0012 0023     		movs	r3, #0
 5104 0014 FB75     		strb	r3, [r7, #23]
1456:Drivers/STM32F4xx_HAL_Driver/Src/stm32f4xx_ll_usb.c ****   uint32_t USBx_BASE = (uint32_t)USBx;
 5105              		.loc 1 1456 12
 5106 0016 7B68     		ldr	r3, [r7, #4]
 5107 0018 FB60     		str	r3, [r7, #12]
1457:Drivers/STM32F4xx_HAL_Driver/Src/stm32f4xx_ll_usb.c ****   uint32_t i;
1458:Drivers/STM32F4xx_HAL_Driver/Src/stm32f4xx_ll_usb.c **** 
1459:Drivers/STM32F4xx_HAL_Driver/Src/stm32f4xx_ll_usb.c ****   /* Restart the Phy Clock */
1460:Drivers/STM32F4xx_HAL_Driver/Src/stm32f4xx_ll_usb.c ****   USBx_PCGCCTL = 0U;
 5108              		.loc 1 1460 3
 5109 001a FB68     		ldr	r3, [r7, #12]
 5110 001c 03F56063 		add	r3, r3, #3584
 5111 0020 1A46     		mov	r2, r3
 5112              		.loc 1 1460 16
 5113 0022 0023     		movs	r3, #0
 5114 0024 1360     		str	r3, [r2]
1461:Drivers/STM32F4xx_HAL_Driver/Src/stm32f4xx_ll_usb.c **** 
1462:Drivers/STM32F4xx_HAL_Driver/Src/stm32f4xx_ll_usb.c **** #if defined(STM32F446xx) || defined(STM32F469xx) || defined(STM32F479xx) || defined(STM32F412Zx) \
1463:Drivers/STM32F4xx_HAL_Driver/Src/stm32f4xx_ll_usb.c ****  || defined(STM32F412Vx) || defined(STM32F412Rx) || defined(STM32F412Cx) || defined(STM32F413xx) \
1464:Drivers/STM32F4xx_HAL_Driver/Src/stm32f4xx_ll_usb.c ****  || defined(STM32F423xx)
1465:Drivers/STM32F4xx_HAL_Driver/Src/stm32f4xx_ll_usb.c ****   /* Disable HW VBUS sensing */
1466:Drivers/STM32F4xx_HAL_Driver/Src/stm32f4xx_ll_usb.c ****   USBx->GCCFG &= ~(USB_OTG_GCCFG_VBDEN);
1467:Drivers/STM32F4xx_HAL_Driver/Src/stm32f4xx_ll_usb.c **** #else
1468:Drivers/STM32F4xx_HAL_Driver/Src/stm32f4xx_ll_usb.c ****   /*
1469:Drivers/STM32F4xx_HAL_Driver/Src/stm32f4xx_ll_usb.c ****   * Disable HW VBUS sensing. VBUS is internally considered to be always
1470:Drivers/STM32F4xx_HAL_Driver/Src/stm32f4xx_ll_usb.c ****   * at VBUS-Valid level (5V).
1471:Drivers/STM32F4xx_HAL_Driver/Src/stm32f4xx_ll_usb.c ****   */
1472:Drivers/STM32F4xx_HAL_Driver/Src/stm32f4xx_ll_usb.c ****   USBx->GCCFG |= USB_OTG_GCCFG_NOVBUSSENS;
 5115              		.loc 1 1472 7
 5116 0026 7B68     		ldr	r3, [r7, #4]
 5117 0028 9B6B     		ldr	r3, [r3, #56]
 5118              		.loc 1 1472 15
 5119 002a 43F40012 		orr	r2, r3, #2097152
 5120 002e 7B68     		ldr	r3, [r7, #4]
 5121 0030 9A63     		str	r2, [r3, #56]
1473:Drivers/STM32F4xx_HAL_Driver/Src/stm32f4xx_ll_usb.c ****   USBx->GCCFG &= ~USB_OTG_GCCFG_VBUSBSEN;
 5122              		.loc 1 1473 7
ARM GAS  C:\Users\DAELT-~1\AppData\Local\Temp\ccK7IQ4D.s 			page 116


 5123 0032 7B68     		ldr	r3, [r7, #4]
 5124 0034 9B6B     		ldr	r3, [r3, #56]
 5125              		.loc 1 1473 15
 5126 0036 23F40022 		bic	r2, r3, #524288
 5127 003a 7B68     		ldr	r3, [r7, #4]
 5128 003c 9A63     		str	r2, [r3, #56]
1474:Drivers/STM32F4xx_HAL_Driver/Src/stm32f4xx_ll_usb.c ****   USBx->GCCFG &= ~USB_OTG_GCCFG_VBUSASEN;
 5129              		.loc 1 1474 7
 5130 003e 7B68     		ldr	r3, [r7, #4]
 5131 0040 9B6B     		ldr	r3, [r3, #56]
 5132              		.loc 1 1474 15
 5133 0042 23F48022 		bic	r2, r3, #262144
 5134 0046 7B68     		ldr	r3, [r7, #4]
 5135 0048 9A63     		str	r2, [r3, #56]
1475:Drivers/STM32F4xx_HAL_Driver/Src/stm32f4xx_ll_usb.c **** #endif /* defined(STM32F446xx) || defined(STM32F469xx) || defined(STM32F479xx) || defined(STM32F412
1476:Drivers/STM32F4xx_HAL_Driver/Src/stm32f4xx_ll_usb.c ****           defined(STM32F412Vx) || defined(STM32F412Rx) || defined(STM32F412Cx) || defined(STM32F413
1477:Drivers/STM32F4xx_HAL_Driver/Src/stm32f4xx_ll_usb.c ****           defined(STM32F423xx) */
1478:Drivers/STM32F4xx_HAL_Driver/Src/stm32f4xx_ll_usb.c **** #if defined(STM32F412Zx) || defined(STM32F412Vx) || defined(STM32F412Rx) \
1479:Drivers/STM32F4xx_HAL_Driver/Src/stm32f4xx_ll_usb.c ****  || defined(STM32F412Cx) || defined(STM32F413xx) || defined(STM32F423xx)
1480:Drivers/STM32F4xx_HAL_Driver/Src/stm32f4xx_ll_usb.c ****   /* Disable Battery chargin detector */
1481:Drivers/STM32F4xx_HAL_Driver/Src/stm32f4xx_ll_usb.c ****   USBx->GCCFG &= ~(USB_OTG_GCCFG_BCDEN);
1482:Drivers/STM32F4xx_HAL_Driver/Src/stm32f4xx_ll_usb.c **** #endif /* defined(STM32F412Zx) || defined(STM32F412Vx) || defined(STM32F412Rx) ||
1483:Drivers/STM32F4xx_HAL_Driver/Src/stm32f4xx_ll_usb.c ****           defined(STM32F412Cx) || defined(STM32F413xx) || defined(STM32F423xx) */
1484:Drivers/STM32F4xx_HAL_Driver/Src/stm32f4xx_ll_usb.c **** 
1485:Drivers/STM32F4xx_HAL_Driver/Src/stm32f4xx_ll_usb.c ****   if ((USBx->GUSBCFG & USB_OTG_GUSBCFG_PHYSEL) == 0U)
 5136              		.loc 1 1485 12
 5137 004a 7B68     		ldr	r3, [r7, #4]
 5138 004c DB68     		ldr	r3, [r3, #12]
 5139              		.loc 1 1485 22
 5140 004e 03F04003 		and	r3, r3, #64
 5141              		.loc 1 1485 6
 5142 0052 002B     		cmp	r3, #0
 5143 0054 19D1     		bne	.L210
1486:Drivers/STM32F4xx_HAL_Driver/Src/stm32f4xx_ll_usb.c ****   {
1487:Drivers/STM32F4xx_HAL_Driver/Src/stm32f4xx_ll_usb.c ****     if (cfg.speed == USBH_FSLS_SPEED)
 5144              		.loc 1 1487 12
 5145 0056 97F82730 		ldrb	r3, [r7, #39]	@ zero_extendqisi2
 5146              		.loc 1 1487 8
 5147 005a 012B     		cmp	r3, #1
 5148 005c 0AD1     		bne	.L211
1488:Drivers/STM32F4xx_HAL_Driver/Src/stm32f4xx_ll_usb.c ****     {
1489:Drivers/STM32F4xx_HAL_Driver/Src/stm32f4xx_ll_usb.c ****       /* Force Device Enumeration to FS/LS mode only */
1490:Drivers/STM32F4xx_HAL_Driver/Src/stm32f4xx_ll_usb.c ****       USBx_HOST->HCFG |= USB_OTG_HCFG_FSLSS;
 5149              		.loc 1 1490 16
 5150 005e FB68     		ldr	r3, [r7, #12]
 5151 0060 03F58063 		add	r3, r3, #1024
 5152 0064 1B68     		ldr	r3, [r3]
 5153 0066 FA68     		ldr	r2, [r7, #12]
 5154 0068 02F58062 		add	r2, r2, #1024
 5155              		.loc 1 1490 23
 5156 006c 43F00403 		orr	r3, r3, #4
 5157 0070 1360     		str	r3, [r2]
 5158 0072 14E0     		b	.L212
 5159              	.L211:
1491:Drivers/STM32F4xx_HAL_Driver/Src/stm32f4xx_ll_usb.c ****     }
1492:Drivers/STM32F4xx_HAL_Driver/Src/stm32f4xx_ll_usb.c ****     else
1493:Drivers/STM32F4xx_HAL_Driver/Src/stm32f4xx_ll_usb.c ****     {
ARM GAS  C:\Users\DAELT-~1\AppData\Local\Temp\ccK7IQ4D.s 			page 117


1494:Drivers/STM32F4xx_HAL_Driver/Src/stm32f4xx_ll_usb.c ****       /* Set default Max speed support */
1495:Drivers/STM32F4xx_HAL_Driver/Src/stm32f4xx_ll_usb.c ****       USBx_HOST->HCFG &= ~(USB_OTG_HCFG_FSLSS);
 5160              		.loc 1 1495 16
 5161 0074 FB68     		ldr	r3, [r7, #12]
 5162 0076 03F58063 		add	r3, r3, #1024
 5163 007a 1B68     		ldr	r3, [r3]
 5164 007c FA68     		ldr	r2, [r7, #12]
 5165 007e 02F58062 		add	r2, r2, #1024
 5166              		.loc 1 1495 23
 5167 0082 23F00403 		bic	r3, r3, #4
 5168 0086 1360     		str	r3, [r2]
 5169 0088 09E0     		b	.L212
 5170              	.L210:
1496:Drivers/STM32F4xx_HAL_Driver/Src/stm32f4xx_ll_usb.c ****     }
1497:Drivers/STM32F4xx_HAL_Driver/Src/stm32f4xx_ll_usb.c ****   }
1498:Drivers/STM32F4xx_HAL_Driver/Src/stm32f4xx_ll_usb.c ****   else
1499:Drivers/STM32F4xx_HAL_Driver/Src/stm32f4xx_ll_usb.c ****   {
1500:Drivers/STM32F4xx_HAL_Driver/Src/stm32f4xx_ll_usb.c ****     /* Set default Max speed support */
1501:Drivers/STM32F4xx_HAL_Driver/Src/stm32f4xx_ll_usb.c ****     USBx_HOST->HCFG &= ~(USB_OTG_HCFG_FSLSS);
 5171              		.loc 1 1501 14
 5172 008a FB68     		ldr	r3, [r7, #12]
 5173 008c 03F58063 		add	r3, r3, #1024
 5174 0090 1B68     		ldr	r3, [r3]
 5175 0092 FA68     		ldr	r2, [r7, #12]
 5176 0094 02F58062 		add	r2, r2, #1024
 5177              		.loc 1 1501 21
 5178 0098 23F00403 		bic	r3, r3, #4
 5179 009c 1360     		str	r3, [r2]
 5180              	.L212:
1502:Drivers/STM32F4xx_HAL_Driver/Src/stm32f4xx_ll_usb.c ****   }
1503:Drivers/STM32F4xx_HAL_Driver/Src/stm32f4xx_ll_usb.c **** 
1504:Drivers/STM32F4xx_HAL_Driver/Src/stm32f4xx_ll_usb.c ****   /* Make sure the FIFOs are flushed. */
1505:Drivers/STM32F4xx_HAL_Driver/Src/stm32f4xx_ll_usb.c ****   if (USB_FlushTxFifo(USBx, 0x10U) != HAL_OK) /* all Tx FIFOs */
 5181              		.loc 1 1505 7
 5182 009e 1021     		movs	r1, #16
 5183 00a0 7868     		ldr	r0, [r7, #4]
 5184 00a2 FFF7FEFF 		bl	USB_FlushTxFifo
 5185 00a6 0346     		mov	r3, r0
 5186              		.loc 1 1505 6 discriminator 1
 5187 00a8 002B     		cmp	r3, #0
 5188 00aa 01D0     		beq	.L213
1506:Drivers/STM32F4xx_HAL_Driver/Src/stm32f4xx_ll_usb.c ****   {
1507:Drivers/STM32F4xx_HAL_Driver/Src/stm32f4xx_ll_usb.c ****     ret = HAL_ERROR;
 5189              		.loc 1 1507 9
 5190 00ac 0123     		movs	r3, #1
 5191 00ae FB75     		strb	r3, [r7, #23]
 5192              	.L213:
1508:Drivers/STM32F4xx_HAL_Driver/Src/stm32f4xx_ll_usb.c ****   }
1509:Drivers/STM32F4xx_HAL_Driver/Src/stm32f4xx_ll_usb.c **** 
1510:Drivers/STM32F4xx_HAL_Driver/Src/stm32f4xx_ll_usb.c ****   if (USB_FlushRxFifo(USBx) != HAL_OK)
 5193              		.loc 1 1510 7
 5194 00b0 7868     		ldr	r0, [r7, #4]
 5195 00b2 FFF7FEFF 		bl	USB_FlushRxFifo
 5196 00b6 0346     		mov	r3, r0
 5197              		.loc 1 1510 6 discriminator 1
 5198 00b8 002B     		cmp	r3, #0
 5199 00ba 01D0     		beq	.L214
ARM GAS  C:\Users\DAELT-~1\AppData\Local\Temp\ccK7IQ4D.s 			page 118


1511:Drivers/STM32F4xx_HAL_Driver/Src/stm32f4xx_ll_usb.c ****   {
1512:Drivers/STM32F4xx_HAL_Driver/Src/stm32f4xx_ll_usb.c ****     ret = HAL_ERROR;
 5200              		.loc 1 1512 9
 5201 00bc 0123     		movs	r3, #1
 5202 00be FB75     		strb	r3, [r7, #23]
 5203              	.L214:
1513:Drivers/STM32F4xx_HAL_Driver/Src/stm32f4xx_ll_usb.c ****   }
1514:Drivers/STM32F4xx_HAL_Driver/Src/stm32f4xx_ll_usb.c **** 
1515:Drivers/STM32F4xx_HAL_Driver/Src/stm32f4xx_ll_usb.c ****   /* Clear all pending HC Interrupts */
1516:Drivers/STM32F4xx_HAL_Driver/Src/stm32f4xx_ll_usb.c ****   for (i = 0U; i < cfg.Host_channels; i++)
 5204              		.loc 1 1516 10
 5205 00c0 0023     		movs	r3, #0
 5206 00c2 3B61     		str	r3, [r7, #16]
 5207              		.loc 1 1516 3
 5208 00c4 15E0     		b	.L215
 5209              	.L216:
1517:Drivers/STM32F4xx_HAL_Driver/Src/stm32f4xx_ll_usb.c ****   {
1518:Drivers/STM32F4xx_HAL_Driver/Src/stm32f4xx_ll_usb.c ****     USBx_HC(i)->HCINT = CLEAR_INTERRUPT_MASK;
 5210              		.loc 1 1518 5
 5211 00c6 3B69     		ldr	r3, [r7, #16]
 5212 00c8 5A01     		lsls	r2, r3, #5
 5213 00ca FB68     		ldr	r3, [r7, #12]
 5214 00cc 1344     		add	r3, r3, r2
 5215 00ce 03F5A063 		add	r3, r3, #1280
 5216 00d2 1A46     		mov	r2, r3
 5217              		.loc 1 1518 23
 5218 00d4 4FF0FF33 		mov	r3, #-1
 5219 00d8 9360     		str	r3, [r2, #8]
1519:Drivers/STM32F4xx_HAL_Driver/Src/stm32f4xx_ll_usb.c ****     USBx_HC(i)->HCINTMSK = 0U;
 5220              		.loc 1 1519 5
 5221 00da 3B69     		ldr	r3, [r7, #16]
 5222 00dc 5A01     		lsls	r2, r3, #5
 5223 00de FB68     		ldr	r3, [r7, #12]
 5224 00e0 1344     		add	r3, r3, r2
 5225 00e2 03F5A063 		add	r3, r3, #1280
 5226 00e6 1A46     		mov	r2, r3
 5227              		.loc 1 1519 26
 5228 00e8 0023     		movs	r3, #0
 5229 00ea D360     		str	r3, [r2, #12]
1516:Drivers/STM32F4xx_HAL_Driver/Src/stm32f4xx_ll_usb.c ****   {
 5230              		.loc 1 1516 40 discriminator 3
 5231 00ec 3B69     		ldr	r3, [r7, #16]
 5232 00ee 0133     		adds	r3, r3, #1
 5233 00f0 3B61     		str	r3, [r7, #16]
 5234              	.L215:
1516:Drivers/STM32F4xx_HAL_Driver/Src/stm32f4xx_ll_usb.c ****   {
 5235              		.loc 1 1516 23 discriminator 1
 5236 00f2 97F82530 		ldrb	r3, [r7, #37]	@ zero_extendqisi2
 5237 00f6 1A46     		mov	r2, r3
1516:Drivers/STM32F4xx_HAL_Driver/Src/stm32f4xx_ll_usb.c ****   {
 5238              		.loc 1 1516 18 discriminator 1
 5239 00f8 3B69     		ldr	r3, [r7, #16]
 5240 00fa 9342     		cmp	r3, r2
 5241 00fc E3D3     		bcc	.L216
1520:Drivers/STM32F4xx_HAL_Driver/Src/stm32f4xx_ll_usb.c ****   }
1521:Drivers/STM32F4xx_HAL_Driver/Src/stm32f4xx_ll_usb.c **** 
1522:Drivers/STM32F4xx_HAL_Driver/Src/stm32f4xx_ll_usb.c ****   /* Disable all interrupts. */
ARM GAS  C:\Users\DAELT-~1\AppData\Local\Temp\ccK7IQ4D.s 			page 119


1523:Drivers/STM32F4xx_HAL_Driver/Src/stm32f4xx_ll_usb.c ****   USBx->GINTMSK = 0U;
 5242              		.loc 1 1523 17
 5243 00fe 7B68     		ldr	r3, [r7, #4]
 5244 0100 0022     		movs	r2, #0
 5245 0102 9A61     		str	r2, [r3, #24]
1524:Drivers/STM32F4xx_HAL_Driver/Src/stm32f4xx_ll_usb.c **** 
1525:Drivers/STM32F4xx_HAL_Driver/Src/stm32f4xx_ll_usb.c ****   /* Clear any pending interrupts */
1526:Drivers/STM32F4xx_HAL_Driver/Src/stm32f4xx_ll_usb.c ****   USBx->GINTSTS = CLEAR_INTERRUPT_MASK;
 5246              		.loc 1 1526 17
 5247 0104 7B68     		ldr	r3, [r7, #4]
 5248 0106 4FF0FF32 		mov	r2, #-1
 5249 010a 5A61     		str	r2, [r3, #20]
1527:Drivers/STM32F4xx_HAL_Driver/Src/stm32f4xx_ll_usb.c **** #if defined (USB_OTG_HS)
1528:Drivers/STM32F4xx_HAL_Driver/Src/stm32f4xx_ll_usb.c ****   if (USBx == USB_OTG_HS)
1529:Drivers/STM32F4xx_HAL_Driver/Src/stm32f4xx_ll_usb.c ****   {
1530:Drivers/STM32F4xx_HAL_Driver/Src/stm32f4xx_ll_usb.c ****     /* set Rx FIFO size */
1531:Drivers/STM32F4xx_HAL_Driver/Src/stm32f4xx_ll_usb.c ****     USBx->GRXFSIZ  = 0x200U;
1532:Drivers/STM32F4xx_HAL_Driver/Src/stm32f4xx_ll_usb.c ****     USBx->DIEPTXF0_HNPTXFSIZ = (uint32_t)(((0x100U << 16) & USB_OTG_NPTXFD) | 0x200U);
1533:Drivers/STM32F4xx_HAL_Driver/Src/stm32f4xx_ll_usb.c ****     USBx->HPTXFSIZ = (uint32_t)(((0xE0U << 16) & USB_OTG_HPTXFSIZ_PTXFD) | 0x300U);
1534:Drivers/STM32F4xx_HAL_Driver/Src/stm32f4xx_ll_usb.c ****   }
1535:Drivers/STM32F4xx_HAL_Driver/Src/stm32f4xx_ll_usb.c ****   else
1536:Drivers/STM32F4xx_HAL_Driver/Src/stm32f4xx_ll_usb.c **** #endif /* defined (USB_OTG_HS) */
1537:Drivers/STM32F4xx_HAL_Driver/Src/stm32f4xx_ll_usb.c ****   {
1538:Drivers/STM32F4xx_HAL_Driver/Src/stm32f4xx_ll_usb.c ****     /* set Rx FIFO size */
1539:Drivers/STM32F4xx_HAL_Driver/Src/stm32f4xx_ll_usb.c ****     USBx->GRXFSIZ  = 0x80U;
 5250              		.loc 1 1539 20
 5251 010c 7B68     		ldr	r3, [r7, #4]
 5252 010e 8022     		movs	r2, #128
 5253 0110 5A62     		str	r2, [r3, #36]
1540:Drivers/STM32F4xx_HAL_Driver/Src/stm32f4xx_ll_usb.c ****     USBx->DIEPTXF0_HNPTXFSIZ = (uint32_t)(((0x60U << 16) & USB_OTG_NPTXFD) | 0x80U);
 5254              		.loc 1 1540 30
 5255 0112 7B68     		ldr	r3, [r7, #4]
 5256 0114 0E4A     		ldr	r2, .L219
 5257 0116 9A62     		str	r2, [r3, #40]
1541:Drivers/STM32F4xx_HAL_Driver/Src/stm32f4xx_ll_usb.c ****     USBx->HPTXFSIZ = (uint32_t)(((0x40U << 16)& USB_OTG_HPTXFSIZ_PTXFD) | 0xE0U);
 5258              		.loc 1 1541 20
 5259 0118 7B68     		ldr	r3, [r7, #4]
 5260 011a 0E4A     		ldr	r2, .L219+4
 5261 011c C3F80021 		str	r2, [r3, #256]
1542:Drivers/STM32F4xx_HAL_Driver/Src/stm32f4xx_ll_usb.c ****   }
1543:Drivers/STM32F4xx_HAL_Driver/Src/stm32f4xx_ll_usb.c **** 
1544:Drivers/STM32F4xx_HAL_Driver/Src/stm32f4xx_ll_usb.c ****   /* Enable the common interrupts */
1545:Drivers/STM32F4xx_HAL_Driver/Src/stm32f4xx_ll_usb.c ****   if (cfg.dma_enable == 0U)
 5262              		.loc 1 1545 10
 5263 0120 97F82630 		ldrb	r3, [r7, #38]	@ zero_extendqisi2
 5264              		.loc 1 1545 6
 5265 0124 002B     		cmp	r3, #0
 5266 0126 05D1     		bne	.L217
1546:Drivers/STM32F4xx_HAL_Driver/Src/stm32f4xx_ll_usb.c ****   {
1547:Drivers/STM32F4xx_HAL_Driver/Src/stm32f4xx_ll_usb.c ****     USBx->GINTMSK |= USB_OTG_GINTMSK_RXFLVLM;
 5267              		.loc 1 1547 9
 5268 0128 7B68     		ldr	r3, [r7, #4]
 5269 012a 9B69     		ldr	r3, [r3, #24]
 5270              		.loc 1 1547 19
 5271 012c 43F01002 		orr	r2, r3, #16
 5272 0130 7B68     		ldr	r3, [r7, #4]
 5273 0132 9A61     		str	r2, [r3, #24]
ARM GAS  C:\Users\DAELT-~1\AppData\Local\Temp\ccK7IQ4D.s 			page 120


 5274              	.L217:
1548:Drivers/STM32F4xx_HAL_Driver/Src/stm32f4xx_ll_usb.c ****   }
1549:Drivers/STM32F4xx_HAL_Driver/Src/stm32f4xx_ll_usb.c **** 
1550:Drivers/STM32F4xx_HAL_Driver/Src/stm32f4xx_ll_usb.c ****   /* Enable interrupts matching to the Host mode ONLY */
1551:Drivers/STM32F4xx_HAL_Driver/Src/stm32f4xx_ll_usb.c ****   USBx->GINTMSK |= (USB_OTG_GINTMSK_PRTIM            | USB_OTG_GINTMSK_HCIM | \
 5275              		.loc 1 1551 7
 5276 0134 7B68     		ldr	r3, [r7, #4]
 5277 0136 9A69     		ldr	r2, [r3, #24]
 5278              		.loc 1 1551 17
 5279 0138 074B     		ldr	r3, .L219+8
 5280 013a 1343     		orrs	r3, r3, r2
 5281 013c 7A68     		ldr	r2, [r7, #4]
 5282 013e 9361     		str	r3, [r2, #24]
1552:Drivers/STM32F4xx_HAL_Driver/Src/stm32f4xx_ll_usb.c ****                     USB_OTG_GINTMSK_SOFM             | USB_OTG_GINTSTS_DISCINT | \
1553:Drivers/STM32F4xx_HAL_Driver/Src/stm32f4xx_ll_usb.c ****                     USB_OTG_GINTMSK_PXFRM_IISOOXFRM  | USB_OTG_GINTMSK_WUIM);
1554:Drivers/STM32F4xx_HAL_Driver/Src/stm32f4xx_ll_usb.c **** 
1555:Drivers/STM32F4xx_HAL_Driver/Src/stm32f4xx_ll_usb.c ****   return ret;
 5283              		.loc 1 1555 10
 5284 0140 FB7D     		ldrb	r3, [r7, #23]	@ zero_extendqisi2
1556:Drivers/STM32F4xx_HAL_Driver/Src/stm32f4xx_ll_usb.c **** }
 5285              		.loc 1 1556 1
 5286 0142 1846     		mov	r0, r3
 5287 0144 1837     		adds	r7, r7, #24
 5288              	.LCFI215:
 5289              		.cfi_def_cfa_offset 24
 5290 0146 BD46     		mov	sp, r7
 5291              	.LCFI216:
 5292              		.cfi_def_cfa_register 13
 5293              		@ sp needed
 5294 0148 BDE88040 		pop	{r7, lr}
 5295              	.LCFI217:
 5296              		.cfi_restore 14
 5297              		.cfi_restore 7
 5298              		.cfi_def_cfa_offset 16
 5299 014c 04B0     		add	sp, sp, #16
 5300              	.LCFI218:
 5301              		.cfi_def_cfa_offset 0
 5302 014e 7047     		bx	lr
 5303              	.L220:
 5304              		.align	2
 5305              	.L219:
 5306 0150 80006000 		.word	6291584
 5307 0154 E0004000 		.word	4194528
 5308 0158 080020A3 		.word	-1558183928
 5309              		.cfi_endproc
 5310              	.LFE255:
 5312              		.section	.text.USB_InitFSLSPClkSel,"ax",%progbits
 5313              		.align	1
 5314              		.global	USB_InitFSLSPClkSel
 5315              		.syntax unified
 5316              		.thumb
 5317              		.thumb_func
 5319              	USB_InitFSLSPClkSel:
 5320              	.LFB256:
1557:Drivers/STM32F4xx_HAL_Driver/Src/stm32f4xx_ll_usb.c **** 
1558:Drivers/STM32F4xx_HAL_Driver/Src/stm32f4xx_ll_usb.c **** /**
1559:Drivers/STM32F4xx_HAL_Driver/Src/stm32f4xx_ll_usb.c ****   * @brief  USB_InitFSLSPClkSel : Initializes the FSLSPClkSel field of the
ARM GAS  C:\Users\DAELT-~1\AppData\Local\Temp\ccK7IQ4D.s 			page 121


1560:Drivers/STM32F4xx_HAL_Driver/Src/stm32f4xx_ll_usb.c ****   *         HCFG register on the PHY type and set the right frame interval
1561:Drivers/STM32F4xx_HAL_Driver/Src/stm32f4xx_ll_usb.c ****   * @param  USBx  Selected device
1562:Drivers/STM32F4xx_HAL_Driver/Src/stm32f4xx_ll_usb.c ****   * @param  freq  clock frequency
1563:Drivers/STM32F4xx_HAL_Driver/Src/stm32f4xx_ll_usb.c ****   *          This parameter can be one of these values:
1564:Drivers/STM32F4xx_HAL_Driver/Src/stm32f4xx_ll_usb.c ****   *           HCFG_48_MHZ : Full Speed 48 MHz Clock
1565:Drivers/STM32F4xx_HAL_Driver/Src/stm32f4xx_ll_usb.c ****   *           HCFG_6_MHZ : Low Speed 6 MHz Clock
1566:Drivers/STM32F4xx_HAL_Driver/Src/stm32f4xx_ll_usb.c ****   * @retval HAL status
1567:Drivers/STM32F4xx_HAL_Driver/Src/stm32f4xx_ll_usb.c ****   */
1568:Drivers/STM32F4xx_HAL_Driver/Src/stm32f4xx_ll_usb.c **** HAL_StatusTypeDef USB_InitFSLSPClkSel(const USB_OTG_GlobalTypeDef *USBx, uint8_t freq)
1569:Drivers/STM32F4xx_HAL_Driver/Src/stm32f4xx_ll_usb.c **** {
 5321              		.loc 1 1569 1
 5322              		.cfi_startproc
 5323              		@ args = 0, pretend = 0, frame = 16
 5324              		@ frame_needed = 1, uses_anonymous_args = 0
 5325              		@ link register save eliminated.
 5326 0000 80B4     		push	{r7}
 5327              	.LCFI219:
 5328              		.cfi_def_cfa_offset 4
 5329              		.cfi_offset 7, -4
 5330 0002 85B0     		sub	sp, sp, #20
 5331              	.LCFI220:
 5332              		.cfi_def_cfa_offset 24
 5333 0004 00AF     		add	r7, sp, #0
 5334              	.LCFI221:
 5335              		.cfi_def_cfa_register 7
 5336 0006 7860     		str	r0, [r7, #4]
 5337 0008 0B46     		mov	r3, r1
 5338 000a FB70     		strb	r3, [r7, #3]
1570:Drivers/STM32F4xx_HAL_Driver/Src/stm32f4xx_ll_usb.c ****   uint32_t USBx_BASE = (uint32_t)USBx;
 5339              		.loc 1 1570 12
 5340 000c 7B68     		ldr	r3, [r7, #4]
 5341 000e FB60     		str	r3, [r7, #12]
1571:Drivers/STM32F4xx_HAL_Driver/Src/stm32f4xx_ll_usb.c **** 
1572:Drivers/STM32F4xx_HAL_Driver/Src/stm32f4xx_ll_usb.c ****   USBx_HOST->HCFG &= ~(USB_OTG_HCFG_FSLSPCS);
 5342              		.loc 1 1572 12
 5343 0010 FB68     		ldr	r3, [r7, #12]
 5344 0012 03F58063 		add	r3, r3, #1024
 5345 0016 1B68     		ldr	r3, [r3]
 5346 0018 FA68     		ldr	r2, [r7, #12]
 5347 001a 02F58062 		add	r2, r2, #1024
 5348              		.loc 1 1572 19
 5349 001e 23F00303 		bic	r3, r3, #3
 5350 0022 1360     		str	r3, [r2]
1573:Drivers/STM32F4xx_HAL_Driver/Src/stm32f4xx_ll_usb.c ****   USBx_HOST->HCFG |= (uint32_t)freq & USB_OTG_HCFG_FSLSPCS;
 5351              		.loc 1 1573 12
 5352 0024 FB68     		ldr	r3, [r7, #12]
 5353 0026 03F58063 		add	r3, r3, #1024
 5354 002a 1A68     		ldr	r2, [r3]
 5355              		.loc 1 1573 37
 5356 002c FB78     		ldrb	r3, [r7, #3]	@ zero_extendqisi2
 5357 002e 03F00303 		and	r3, r3, #3
 5358              		.loc 1 1573 12
 5359 0032 F968     		ldr	r1, [r7, #12]
 5360 0034 01F58061 		add	r1, r1, #1024
 5361              		.loc 1 1573 19
 5362 0038 1343     		orrs	r3, r3, r2
 5363 003a 0B60     		str	r3, [r1]
ARM GAS  C:\Users\DAELT-~1\AppData\Local\Temp\ccK7IQ4D.s 			page 122


1574:Drivers/STM32F4xx_HAL_Driver/Src/stm32f4xx_ll_usb.c **** 
1575:Drivers/STM32F4xx_HAL_Driver/Src/stm32f4xx_ll_usb.c ****   if (freq == HCFG_48_MHZ)
 5364              		.loc 1 1575 6
 5365 003c FB78     		ldrb	r3, [r7, #3]	@ zero_extendqisi2
 5366 003e 012B     		cmp	r3, #1
 5367 0040 07D1     		bne	.L222
1576:Drivers/STM32F4xx_HAL_Driver/Src/stm32f4xx_ll_usb.c ****   {
1577:Drivers/STM32F4xx_HAL_Driver/Src/stm32f4xx_ll_usb.c ****     USBx_HOST->HFIR = HFIR_48_MHZ;
 5368              		.loc 1 1577 5
 5369 0042 FB68     		ldr	r3, [r7, #12]
 5370 0044 03F58063 		add	r3, r3, #1024
 5371 0048 1A46     		mov	r2, r3
 5372              		.loc 1 1577 21
 5373 004a 4BF68033 		movw	r3, #48000
 5374 004e 5360     		str	r3, [r2, #4]
 5375 0050 0CE0     		b	.L223
 5376              	.L222:
1578:Drivers/STM32F4xx_HAL_Driver/Src/stm32f4xx_ll_usb.c ****   }
1579:Drivers/STM32F4xx_HAL_Driver/Src/stm32f4xx_ll_usb.c ****   else if (freq == HCFG_6_MHZ)
 5377              		.loc 1 1579 11
 5378 0052 FB78     		ldrb	r3, [r7, #3]	@ zero_extendqisi2
 5379 0054 022B     		cmp	r3, #2
 5380 0056 07D1     		bne	.L224
1580:Drivers/STM32F4xx_HAL_Driver/Src/stm32f4xx_ll_usb.c ****   {
1581:Drivers/STM32F4xx_HAL_Driver/Src/stm32f4xx_ll_usb.c ****     USBx_HOST->HFIR = HFIR_6_MHZ;
 5381              		.loc 1 1581 5
 5382 0058 FB68     		ldr	r3, [r7, #12]
 5383 005a 03F58063 		add	r3, r3, #1024
 5384 005e 1A46     		mov	r2, r3
 5385              		.loc 1 1581 21
 5386 0060 41F27073 		movw	r3, #6000
 5387 0064 5360     		str	r3, [r2, #4]
 5388 0066 01E0     		b	.L223
 5389              	.L224:
1582:Drivers/STM32F4xx_HAL_Driver/Src/stm32f4xx_ll_usb.c ****   }
1583:Drivers/STM32F4xx_HAL_Driver/Src/stm32f4xx_ll_usb.c ****   else
1584:Drivers/STM32F4xx_HAL_Driver/Src/stm32f4xx_ll_usb.c ****   {
1585:Drivers/STM32F4xx_HAL_Driver/Src/stm32f4xx_ll_usb.c ****     return HAL_ERROR;
 5390              		.loc 1 1585 12
 5391 0068 0123     		movs	r3, #1
 5392 006a 00E0     		b	.L225
 5393              	.L223:
1586:Drivers/STM32F4xx_HAL_Driver/Src/stm32f4xx_ll_usb.c ****   }
1587:Drivers/STM32F4xx_HAL_Driver/Src/stm32f4xx_ll_usb.c **** 
1588:Drivers/STM32F4xx_HAL_Driver/Src/stm32f4xx_ll_usb.c ****   return HAL_OK;
 5394              		.loc 1 1588 10
 5395 006c 0023     		movs	r3, #0
 5396              	.L225:
1589:Drivers/STM32F4xx_HAL_Driver/Src/stm32f4xx_ll_usb.c **** }
 5397              		.loc 1 1589 1
 5398 006e 1846     		mov	r0, r3
 5399 0070 1437     		adds	r7, r7, #20
 5400              	.LCFI222:
 5401              		.cfi_def_cfa_offset 4
 5402 0072 BD46     		mov	sp, r7
 5403              	.LCFI223:
 5404              		.cfi_def_cfa_register 13
ARM GAS  C:\Users\DAELT-~1\AppData\Local\Temp\ccK7IQ4D.s 			page 123


 5405              		@ sp needed
 5406 0074 5DF8047B 		ldr	r7, [sp], #4
 5407              	.LCFI224:
 5408              		.cfi_restore 7
 5409              		.cfi_def_cfa_offset 0
 5410 0078 7047     		bx	lr
 5411              		.cfi_endproc
 5412              	.LFE256:
 5414              		.section	.text.USB_ResetPort,"ax",%progbits
 5415              		.align	1
 5416              		.global	USB_ResetPort
 5417              		.syntax unified
 5418              		.thumb
 5419              		.thumb_func
 5421              	USB_ResetPort:
 5422              	.LFB257:
1590:Drivers/STM32F4xx_HAL_Driver/Src/stm32f4xx_ll_usb.c **** 
1591:Drivers/STM32F4xx_HAL_Driver/Src/stm32f4xx_ll_usb.c **** /**
1592:Drivers/STM32F4xx_HAL_Driver/Src/stm32f4xx_ll_usb.c ****   * @brief  USB_OTG_ResetPort : Reset Host Port
1593:Drivers/STM32F4xx_HAL_Driver/Src/stm32f4xx_ll_usb.c ****   * @param  USBx  Selected device
1594:Drivers/STM32F4xx_HAL_Driver/Src/stm32f4xx_ll_usb.c ****   * @retval HAL status
1595:Drivers/STM32F4xx_HAL_Driver/Src/stm32f4xx_ll_usb.c ****   * @note (1)The application must wait at least 10 ms
1596:Drivers/STM32F4xx_HAL_Driver/Src/stm32f4xx_ll_usb.c ****   *   before clearing the reset bit.
1597:Drivers/STM32F4xx_HAL_Driver/Src/stm32f4xx_ll_usb.c ****   */
1598:Drivers/STM32F4xx_HAL_Driver/Src/stm32f4xx_ll_usb.c **** HAL_StatusTypeDef USB_ResetPort(const USB_OTG_GlobalTypeDef *USBx)
1599:Drivers/STM32F4xx_HAL_Driver/Src/stm32f4xx_ll_usb.c **** {
 5423              		.loc 1 1599 1
 5424              		.cfi_startproc
 5425              		@ args = 0, pretend = 0, frame = 16
 5426              		@ frame_needed = 1, uses_anonymous_args = 0
 5427 0000 80B5     		push	{r7, lr}
 5428              	.LCFI225:
 5429              		.cfi_def_cfa_offset 8
 5430              		.cfi_offset 7, -8
 5431              		.cfi_offset 14, -4
 5432 0002 84B0     		sub	sp, sp, #16
 5433              	.LCFI226:
 5434              		.cfi_def_cfa_offset 24
 5435 0004 00AF     		add	r7, sp, #0
 5436              	.LCFI227:
 5437              		.cfi_def_cfa_register 7
 5438 0006 7860     		str	r0, [r7, #4]
1600:Drivers/STM32F4xx_HAL_Driver/Src/stm32f4xx_ll_usb.c ****   uint32_t USBx_BASE = (uint32_t)USBx;
 5439              		.loc 1 1600 12
 5440 0008 7B68     		ldr	r3, [r7, #4]
 5441 000a FB60     		str	r3, [r7, #12]
1601:Drivers/STM32F4xx_HAL_Driver/Src/stm32f4xx_ll_usb.c **** 
1602:Drivers/STM32F4xx_HAL_Driver/Src/stm32f4xx_ll_usb.c ****   __IO uint32_t hprt0 = 0U;
 5442              		.loc 1 1602 17
 5443 000c 0023     		movs	r3, #0
 5444 000e BB60     		str	r3, [r7, #8]
1603:Drivers/STM32F4xx_HAL_Driver/Src/stm32f4xx_ll_usb.c **** 
1604:Drivers/STM32F4xx_HAL_Driver/Src/stm32f4xx_ll_usb.c ****   hprt0 = USBx_HPRT0;
 5445              		.loc 1 1604 11
 5446 0010 FB68     		ldr	r3, [r7, #12]
 5447 0012 03F58863 		add	r3, r3, #1088
 5448 0016 1B68     		ldr	r3, [r3]
ARM GAS  C:\Users\DAELT-~1\AppData\Local\Temp\ccK7IQ4D.s 			page 124


 5449              		.loc 1 1604 9
 5450 0018 BB60     		str	r3, [r7, #8]
1605:Drivers/STM32F4xx_HAL_Driver/Src/stm32f4xx_ll_usb.c **** 
1606:Drivers/STM32F4xx_HAL_Driver/Src/stm32f4xx_ll_usb.c ****   hprt0 &= ~(USB_OTG_HPRT_PENA | USB_OTG_HPRT_PCDET |
 5451              		.loc 1 1606 9
 5452 001a BB68     		ldr	r3, [r7, #8]
 5453 001c 23F02E03 		bic	r3, r3, #46
 5454 0020 BB60     		str	r3, [r7, #8]
1607:Drivers/STM32F4xx_HAL_Driver/Src/stm32f4xx_ll_usb.c ****              USB_OTG_HPRT_PENCHNG | USB_OTG_HPRT_POCCHNG);
1608:Drivers/STM32F4xx_HAL_Driver/Src/stm32f4xx_ll_usb.c **** 
1609:Drivers/STM32F4xx_HAL_Driver/Src/stm32f4xx_ll_usb.c ****   USBx_HPRT0 = (USB_OTG_HPRT_PRST | hprt0);
 5455              		.loc 1 1609 35
 5456 0022 BB68     		ldr	r3, [r7, #8]
 5457              		.loc 1 1609 3
 5458 0024 FA68     		ldr	r2, [r7, #12]
 5459 0026 02F58862 		add	r2, r2, #1088
 5460              		.loc 1 1609 35
 5461 002a 43F48073 		orr	r3, r3, #256
 5462              		.loc 1 1609 14
 5463 002e 1360     		str	r3, [r2]
1610:Drivers/STM32F4xx_HAL_Driver/Src/stm32f4xx_ll_usb.c ****   HAL_Delay(100U);                                 /* See Note #1 */
 5464              		.loc 1 1610 3
 5465 0030 6420     		movs	r0, #100
 5466 0032 FFF7FEFF 		bl	HAL_Delay
1611:Drivers/STM32F4xx_HAL_Driver/Src/stm32f4xx_ll_usb.c ****   USBx_HPRT0 = ((~USB_OTG_HPRT_PRST) & hprt0);
 5467              		.loc 1 1611 38
 5468 0036 BB68     		ldr	r3, [r7, #8]
 5469              		.loc 1 1611 3
 5470 0038 FA68     		ldr	r2, [r7, #12]
 5471 003a 02F58862 		add	r2, r2, #1088
 5472              		.loc 1 1611 38
 5473 003e 23F48073 		bic	r3, r3, #256
 5474              		.loc 1 1611 14
 5475 0042 1360     		str	r3, [r2]
1612:Drivers/STM32F4xx_HAL_Driver/Src/stm32f4xx_ll_usb.c ****   HAL_Delay(10U);
 5476              		.loc 1 1612 3
 5477 0044 0A20     		movs	r0, #10
 5478 0046 FFF7FEFF 		bl	HAL_Delay
1613:Drivers/STM32F4xx_HAL_Driver/Src/stm32f4xx_ll_usb.c **** 
1614:Drivers/STM32F4xx_HAL_Driver/Src/stm32f4xx_ll_usb.c ****   return HAL_OK;
 5479              		.loc 1 1614 10
 5480 004a 0023     		movs	r3, #0
1615:Drivers/STM32F4xx_HAL_Driver/Src/stm32f4xx_ll_usb.c **** }
 5481              		.loc 1 1615 1
 5482 004c 1846     		mov	r0, r3
 5483 004e 1037     		adds	r7, r7, #16
 5484              	.LCFI228:
 5485              		.cfi_def_cfa_offset 8
 5486 0050 BD46     		mov	sp, r7
 5487              	.LCFI229:
 5488              		.cfi_def_cfa_register 13
 5489              		@ sp needed
 5490 0052 80BD     		pop	{r7, pc}
 5491              		.cfi_endproc
 5492              	.LFE257:
 5494              		.section	.text.USB_DriveVbus,"ax",%progbits
 5495              		.align	1
ARM GAS  C:\Users\DAELT-~1\AppData\Local\Temp\ccK7IQ4D.s 			page 125


 5496              		.global	USB_DriveVbus
 5497              		.syntax unified
 5498              		.thumb
 5499              		.thumb_func
 5501              	USB_DriveVbus:
 5502              	.LFB258:
1616:Drivers/STM32F4xx_HAL_Driver/Src/stm32f4xx_ll_usb.c **** 
1617:Drivers/STM32F4xx_HAL_Driver/Src/stm32f4xx_ll_usb.c **** /**
1618:Drivers/STM32F4xx_HAL_Driver/Src/stm32f4xx_ll_usb.c ****   * @brief  USB_DriveVbus : activate or de-activate vbus
1619:Drivers/STM32F4xx_HAL_Driver/Src/stm32f4xx_ll_usb.c ****   * @param  state  VBUS state
1620:Drivers/STM32F4xx_HAL_Driver/Src/stm32f4xx_ll_usb.c ****   *          This parameter can be one of these values:
1621:Drivers/STM32F4xx_HAL_Driver/Src/stm32f4xx_ll_usb.c ****   *           0 : Deactivate VBUS
1622:Drivers/STM32F4xx_HAL_Driver/Src/stm32f4xx_ll_usb.c ****   *           1 : Activate VBUS
1623:Drivers/STM32F4xx_HAL_Driver/Src/stm32f4xx_ll_usb.c ****   * @retval HAL status
1624:Drivers/STM32F4xx_HAL_Driver/Src/stm32f4xx_ll_usb.c ****   */
1625:Drivers/STM32F4xx_HAL_Driver/Src/stm32f4xx_ll_usb.c **** HAL_StatusTypeDef USB_DriveVbus(const USB_OTG_GlobalTypeDef *USBx, uint8_t state)
1626:Drivers/STM32F4xx_HAL_Driver/Src/stm32f4xx_ll_usb.c **** {
 5503              		.loc 1 1626 1
 5504              		.cfi_startproc
 5505              		@ args = 0, pretend = 0, frame = 16
 5506              		@ frame_needed = 1, uses_anonymous_args = 0
 5507              		@ link register save eliminated.
 5508 0000 80B4     		push	{r7}
 5509              	.LCFI230:
 5510              		.cfi_def_cfa_offset 4
 5511              		.cfi_offset 7, -4
 5512 0002 85B0     		sub	sp, sp, #20
 5513              	.LCFI231:
 5514              		.cfi_def_cfa_offset 24
 5515 0004 00AF     		add	r7, sp, #0
 5516              	.LCFI232:
 5517              		.cfi_def_cfa_register 7
 5518 0006 7860     		str	r0, [r7, #4]
 5519 0008 0B46     		mov	r3, r1
 5520 000a FB70     		strb	r3, [r7, #3]
1627:Drivers/STM32F4xx_HAL_Driver/Src/stm32f4xx_ll_usb.c ****   uint32_t USBx_BASE = (uint32_t)USBx;
 5521              		.loc 1 1627 12
 5522 000c 7B68     		ldr	r3, [r7, #4]
 5523 000e FB60     		str	r3, [r7, #12]
1628:Drivers/STM32F4xx_HAL_Driver/Src/stm32f4xx_ll_usb.c ****   __IO uint32_t hprt0 = 0U;
 5524              		.loc 1 1628 17
 5525 0010 0023     		movs	r3, #0
 5526 0012 BB60     		str	r3, [r7, #8]
1629:Drivers/STM32F4xx_HAL_Driver/Src/stm32f4xx_ll_usb.c **** 
1630:Drivers/STM32F4xx_HAL_Driver/Src/stm32f4xx_ll_usb.c ****   hprt0 = USBx_HPRT0;
 5527              		.loc 1 1630 11
 5528 0014 FB68     		ldr	r3, [r7, #12]
 5529 0016 03F58863 		add	r3, r3, #1088
 5530 001a 1B68     		ldr	r3, [r3]
 5531              		.loc 1 1630 9
 5532 001c BB60     		str	r3, [r7, #8]
1631:Drivers/STM32F4xx_HAL_Driver/Src/stm32f4xx_ll_usb.c **** 
1632:Drivers/STM32F4xx_HAL_Driver/Src/stm32f4xx_ll_usb.c ****   hprt0 &= ~(USB_OTG_HPRT_PENA | USB_OTG_HPRT_PCDET |
 5533              		.loc 1 1632 9
 5534 001e BB68     		ldr	r3, [r7, #8]
 5535 0020 23F02E03 		bic	r3, r3, #46
 5536 0024 BB60     		str	r3, [r7, #8]
ARM GAS  C:\Users\DAELT-~1\AppData\Local\Temp\ccK7IQ4D.s 			page 126


1633:Drivers/STM32F4xx_HAL_Driver/Src/stm32f4xx_ll_usb.c ****              USB_OTG_HPRT_PENCHNG | USB_OTG_HPRT_POCCHNG);
1634:Drivers/STM32F4xx_HAL_Driver/Src/stm32f4xx_ll_usb.c **** 
1635:Drivers/STM32F4xx_HAL_Driver/Src/stm32f4xx_ll_usb.c ****   if (((hprt0 & USB_OTG_HPRT_PPWR) == 0U) && (state == 1U))
 5537              		.loc 1 1635 15
 5538 0026 BB68     		ldr	r3, [r7, #8]
 5539 0028 03F48053 		and	r3, r3, #4096
 5540              		.loc 1 1635 6
 5541 002c 002B     		cmp	r3, #0
 5542 002e 09D1     		bne	.L229
 5543              		.loc 1 1635 43 discriminator 1
 5544 0030 FB78     		ldrb	r3, [r7, #3]	@ zero_extendqisi2
 5545 0032 012B     		cmp	r3, #1
 5546 0034 06D1     		bne	.L229
1636:Drivers/STM32F4xx_HAL_Driver/Src/stm32f4xx_ll_usb.c ****   {
1637:Drivers/STM32F4xx_HAL_Driver/Src/stm32f4xx_ll_usb.c ****     USBx_HPRT0 = (USB_OTG_HPRT_PPWR | hprt0);
 5547              		.loc 1 1637 37
 5548 0036 BB68     		ldr	r3, [r7, #8]
 5549              		.loc 1 1637 5
 5550 0038 FA68     		ldr	r2, [r7, #12]
 5551 003a 02F58862 		add	r2, r2, #1088
 5552              		.loc 1 1637 37
 5553 003e 43F48053 		orr	r3, r3, #4096
 5554              		.loc 1 1637 16
 5555 0042 1360     		str	r3, [r2]
 5556              	.L229:
1638:Drivers/STM32F4xx_HAL_Driver/Src/stm32f4xx_ll_usb.c ****   }
1639:Drivers/STM32F4xx_HAL_Driver/Src/stm32f4xx_ll_usb.c ****   if (((hprt0 & USB_OTG_HPRT_PPWR) == USB_OTG_HPRT_PPWR) && (state == 0U))
 5557              		.loc 1 1639 15
 5558 0044 BB68     		ldr	r3, [r7, #8]
 5559 0046 03F48053 		and	r3, r3, #4096
 5560              		.loc 1 1639 6
 5561 004a B3F5805F 		cmp	r3, #4096
 5562 004e 09D1     		bne	.L230
 5563              		.loc 1 1639 58 discriminator 1
 5564 0050 FB78     		ldrb	r3, [r7, #3]	@ zero_extendqisi2
 5565 0052 002B     		cmp	r3, #0
 5566 0054 06D1     		bne	.L230
1640:Drivers/STM32F4xx_HAL_Driver/Src/stm32f4xx_ll_usb.c ****   {
1641:Drivers/STM32F4xx_HAL_Driver/Src/stm32f4xx_ll_usb.c ****     USBx_HPRT0 = ((~USB_OTG_HPRT_PPWR) & hprt0);
 5567              		.loc 1 1641 40
 5568 0056 BB68     		ldr	r3, [r7, #8]
 5569              		.loc 1 1641 5
 5570 0058 FA68     		ldr	r2, [r7, #12]
 5571 005a 02F58862 		add	r2, r2, #1088
 5572              		.loc 1 1641 40
 5573 005e 23F48053 		bic	r3, r3, #4096
 5574              		.loc 1 1641 16
 5575 0062 1360     		str	r3, [r2]
 5576              	.L230:
1642:Drivers/STM32F4xx_HAL_Driver/Src/stm32f4xx_ll_usb.c ****   }
1643:Drivers/STM32F4xx_HAL_Driver/Src/stm32f4xx_ll_usb.c ****   return HAL_OK;
 5577              		.loc 1 1643 10
 5578 0064 0023     		movs	r3, #0
1644:Drivers/STM32F4xx_HAL_Driver/Src/stm32f4xx_ll_usb.c **** }
 5579              		.loc 1 1644 1
 5580 0066 1846     		mov	r0, r3
 5581 0068 1437     		adds	r7, r7, #20
ARM GAS  C:\Users\DAELT-~1\AppData\Local\Temp\ccK7IQ4D.s 			page 127


 5582              	.LCFI233:
 5583              		.cfi_def_cfa_offset 4
 5584 006a BD46     		mov	sp, r7
 5585              	.LCFI234:
 5586              		.cfi_def_cfa_register 13
 5587              		@ sp needed
 5588 006c 5DF8047B 		ldr	r7, [sp], #4
 5589              	.LCFI235:
 5590              		.cfi_restore 7
 5591              		.cfi_def_cfa_offset 0
 5592 0070 7047     		bx	lr
 5593              		.cfi_endproc
 5594              	.LFE258:
 5596              		.section	.text.USB_GetHostSpeed,"ax",%progbits
 5597              		.align	1
 5598              		.global	USB_GetHostSpeed
 5599              		.syntax unified
 5600              		.thumb
 5601              		.thumb_func
 5603              	USB_GetHostSpeed:
 5604              	.LFB259:
1645:Drivers/STM32F4xx_HAL_Driver/Src/stm32f4xx_ll_usb.c **** 
1646:Drivers/STM32F4xx_HAL_Driver/Src/stm32f4xx_ll_usb.c **** /**
1647:Drivers/STM32F4xx_HAL_Driver/Src/stm32f4xx_ll_usb.c ****   * @brief  Return Host Port speed
1648:Drivers/STM32F4xx_HAL_Driver/Src/stm32f4xx_ll_usb.c ****   * @param  USBx  Selected device
1649:Drivers/STM32F4xx_HAL_Driver/Src/stm32f4xx_ll_usb.c ****   * @retval speed : Host port device speed
1650:Drivers/STM32F4xx_HAL_Driver/Src/stm32f4xx_ll_usb.c ****   *          This parameter can be one of these values:
1651:Drivers/STM32F4xx_HAL_Driver/Src/stm32f4xx_ll_usb.c ****   *            @arg HCD_DEVICE_SPEED_HIGH: High speed mode
1652:Drivers/STM32F4xx_HAL_Driver/Src/stm32f4xx_ll_usb.c ****   *            @arg HCD_DEVICE_SPEED_FULL: Full speed mode
1653:Drivers/STM32F4xx_HAL_Driver/Src/stm32f4xx_ll_usb.c ****   *            @arg HCD_DEVICE_SPEED_LOW: Low speed mode
1654:Drivers/STM32F4xx_HAL_Driver/Src/stm32f4xx_ll_usb.c ****   */
1655:Drivers/STM32F4xx_HAL_Driver/Src/stm32f4xx_ll_usb.c **** uint32_t USB_GetHostSpeed(USB_OTG_GlobalTypeDef const *USBx)
1656:Drivers/STM32F4xx_HAL_Driver/Src/stm32f4xx_ll_usb.c **** {
 5605              		.loc 1 1656 1
 5606              		.cfi_startproc
 5607              		@ args = 0, pretend = 0, frame = 16
 5608              		@ frame_needed = 1, uses_anonymous_args = 0
 5609              		@ link register save eliminated.
 5610 0000 80B4     		push	{r7}
 5611              	.LCFI236:
 5612              		.cfi_def_cfa_offset 4
 5613              		.cfi_offset 7, -4
 5614 0002 85B0     		sub	sp, sp, #20
 5615              	.LCFI237:
 5616              		.cfi_def_cfa_offset 24
 5617 0004 00AF     		add	r7, sp, #0
 5618              	.LCFI238:
 5619              		.cfi_def_cfa_register 7
 5620 0006 7860     		str	r0, [r7, #4]
1657:Drivers/STM32F4xx_HAL_Driver/Src/stm32f4xx_ll_usb.c ****   uint32_t USBx_BASE = (uint32_t)USBx;
 5621              		.loc 1 1657 12
 5622 0008 7B68     		ldr	r3, [r7, #4]
 5623 000a FB60     		str	r3, [r7, #12]
1658:Drivers/STM32F4xx_HAL_Driver/Src/stm32f4xx_ll_usb.c ****   __IO uint32_t hprt0 = 0U;
 5624              		.loc 1 1658 17
 5625 000c 0023     		movs	r3, #0
 5626 000e BB60     		str	r3, [r7, #8]
ARM GAS  C:\Users\DAELT-~1\AppData\Local\Temp\ccK7IQ4D.s 			page 128


1659:Drivers/STM32F4xx_HAL_Driver/Src/stm32f4xx_ll_usb.c **** 
1660:Drivers/STM32F4xx_HAL_Driver/Src/stm32f4xx_ll_usb.c ****   hprt0 = USBx_HPRT0;
 5627              		.loc 1 1660 11
 5628 0010 FB68     		ldr	r3, [r7, #12]
 5629 0012 03F58863 		add	r3, r3, #1088
 5630 0016 1B68     		ldr	r3, [r3]
 5631              		.loc 1 1660 9
 5632 0018 BB60     		str	r3, [r7, #8]
1661:Drivers/STM32F4xx_HAL_Driver/Src/stm32f4xx_ll_usb.c ****   return ((hprt0 & USB_OTG_HPRT_PSPD) >> 17);
 5633              		.loc 1 1661 39
 5634 001a BB68     		ldr	r3, [r7, #8]
 5635 001c 5B0C     		lsrs	r3, r3, #17
 5636 001e 03F00303 		and	r3, r3, #3
1662:Drivers/STM32F4xx_HAL_Driver/Src/stm32f4xx_ll_usb.c **** }
 5637              		.loc 1 1662 1
 5638 0022 1846     		mov	r0, r3
 5639 0024 1437     		adds	r7, r7, #20
 5640              	.LCFI239:
 5641              		.cfi_def_cfa_offset 4
 5642 0026 BD46     		mov	sp, r7
 5643              	.LCFI240:
 5644              		.cfi_def_cfa_register 13
 5645              		@ sp needed
 5646 0028 5DF8047B 		ldr	r7, [sp], #4
 5647              	.LCFI241:
 5648              		.cfi_restore 7
 5649              		.cfi_def_cfa_offset 0
 5650 002c 7047     		bx	lr
 5651              		.cfi_endproc
 5652              	.LFE259:
 5654              		.section	.text.USB_GetCurrentFrame,"ax",%progbits
 5655              		.align	1
 5656              		.global	USB_GetCurrentFrame
 5657              		.syntax unified
 5658              		.thumb
 5659              		.thumb_func
 5661              	USB_GetCurrentFrame:
 5662              	.LFB260:
1663:Drivers/STM32F4xx_HAL_Driver/Src/stm32f4xx_ll_usb.c **** 
1664:Drivers/STM32F4xx_HAL_Driver/Src/stm32f4xx_ll_usb.c **** /**
1665:Drivers/STM32F4xx_HAL_Driver/Src/stm32f4xx_ll_usb.c ****   * @brief  Return Host Current Frame number
1666:Drivers/STM32F4xx_HAL_Driver/Src/stm32f4xx_ll_usb.c ****   * @param  USBx  Selected device
1667:Drivers/STM32F4xx_HAL_Driver/Src/stm32f4xx_ll_usb.c ****   * @retval current frame number
1668:Drivers/STM32F4xx_HAL_Driver/Src/stm32f4xx_ll_usb.c ****   */
1669:Drivers/STM32F4xx_HAL_Driver/Src/stm32f4xx_ll_usb.c **** uint32_t USB_GetCurrentFrame(USB_OTG_GlobalTypeDef const *USBx)
1670:Drivers/STM32F4xx_HAL_Driver/Src/stm32f4xx_ll_usb.c **** {
 5663              		.loc 1 1670 1
 5664              		.cfi_startproc
 5665              		@ args = 0, pretend = 0, frame = 16
 5666              		@ frame_needed = 1, uses_anonymous_args = 0
 5667              		@ link register save eliminated.
 5668 0000 80B4     		push	{r7}
 5669              	.LCFI242:
 5670              		.cfi_def_cfa_offset 4
 5671              		.cfi_offset 7, -4
 5672 0002 85B0     		sub	sp, sp, #20
 5673              	.LCFI243:
ARM GAS  C:\Users\DAELT-~1\AppData\Local\Temp\ccK7IQ4D.s 			page 129


 5674              		.cfi_def_cfa_offset 24
 5675 0004 00AF     		add	r7, sp, #0
 5676              	.LCFI244:
 5677              		.cfi_def_cfa_register 7
 5678 0006 7860     		str	r0, [r7, #4]
1671:Drivers/STM32F4xx_HAL_Driver/Src/stm32f4xx_ll_usb.c ****   uint32_t USBx_BASE = (uint32_t)USBx;
 5679              		.loc 1 1671 12
 5680 0008 7B68     		ldr	r3, [r7, #4]
 5681 000a FB60     		str	r3, [r7, #12]
1672:Drivers/STM32F4xx_HAL_Driver/Src/stm32f4xx_ll_usb.c **** 
1673:Drivers/STM32F4xx_HAL_Driver/Src/stm32f4xx_ll_usb.c ****   return (USBx_HOST->HFNUM & USB_OTG_HFNUM_FRNUM);
 5682              		.loc 1 1673 11
 5683 000c FB68     		ldr	r3, [r7, #12]
 5684 000e 03F58063 		add	r3, r3, #1024
 5685              		.loc 1 1673 20
 5686 0012 9B68     		ldr	r3, [r3, #8]
 5687              		.loc 1 1673 28
 5688 0014 9BB2     		uxth	r3, r3
1674:Drivers/STM32F4xx_HAL_Driver/Src/stm32f4xx_ll_usb.c **** }
 5689              		.loc 1 1674 1
 5690 0016 1846     		mov	r0, r3
 5691 0018 1437     		adds	r7, r7, #20
 5692              	.LCFI245:
 5693              		.cfi_def_cfa_offset 4
 5694 001a BD46     		mov	sp, r7
 5695              	.LCFI246:
 5696              		.cfi_def_cfa_register 13
 5697              		@ sp needed
 5698 001c 5DF8047B 		ldr	r7, [sp], #4
 5699              	.LCFI247:
 5700              		.cfi_restore 7
 5701              		.cfi_def_cfa_offset 0
 5702 0020 7047     		bx	lr
 5703              		.cfi_endproc
 5704              	.LFE260:
 5706              		.section	.text.USB_HC_Init,"ax",%progbits
 5707              		.align	1
 5708              		.global	USB_HC_Init
 5709              		.syntax unified
 5710              		.thumb
 5711              		.thumb_func
 5713              	USB_HC_Init:
 5714              	.LFB261:
1675:Drivers/STM32F4xx_HAL_Driver/Src/stm32f4xx_ll_usb.c **** 
1676:Drivers/STM32F4xx_HAL_Driver/Src/stm32f4xx_ll_usb.c **** /**
1677:Drivers/STM32F4xx_HAL_Driver/Src/stm32f4xx_ll_usb.c ****   * @brief  Initialize a host channel
1678:Drivers/STM32F4xx_HAL_Driver/Src/stm32f4xx_ll_usb.c ****   * @param  USBx  Selected device
1679:Drivers/STM32F4xx_HAL_Driver/Src/stm32f4xx_ll_usb.c ****   * @param  ch_num  Channel number
1680:Drivers/STM32F4xx_HAL_Driver/Src/stm32f4xx_ll_usb.c ****   *         This parameter can be a value from 1 to 15
1681:Drivers/STM32F4xx_HAL_Driver/Src/stm32f4xx_ll_usb.c ****   * @param  epnum  Endpoint number
1682:Drivers/STM32F4xx_HAL_Driver/Src/stm32f4xx_ll_usb.c ****   *          This parameter can be a value from 1 to 15
1683:Drivers/STM32F4xx_HAL_Driver/Src/stm32f4xx_ll_usb.c ****   * @param  dev_address  Current device address
1684:Drivers/STM32F4xx_HAL_Driver/Src/stm32f4xx_ll_usb.c ****   *          This parameter can be a value from 0 to 255
1685:Drivers/STM32F4xx_HAL_Driver/Src/stm32f4xx_ll_usb.c ****   * @param  speed  Current device speed
1686:Drivers/STM32F4xx_HAL_Driver/Src/stm32f4xx_ll_usb.c ****   *          This parameter can be one of these values:
1687:Drivers/STM32F4xx_HAL_Driver/Src/stm32f4xx_ll_usb.c ****   *            @arg USB_OTG_SPEED_HIGH: High speed mode
1688:Drivers/STM32F4xx_HAL_Driver/Src/stm32f4xx_ll_usb.c ****   *            @arg USB_OTG_SPEED_FULL: Full speed mode
ARM GAS  C:\Users\DAELT-~1\AppData\Local\Temp\ccK7IQ4D.s 			page 130


1689:Drivers/STM32F4xx_HAL_Driver/Src/stm32f4xx_ll_usb.c ****   *            @arg USB_OTG_SPEED_LOW: Low speed mode
1690:Drivers/STM32F4xx_HAL_Driver/Src/stm32f4xx_ll_usb.c ****   * @param  ep_type  Endpoint Type
1691:Drivers/STM32F4xx_HAL_Driver/Src/stm32f4xx_ll_usb.c ****   *          This parameter can be one of these values:
1692:Drivers/STM32F4xx_HAL_Driver/Src/stm32f4xx_ll_usb.c ****   *            @arg EP_TYPE_CTRL: Control type
1693:Drivers/STM32F4xx_HAL_Driver/Src/stm32f4xx_ll_usb.c ****   *            @arg EP_TYPE_ISOC: Isochronous type
1694:Drivers/STM32F4xx_HAL_Driver/Src/stm32f4xx_ll_usb.c ****   *            @arg EP_TYPE_BULK: Bulk type
1695:Drivers/STM32F4xx_HAL_Driver/Src/stm32f4xx_ll_usb.c ****   *            @arg EP_TYPE_INTR: Interrupt type
1696:Drivers/STM32F4xx_HAL_Driver/Src/stm32f4xx_ll_usb.c ****   * @param  mps  Max Packet Size
1697:Drivers/STM32F4xx_HAL_Driver/Src/stm32f4xx_ll_usb.c ****   *          This parameter can be a value from 0 to 32K
1698:Drivers/STM32F4xx_HAL_Driver/Src/stm32f4xx_ll_usb.c ****   * @retval HAL state
1699:Drivers/STM32F4xx_HAL_Driver/Src/stm32f4xx_ll_usb.c ****   */
1700:Drivers/STM32F4xx_HAL_Driver/Src/stm32f4xx_ll_usb.c **** HAL_StatusTypeDef USB_HC_Init(USB_OTG_GlobalTypeDef *USBx, uint8_t ch_num,
1701:Drivers/STM32F4xx_HAL_Driver/Src/stm32f4xx_ll_usb.c ****                               uint8_t epnum, uint8_t dev_address, uint8_t speed,
1702:Drivers/STM32F4xx_HAL_Driver/Src/stm32f4xx_ll_usb.c ****                               uint8_t ep_type, uint16_t mps)
1703:Drivers/STM32F4xx_HAL_Driver/Src/stm32f4xx_ll_usb.c **** {
 5715              		.loc 1 1703 1
 5716              		.cfi_startproc
 5717              		@ args = 12, pretend = 0, frame = 32
 5718              		@ frame_needed = 1, uses_anonymous_args = 0
 5719 0000 80B5     		push	{r7, lr}
 5720              	.LCFI248:
 5721              		.cfi_def_cfa_offset 8
 5722              		.cfi_offset 7, -8
 5723              		.cfi_offset 14, -4
 5724 0002 88B0     		sub	sp, sp, #32
 5725              	.LCFI249:
 5726              		.cfi_def_cfa_offset 40
 5727 0004 00AF     		add	r7, sp, #0
 5728              	.LCFI250:
 5729              		.cfi_def_cfa_register 7
 5730 0006 7860     		str	r0, [r7, #4]
 5731 0008 0846     		mov	r0, r1
 5732 000a 1146     		mov	r1, r2
 5733 000c 1A46     		mov	r2, r3
 5734 000e 0346     		mov	r3, r0
 5735 0010 FB70     		strb	r3, [r7, #3]
 5736 0012 0B46     		mov	r3, r1
 5737 0014 BB70     		strb	r3, [r7, #2]
 5738 0016 1346     		mov	r3, r2
 5739 0018 7B70     		strb	r3, [r7, #1]
1704:Drivers/STM32F4xx_HAL_Driver/Src/stm32f4xx_ll_usb.c ****   HAL_StatusTypeDef ret = HAL_OK;
 5740              		.loc 1 1704 21
 5741 001a 0023     		movs	r3, #0
 5742 001c FB77     		strb	r3, [r7, #31]
1705:Drivers/STM32F4xx_HAL_Driver/Src/stm32f4xx_ll_usb.c ****   uint32_t USBx_BASE = (uint32_t)USBx;
 5743              		.loc 1 1705 12
 5744 001e 7B68     		ldr	r3, [r7, #4]
 5745 0020 3B61     		str	r3, [r7, #16]
1706:Drivers/STM32F4xx_HAL_Driver/Src/stm32f4xx_ll_usb.c ****   uint32_t HCcharEpDir;
1707:Drivers/STM32F4xx_HAL_Driver/Src/stm32f4xx_ll_usb.c ****   uint32_t HCcharLowSpeed;
1708:Drivers/STM32F4xx_HAL_Driver/Src/stm32f4xx_ll_usb.c ****   uint32_t HostCoreSpeed;
1709:Drivers/STM32F4xx_HAL_Driver/Src/stm32f4xx_ll_usb.c **** 
1710:Drivers/STM32F4xx_HAL_Driver/Src/stm32f4xx_ll_usb.c ****   /* Clear old interrupt conditions for this host channel. */
1711:Drivers/STM32F4xx_HAL_Driver/Src/stm32f4xx_ll_usb.c ****   USBx_HC((uint32_t)ch_num)->HCINT = CLEAR_INTERRUPT_MASK;
 5746              		.loc 1 1711 3
 5747 0022 FB78     		ldrb	r3, [r7, #3]	@ zero_extendqisi2
 5748 0024 5A01     		lsls	r2, r3, #5
ARM GAS  C:\Users\DAELT-~1\AppData\Local\Temp\ccK7IQ4D.s 			page 131


 5749 0026 3B69     		ldr	r3, [r7, #16]
 5750 0028 1344     		add	r3, r3, r2
 5751 002a 03F5A063 		add	r3, r3, #1280
 5752 002e 1A46     		mov	r2, r3
 5753              		.loc 1 1711 36
 5754 0030 4FF0FF33 		mov	r3, #-1
 5755 0034 9360     		str	r3, [r2, #8]
1712:Drivers/STM32F4xx_HAL_Driver/Src/stm32f4xx_ll_usb.c **** 
1713:Drivers/STM32F4xx_HAL_Driver/Src/stm32f4xx_ll_usb.c ****   /* Enable channel interrupts required for this transfer. */
1714:Drivers/STM32F4xx_HAL_Driver/Src/stm32f4xx_ll_usb.c ****   switch (ep_type)
 5756              		.loc 1 1714 3
 5757 0036 97F82C30 		ldrb	r3, [r7, #44]	@ zero_extendqisi2
 5758 003a 032B     		cmp	r3, #3
 5759 003c 67D8     		bhi	.L237
 5760 003e 01A2     		adr	r2, .L239
 5761 0040 52F823F0 		ldr	pc, [r2, r3, lsl #2]
 5762              		.p2align 2
 5763              	.L239:
 5764 0044 55000000 		.word	.L240+1
 5765 0048 D1000000 		.word	.L241+1
 5766 004c 55000000 		.word	.L240+1
 5767 0050 93000000 		.word	.L238+1
 5768              		.p2align 1
 5769              	.L240:
1715:Drivers/STM32F4xx_HAL_Driver/Src/stm32f4xx_ll_usb.c ****   {
1716:Drivers/STM32F4xx_HAL_Driver/Src/stm32f4xx_ll_usb.c ****     case EP_TYPE_CTRL:
1717:Drivers/STM32F4xx_HAL_Driver/Src/stm32f4xx_ll_usb.c ****     case EP_TYPE_BULK:
1718:Drivers/STM32F4xx_HAL_Driver/Src/stm32f4xx_ll_usb.c ****       USBx_HC((uint32_t)ch_num)->HCINTMSK = USB_OTG_HCINTMSK_XFRCM  |
 5770              		.loc 1 1718 7
 5771 0054 FB78     		ldrb	r3, [r7, #3]	@ zero_extendqisi2
 5772 0056 5A01     		lsls	r2, r3, #5
 5773 0058 3B69     		ldr	r3, [r7, #16]
 5774 005a 1344     		add	r3, r3, r2
 5775 005c 03F5A063 		add	r3, r3, #1280
 5776 0060 1A46     		mov	r2, r3
 5777              		.loc 1 1718 43
 5778 0062 40F29D43 		movw	r3, #1181
 5779 0066 D360     		str	r3, [r2, #12]
1719:Drivers/STM32F4xx_HAL_Driver/Src/stm32f4xx_ll_usb.c ****                                             USB_OTG_HCINTMSK_STALLM |
1720:Drivers/STM32F4xx_HAL_Driver/Src/stm32f4xx_ll_usb.c ****                                             USB_OTG_HCINTMSK_TXERRM |
1721:Drivers/STM32F4xx_HAL_Driver/Src/stm32f4xx_ll_usb.c ****                                             USB_OTG_HCINTMSK_DTERRM |
1722:Drivers/STM32F4xx_HAL_Driver/Src/stm32f4xx_ll_usb.c ****                                             USB_OTG_HCINTMSK_AHBERR |
1723:Drivers/STM32F4xx_HAL_Driver/Src/stm32f4xx_ll_usb.c ****                                             USB_OTG_HCINTMSK_NAKM;
1724:Drivers/STM32F4xx_HAL_Driver/Src/stm32f4xx_ll_usb.c **** 
1725:Drivers/STM32F4xx_HAL_Driver/Src/stm32f4xx_ll_usb.c ****       if ((epnum & 0x80U) == 0x80U)
 5780              		.loc 1 1725 27
 5781 0068 97F90230 		ldrsb	r3, [r7, #2]
 5782              		.loc 1 1725 10
 5783 006c 002B     		cmp	r3, #0
 5784 006e 51DA     		bge	.L253
1726:Drivers/STM32F4xx_HAL_Driver/Src/stm32f4xx_ll_usb.c ****       {
1727:Drivers/STM32F4xx_HAL_Driver/Src/stm32f4xx_ll_usb.c ****         USBx_HC((uint32_t)ch_num)->HCINTMSK |= USB_OTG_HCINTMSK_BBERRM;
 5785              		.loc 1 1727 34
 5786 0070 FB78     		ldrb	r3, [r7, #3]	@ zero_extendqisi2
 5787 0072 5A01     		lsls	r2, r3, #5
 5788 0074 3B69     		ldr	r3, [r7, #16]
 5789 0076 1344     		add	r3, r3, r2
ARM GAS  C:\Users\DAELT-~1\AppData\Local\Temp\ccK7IQ4D.s 			page 132


 5790 0078 03F5A063 		add	r3, r3, #1280
 5791 007c DB68     		ldr	r3, [r3, #12]
 5792 007e FA78     		ldrb	r2, [r7, #3]	@ zero_extendqisi2
 5793 0080 5101     		lsls	r1, r2, #5
 5794 0082 3A69     		ldr	r2, [r7, #16]
 5795 0084 0A44     		add	r2, r2, r1
 5796 0086 02F5A062 		add	r2, r2, #1280
 5797              		.loc 1 1727 45
 5798 008a 43F48073 		orr	r3, r3, #256
 5799 008e D360     		str	r3, [r2, #12]
1728:Drivers/STM32F4xx_HAL_Driver/Src/stm32f4xx_ll_usb.c ****       }
1729:Drivers/STM32F4xx_HAL_Driver/Src/stm32f4xx_ll_usb.c ****       else
1730:Drivers/STM32F4xx_HAL_Driver/Src/stm32f4xx_ll_usb.c ****       {
1731:Drivers/STM32F4xx_HAL_Driver/Src/stm32f4xx_ll_usb.c **** #if defined (USB_OTG_HS)
1732:Drivers/STM32F4xx_HAL_Driver/Src/stm32f4xx_ll_usb.c ****         if (USBx == USB_OTG_HS)
1733:Drivers/STM32F4xx_HAL_Driver/Src/stm32f4xx_ll_usb.c ****         {
1734:Drivers/STM32F4xx_HAL_Driver/Src/stm32f4xx_ll_usb.c ****           USBx_HC((uint32_t)ch_num)->HCINTMSK |= USB_OTG_HCINTMSK_NYET |
1735:Drivers/STM32F4xx_HAL_Driver/Src/stm32f4xx_ll_usb.c ****                                                  USB_OTG_HCINTMSK_ACKM;
1736:Drivers/STM32F4xx_HAL_Driver/Src/stm32f4xx_ll_usb.c ****         }
1737:Drivers/STM32F4xx_HAL_Driver/Src/stm32f4xx_ll_usb.c **** #endif /* defined (USB_OTG_HS) */
1738:Drivers/STM32F4xx_HAL_Driver/Src/stm32f4xx_ll_usb.c ****       }
1739:Drivers/STM32F4xx_HAL_Driver/Src/stm32f4xx_ll_usb.c ****       break;
 5800              		.loc 1 1739 7
 5801 0090 40E0     		b	.L253
 5802              	.L238:
1740:Drivers/STM32F4xx_HAL_Driver/Src/stm32f4xx_ll_usb.c **** 
1741:Drivers/STM32F4xx_HAL_Driver/Src/stm32f4xx_ll_usb.c ****     case EP_TYPE_INTR:
1742:Drivers/STM32F4xx_HAL_Driver/Src/stm32f4xx_ll_usb.c ****       USBx_HC((uint32_t)ch_num)->HCINTMSK = USB_OTG_HCINTMSK_XFRCM  |
 5803              		.loc 1 1742 7
 5804 0092 FB78     		ldrb	r3, [r7, #3]	@ zero_extendqisi2
 5805 0094 5A01     		lsls	r2, r3, #5
 5806 0096 3B69     		ldr	r3, [r7, #16]
 5807 0098 1344     		add	r3, r3, r2
 5808 009a 03F5A063 		add	r3, r3, #1280
 5809 009e 1A46     		mov	r2, r3
 5810              		.loc 1 1742 43
 5811 00a0 40F29D63 		movw	r3, #1693
 5812 00a4 D360     		str	r3, [r2, #12]
1743:Drivers/STM32F4xx_HAL_Driver/Src/stm32f4xx_ll_usb.c ****                                             USB_OTG_HCINTMSK_STALLM |
1744:Drivers/STM32F4xx_HAL_Driver/Src/stm32f4xx_ll_usb.c ****                                             USB_OTG_HCINTMSK_TXERRM |
1745:Drivers/STM32F4xx_HAL_Driver/Src/stm32f4xx_ll_usb.c ****                                             USB_OTG_HCINTMSK_DTERRM |
1746:Drivers/STM32F4xx_HAL_Driver/Src/stm32f4xx_ll_usb.c ****                                             USB_OTG_HCINTMSK_NAKM   |
1747:Drivers/STM32F4xx_HAL_Driver/Src/stm32f4xx_ll_usb.c ****                                             USB_OTG_HCINTMSK_AHBERR |
1748:Drivers/STM32F4xx_HAL_Driver/Src/stm32f4xx_ll_usb.c ****                                             USB_OTG_HCINTMSK_FRMORM;
1749:Drivers/STM32F4xx_HAL_Driver/Src/stm32f4xx_ll_usb.c **** 
1750:Drivers/STM32F4xx_HAL_Driver/Src/stm32f4xx_ll_usb.c ****       if ((epnum & 0x80U) == 0x80U)
 5813              		.loc 1 1750 27
 5814 00a6 97F90230 		ldrsb	r3, [r7, #2]
 5815              		.loc 1 1750 10
 5816 00aa 002B     		cmp	r3, #0
 5817 00ac 34DA     		bge	.L254
1751:Drivers/STM32F4xx_HAL_Driver/Src/stm32f4xx_ll_usb.c ****       {
1752:Drivers/STM32F4xx_HAL_Driver/Src/stm32f4xx_ll_usb.c ****         USBx_HC((uint32_t)ch_num)->HCINTMSK |= USB_OTG_HCINTMSK_BBERRM;
 5818              		.loc 1 1752 34
 5819 00ae FB78     		ldrb	r3, [r7, #3]	@ zero_extendqisi2
 5820 00b0 5A01     		lsls	r2, r3, #5
 5821 00b2 3B69     		ldr	r3, [r7, #16]
ARM GAS  C:\Users\DAELT-~1\AppData\Local\Temp\ccK7IQ4D.s 			page 133


 5822 00b4 1344     		add	r3, r3, r2
 5823 00b6 03F5A063 		add	r3, r3, #1280
 5824 00ba DB68     		ldr	r3, [r3, #12]
 5825 00bc FA78     		ldrb	r2, [r7, #3]	@ zero_extendqisi2
 5826 00be 5101     		lsls	r1, r2, #5
 5827 00c0 3A69     		ldr	r2, [r7, #16]
 5828 00c2 0A44     		add	r2, r2, r1
 5829 00c4 02F5A062 		add	r2, r2, #1280
 5830              		.loc 1 1752 45
 5831 00c8 43F48073 		orr	r3, r3, #256
 5832 00cc D360     		str	r3, [r2, #12]
1753:Drivers/STM32F4xx_HAL_Driver/Src/stm32f4xx_ll_usb.c ****       }
1754:Drivers/STM32F4xx_HAL_Driver/Src/stm32f4xx_ll_usb.c **** 
1755:Drivers/STM32F4xx_HAL_Driver/Src/stm32f4xx_ll_usb.c ****       break;
 5833              		.loc 1 1755 7
 5834 00ce 23E0     		b	.L254
 5835              	.L241:
1756:Drivers/STM32F4xx_HAL_Driver/Src/stm32f4xx_ll_usb.c **** 
1757:Drivers/STM32F4xx_HAL_Driver/Src/stm32f4xx_ll_usb.c ****     case EP_TYPE_ISOC:
1758:Drivers/STM32F4xx_HAL_Driver/Src/stm32f4xx_ll_usb.c ****       USBx_HC((uint32_t)ch_num)->HCINTMSK = USB_OTG_HCINTMSK_XFRCM  |
 5836              		.loc 1 1758 7
 5837 00d0 FB78     		ldrb	r3, [r7, #3]	@ zero_extendqisi2
 5838 00d2 5A01     		lsls	r2, r3, #5
 5839 00d4 3B69     		ldr	r3, [r7, #16]
 5840 00d6 1344     		add	r3, r3, r2
 5841 00d8 03F5A063 		add	r3, r3, #1280
 5842 00dc 1A46     		mov	r2, r3
 5843              		.loc 1 1758 43
 5844 00de 40F22523 		movw	r3, #549
 5845 00e2 D360     		str	r3, [r2, #12]
1759:Drivers/STM32F4xx_HAL_Driver/Src/stm32f4xx_ll_usb.c ****                                             USB_OTG_HCINTMSK_ACKM   |
1760:Drivers/STM32F4xx_HAL_Driver/Src/stm32f4xx_ll_usb.c ****                                             USB_OTG_HCINTMSK_AHBERR |
1761:Drivers/STM32F4xx_HAL_Driver/Src/stm32f4xx_ll_usb.c ****                                             USB_OTG_HCINTMSK_FRMORM;
1762:Drivers/STM32F4xx_HAL_Driver/Src/stm32f4xx_ll_usb.c **** 
1763:Drivers/STM32F4xx_HAL_Driver/Src/stm32f4xx_ll_usb.c ****       if ((epnum & 0x80U) == 0x80U)
 5846              		.loc 1 1763 27
 5847 00e4 97F90230 		ldrsb	r3, [r7, #2]
 5848              		.loc 1 1763 10
 5849 00e8 002B     		cmp	r3, #0
 5850 00ea 17DA     		bge	.L255
1764:Drivers/STM32F4xx_HAL_Driver/Src/stm32f4xx_ll_usb.c ****       {
1765:Drivers/STM32F4xx_HAL_Driver/Src/stm32f4xx_ll_usb.c ****         USBx_HC((uint32_t)ch_num)->HCINTMSK |= (USB_OTG_HCINTMSK_TXERRM | USB_OTG_HCINTMSK_BBERRM);
 5851              		.loc 1 1765 34
 5852 00ec FB78     		ldrb	r3, [r7, #3]	@ zero_extendqisi2
 5853 00ee 5A01     		lsls	r2, r3, #5
 5854 00f0 3B69     		ldr	r3, [r7, #16]
 5855 00f2 1344     		add	r3, r3, r2
 5856 00f4 03F5A063 		add	r3, r3, #1280
 5857 00f8 DB68     		ldr	r3, [r3, #12]
 5858 00fa FA78     		ldrb	r2, [r7, #3]	@ zero_extendqisi2
 5859 00fc 5101     		lsls	r1, r2, #5
 5860 00fe 3A69     		ldr	r2, [r7, #16]
 5861 0100 0A44     		add	r2, r2, r1
 5862 0102 02F5A062 		add	r2, r2, #1280
 5863              		.loc 1 1765 45
 5864 0106 43F4C073 		orr	r3, r3, #384
 5865 010a D360     		str	r3, [r2, #12]
ARM GAS  C:\Users\DAELT-~1\AppData\Local\Temp\ccK7IQ4D.s 			page 134


1766:Drivers/STM32F4xx_HAL_Driver/Src/stm32f4xx_ll_usb.c ****       }
1767:Drivers/STM32F4xx_HAL_Driver/Src/stm32f4xx_ll_usb.c ****       break;
 5866              		.loc 1 1767 7
 5867 010c 06E0     		b	.L255
 5868              	.L237:
1768:Drivers/STM32F4xx_HAL_Driver/Src/stm32f4xx_ll_usb.c **** 
1769:Drivers/STM32F4xx_HAL_Driver/Src/stm32f4xx_ll_usb.c ****     default:
1770:Drivers/STM32F4xx_HAL_Driver/Src/stm32f4xx_ll_usb.c ****       ret = HAL_ERROR;
 5869              		.loc 1 1770 11
 5870 010e 0123     		movs	r3, #1
 5871 0110 FB77     		strb	r3, [r7, #31]
1771:Drivers/STM32F4xx_HAL_Driver/Src/stm32f4xx_ll_usb.c ****       break;
 5872              		.loc 1 1771 7
 5873 0112 04E0     		b	.L243
 5874              	.L253:
1739:Drivers/STM32F4xx_HAL_Driver/Src/stm32f4xx_ll_usb.c **** 
 5875              		.loc 1 1739 7
 5876 0114 00BF     		nop
 5877 0116 02E0     		b	.L243
 5878              	.L254:
1755:Drivers/STM32F4xx_HAL_Driver/Src/stm32f4xx_ll_usb.c **** 
 5879              		.loc 1 1755 7
 5880 0118 00BF     		nop
 5881 011a 00E0     		b	.L243
 5882              	.L255:
1767:Drivers/STM32F4xx_HAL_Driver/Src/stm32f4xx_ll_usb.c **** 
 5883              		.loc 1 1767 7
 5884 011c 00BF     		nop
 5885              	.L243:
1772:Drivers/STM32F4xx_HAL_Driver/Src/stm32f4xx_ll_usb.c ****   }
1773:Drivers/STM32F4xx_HAL_Driver/Src/stm32f4xx_ll_usb.c **** 
1774:Drivers/STM32F4xx_HAL_Driver/Src/stm32f4xx_ll_usb.c ****   /* Clear Hub Start Split transaction */
1775:Drivers/STM32F4xx_HAL_Driver/Src/stm32f4xx_ll_usb.c ****   USBx_HC((uint32_t)ch_num)->HCSPLT = 0U;
 5886              		.loc 1 1775 3
 5887 011e FB78     		ldrb	r3, [r7, #3]	@ zero_extendqisi2
 5888 0120 5A01     		lsls	r2, r3, #5
 5889 0122 3B69     		ldr	r3, [r7, #16]
 5890 0124 1344     		add	r3, r3, r2
 5891 0126 03F5A063 		add	r3, r3, #1280
 5892 012a 1A46     		mov	r2, r3
 5893              		.loc 1 1775 37
 5894 012c 0023     		movs	r3, #0
 5895 012e 5360     		str	r3, [r2, #4]
1776:Drivers/STM32F4xx_HAL_Driver/Src/stm32f4xx_ll_usb.c **** 
1777:Drivers/STM32F4xx_HAL_Driver/Src/stm32f4xx_ll_usb.c ****   /* Enable host channel Halt interrupt */
1778:Drivers/STM32F4xx_HAL_Driver/Src/stm32f4xx_ll_usb.c ****   USBx_HC((uint32_t)ch_num)->HCINTMSK |= USB_OTG_HCINTMSK_CHHM;
 5896              		.loc 1 1778 28
 5897 0130 FB78     		ldrb	r3, [r7, #3]	@ zero_extendqisi2
 5898 0132 5A01     		lsls	r2, r3, #5
 5899 0134 3B69     		ldr	r3, [r7, #16]
 5900 0136 1344     		add	r3, r3, r2
 5901 0138 03F5A063 		add	r3, r3, #1280
 5902 013c DB68     		ldr	r3, [r3, #12]
 5903 013e FA78     		ldrb	r2, [r7, #3]	@ zero_extendqisi2
 5904 0140 5101     		lsls	r1, r2, #5
 5905 0142 3A69     		ldr	r2, [r7, #16]
 5906 0144 0A44     		add	r2, r2, r1
ARM GAS  C:\Users\DAELT-~1\AppData\Local\Temp\ccK7IQ4D.s 			page 135


 5907 0146 02F5A062 		add	r2, r2, #1280
 5908              		.loc 1 1778 39
 5909 014a 43F00203 		orr	r3, r3, #2
 5910 014e D360     		str	r3, [r2, #12]
1779:Drivers/STM32F4xx_HAL_Driver/Src/stm32f4xx_ll_usb.c **** 
1780:Drivers/STM32F4xx_HAL_Driver/Src/stm32f4xx_ll_usb.c ****   /* Enable the top level host channel interrupt. */
1781:Drivers/STM32F4xx_HAL_Driver/Src/stm32f4xx_ll_usb.c ****   USBx_HOST->HAINTMSK |= 1UL << (ch_num & 0xFU);
 5911              		.loc 1 1781 12
 5912 0150 3B69     		ldr	r3, [r7, #16]
 5913 0152 03F58063 		add	r3, r3, #1024
 5914 0156 9A69     		ldr	r2, [r3, #24]
 5915              		.loc 1 1781 41
 5916 0158 FB78     		ldrb	r3, [r7, #3]	@ zero_extendqisi2
 5917 015a 03F00F03 		and	r3, r3, #15
 5918              		.loc 1 1781 30
 5919 015e 0121     		movs	r1, #1
 5920 0160 01FA03F3 		lsl	r3, r1, r3
 5921              		.loc 1 1781 12
 5922 0164 3969     		ldr	r1, [r7, #16]
 5923 0166 01F58061 		add	r1, r1, #1024
 5924              		.loc 1 1781 23
 5925 016a 1343     		orrs	r3, r3, r2
 5926 016c 8B61     		str	r3, [r1, #24]
1782:Drivers/STM32F4xx_HAL_Driver/Src/stm32f4xx_ll_usb.c **** 
1783:Drivers/STM32F4xx_HAL_Driver/Src/stm32f4xx_ll_usb.c ****   /* Make sure host channel interrupts are enabled. */
1784:Drivers/STM32F4xx_HAL_Driver/Src/stm32f4xx_ll_usb.c ****   USBx->GINTMSK |= USB_OTG_GINTMSK_HCIM;
 5927              		.loc 1 1784 7
 5928 016e 7B68     		ldr	r3, [r7, #4]
 5929 0170 9B69     		ldr	r3, [r3, #24]
 5930              		.loc 1 1784 17
 5931 0172 43F00072 		orr	r2, r3, #33554432
 5932 0176 7B68     		ldr	r3, [r7, #4]
 5933 0178 9A61     		str	r2, [r3, #24]
1785:Drivers/STM32F4xx_HAL_Driver/Src/stm32f4xx_ll_usb.c **** 
1786:Drivers/STM32F4xx_HAL_Driver/Src/stm32f4xx_ll_usb.c ****   /* Program the HCCHAR register */
1787:Drivers/STM32F4xx_HAL_Driver/Src/stm32f4xx_ll_usb.c ****   if ((epnum & 0x80U) == 0x80U)
 5934              		.loc 1 1787 23
 5935 017a 97F90230 		ldrsb	r3, [r7, #2]
 5936              		.loc 1 1787 6
 5937 017e 002B     		cmp	r3, #0
 5938 0180 03DA     		bge	.L246
1788:Drivers/STM32F4xx_HAL_Driver/Src/stm32f4xx_ll_usb.c ****   {
1789:Drivers/STM32F4xx_HAL_Driver/Src/stm32f4xx_ll_usb.c ****     HCcharEpDir = (0x1U << 15) & USB_OTG_HCCHAR_EPDIR;
 5939              		.loc 1 1789 17
 5940 0182 4FF40043 		mov	r3, #32768
 5941 0186 BB61     		str	r3, [r7, #24]
 5942 0188 01E0     		b	.L247
 5943              	.L246:
1790:Drivers/STM32F4xx_HAL_Driver/Src/stm32f4xx_ll_usb.c ****   }
1791:Drivers/STM32F4xx_HAL_Driver/Src/stm32f4xx_ll_usb.c ****   else
1792:Drivers/STM32F4xx_HAL_Driver/Src/stm32f4xx_ll_usb.c ****   {
1793:Drivers/STM32F4xx_HAL_Driver/Src/stm32f4xx_ll_usb.c ****     HCcharEpDir = 0U;
 5944              		.loc 1 1793 17
 5945 018a 0023     		movs	r3, #0
 5946 018c BB61     		str	r3, [r7, #24]
 5947              	.L247:
1794:Drivers/STM32F4xx_HAL_Driver/Src/stm32f4xx_ll_usb.c ****   }
ARM GAS  C:\Users\DAELT-~1\AppData\Local\Temp\ccK7IQ4D.s 			page 136


1795:Drivers/STM32F4xx_HAL_Driver/Src/stm32f4xx_ll_usb.c **** 
1796:Drivers/STM32F4xx_HAL_Driver/Src/stm32f4xx_ll_usb.c ****   HostCoreSpeed = USB_GetHostSpeed(USBx);
 5948              		.loc 1 1796 19
 5949 018e 7868     		ldr	r0, [r7, #4]
 5950 0190 FFF7FEFF 		bl	USB_GetHostSpeed
 5951 0194 F860     		str	r0, [r7, #12]
1797:Drivers/STM32F4xx_HAL_Driver/Src/stm32f4xx_ll_usb.c **** 
1798:Drivers/STM32F4xx_HAL_Driver/Src/stm32f4xx_ll_usb.c ****   /* LS device plugged to HUB */
1799:Drivers/STM32F4xx_HAL_Driver/Src/stm32f4xx_ll_usb.c ****   if ((speed == HPRT0_PRTSPD_LOW_SPEED) && (HostCoreSpeed != HPRT0_PRTSPD_LOW_SPEED))
 5952              		.loc 1 1799 6
 5953 0196 97F82830 		ldrb	r3, [r7, #40]	@ zero_extendqisi2
 5954 019a 022B     		cmp	r3, #2
 5955 019c 06D1     		bne	.L248
 5956              		.loc 1 1799 41 discriminator 1
 5957 019e FB68     		ldr	r3, [r7, #12]
 5958 01a0 022B     		cmp	r3, #2
 5959 01a2 03D0     		beq	.L248
1800:Drivers/STM32F4xx_HAL_Driver/Src/stm32f4xx_ll_usb.c ****   {
1801:Drivers/STM32F4xx_HAL_Driver/Src/stm32f4xx_ll_usb.c ****     HCcharLowSpeed = (0x1U << 17) & USB_OTG_HCCHAR_LSDEV;
 5960              		.loc 1 1801 20
 5961 01a4 4FF40033 		mov	r3, #131072
 5962 01a8 7B61     		str	r3, [r7, #20]
 5963 01aa 01E0     		b	.L249
 5964              	.L248:
1802:Drivers/STM32F4xx_HAL_Driver/Src/stm32f4xx_ll_usb.c ****   }
1803:Drivers/STM32F4xx_HAL_Driver/Src/stm32f4xx_ll_usb.c ****   else
1804:Drivers/STM32F4xx_HAL_Driver/Src/stm32f4xx_ll_usb.c ****   {
1805:Drivers/STM32F4xx_HAL_Driver/Src/stm32f4xx_ll_usb.c ****     HCcharLowSpeed = 0U;
 5965              		.loc 1 1805 20
 5966 01ac 0023     		movs	r3, #0
 5967 01ae 7B61     		str	r3, [r7, #20]
 5968              	.L249:
1806:Drivers/STM32F4xx_HAL_Driver/Src/stm32f4xx_ll_usb.c ****   }
1807:Drivers/STM32F4xx_HAL_Driver/Src/stm32f4xx_ll_usb.c **** 
1808:Drivers/STM32F4xx_HAL_Driver/Src/stm32f4xx_ll_usb.c ****   USBx_HC((uint32_t)ch_num)->HCCHAR = (((uint32_t)dev_address << 22) & USB_OTG_HCCHAR_DAD) |
 5969              		.loc 1 1808 41
 5970 01b0 7B78     		ldrb	r3, [r7, #1]	@ zero_extendqisi2
 5971              		.loc 1 1808 63
 5972 01b2 9B05     		lsls	r3, r3, #22
 5973              		.loc 1 1808 70
 5974 01b4 03F0FE52 		and	r2, r3, #532676608
1809:Drivers/STM32F4xx_HAL_Driver/Src/stm32f4xx_ll_usb.c ****                                       ((((uint32_t)epnum & 0x7FU) << 11) & USB_OTG_HCCHAR_EPNUM) |
 5975              		.loc 1 1809 67
 5976 01b8 BB78     		ldrb	r3, [r7, #2]	@ zero_extendqisi2
 5977 01ba DB02     		lsls	r3, r3, #11
 5978              		.loc 1 1809 74
 5979 01bc 03F4F043 		and	r3, r3, #30720
1808:Drivers/STM32F4xx_HAL_Driver/Src/stm32f4xx_ll_usb.c ****                                       ((((uint32_t)epnum & 0x7FU) << 11) & USB_OTG_HCCHAR_EPNUM) |
 5980              		.loc 1 1808 92
 5981 01c0 1A43     		orrs	r2, r2, r3
1810:Drivers/STM32F4xx_HAL_Driver/Src/stm32f4xx_ll_usb.c ****                                       (((uint32_t)ep_type << 18) & USB_OTG_HCCHAR_EPTYP) |
 5982              		.loc 1 1810 41
 5983 01c2 97F82C30 		ldrb	r3, [r7, #44]	@ zero_extendqisi2
 5984              		.loc 1 1810 59
 5985 01c6 9B04     		lsls	r3, r3, #18
 5986              		.loc 1 1810 66
 5987 01c8 03F44023 		and	r3, r3, #786432
ARM GAS  C:\Users\DAELT-~1\AppData\Local\Temp\ccK7IQ4D.s 			page 137


1809:Drivers/STM32F4xx_HAL_Driver/Src/stm32f4xx_ll_usb.c ****                                       ((((uint32_t)epnum & 0x7FU) << 11) & USB_OTG_HCCHAR_EPNUM) |
 5988              		.loc 1 1809 98
 5989 01cc 1A43     		orrs	r2, r2, r3
1811:Drivers/STM32F4xx_HAL_Driver/Src/stm32f4xx_ll_usb.c ****                                       ((uint32_t)mps & USB_OTG_HCCHAR_MPSIZ) |
 5990              		.loc 1 1811 54
 5991 01ce 3B8E     		ldrh	r3, [r7, #48]
 5992 01d0 C3F30A03 		ubfx	r3, r3, #0, #11
1810:Drivers/STM32F4xx_HAL_Driver/Src/stm32f4xx_ll_usb.c ****                                       (((uint32_t)ep_type << 18) & USB_OTG_HCCHAR_EPTYP) |
 5993              		.loc 1 1810 90
 5994 01d4 1A43     		orrs	r2, r2, r3
1812:Drivers/STM32F4xx_HAL_Driver/Src/stm32f4xx_ll_usb.c ****                                       USB_OTG_HCCHAR_MC_0 | HCcharEpDir | HCcharLowSpeed;
 5995              		.loc 1 1812 59
 5996 01d6 BB69     		ldr	r3, [r7, #24]
 5997 01d8 1A43     		orrs	r2, r2, r3
 5998              		.loc 1 1812 73
 5999 01da 7B69     		ldr	r3, [r7, #20]
 6000 01dc 1343     		orrs	r3, r3, r2
1808:Drivers/STM32F4xx_HAL_Driver/Src/stm32f4xx_ll_usb.c ****                                       ((((uint32_t)epnum & 0x7FU) << 11) & USB_OTG_HCCHAR_EPNUM) |
 6001              		.loc 1 1808 3
 6002 01de FA78     		ldrb	r2, [r7, #3]	@ zero_extendqisi2
 6003 01e0 5101     		lsls	r1, r2, #5
 6004 01e2 3A69     		ldr	r2, [r7, #16]
 6005 01e4 0A44     		add	r2, r2, r1
 6006 01e6 02F5A062 		add	r2, r2, #1280
 6007              		.loc 1 1812 73
 6008 01ea 43F48013 		orr	r3, r3, #1048576
1808:Drivers/STM32F4xx_HAL_Driver/Src/stm32f4xx_ll_usb.c ****                                       ((((uint32_t)epnum & 0x7FU) << 11) & USB_OTG_HCCHAR_EPNUM) |
 6009              		.loc 1 1808 37
 6010 01ee 1360     		str	r3, [r2]
1813:Drivers/STM32F4xx_HAL_Driver/Src/stm32f4xx_ll_usb.c **** 
1814:Drivers/STM32F4xx_HAL_Driver/Src/stm32f4xx_ll_usb.c ****   if ((ep_type == EP_TYPE_INTR) || (ep_type == EP_TYPE_ISOC))
 6011              		.loc 1 1814 6
 6012 01f0 97F82C30 		ldrb	r3, [r7, #44]	@ zero_extendqisi2
 6013 01f4 032B     		cmp	r3, #3
 6014 01f6 03D0     		beq	.L250
 6015              		.loc 1 1814 33 discriminator 1
 6016 01f8 97F82C30 		ldrb	r3, [r7, #44]	@ zero_extendqisi2
 6017 01fc 012B     		cmp	r3, #1
 6018 01fe 0FD1     		bne	.L251
 6019              	.L250:
1815:Drivers/STM32F4xx_HAL_Driver/Src/stm32f4xx_ll_usb.c ****   {
1816:Drivers/STM32F4xx_HAL_Driver/Src/stm32f4xx_ll_usb.c ****     USBx_HC((uint32_t)ch_num)->HCCHAR |= USB_OTG_HCCHAR_ODDFRM;
 6020              		.loc 1 1816 30
 6021 0200 FB78     		ldrb	r3, [r7, #3]	@ zero_extendqisi2
 6022 0202 5A01     		lsls	r2, r3, #5
 6023 0204 3B69     		ldr	r3, [r7, #16]
 6024 0206 1344     		add	r3, r3, r2
 6025 0208 03F5A063 		add	r3, r3, #1280
 6026 020c 1B68     		ldr	r3, [r3]
 6027 020e FA78     		ldrb	r2, [r7, #3]	@ zero_extendqisi2
 6028 0210 5101     		lsls	r1, r2, #5
 6029 0212 3A69     		ldr	r2, [r7, #16]
 6030 0214 0A44     		add	r2, r2, r1
 6031 0216 02F5A062 		add	r2, r2, #1280
 6032              		.loc 1 1816 39
 6033 021a 43F00053 		orr	r3, r3, #536870912
 6034 021e 1360     		str	r3, [r2]
ARM GAS  C:\Users\DAELT-~1\AppData\Local\Temp\ccK7IQ4D.s 			page 138


 6035              	.L251:
1817:Drivers/STM32F4xx_HAL_Driver/Src/stm32f4xx_ll_usb.c ****   }
1818:Drivers/STM32F4xx_HAL_Driver/Src/stm32f4xx_ll_usb.c **** 
1819:Drivers/STM32F4xx_HAL_Driver/Src/stm32f4xx_ll_usb.c ****   return ret;
 6036              		.loc 1 1819 10
 6037 0220 FB7F     		ldrb	r3, [r7, #31]	@ zero_extendqisi2
1820:Drivers/STM32F4xx_HAL_Driver/Src/stm32f4xx_ll_usb.c **** }
 6038              		.loc 1 1820 1
 6039 0222 1846     		mov	r0, r3
 6040 0224 2037     		adds	r7, r7, #32
 6041              	.LCFI251:
 6042              		.cfi_def_cfa_offset 8
 6043 0226 BD46     		mov	sp, r7
 6044              	.LCFI252:
 6045              		.cfi_def_cfa_register 13
 6046              		@ sp needed
 6047 0228 80BD     		pop	{r7, pc}
 6048              		.cfi_endproc
 6049              	.LFE261:
 6051 022a 00BF     		.section	.text.USB_HC_StartXfer,"ax",%progbits
 6052              		.align	1
 6053              		.global	USB_HC_StartXfer
 6054              		.syntax unified
 6055              		.thumb
 6056              		.thumb_func
 6058              	USB_HC_StartXfer:
 6059              	.LFB262:
1821:Drivers/STM32F4xx_HAL_Driver/Src/stm32f4xx_ll_usb.c **** 
1822:Drivers/STM32F4xx_HAL_Driver/Src/stm32f4xx_ll_usb.c **** /**
1823:Drivers/STM32F4xx_HAL_Driver/Src/stm32f4xx_ll_usb.c ****   * @brief  Start a transfer over a host channel
1824:Drivers/STM32F4xx_HAL_Driver/Src/stm32f4xx_ll_usb.c ****   * @param  USBx  Selected device
1825:Drivers/STM32F4xx_HAL_Driver/Src/stm32f4xx_ll_usb.c ****   * @param  hc  pointer to host channel structure
1826:Drivers/STM32F4xx_HAL_Driver/Src/stm32f4xx_ll_usb.c ****   * @param  dma USB dma enabled or disabled
1827:Drivers/STM32F4xx_HAL_Driver/Src/stm32f4xx_ll_usb.c ****   *          This parameter can be one of these values:
1828:Drivers/STM32F4xx_HAL_Driver/Src/stm32f4xx_ll_usb.c ****   *           0 : DMA feature not used
1829:Drivers/STM32F4xx_HAL_Driver/Src/stm32f4xx_ll_usb.c ****   *           1 : DMA feature used
1830:Drivers/STM32F4xx_HAL_Driver/Src/stm32f4xx_ll_usb.c ****   * @retval HAL state
1831:Drivers/STM32F4xx_HAL_Driver/Src/stm32f4xx_ll_usb.c ****   */
1832:Drivers/STM32F4xx_HAL_Driver/Src/stm32f4xx_ll_usb.c **** HAL_StatusTypeDef USB_HC_StartXfer(USB_OTG_GlobalTypeDef *USBx, USB_OTG_HCTypeDef *hc, uint8_t dma)
1833:Drivers/STM32F4xx_HAL_Driver/Src/stm32f4xx_ll_usb.c **** {
 6060              		.loc 1 1833 1
 6061              		.cfi_startproc
 6062              		@ args = 0, pretend = 0, frame = 40
 6063              		@ frame_needed = 1, uses_anonymous_args = 0
 6064 0000 80B5     		push	{r7, lr}
 6065              	.LCFI253:
 6066              		.cfi_def_cfa_offset 8
 6067              		.cfi_offset 7, -8
 6068              		.cfi_offset 14, -4
 6069 0002 8CB0     		sub	sp, sp, #48
 6070              	.LCFI254:
 6071              		.cfi_def_cfa_offset 56
 6072 0004 02AF     		add	r7, sp, #8
 6073              	.LCFI255:
 6074              		.cfi_def_cfa 7, 48
 6075 0006 F860     		str	r0, [r7, #12]
 6076 0008 B960     		str	r1, [r7, #8]
ARM GAS  C:\Users\DAELT-~1\AppData\Local\Temp\ccK7IQ4D.s 			page 139


 6077 000a 1346     		mov	r3, r2
 6078 000c FB71     		strb	r3, [r7, #7]
1834:Drivers/STM32F4xx_HAL_Driver/Src/stm32f4xx_ll_usb.c ****   uint32_t USBx_BASE = (uint32_t)USBx;
 6079              		.loc 1 1834 12
 6080 000e FB68     		ldr	r3, [r7, #12]
 6081 0010 3B62     		str	r3, [r7, #32]
1835:Drivers/STM32F4xx_HAL_Driver/Src/stm32f4xx_ll_usb.c ****   uint32_t ch_num = (uint32_t)hc->ch_num;
 6082              		.loc 1 1835 33
 6083 0012 BB68     		ldr	r3, [r7, #8]
 6084 0014 5B78     		ldrb	r3, [r3, #1]	@ zero_extendqisi2
 6085              		.loc 1 1835 12
 6086 0016 FB61     		str	r3, [r7, #28]
1836:Drivers/STM32F4xx_HAL_Driver/Src/stm32f4xx_ll_usb.c ****   __IO uint32_t tmpreg;
1837:Drivers/STM32F4xx_HAL_Driver/Src/stm32f4xx_ll_usb.c ****   uint8_t  is_oddframe;
1838:Drivers/STM32F4xx_HAL_Driver/Src/stm32f4xx_ll_usb.c ****   uint16_t len_words;
1839:Drivers/STM32F4xx_HAL_Driver/Src/stm32f4xx_ll_usb.c ****   uint16_t num_packets;
1840:Drivers/STM32F4xx_HAL_Driver/Src/stm32f4xx_ll_usb.c ****   uint16_t max_hc_pkt_count = HC_MAX_PKT_CNT;
 6087              		.loc 1 1840 12
 6088 0018 4FF48073 		mov	r3, #256
 6089 001c 7B83     		strh	r3, [r7, #26]	@ movhi
1841:Drivers/STM32F4xx_HAL_Driver/Src/stm32f4xx_ll_usb.c **** 
1842:Drivers/STM32F4xx_HAL_Driver/Src/stm32f4xx_ll_usb.c **** #if defined (USB_OTG_HS)
1843:Drivers/STM32F4xx_HAL_Driver/Src/stm32f4xx_ll_usb.c ****   if (USBx == USB_OTG_HS)
1844:Drivers/STM32F4xx_HAL_Driver/Src/stm32f4xx_ll_usb.c ****   {
1845:Drivers/STM32F4xx_HAL_Driver/Src/stm32f4xx_ll_usb.c ****     /* in DMA mode host Core automatically issues ping in case of NYET/NAK */
1846:Drivers/STM32F4xx_HAL_Driver/Src/stm32f4xx_ll_usb.c ****     if (dma == 1U)
1847:Drivers/STM32F4xx_HAL_Driver/Src/stm32f4xx_ll_usb.c ****     {
1848:Drivers/STM32F4xx_HAL_Driver/Src/stm32f4xx_ll_usb.c ****       if (((hc->ep_type == EP_TYPE_CTRL) || (hc->ep_type == EP_TYPE_BULK)) && (hc->do_ssplit == 0U)
1849:Drivers/STM32F4xx_HAL_Driver/Src/stm32f4xx_ll_usb.c ****       {
1850:Drivers/STM32F4xx_HAL_Driver/Src/stm32f4xx_ll_usb.c **** 
1851:Drivers/STM32F4xx_HAL_Driver/Src/stm32f4xx_ll_usb.c ****         USBx_HC((uint32_t)ch_num)->HCINTMSK &= ~(USB_OTG_HCINTMSK_NYET |
1852:Drivers/STM32F4xx_HAL_Driver/Src/stm32f4xx_ll_usb.c ****                                                  USB_OTG_HCINTMSK_ACKM |
1853:Drivers/STM32F4xx_HAL_Driver/Src/stm32f4xx_ll_usb.c ****                                                  USB_OTG_HCINTMSK_NAKM);
1854:Drivers/STM32F4xx_HAL_Driver/Src/stm32f4xx_ll_usb.c ****       }
1855:Drivers/STM32F4xx_HAL_Driver/Src/stm32f4xx_ll_usb.c ****     }
1856:Drivers/STM32F4xx_HAL_Driver/Src/stm32f4xx_ll_usb.c ****     else
1857:Drivers/STM32F4xx_HAL_Driver/Src/stm32f4xx_ll_usb.c ****     {
1858:Drivers/STM32F4xx_HAL_Driver/Src/stm32f4xx_ll_usb.c ****       if ((hc->speed == USBH_HS_SPEED) && (hc->do_ping == 1U))
1859:Drivers/STM32F4xx_HAL_Driver/Src/stm32f4xx_ll_usb.c ****       {
1860:Drivers/STM32F4xx_HAL_Driver/Src/stm32f4xx_ll_usb.c ****         (void)USB_DoPing(USBx, hc->ch_num);
1861:Drivers/STM32F4xx_HAL_Driver/Src/stm32f4xx_ll_usb.c ****         return HAL_OK;
1862:Drivers/STM32F4xx_HAL_Driver/Src/stm32f4xx_ll_usb.c ****       }
1863:Drivers/STM32F4xx_HAL_Driver/Src/stm32f4xx_ll_usb.c ****     }
1864:Drivers/STM32F4xx_HAL_Driver/Src/stm32f4xx_ll_usb.c ****   }
1865:Drivers/STM32F4xx_HAL_Driver/Src/stm32f4xx_ll_usb.c **** #endif /* defined (USB_OTG_HS) */
1866:Drivers/STM32F4xx_HAL_Driver/Src/stm32f4xx_ll_usb.c **** 
1867:Drivers/STM32F4xx_HAL_Driver/Src/stm32f4xx_ll_usb.c ****   if (hc->do_ssplit == 1U)
 6090              		.loc 1 1867 9
 6091 001e BB68     		ldr	r3, [r7, #8]
 6092 0020 9B79     		ldrb	r3, [r3, #6]	@ zero_extendqisi2
 6093              		.loc 1 1867 6
 6094 0022 012B     		cmp	r3, #1
 6095 0024 58D1     		bne	.L257
1868:Drivers/STM32F4xx_HAL_Driver/Src/stm32f4xx_ll_usb.c ****   {
1869:Drivers/STM32F4xx_HAL_Driver/Src/stm32f4xx_ll_usb.c ****     /* Set number of packet to 1 for Split transaction */
1870:Drivers/STM32F4xx_HAL_Driver/Src/stm32f4xx_ll_usb.c ****     num_packets = 1U;
 6096              		.loc 1 1870 17
ARM GAS  C:\Users\DAELT-~1\AppData\Local\Temp\ccK7IQ4D.s 			page 140


 6097 0026 0123     		movs	r3, #1
 6098 0028 FB84     		strh	r3, [r7, #38]	@ movhi
1871:Drivers/STM32F4xx_HAL_Driver/Src/stm32f4xx_ll_usb.c **** 
1872:Drivers/STM32F4xx_HAL_Driver/Src/stm32f4xx_ll_usb.c ****     if (hc->ep_is_in != 0U)
 6099              		.loc 1 1872 11
 6100 002a BB68     		ldr	r3, [r7, #8]
 6101 002c DB78     		ldrb	r3, [r3, #3]	@ zero_extendqisi2
 6102              		.loc 1 1872 8
 6103 002e 002B     		cmp	r3, #0
 6104 0030 07D0     		beq	.L258
1873:Drivers/STM32F4xx_HAL_Driver/Src/stm32f4xx_ll_usb.c ****     {
1874:Drivers/STM32F4xx_HAL_Driver/Src/stm32f4xx_ll_usb.c ****       hc->XferSize = (uint32_t)num_packets * hc->max_packet;
 6105              		.loc 1 1874 22
 6106 0032 FB8C     		ldrh	r3, [r7, #38]
 6107              		.loc 1 1874 48
 6108 0034 BA68     		ldr	r2, [r7, #8]
 6109 0036 928A     		ldrh	r2, [r2, #20]
 6110              		.loc 1 1874 44
 6111 0038 03FB02F2 		mul	r2, r3, r2
 6112              		.loc 1 1874 20
 6113 003c BB68     		ldr	r3, [r7, #8]
 6114 003e DA61     		str	r2, [r3, #28]
 6115 0040 79E0     		b	.L268
 6116              	.L258:
1875:Drivers/STM32F4xx_HAL_Driver/Src/stm32f4xx_ll_usb.c ****     }
1876:Drivers/STM32F4xx_HAL_Driver/Src/stm32f4xx_ll_usb.c ****     else
1877:Drivers/STM32F4xx_HAL_Driver/Src/stm32f4xx_ll_usb.c ****     {
1878:Drivers/STM32F4xx_HAL_Driver/Src/stm32f4xx_ll_usb.c ****       if (hc->ep_type == EP_TYPE_ISOC)
 6117              		.loc 1 1878 13
 6118 0042 BB68     		ldr	r3, [r7, #8]
 6119 0044 9B7C     		ldrb	r3, [r3, #18]	@ zero_extendqisi2
 6120              		.loc 1 1878 10
 6121 0046 012B     		cmp	r3, #1
 6122 0048 30D1     		bne	.L260
1879:Drivers/STM32F4xx_HAL_Driver/Src/stm32f4xx_ll_usb.c ****       {
1880:Drivers/STM32F4xx_HAL_Driver/Src/stm32f4xx_ll_usb.c ****         if (hc->xfer_len > ISO_SPLT_MPS)
 6123              		.loc 1 1880 15
 6124 004a BB68     		ldr	r3, [r7, #8]
 6125 004c 1B6A     		ldr	r3, [r3, #32]
 6126              		.loc 1 1880 12
 6127 004e BC2B     		cmp	r3, #188
 6128 0050 18D9     		bls	.L261
1881:Drivers/STM32F4xx_HAL_Driver/Src/stm32f4xx_ll_usb.c ****         {
1882:Drivers/STM32F4xx_HAL_Driver/Src/stm32f4xx_ll_usb.c ****           /* Isochrone Max Packet Size for Split mode */
1883:Drivers/STM32F4xx_HAL_Driver/Src/stm32f4xx_ll_usb.c ****           hc->XferSize = hc->max_packet;
 6129              		.loc 1 1883 28
 6130 0052 BB68     		ldr	r3, [r7, #8]
 6131 0054 9B8A     		ldrh	r3, [r3, #20]
 6132 0056 1A46     		mov	r2, r3
 6133              		.loc 1 1883 24
 6134 0058 BB68     		ldr	r3, [r7, #8]
 6135 005a DA61     		str	r2, [r3, #28]
1884:Drivers/STM32F4xx_HAL_Driver/Src/stm32f4xx_ll_usb.c ****           hc->xfer_len = hc->XferSize;
 6136              		.loc 1 1884 28
 6137 005c BB68     		ldr	r3, [r7, #8]
 6138 005e DA69     		ldr	r2, [r3, #28]
 6139              		.loc 1 1884 24
ARM GAS  C:\Users\DAELT-~1\AppData\Local\Temp\ccK7IQ4D.s 			page 141


 6140 0060 BB68     		ldr	r3, [r7, #8]
 6141 0062 1A62     		str	r2, [r3, #32]
1885:Drivers/STM32F4xx_HAL_Driver/Src/stm32f4xx_ll_usb.c **** 
1886:Drivers/STM32F4xx_HAL_Driver/Src/stm32f4xx_ll_usb.c ****           if ((hc->iso_splt_xactPos == HCSPLT_BEGIN) || (hc->iso_splt_xactPos == HCSPLT_MIDDLE))
 6142              		.loc 1 1886 18
 6143 0064 BB68     		ldr	r3, [r7, #8]
 6144 0066 DB68     		ldr	r3, [r3, #12]
 6145              		.loc 1 1886 14
 6146 0068 012B     		cmp	r3, #1
 6147 006a 03D0     		beq	.L262
 6148              		.loc 1 1886 60 discriminator 1
 6149 006c BB68     		ldr	r3, [r7, #8]
 6150 006e DB68     		ldr	r3, [r3, #12]
 6151              		.loc 1 1886 54 discriminator 1
 6152 0070 022B     		cmp	r3, #2
 6153 0072 03D1     		bne	.L263
 6154              	.L262:
1887:Drivers/STM32F4xx_HAL_Driver/Src/stm32f4xx_ll_usb.c ****           {
1888:Drivers/STM32F4xx_HAL_Driver/Src/stm32f4xx_ll_usb.c ****             hc->iso_splt_xactPos = HCSPLT_MIDDLE;
 6155              		.loc 1 1888 34
 6156 0074 BB68     		ldr	r3, [r7, #8]
 6157 0076 0222     		movs	r2, #2
 6158 0078 DA60     		str	r2, [r3, #12]
 6159 007a 5CE0     		b	.L268
 6160              	.L263:
1889:Drivers/STM32F4xx_HAL_Driver/Src/stm32f4xx_ll_usb.c ****           }
1890:Drivers/STM32F4xx_HAL_Driver/Src/stm32f4xx_ll_usb.c ****           else
1891:Drivers/STM32F4xx_HAL_Driver/Src/stm32f4xx_ll_usb.c ****           {
1892:Drivers/STM32F4xx_HAL_Driver/Src/stm32f4xx_ll_usb.c ****             hc->iso_splt_xactPos = HCSPLT_BEGIN;
 6161              		.loc 1 1892 34
 6162 007c BB68     		ldr	r3, [r7, #8]
 6163 007e 0122     		movs	r2, #1
 6164 0080 DA60     		str	r2, [r3, #12]
 6165 0082 58E0     		b	.L268
 6166              	.L261:
1893:Drivers/STM32F4xx_HAL_Driver/Src/stm32f4xx_ll_usb.c ****           }
1894:Drivers/STM32F4xx_HAL_Driver/Src/stm32f4xx_ll_usb.c ****         }
1895:Drivers/STM32F4xx_HAL_Driver/Src/stm32f4xx_ll_usb.c ****         else
1896:Drivers/STM32F4xx_HAL_Driver/Src/stm32f4xx_ll_usb.c ****         {
1897:Drivers/STM32F4xx_HAL_Driver/Src/stm32f4xx_ll_usb.c ****           hc->XferSize = hc->xfer_len;
 6167              		.loc 1 1897 28
 6168 0084 BB68     		ldr	r3, [r7, #8]
 6169 0086 1A6A     		ldr	r2, [r3, #32]
 6170              		.loc 1 1897 24
 6171 0088 BB68     		ldr	r3, [r7, #8]
 6172 008a DA61     		str	r2, [r3, #28]
1898:Drivers/STM32F4xx_HAL_Driver/Src/stm32f4xx_ll_usb.c **** 
1899:Drivers/STM32F4xx_HAL_Driver/Src/stm32f4xx_ll_usb.c ****           if ((hc->iso_splt_xactPos != HCSPLT_BEGIN) && (hc->iso_splt_xactPos != HCSPLT_MIDDLE))
 6173              		.loc 1 1899 18
 6174 008c BB68     		ldr	r3, [r7, #8]
 6175 008e DB68     		ldr	r3, [r3, #12]
 6176              		.loc 1 1899 14
 6177 0090 012B     		cmp	r3, #1
 6178 0092 07D0     		beq	.L266
 6179              		.loc 1 1899 60 discriminator 1
 6180 0094 BB68     		ldr	r3, [r7, #8]
 6181 0096 DB68     		ldr	r3, [r3, #12]
ARM GAS  C:\Users\DAELT-~1\AppData\Local\Temp\ccK7IQ4D.s 			page 142


 6182              		.loc 1 1899 54 discriminator 1
 6183 0098 022B     		cmp	r3, #2
 6184 009a 03D0     		beq	.L266
1900:Drivers/STM32F4xx_HAL_Driver/Src/stm32f4xx_ll_usb.c ****           {
1901:Drivers/STM32F4xx_HAL_Driver/Src/stm32f4xx_ll_usb.c ****             hc->iso_splt_xactPos = HCSPLT_FULL;
 6185              		.loc 1 1901 34
 6186 009c BB68     		ldr	r3, [r7, #8]
 6187 009e 0422     		movs	r2, #4
 6188 00a0 DA60     		str	r2, [r3, #12]
 6189 00a2 48E0     		b	.L268
 6190              	.L266:
1902:Drivers/STM32F4xx_HAL_Driver/Src/stm32f4xx_ll_usb.c ****           }
1903:Drivers/STM32F4xx_HAL_Driver/Src/stm32f4xx_ll_usb.c ****           else
1904:Drivers/STM32F4xx_HAL_Driver/Src/stm32f4xx_ll_usb.c ****           {
1905:Drivers/STM32F4xx_HAL_Driver/Src/stm32f4xx_ll_usb.c ****             hc->iso_splt_xactPos = HCSPLT_END;
 6191              		.loc 1 1905 34
 6192 00a4 BB68     		ldr	r3, [r7, #8]
 6193 00a6 0322     		movs	r2, #3
 6194 00a8 DA60     		str	r2, [r3, #12]
 6195 00aa 44E0     		b	.L268
 6196              	.L260:
1906:Drivers/STM32F4xx_HAL_Driver/Src/stm32f4xx_ll_usb.c ****           }
1907:Drivers/STM32F4xx_HAL_Driver/Src/stm32f4xx_ll_usb.c ****         }
1908:Drivers/STM32F4xx_HAL_Driver/Src/stm32f4xx_ll_usb.c ****       }
1909:Drivers/STM32F4xx_HAL_Driver/Src/stm32f4xx_ll_usb.c ****       else
1910:Drivers/STM32F4xx_HAL_Driver/Src/stm32f4xx_ll_usb.c ****       {
1911:Drivers/STM32F4xx_HAL_Driver/Src/stm32f4xx_ll_usb.c ****         if ((dma == 1U) && (hc->xfer_len > hc->max_packet))
 6197              		.loc 1 1911 12
 6198 00ac FB79     		ldrb	r3, [r7, #7]	@ zero_extendqisi2
 6199 00ae 012B     		cmp	r3, #1
 6200 00b0 0DD1     		bne	.L267
 6201              		.loc 1 1911 31 discriminator 1
 6202 00b2 BB68     		ldr	r3, [r7, #8]
 6203 00b4 1B6A     		ldr	r3, [r3, #32]
 6204              		.loc 1 1911 46 discriminator 1
 6205 00b6 BA68     		ldr	r2, [r7, #8]
 6206 00b8 928A     		ldrh	r2, [r2, #20]
 6207              		.loc 1 1911 25 discriminator 1
 6208 00ba 9342     		cmp	r3, r2
 6209 00bc 07D9     		bls	.L267
1912:Drivers/STM32F4xx_HAL_Driver/Src/stm32f4xx_ll_usb.c ****         {
1913:Drivers/STM32F4xx_HAL_Driver/Src/stm32f4xx_ll_usb.c ****           hc->XferSize = (uint32_t)num_packets * hc->max_packet;
 6210              		.loc 1 1913 26
 6211 00be FB8C     		ldrh	r3, [r7, #38]
 6212              		.loc 1 1913 52
 6213 00c0 BA68     		ldr	r2, [r7, #8]
 6214 00c2 928A     		ldrh	r2, [r2, #20]
 6215              		.loc 1 1913 48
 6216 00c4 03FB02F2 		mul	r2, r3, r2
 6217              		.loc 1 1913 24
 6218 00c8 BB68     		ldr	r3, [r7, #8]
 6219 00ca DA61     		str	r2, [r3, #28]
 6220 00cc 33E0     		b	.L268
 6221              	.L267:
1914:Drivers/STM32F4xx_HAL_Driver/Src/stm32f4xx_ll_usb.c ****         }
1915:Drivers/STM32F4xx_HAL_Driver/Src/stm32f4xx_ll_usb.c ****         else
1916:Drivers/STM32F4xx_HAL_Driver/Src/stm32f4xx_ll_usb.c ****         {
ARM GAS  C:\Users\DAELT-~1\AppData\Local\Temp\ccK7IQ4D.s 			page 143


1917:Drivers/STM32F4xx_HAL_Driver/Src/stm32f4xx_ll_usb.c ****           hc->XferSize = hc->xfer_len;
 6222              		.loc 1 1917 28
 6223 00ce BB68     		ldr	r3, [r7, #8]
 6224 00d0 1A6A     		ldr	r2, [r3, #32]
 6225              		.loc 1 1917 24
 6226 00d2 BB68     		ldr	r3, [r7, #8]
 6227 00d4 DA61     		str	r2, [r3, #28]
 6228 00d6 2EE0     		b	.L268
 6229              	.L257:
1918:Drivers/STM32F4xx_HAL_Driver/Src/stm32f4xx_ll_usb.c ****         }
1919:Drivers/STM32F4xx_HAL_Driver/Src/stm32f4xx_ll_usb.c ****       }
1920:Drivers/STM32F4xx_HAL_Driver/Src/stm32f4xx_ll_usb.c ****     }
1921:Drivers/STM32F4xx_HAL_Driver/Src/stm32f4xx_ll_usb.c ****   }
1922:Drivers/STM32F4xx_HAL_Driver/Src/stm32f4xx_ll_usb.c ****   else
1923:Drivers/STM32F4xx_HAL_Driver/Src/stm32f4xx_ll_usb.c ****   {
1924:Drivers/STM32F4xx_HAL_Driver/Src/stm32f4xx_ll_usb.c ****     /* Compute the expected number of packets associated to the transfer */
1925:Drivers/STM32F4xx_HAL_Driver/Src/stm32f4xx_ll_usb.c ****     if (hc->xfer_len > 0U)
 6230              		.loc 1 1925 11
 6231 00d8 BB68     		ldr	r3, [r7, #8]
 6232 00da 1B6A     		ldr	r3, [r3, #32]
 6233              		.loc 1 1925 8
 6234 00dc 002B     		cmp	r3, #0
 6235 00de 18D0     		beq	.L269
1926:Drivers/STM32F4xx_HAL_Driver/Src/stm32f4xx_ll_usb.c ****     {
1927:Drivers/STM32F4xx_HAL_Driver/Src/stm32f4xx_ll_usb.c ****       num_packets = (uint16_t)((hc->xfer_len + hc->max_packet - 1U) / hc->max_packet);
 6236              		.loc 1 1927 35
 6237 00e0 BB68     		ldr	r3, [r7, #8]
 6238 00e2 1B6A     		ldr	r3, [r3, #32]
 6239              		.loc 1 1927 50
 6240 00e4 BA68     		ldr	r2, [r7, #8]
 6241 00e6 928A     		ldrh	r2, [r2, #20]
 6242              		.loc 1 1927 46
 6243 00e8 1344     		add	r3, r3, r2
 6244              		.loc 1 1927 63
 6245 00ea 013B     		subs	r3, r3, #1
 6246              		.loc 1 1927 73
 6247 00ec BA68     		ldr	r2, [r7, #8]
 6248 00ee 928A     		ldrh	r2, [r2, #20]
 6249              		.loc 1 1927 69
 6250 00f0 B3FBF2F3 		udiv	r3, r3, r2
 6251              		.loc 1 1927 19
 6252 00f4 FB84     		strh	r3, [r7, #38]	@ movhi
1928:Drivers/STM32F4xx_HAL_Driver/Src/stm32f4xx_ll_usb.c **** 
1929:Drivers/STM32F4xx_HAL_Driver/Src/stm32f4xx_ll_usb.c ****       if (num_packets > max_hc_pkt_count)
 6253              		.loc 1 1929 10
 6254 00f6 FA8C     		ldrh	r2, [r7, #38]
 6255 00f8 7B8B     		ldrh	r3, [r7, #26]
 6256 00fa 9A42     		cmp	r2, r3
 6257 00fc 0BD9     		bls	.L270
1930:Drivers/STM32F4xx_HAL_Driver/Src/stm32f4xx_ll_usb.c ****       {
1931:Drivers/STM32F4xx_HAL_Driver/Src/stm32f4xx_ll_usb.c ****         num_packets = max_hc_pkt_count;
 6258              		.loc 1 1931 21
 6259 00fe 7B8B     		ldrh	r3, [r7, #26]	@ movhi
 6260 0100 FB84     		strh	r3, [r7, #38]	@ movhi
1932:Drivers/STM32F4xx_HAL_Driver/Src/stm32f4xx_ll_usb.c ****         hc->XferSize = (uint32_t)num_packets * hc->max_packet;
 6261              		.loc 1 1932 24
 6262 0102 FB8C     		ldrh	r3, [r7, #38]
ARM GAS  C:\Users\DAELT-~1\AppData\Local\Temp\ccK7IQ4D.s 			page 144


 6263              		.loc 1 1932 50
 6264 0104 BA68     		ldr	r2, [r7, #8]
 6265 0106 928A     		ldrh	r2, [r2, #20]
 6266              		.loc 1 1932 46
 6267 0108 03FB02F2 		mul	r2, r3, r2
 6268              		.loc 1 1932 22
 6269 010c BB68     		ldr	r3, [r7, #8]
 6270 010e DA61     		str	r2, [r3, #28]
 6271 0110 01E0     		b	.L270
 6272              	.L269:
1933:Drivers/STM32F4xx_HAL_Driver/Src/stm32f4xx_ll_usb.c ****       }
1934:Drivers/STM32F4xx_HAL_Driver/Src/stm32f4xx_ll_usb.c ****     }
1935:Drivers/STM32F4xx_HAL_Driver/Src/stm32f4xx_ll_usb.c ****     else
1936:Drivers/STM32F4xx_HAL_Driver/Src/stm32f4xx_ll_usb.c ****     {
1937:Drivers/STM32F4xx_HAL_Driver/Src/stm32f4xx_ll_usb.c ****       num_packets = 1U;
 6273              		.loc 1 1937 19
 6274 0112 0123     		movs	r3, #1
 6275 0114 FB84     		strh	r3, [r7, #38]	@ movhi
 6276              	.L270:
1938:Drivers/STM32F4xx_HAL_Driver/Src/stm32f4xx_ll_usb.c ****     }
1939:Drivers/STM32F4xx_HAL_Driver/Src/stm32f4xx_ll_usb.c **** 
1940:Drivers/STM32F4xx_HAL_Driver/Src/stm32f4xx_ll_usb.c ****     /*
1941:Drivers/STM32F4xx_HAL_Driver/Src/stm32f4xx_ll_usb.c ****     * For IN channel HCTSIZ.XferSize is expected to be an integer multiple of
1942:Drivers/STM32F4xx_HAL_Driver/Src/stm32f4xx_ll_usb.c ****     * max_packet size.
1943:Drivers/STM32F4xx_HAL_Driver/Src/stm32f4xx_ll_usb.c ****     */
1944:Drivers/STM32F4xx_HAL_Driver/Src/stm32f4xx_ll_usb.c ****     if (hc->ep_is_in != 0U)
 6277              		.loc 1 1944 11
 6278 0116 BB68     		ldr	r3, [r7, #8]
 6279 0118 DB78     		ldrb	r3, [r3, #3]	@ zero_extendqisi2
 6280              		.loc 1 1944 8
 6281 011a 002B     		cmp	r3, #0
 6282 011c 07D0     		beq	.L271
1945:Drivers/STM32F4xx_HAL_Driver/Src/stm32f4xx_ll_usb.c ****     {
1946:Drivers/STM32F4xx_HAL_Driver/Src/stm32f4xx_ll_usb.c ****       hc->XferSize = (uint32_t)num_packets * hc->max_packet;
 6283              		.loc 1 1946 22
 6284 011e FB8C     		ldrh	r3, [r7, #38]
 6285              		.loc 1 1946 48
 6286 0120 BA68     		ldr	r2, [r7, #8]
 6287 0122 928A     		ldrh	r2, [r2, #20]
 6288              		.loc 1 1946 44
 6289 0124 03FB02F2 		mul	r2, r3, r2
 6290              		.loc 1 1946 20
 6291 0128 BB68     		ldr	r3, [r7, #8]
 6292 012a DA61     		str	r2, [r3, #28]
 6293 012c 03E0     		b	.L268
 6294              	.L271:
1947:Drivers/STM32F4xx_HAL_Driver/Src/stm32f4xx_ll_usb.c ****     }
1948:Drivers/STM32F4xx_HAL_Driver/Src/stm32f4xx_ll_usb.c ****     else
1949:Drivers/STM32F4xx_HAL_Driver/Src/stm32f4xx_ll_usb.c ****     {
1950:Drivers/STM32F4xx_HAL_Driver/Src/stm32f4xx_ll_usb.c ****       hc->XferSize = hc->xfer_len;
 6295              		.loc 1 1950 24
 6296 012e BB68     		ldr	r3, [r7, #8]
 6297 0130 1A6A     		ldr	r2, [r3, #32]
 6298              		.loc 1 1950 20
 6299 0132 BB68     		ldr	r3, [r7, #8]
 6300 0134 DA61     		str	r2, [r3, #28]
 6301              	.L268:
ARM GAS  C:\Users\DAELT-~1\AppData\Local\Temp\ccK7IQ4D.s 			page 145


1951:Drivers/STM32F4xx_HAL_Driver/Src/stm32f4xx_ll_usb.c ****     }
1952:Drivers/STM32F4xx_HAL_Driver/Src/stm32f4xx_ll_usb.c ****   }
1953:Drivers/STM32F4xx_HAL_Driver/Src/stm32f4xx_ll_usb.c **** 
1954:Drivers/STM32F4xx_HAL_Driver/Src/stm32f4xx_ll_usb.c ****   /* Initialize the HCTSIZn register */
1955:Drivers/STM32F4xx_HAL_Driver/Src/stm32f4xx_ll_usb.c ****   USBx_HC(ch_num)->HCTSIZ = (hc->XferSize & USB_OTG_HCTSIZ_XFRSIZ) |
 6302              		.loc 1 1955 32
 6303 0136 BB68     		ldr	r3, [r7, #8]
 6304 0138 DB69     		ldr	r3, [r3, #28]
 6305              		.loc 1 1955 43
 6306 013a C3F31202 		ubfx	r2, r3, #0, #19
1956:Drivers/STM32F4xx_HAL_Driver/Src/stm32f4xx_ll_usb.c ****                             (((uint32_t)num_packets << 19) & USB_OTG_HCTSIZ_PKTCNT) |
 6307              		.loc 1 1956 31
 6308 013e FB8C     		ldrh	r3, [r7, #38]
 6309              		.loc 1 1956 53
 6310 0140 D904     		lsls	r1, r3, #19
 6311              		.loc 1 1956 60
 6312 0142 A44B     		ldr	r3, .L301
 6313 0144 0B40     		ands	r3, r3, r1
1955:Drivers/STM32F4xx_HAL_Driver/Src/stm32f4xx_ll_usb.c ****                             (((uint32_t)num_packets << 19) & USB_OTG_HCTSIZ_PKTCNT) |
 6314              		.loc 1 1955 68
 6315 0146 1A43     		orrs	r2, r2, r3
1957:Drivers/STM32F4xx_HAL_Driver/Src/stm32f4xx_ll_usb.c ****                             (((uint32_t)hc->data_pid << 29) & USB_OTG_HCTSIZ_DPID);
 6316              		.loc 1 1957 43
 6317 0148 BB68     		ldr	r3, [r7, #8]
 6318 014a 9B7D     		ldrb	r3, [r3, #22]	@ zero_extendqisi2
 6319              		.loc 1 1957 54
 6320 014c 5B07     		lsls	r3, r3, #29
 6321              		.loc 1 1957 61
 6322 014e 03F0C043 		and	r3, r3, #1610612736
1955:Drivers/STM32F4xx_HAL_Driver/Src/stm32f4xx_ll_usb.c ****                             (((uint32_t)num_packets << 19) & USB_OTG_HCTSIZ_PKTCNT) |
 6323              		.loc 1 1955 3
 6324 0152 F969     		ldr	r1, [r7, #28]
 6325 0154 4801     		lsls	r0, r1, #5
 6326 0156 396A     		ldr	r1, [r7, #32]
 6327 0158 0144     		add	r1, r1, r0
 6328 015a 01F5A061 		add	r1, r1, #1280
1956:Drivers/STM32F4xx_HAL_Driver/Src/stm32f4xx_ll_usb.c ****                             (((uint32_t)num_packets << 19) & USB_OTG_HCTSIZ_PKTCNT) |
 6329              		.loc 1 1956 85
 6330 015e 1343     		orrs	r3, r3, r2
1955:Drivers/STM32F4xx_HAL_Driver/Src/stm32f4xx_ll_usb.c ****                             (((uint32_t)num_packets << 19) & USB_OTG_HCTSIZ_PKTCNT) |
 6331              		.loc 1 1955 27
 6332 0160 0B61     		str	r3, [r1, #16]
1958:Drivers/STM32F4xx_HAL_Driver/Src/stm32f4xx_ll_usb.c **** 
1959:Drivers/STM32F4xx_HAL_Driver/Src/stm32f4xx_ll_usb.c ****   if (dma != 0U)
 6333              		.loc 1 1959 6
 6334 0162 FB79     		ldrb	r3, [r7, #7]	@ zero_extendqisi2
 6335 0164 002B     		cmp	r3, #0
 6336 0166 09D0     		beq	.L272
1960:Drivers/STM32F4xx_HAL_Driver/Src/stm32f4xx_ll_usb.c ****   {
1961:Drivers/STM32F4xx_HAL_Driver/Src/stm32f4xx_ll_usb.c ****     /* xfer_buff MUST be 32-bits aligned */
1962:Drivers/STM32F4xx_HAL_Driver/Src/stm32f4xx_ll_usb.c ****     USBx_HC(ch_num)->HCDMA = (uint32_t)hc->xfer_buff;
 6337              		.loc 1 1962 42
 6338 0168 BB68     		ldr	r3, [r7, #8]
 6339 016a 9969     		ldr	r1, [r3, #24]
 6340              		.loc 1 1962 5
 6341 016c FB69     		ldr	r3, [r7, #28]
 6342 016e 5A01     		lsls	r2, r3, #5
ARM GAS  C:\Users\DAELT-~1\AppData\Local\Temp\ccK7IQ4D.s 			page 146


 6343 0170 3B6A     		ldr	r3, [r7, #32]
 6344 0172 1344     		add	r3, r3, r2
 6345 0174 03F5A063 		add	r3, r3, #1280
 6346              		.loc 1 1962 30
 6347 0178 0A46     		mov	r2, r1
 6348              		.loc 1 1962 28
 6349 017a 5A61     		str	r2, [r3, #20]
 6350              	.L272:
1963:Drivers/STM32F4xx_HAL_Driver/Src/stm32f4xx_ll_usb.c ****   }
1964:Drivers/STM32F4xx_HAL_Driver/Src/stm32f4xx_ll_usb.c **** 
1965:Drivers/STM32F4xx_HAL_Driver/Src/stm32f4xx_ll_usb.c ****   is_oddframe = (((uint32_t)USBx_HOST->HFNUM & 0x01U) != 0U) ? 0U : 1U;
 6351              		.loc 1 1965 29
 6352 017c 3B6A     		ldr	r3, [r7, #32]
 6353 017e 03F58063 		add	r3, r3, #1024
 6354              		.loc 1 1965 38
 6355 0182 9B68     		ldr	r3, [r3, #8]
 6356              		.loc 1 1965 46
 6357 0184 03F00103 		and	r3, r3, #1
 6358              		.loc 1 1965 67
 6359 0188 002B     		cmp	r3, #0
 6360 018a 0CBF     		ite	eq
 6361 018c 0123     		moveq	r3, #1
 6362 018e 0023     		movne	r3, #0
 6363 0190 DBB2     		uxtb	r3, r3
 6364              		.loc 1 1965 15
 6365 0192 7B76     		strb	r3, [r7, #25]
1966:Drivers/STM32F4xx_HAL_Driver/Src/stm32f4xx_ll_usb.c ****   USBx_HC(ch_num)->HCCHAR &= ~USB_OTG_HCCHAR_ODDFRM;
 6366              		.loc 1 1966 18
 6367 0194 FB69     		ldr	r3, [r7, #28]
 6368 0196 5A01     		lsls	r2, r3, #5
 6369 0198 3B6A     		ldr	r3, [r7, #32]
 6370 019a 1344     		add	r3, r3, r2
 6371 019c 03F5A063 		add	r3, r3, #1280
 6372 01a0 1B68     		ldr	r3, [r3]
 6373 01a2 FA69     		ldr	r2, [r7, #28]
 6374 01a4 5101     		lsls	r1, r2, #5
 6375 01a6 3A6A     		ldr	r2, [r7, #32]
 6376 01a8 0A44     		add	r2, r2, r1
 6377 01aa 02F5A062 		add	r2, r2, #1280
 6378              		.loc 1 1966 27
 6379 01ae 23F00053 		bic	r3, r3, #536870912
 6380 01b2 1360     		str	r3, [r2]
1967:Drivers/STM32F4xx_HAL_Driver/Src/stm32f4xx_ll_usb.c ****   USBx_HC(ch_num)->HCCHAR |= (uint32_t)is_oddframe << 29;
 6381              		.loc 1 1967 18
 6382 01b4 FB69     		ldr	r3, [r7, #28]
 6383 01b6 5A01     		lsls	r2, r3, #5
 6384 01b8 3B6A     		ldr	r3, [r7, #32]
 6385 01ba 1344     		add	r3, r3, r2
 6386 01bc 03F5A063 		add	r3, r3, #1280
 6387 01c0 1A68     		ldr	r2, [r3]
 6388              		.loc 1 1967 30
 6389 01c2 7B7E     		ldrb	r3, [r7, #25]	@ zero_extendqisi2
 6390              		.loc 1 1967 52
 6391 01c4 5B07     		lsls	r3, r3, #29
 6392              		.loc 1 1967 18
 6393 01c6 F969     		ldr	r1, [r7, #28]
 6394 01c8 4801     		lsls	r0, r1, #5
ARM GAS  C:\Users\DAELT-~1\AppData\Local\Temp\ccK7IQ4D.s 			page 147


 6395 01ca 396A     		ldr	r1, [r7, #32]
 6396 01cc 0144     		add	r1, r1, r0
 6397 01ce 01F5A061 		add	r1, r1, #1280
 6398              		.loc 1 1967 27
 6399 01d2 1343     		orrs	r3, r3, r2
 6400 01d4 0B60     		str	r3, [r1]
1968:Drivers/STM32F4xx_HAL_Driver/Src/stm32f4xx_ll_usb.c **** 
1969:Drivers/STM32F4xx_HAL_Driver/Src/stm32f4xx_ll_usb.c ****   if (hc->do_ssplit == 1U)
 6401              		.loc 1 1969 9
 6402 01d6 BB68     		ldr	r3, [r7, #8]
 6403 01d8 9B79     		ldrb	r3, [r3, #6]	@ zero_extendqisi2
 6404              		.loc 1 1969 6
 6405 01da 012B     		cmp	r3, #1
 6406 01dc 40F0C480 		bne	.L273
1970:Drivers/STM32F4xx_HAL_Driver/Src/stm32f4xx_ll_usb.c ****   {
1971:Drivers/STM32F4xx_HAL_Driver/Src/stm32f4xx_ll_usb.c ****     /* Set Hub start Split transaction */
1972:Drivers/STM32F4xx_HAL_Driver/Src/stm32f4xx_ll_usb.c ****     USBx_HC((uint32_t)ch_num)->HCSPLT = ((uint32_t)hc->hub_addr << USB_OTG_HCSPLT_HUBADDR_Pos) |
 6407              		.loc 1 1972 54
 6408 01e0 BB68     		ldr	r3, [r7, #8]
 6409 01e2 5B7C     		ldrb	r3, [r3, #17]	@ zero_extendqisi2
 6410              		.loc 1 1972 65
 6411 01e4 DB01     		lsls	r3, r3, #7
1973:Drivers/STM32F4xx_HAL_Driver/Src/stm32f4xx_ll_usb.c ****                                         (uint32_t)hc->hub_port_nbr | USB_OTG_HCSPLT_SPLITEN;
 6412              		.loc 1 1973 53
 6413 01e6 BA68     		ldr	r2, [r7, #8]
 6414 01e8 127C     		ldrb	r2, [r2, #16]	@ zero_extendqisi2
1972:Drivers/STM32F4xx_HAL_Driver/Src/stm32f4xx_ll_usb.c ****                                         (uint32_t)hc->hub_port_nbr | USB_OTG_HCSPLT_SPLITEN;
 6415              		.loc 1 1972 96
 6416 01ea 1343     		orrs	r3, r3, r2
1972:Drivers/STM32F4xx_HAL_Driver/Src/stm32f4xx_ll_usb.c ****                                         (uint32_t)hc->hub_port_nbr | USB_OTG_HCSPLT_SPLITEN;
 6417              		.loc 1 1972 5
 6418 01ec FA69     		ldr	r2, [r7, #28]
 6419 01ee 5101     		lsls	r1, r2, #5
 6420 01f0 3A6A     		ldr	r2, [r7, #32]
 6421 01f2 0A44     		add	r2, r2, r1
 6422 01f4 02F5A062 		add	r2, r2, #1280
 6423              		.loc 1 1973 68
 6424 01f8 43F00043 		orr	r3, r3, #-2147483648
1972:Drivers/STM32F4xx_HAL_Driver/Src/stm32f4xx_ll_usb.c ****                                         (uint32_t)hc->hub_port_nbr | USB_OTG_HCSPLT_SPLITEN;
 6425              		.loc 1 1972 39
 6426 01fc 5360     		str	r3, [r2, #4]
1974:Drivers/STM32F4xx_HAL_Driver/Src/stm32f4xx_ll_usb.c **** 
1975:Drivers/STM32F4xx_HAL_Driver/Src/stm32f4xx_ll_usb.c ****     /* unmask ack & nyet for IN/OUT transactions */
1976:Drivers/STM32F4xx_HAL_Driver/Src/stm32f4xx_ll_usb.c ****     USBx_HC((uint32_t)ch_num)->HCINTMSK |= (USB_OTG_HCINTMSK_ACKM |
 6427              		.loc 1 1976 30
 6428 01fe FB69     		ldr	r3, [r7, #28]
 6429 0200 5A01     		lsls	r2, r3, #5
 6430 0202 3B6A     		ldr	r3, [r7, #32]
 6431 0204 1344     		add	r3, r3, r2
 6432 0206 03F5A063 		add	r3, r3, #1280
 6433 020a DB68     		ldr	r3, [r3, #12]
 6434 020c FA69     		ldr	r2, [r7, #28]
 6435 020e 5101     		lsls	r1, r2, #5
 6436 0210 3A6A     		ldr	r2, [r7, #32]
 6437 0212 0A44     		add	r2, r2, r1
 6438 0214 02F5A062 		add	r2, r2, #1280
 6439              		.loc 1 1976 41
ARM GAS  C:\Users\DAELT-~1\AppData\Local\Temp\ccK7IQ4D.s 			page 148


 6440 0218 43F06003 		orr	r3, r3, #96
 6441 021c D360     		str	r3, [r2, #12]
1977:Drivers/STM32F4xx_HAL_Driver/Src/stm32f4xx_ll_usb.c ****                                             USB_OTG_HCINTMSK_NYET);
1978:Drivers/STM32F4xx_HAL_Driver/Src/stm32f4xx_ll_usb.c **** 
1979:Drivers/STM32F4xx_HAL_Driver/Src/stm32f4xx_ll_usb.c ****     if ((hc->do_csplit == 1U) && (hc->ep_is_in == 0U))
 6442              		.loc 1 1979 12
 6443 021e BB68     		ldr	r3, [r7, #8]
 6444 0220 DB79     		ldrb	r3, [r3, #7]	@ zero_extendqisi2
 6445              		.loc 1 1979 8
 6446 0222 012B     		cmp	r3, #1
 6447 0224 23D1     		bne	.L274
 6448              		.loc 1 1979 37 discriminator 1
 6449 0226 BB68     		ldr	r3, [r7, #8]
 6450 0228 DB78     		ldrb	r3, [r3, #3]	@ zero_extendqisi2
 6451              		.loc 1 1979 31 discriminator 1
 6452 022a 002B     		cmp	r3, #0
 6453 022c 1FD1     		bne	.L274
1980:Drivers/STM32F4xx_HAL_Driver/Src/stm32f4xx_ll_usb.c ****     {
1981:Drivers/STM32F4xx_HAL_Driver/Src/stm32f4xx_ll_usb.c ****       USBx_HC((uint32_t)ch_num)->HCSPLT |= USB_OTG_HCSPLT_COMPLSPLT;
 6454              		.loc 1 1981 32
 6455 022e FB69     		ldr	r3, [r7, #28]
 6456 0230 5A01     		lsls	r2, r3, #5
 6457 0232 3B6A     		ldr	r3, [r7, #32]
 6458 0234 1344     		add	r3, r3, r2
 6459 0236 03F5A063 		add	r3, r3, #1280
 6460 023a 5B68     		ldr	r3, [r3, #4]
 6461 023c FA69     		ldr	r2, [r7, #28]
 6462 023e 5101     		lsls	r1, r2, #5
 6463 0240 3A6A     		ldr	r2, [r7, #32]
 6464 0242 0A44     		add	r2, r2, r1
 6465 0244 02F5A062 		add	r2, r2, #1280
 6466              		.loc 1 1981 41
 6467 0248 43F48033 		orr	r3, r3, #65536
 6468 024c 5360     		str	r3, [r2, #4]
1982:Drivers/STM32F4xx_HAL_Driver/Src/stm32f4xx_ll_usb.c ****       USBx_HC((uint32_t)ch_num)->HCINTMSK |= USB_OTG_HCINTMSK_NYET;
 6469              		.loc 1 1982 32
 6470 024e FB69     		ldr	r3, [r7, #28]
 6471 0250 5A01     		lsls	r2, r3, #5
 6472 0252 3B6A     		ldr	r3, [r7, #32]
 6473 0254 1344     		add	r3, r3, r2
 6474 0256 03F5A063 		add	r3, r3, #1280
 6475 025a DB68     		ldr	r3, [r3, #12]
 6476 025c FA69     		ldr	r2, [r7, #28]
 6477 025e 5101     		lsls	r1, r2, #5
 6478 0260 3A6A     		ldr	r2, [r7, #32]
 6479 0262 0A44     		add	r2, r2, r1
 6480 0264 02F5A062 		add	r2, r2, #1280
 6481              		.loc 1 1982 43
 6482 0268 43F04003 		orr	r3, r3, #64
 6483 026c D360     		str	r3, [r2, #12]
 6484              	.L274:
1983:Drivers/STM32F4xx_HAL_Driver/Src/stm32f4xx_ll_usb.c ****     }
1984:Drivers/STM32F4xx_HAL_Driver/Src/stm32f4xx_ll_usb.c **** 
1985:Drivers/STM32F4xx_HAL_Driver/Src/stm32f4xx_ll_usb.c ****     if (((hc->ep_type == EP_TYPE_ISOC) || (hc->ep_type == EP_TYPE_INTR)) &&
 6485              		.loc 1 1985 13
 6486 026e BB68     		ldr	r3, [r7, #8]
 6487 0270 9B7C     		ldrb	r3, [r3, #18]	@ zero_extendqisi2
ARM GAS  C:\Users\DAELT-~1\AppData\Local\Temp\ccK7IQ4D.s 			page 149


 6488              		.loc 1 1985 8
 6489 0272 012B     		cmp	r3, #1
 6490 0274 03D0     		beq	.L275
 6491              		.loc 1 1985 46 discriminator 2
 6492 0276 BB68     		ldr	r3, [r7, #8]
 6493 0278 9B7C     		ldrb	r3, [r3, #18]	@ zero_extendqisi2
 6494              		.loc 1 1985 40 discriminator 2
 6495 027a 032B     		cmp	r3, #3
 6496 027c 17D1     		bne	.L276
 6497              	.L275:
1986:Drivers/STM32F4xx_HAL_Driver/Src/stm32f4xx_ll_usb.c ****         (hc->do_csplit == 1U) && (hc->ep_is_in == 1U))
 6498              		.loc 1 1986 12
 6499 027e BB68     		ldr	r3, [r7, #8]
 6500 0280 DB79     		ldrb	r3, [r3, #7]	@ zero_extendqisi2
1985:Drivers/STM32F4xx_HAL_Driver/Src/stm32f4xx_ll_usb.c ****         (hc->do_csplit == 1U) && (hc->ep_is_in == 1U))
 6501              		.loc 1 1985 74 discriminator 3
 6502 0282 012B     		cmp	r3, #1
 6503 0284 13D1     		bne	.L276
 6504              		.loc 1 1986 37
 6505 0286 BB68     		ldr	r3, [r7, #8]
 6506 0288 DB78     		ldrb	r3, [r3, #3]	@ zero_extendqisi2
 6507              		.loc 1 1986 31
 6508 028a 012B     		cmp	r3, #1
 6509 028c 0FD1     		bne	.L276
1987:Drivers/STM32F4xx_HAL_Driver/Src/stm32f4xx_ll_usb.c ****     {
1988:Drivers/STM32F4xx_HAL_Driver/Src/stm32f4xx_ll_usb.c ****       USBx_HC((uint32_t)ch_num)->HCSPLT |= USB_OTG_HCSPLT_COMPLSPLT;
 6510              		.loc 1 1988 32
 6511 028e FB69     		ldr	r3, [r7, #28]
 6512 0290 5A01     		lsls	r2, r3, #5
 6513 0292 3B6A     		ldr	r3, [r7, #32]
 6514 0294 1344     		add	r3, r3, r2
 6515 0296 03F5A063 		add	r3, r3, #1280
 6516 029a 5B68     		ldr	r3, [r3, #4]
 6517 029c FA69     		ldr	r2, [r7, #28]
 6518 029e 5101     		lsls	r1, r2, #5
 6519 02a0 3A6A     		ldr	r2, [r7, #32]
 6520 02a2 0A44     		add	r2, r2, r1
 6521 02a4 02F5A062 		add	r2, r2, #1280
 6522              		.loc 1 1988 41
 6523 02a8 43F48033 		orr	r3, r3, #65536
 6524 02ac 5360     		str	r3, [r2, #4]
 6525              	.L276:
1989:Drivers/STM32F4xx_HAL_Driver/Src/stm32f4xx_ll_usb.c ****     }
1990:Drivers/STM32F4xx_HAL_Driver/Src/stm32f4xx_ll_usb.c **** 
1991:Drivers/STM32F4xx_HAL_Driver/Src/stm32f4xx_ll_usb.c ****     /* Position management for iso out transaction on split mode */
1992:Drivers/STM32F4xx_HAL_Driver/Src/stm32f4xx_ll_usb.c ****     if ((hc->ep_type == EP_TYPE_ISOC) && (hc->ep_is_in == 0U))
 6526              		.loc 1 1992 12
 6527 02ae BB68     		ldr	r3, [r7, #8]
 6528 02b0 9B7C     		ldrb	r3, [r3, #18]	@ zero_extendqisi2
 6529              		.loc 1 1992 8
 6530 02b2 012B     		cmp	r3, #1
 6531 02b4 63D1     		bne	.L284
 6532              		.loc 1 1992 45 discriminator 1
 6533 02b6 BB68     		ldr	r3, [r7, #8]
 6534 02b8 DB78     		ldrb	r3, [r3, #3]	@ zero_extendqisi2
 6535              		.loc 1 1992 39 discriminator 1
 6536 02ba 002B     		cmp	r3, #0
ARM GAS  C:\Users\DAELT-~1\AppData\Local\Temp\ccK7IQ4D.s 			page 150


 6537 02bc 5FD1     		bne	.L284
1993:Drivers/STM32F4xx_HAL_Driver/Src/stm32f4xx_ll_usb.c ****     {
1994:Drivers/STM32F4xx_HAL_Driver/Src/stm32f4xx_ll_usb.c ****       /* Set data payload position */
1995:Drivers/STM32F4xx_HAL_Driver/Src/stm32f4xx_ll_usb.c ****       switch (hc->iso_splt_xactPos)
 6538              		.loc 1 1995 17
 6539 02be BB68     		ldr	r3, [r7, #8]
 6540 02c0 DB68     		ldr	r3, [r3, #12]
 6541              		.loc 1 1995 7
 6542 02c2 013B     		subs	r3, r3, #1
 6543 02c4 032B     		cmp	r3, #3
 6544 02c6 59D8     		bhi	.L297
 6545 02c8 01A2     		adr	r2, .L280
 6546 02ca 52F823F0 		ldr	pc, [r2, r3, lsl #2]
 6547 02ce 00BF     		.p2align 2
 6548              	.L280:
 6549 02d0 E1020000 		.word	.L283+1
 6550 02d4 03030000 		.word	.L282+1
 6551 02d8 25030000 		.word	.L281+1
 6552 02dc 47030000 		.word	.L279+1
 6553              		.p2align 1
 6554              	.L283:
1996:Drivers/STM32F4xx_HAL_Driver/Src/stm32f4xx_ll_usb.c ****       {
1997:Drivers/STM32F4xx_HAL_Driver/Src/stm32f4xx_ll_usb.c ****         case HCSPLT_BEGIN:
1998:Drivers/STM32F4xx_HAL_Driver/Src/stm32f4xx_ll_usb.c ****           /* First data payload for OUT Transaction */
1999:Drivers/STM32F4xx_HAL_Driver/Src/stm32f4xx_ll_usb.c ****           USBx_HC((uint32_t)ch_num)->HCSPLT |= USB_OTG_HCSPLT_XACTPOS_1;
 6555              		.loc 1 1999 36
 6556 02e0 FB69     		ldr	r3, [r7, #28]
 6557 02e2 5A01     		lsls	r2, r3, #5
 6558 02e4 3B6A     		ldr	r3, [r7, #32]
 6559 02e6 1344     		add	r3, r3, r2
 6560 02e8 03F5A063 		add	r3, r3, #1280
 6561 02ec 5B68     		ldr	r3, [r3, #4]
 6562 02ee FA69     		ldr	r2, [r7, #28]
 6563 02f0 5101     		lsls	r1, r2, #5
 6564 02f2 3A6A     		ldr	r2, [r7, #32]
 6565 02f4 0A44     		add	r2, r2, r1
 6566 02f6 02F5A062 		add	r2, r2, #1280
 6567              		.loc 1 1999 45
 6568 02fa 43F40043 		orr	r3, r3, #32768
 6569 02fe 5360     		str	r3, [r2, #4]
2000:Drivers/STM32F4xx_HAL_Driver/Src/stm32f4xx_ll_usb.c ****           break;
 6570              		.loc 1 2000 11
 6571 0300 3DE0     		b	.L284
 6572              	.L282:
2001:Drivers/STM32F4xx_HAL_Driver/Src/stm32f4xx_ll_usb.c **** 
2002:Drivers/STM32F4xx_HAL_Driver/Src/stm32f4xx_ll_usb.c ****         case HCSPLT_MIDDLE:
2003:Drivers/STM32F4xx_HAL_Driver/Src/stm32f4xx_ll_usb.c ****           /* Middle data payload for OUT Transaction */
2004:Drivers/STM32F4xx_HAL_Driver/Src/stm32f4xx_ll_usb.c ****           USBx_HC((uint32_t)ch_num)->HCSPLT |= USB_OTG_HCSPLT_XACTPOS_Pos;
 6573              		.loc 1 2004 36
 6574 0302 FB69     		ldr	r3, [r7, #28]
 6575 0304 5A01     		lsls	r2, r3, #5
 6576 0306 3B6A     		ldr	r3, [r7, #32]
 6577 0308 1344     		add	r3, r3, r2
 6578 030a 03F5A063 		add	r3, r3, #1280
 6579 030e 5B68     		ldr	r3, [r3, #4]
 6580 0310 FA69     		ldr	r2, [r7, #28]
 6581 0312 5101     		lsls	r1, r2, #5
ARM GAS  C:\Users\DAELT-~1\AppData\Local\Temp\ccK7IQ4D.s 			page 151


 6582 0314 3A6A     		ldr	r2, [r7, #32]
 6583 0316 0A44     		add	r2, r2, r1
 6584 0318 02F5A062 		add	r2, r2, #1280
 6585              		.loc 1 2004 45
 6586 031c 43F00E03 		orr	r3, r3, #14
 6587 0320 5360     		str	r3, [r2, #4]
2005:Drivers/STM32F4xx_HAL_Driver/Src/stm32f4xx_ll_usb.c ****           break;
 6588              		.loc 1 2005 11
 6589 0322 2CE0     		b	.L284
 6590              	.L281:
2006:Drivers/STM32F4xx_HAL_Driver/Src/stm32f4xx_ll_usb.c **** 
2007:Drivers/STM32F4xx_HAL_Driver/Src/stm32f4xx_ll_usb.c ****         case HCSPLT_END:
2008:Drivers/STM32F4xx_HAL_Driver/Src/stm32f4xx_ll_usb.c ****           /* End data payload for OUT Transaction */
2009:Drivers/STM32F4xx_HAL_Driver/Src/stm32f4xx_ll_usb.c ****           USBx_HC((uint32_t)ch_num)->HCSPLT |= USB_OTG_HCSPLT_XACTPOS_0;
 6591              		.loc 1 2009 36
 6592 0324 FB69     		ldr	r3, [r7, #28]
 6593 0326 5A01     		lsls	r2, r3, #5
 6594 0328 3B6A     		ldr	r3, [r7, #32]
 6595 032a 1344     		add	r3, r3, r2
 6596 032c 03F5A063 		add	r3, r3, #1280
 6597 0330 5B68     		ldr	r3, [r3, #4]
 6598 0332 FA69     		ldr	r2, [r7, #28]
 6599 0334 5101     		lsls	r1, r2, #5
 6600 0336 3A6A     		ldr	r2, [r7, #32]
 6601 0338 0A44     		add	r2, r2, r1
 6602 033a 02F5A062 		add	r2, r2, #1280
 6603              		.loc 1 2009 45
 6604 033e 43F48043 		orr	r3, r3, #16384
 6605 0342 5360     		str	r3, [r2, #4]
2010:Drivers/STM32F4xx_HAL_Driver/Src/stm32f4xx_ll_usb.c ****           break;
 6606              		.loc 1 2010 11
 6607 0344 1BE0     		b	.L284
 6608              	.L279:
2011:Drivers/STM32F4xx_HAL_Driver/Src/stm32f4xx_ll_usb.c **** 
2012:Drivers/STM32F4xx_HAL_Driver/Src/stm32f4xx_ll_usb.c ****         case HCSPLT_FULL:
2013:Drivers/STM32F4xx_HAL_Driver/Src/stm32f4xx_ll_usb.c ****           /* Entire data payload for OUT Transaction */
2014:Drivers/STM32F4xx_HAL_Driver/Src/stm32f4xx_ll_usb.c ****           USBx_HC((uint32_t)ch_num)->HCSPLT |= USB_OTG_HCSPLT_XACTPOS;
 6609              		.loc 1 2014 36
 6610 0346 FB69     		ldr	r3, [r7, #28]
 6611 0348 5A01     		lsls	r2, r3, #5
 6612 034a 3B6A     		ldr	r3, [r7, #32]
 6613 034c 1344     		add	r3, r3, r2
 6614 034e 03F5A063 		add	r3, r3, #1280
 6615 0352 5B68     		ldr	r3, [r3, #4]
 6616 0354 FA69     		ldr	r2, [r7, #28]
 6617 0356 5101     		lsls	r1, r2, #5
 6618 0358 3A6A     		ldr	r2, [r7, #32]
 6619 035a 0A44     		add	r2, r2, r1
 6620 035c 02F5A062 		add	r2, r2, #1280
 6621              		.loc 1 2014 45
 6622 0360 43F44043 		orr	r3, r3, #49152
 6623 0364 5360     		str	r3, [r2, #4]
2015:Drivers/STM32F4xx_HAL_Driver/Src/stm32f4xx_ll_usb.c ****           break;
 6624              		.loc 1 2015 11
 6625 0366 0AE0     		b	.L284
 6626              	.L273:
2016:Drivers/STM32F4xx_HAL_Driver/Src/stm32f4xx_ll_usb.c **** 
ARM GAS  C:\Users\DAELT-~1\AppData\Local\Temp\ccK7IQ4D.s 			page 152


2017:Drivers/STM32F4xx_HAL_Driver/Src/stm32f4xx_ll_usb.c ****         default:
2018:Drivers/STM32F4xx_HAL_Driver/Src/stm32f4xx_ll_usb.c ****           break;
2019:Drivers/STM32F4xx_HAL_Driver/Src/stm32f4xx_ll_usb.c ****       }
2020:Drivers/STM32F4xx_HAL_Driver/Src/stm32f4xx_ll_usb.c ****     }
2021:Drivers/STM32F4xx_HAL_Driver/Src/stm32f4xx_ll_usb.c ****   }
2022:Drivers/STM32F4xx_HAL_Driver/Src/stm32f4xx_ll_usb.c ****   else
2023:Drivers/STM32F4xx_HAL_Driver/Src/stm32f4xx_ll_usb.c ****   {
2024:Drivers/STM32F4xx_HAL_Driver/Src/stm32f4xx_ll_usb.c ****     /* Clear Hub Start Split transaction */
2025:Drivers/STM32F4xx_HAL_Driver/Src/stm32f4xx_ll_usb.c ****     USBx_HC((uint32_t)ch_num)->HCSPLT = 0U;
 6627              		.loc 1 2025 5
 6628 0368 FB69     		ldr	r3, [r7, #28]
 6629 036a 5A01     		lsls	r2, r3, #5
 6630 036c 3B6A     		ldr	r3, [r7, #32]
 6631 036e 1344     		add	r3, r3, r2
 6632 0370 03F5A063 		add	r3, r3, #1280
 6633 0374 1A46     		mov	r2, r3
 6634              		.loc 1 2025 39
 6635 0376 0023     		movs	r3, #0
 6636 0378 5360     		str	r3, [r2, #4]
 6637 037a 00E0     		b	.L284
 6638              	.L297:
2018:Drivers/STM32F4xx_HAL_Driver/Src/stm32f4xx_ll_usb.c ****       }
 6639              		.loc 1 2018 11
 6640 037c 00BF     		nop
 6641              	.L284:
2026:Drivers/STM32F4xx_HAL_Driver/Src/stm32f4xx_ll_usb.c ****   }
2027:Drivers/STM32F4xx_HAL_Driver/Src/stm32f4xx_ll_usb.c **** 
2028:Drivers/STM32F4xx_HAL_Driver/Src/stm32f4xx_ll_usb.c ****   /* Set host channel enable */
2029:Drivers/STM32F4xx_HAL_Driver/Src/stm32f4xx_ll_usb.c ****   tmpreg = USBx_HC(ch_num)->HCCHAR;
 6642              		.loc 1 2029 12
 6643 037e FB69     		ldr	r3, [r7, #28]
 6644 0380 5A01     		lsls	r2, r3, #5
 6645 0382 3B6A     		ldr	r3, [r7, #32]
 6646 0384 1344     		add	r3, r3, r2
 6647 0386 03F5A063 		add	r3, r3, #1280
 6648              		.loc 1 2029 27
 6649 038a 1B68     		ldr	r3, [r3]
 6650              		.loc 1 2029 10
 6651 038c 3B61     		str	r3, [r7, #16]
2030:Drivers/STM32F4xx_HAL_Driver/Src/stm32f4xx_ll_usb.c ****   tmpreg &= ~USB_OTG_HCCHAR_CHDIS;
 6652              		.loc 1 2030 10
 6653 038e 3B69     		ldr	r3, [r7, #16]
 6654 0390 23F08043 		bic	r3, r3, #1073741824
 6655 0394 3B61     		str	r3, [r7, #16]
2031:Drivers/STM32F4xx_HAL_Driver/Src/stm32f4xx_ll_usb.c **** 
2032:Drivers/STM32F4xx_HAL_Driver/Src/stm32f4xx_ll_usb.c ****   /* make sure to set the correct ep direction */
2033:Drivers/STM32F4xx_HAL_Driver/Src/stm32f4xx_ll_usb.c ****   if (hc->ep_is_in != 0U)
 6656              		.loc 1 2033 9
 6657 0396 BB68     		ldr	r3, [r7, #8]
 6658 0398 DB78     		ldrb	r3, [r3, #3]	@ zero_extendqisi2
 6659              		.loc 1 2033 6
 6660 039a 002B     		cmp	r3, #0
 6661 039c 04D0     		beq	.L285
2034:Drivers/STM32F4xx_HAL_Driver/Src/stm32f4xx_ll_usb.c ****   {
2035:Drivers/STM32F4xx_HAL_Driver/Src/stm32f4xx_ll_usb.c ****     tmpreg |= USB_OTG_HCCHAR_EPDIR;
 6662              		.loc 1 2035 12
 6663 039e 3B69     		ldr	r3, [r7, #16]
ARM GAS  C:\Users\DAELT-~1\AppData\Local\Temp\ccK7IQ4D.s 			page 153


 6664 03a0 43F40043 		orr	r3, r3, #32768
 6665 03a4 3B61     		str	r3, [r7, #16]
 6666 03a6 03E0     		b	.L286
 6667              	.L285:
2036:Drivers/STM32F4xx_HAL_Driver/Src/stm32f4xx_ll_usb.c ****   }
2037:Drivers/STM32F4xx_HAL_Driver/Src/stm32f4xx_ll_usb.c ****   else
2038:Drivers/STM32F4xx_HAL_Driver/Src/stm32f4xx_ll_usb.c ****   {
2039:Drivers/STM32F4xx_HAL_Driver/Src/stm32f4xx_ll_usb.c ****     tmpreg &= ~USB_OTG_HCCHAR_EPDIR;
 6668              		.loc 1 2039 12
 6669 03a8 3B69     		ldr	r3, [r7, #16]
 6670 03aa 23F40043 		bic	r3, r3, #32768
 6671 03ae 3B61     		str	r3, [r7, #16]
 6672              	.L286:
2040:Drivers/STM32F4xx_HAL_Driver/Src/stm32f4xx_ll_usb.c ****   }
2041:Drivers/STM32F4xx_HAL_Driver/Src/stm32f4xx_ll_usb.c ****   tmpreg |= USB_OTG_HCCHAR_CHENA;
 6673              		.loc 1 2041 10
 6674 03b0 3B69     		ldr	r3, [r7, #16]
 6675 03b2 43F00043 		orr	r3, r3, #-2147483648
 6676 03b6 3B61     		str	r3, [r7, #16]
2042:Drivers/STM32F4xx_HAL_Driver/Src/stm32f4xx_ll_usb.c ****   USBx_HC(ch_num)->HCCHAR = tmpreg;
 6677              		.loc 1 2042 3
 6678 03b8 FB69     		ldr	r3, [r7, #28]
 6679 03ba 5A01     		lsls	r2, r3, #5
 6680 03bc 3B6A     		ldr	r3, [r7, #32]
 6681 03be 1344     		add	r3, r3, r2
 6682 03c0 03F5A063 		add	r3, r3, #1280
 6683 03c4 1A46     		mov	r2, r3
 6684              		.loc 1 2042 27
 6685 03c6 3B69     		ldr	r3, [r7, #16]
 6686 03c8 1360     		str	r3, [r2]
2043:Drivers/STM32F4xx_HAL_Driver/Src/stm32f4xx_ll_usb.c **** 
2044:Drivers/STM32F4xx_HAL_Driver/Src/stm32f4xx_ll_usb.c ****   if (dma != 0U) /* dma mode */
 6687              		.loc 1 2044 6
 6688 03ca FB79     		ldrb	r3, [r7, #7]	@ zero_extendqisi2
 6689 03cc 002B     		cmp	r3, #0
 6690 03ce 03D0     		beq	.L287
2045:Drivers/STM32F4xx_HAL_Driver/Src/stm32f4xx_ll_usb.c ****   {
2046:Drivers/STM32F4xx_HAL_Driver/Src/stm32f4xx_ll_usb.c ****     return HAL_OK;
 6691              		.loc 1 2046 12
 6692 03d0 0023     		movs	r3, #0
 6693 03d2 55E0     		b	.L288
 6694              	.L302:
 6695              		.align	2
 6696              	.L301:
 6697 03d4 0000F81F 		.word	536346624
 6698              	.L287:
2047:Drivers/STM32F4xx_HAL_Driver/Src/stm32f4xx_ll_usb.c ****   }
2048:Drivers/STM32F4xx_HAL_Driver/Src/stm32f4xx_ll_usb.c **** 
2049:Drivers/STM32F4xx_HAL_Driver/Src/stm32f4xx_ll_usb.c ****   if ((hc->ep_is_in == 0U) && (hc->xfer_len > 0U) && (hc->do_csplit == 0U))
 6699              		.loc 1 2049 10
 6700 03d8 BB68     		ldr	r3, [r7, #8]
 6701 03da DB78     		ldrb	r3, [r3, #3]	@ zero_extendqisi2
 6702              		.loc 1 2049 6
 6703 03dc 002B     		cmp	r3, #0
 6704 03de 4ED1     		bne	.L289
 6705              		.loc 1 2049 34 discriminator 1
 6706 03e0 BB68     		ldr	r3, [r7, #8]
ARM GAS  C:\Users\DAELT-~1\AppData\Local\Temp\ccK7IQ4D.s 			page 154


 6707 03e2 1B6A     		ldr	r3, [r3, #32]
 6708              		.loc 1 2049 28 discriminator 1
 6709 03e4 002B     		cmp	r3, #0
 6710 03e6 4AD0     		beq	.L289
 6711              		.loc 1 2049 57 discriminator 2
 6712 03e8 BB68     		ldr	r3, [r7, #8]
 6713 03ea DB79     		ldrb	r3, [r3, #7]	@ zero_extendqisi2
 6714              		.loc 1 2049 51 discriminator 2
 6715 03ec 002B     		cmp	r3, #0
 6716 03ee 46D1     		bne	.L289
2050:Drivers/STM32F4xx_HAL_Driver/Src/stm32f4xx_ll_usb.c ****   {
2051:Drivers/STM32F4xx_HAL_Driver/Src/stm32f4xx_ll_usb.c ****     switch (hc->ep_type)
 6717              		.loc 1 2051 15
 6718 03f0 BB68     		ldr	r3, [r7, #8]
 6719 03f2 9B7C     		ldrb	r3, [r3, #18]	@ zero_extendqisi2
 6720              		.loc 1 2051 5
 6721 03f4 032B     		cmp	r3, #3
 6722 03f6 31D8     		bhi	.L298
 6723 03f8 01A2     		adr	r2, .L292
 6724 03fa 52F823F0 		ldr	pc, [r2, r3, lsl #2]
 6725 03fe 00BF     		.p2align 2
 6726              	.L292:
 6727 0400 11040000 		.word	.L293+1
 6728 0404 35040000 		.word	.L291+1
 6729 0408 11040000 		.word	.L293+1
 6730 040c 35040000 		.word	.L291+1
 6731              		.p2align 1
 6732              	.L293:
2052:Drivers/STM32F4xx_HAL_Driver/Src/stm32f4xx_ll_usb.c ****     {
2053:Drivers/STM32F4xx_HAL_Driver/Src/stm32f4xx_ll_usb.c ****       /* Non periodic transfer */
2054:Drivers/STM32F4xx_HAL_Driver/Src/stm32f4xx_ll_usb.c ****       case EP_TYPE_CTRL:
2055:Drivers/STM32F4xx_HAL_Driver/Src/stm32f4xx_ll_usb.c ****       case EP_TYPE_BULK:
2056:Drivers/STM32F4xx_HAL_Driver/Src/stm32f4xx_ll_usb.c **** 
2057:Drivers/STM32F4xx_HAL_Driver/Src/stm32f4xx_ll_usb.c ****         len_words = (uint16_t)((hc->xfer_len + 3U) / 4U);
 6733              		.loc 1 2057 35
 6734 0410 BB68     		ldr	r3, [r7, #8]
 6735 0412 1B6A     		ldr	r3, [r3, #32]
 6736              		.loc 1 2057 46
 6737 0414 0333     		adds	r3, r3, #3
 6738              		.loc 1 2057 52
 6739 0416 9B08     		lsrs	r3, r3, #2
 6740              		.loc 1 2057 19
 6741 0418 FB82     		strh	r3, [r7, #22]	@ movhi
2058:Drivers/STM32F4xx_HAL_Driver/Src/stm32f4xx_ll_usb.c **** 
2059:Drivers/STM32F4xx_HAL_Driver/Src/stm32f4xx_ll_usb.c ****         /* check if there is enough space in FIFO space */
2060:Drivers/STM32F4xx_HAL_Driver/Src/stm32f4xx_ll_usb.c ****         if (len_words > (USBx->HNPTXSTS & 0xFFFFU))
 6742              		.loc 1 2060 23
 6743 041a FA8A     		ldrh	r2, [r7, #22]
 6744              		.loc 1 2060 30
 6745 041c FB68     		ldr	r3, [r7, #12]
 6746 041e DB6A     		ldr	r3, [r3, #44]
 6747              		.loc 1 2060 41
 6748 0420 9BB2     		uxth	r3, r3
 6749              		.loc 1 2060 12
 6750 0422 9A42     		cmp	r2, r3
 6751 0424 1CD9     		bls	.L299
2061:Drivers/STM32F4xx_HAL_Driver/Src/stm32f4xx_ll_usb.c ****         {
ARM GAS  C:\Users\DAELT-~1\AppData\Local\Temp\ccK7IQ4D.s 			page 155


2062:Drivers/STM32F4xx_HAL_Driver/Src/stm32f4xx_ll_usb.c ****           /* need to process data in nptxfempty interrupt */
2063:Drivers/STM32F4xx_HAL_Driver/Src/stm32f4xx_ll_usb.c ****           USBx->GINTMSK |= USB_OTG_GINTMSK_NPTXFEM;
 6752              		.loc 1 2063 15
 6753 0426 FB68     		ldr	r3, [r7, #12]
 6754 0428 9B69     		ldr	r3, [r3, #24]
 6755              		.loc 1 2063 25
 6756 042a 43F02002 		orr	r2, r3, #32
 6757 042e FB68     		ldr	r3, [r7, #12]
 6758 0430 9A61     		str	r2, [r3, #24]
2064:Drivers/STM32F4xx_HAL_Driver/Src/stm32f4xx_ll_usb.c ****         }
2065:Drivers/STM32F4xx_HAL_Driver/Src/stm32f4xx_ll_usb.c ****         break;
 6759              		.loc 1 2065 9
 6760 0432 15E0     		b	.L299
 6761              	.L291:
2066:Drivers/STM32F4xx_HAL_Driver/Src/stm32f4xx_ll_usb.c **** 
2067:Drivers/STM32F4xx_HAL_Driver/Src/stm32f4xx_ll_usb.c ****       /* Periodic transfer */
2068:Drivers/STM32F4xx_HAL_Driver/Src/stm32f4xx_ll_usb.c ****       case EP_TYPE_INTR:
2069:Drivers/STM32F4xx_HAL_Driver/Src/stm32f4xx_ll_usb.c ****       case EP_TYPE_ISOC:
2070:Drivers/STM32F4xx_HAL_Driver/Src/stm32f4xx_ll_usb.c ****         len_words = (uint16_t)((hc->xfer_len + 3U) / 4U);
 6762              		.loc 1 2070 35
 6763 0434 BB68     		ldr	r3, [r7, #8]
 6764 0436 1B6A     		ldr	r3, [r3, #32]
 6765              		.loc 1 2070 46
 6766 0438 0333     		adds	r3, r3, #3
 6767              		.loc 1 2070 52
 6768 043a 9B08     		lsrs	r3, r3, #2
 6769              		.loc 1 2070 19
 6770 043c FB82     		strh	r3, [r7, #22]	@ movhi
2071:Drivers/STM32F4xx_HAL_Driver/Src/stm32f4xx_ll_usb.c ****         /* check if there is enough space in FIFO space */
2072:Drivers/STM32F4xx_HAL_Driver/Src/stm32f4xx_ll_usb.c ****         if (len_words > (USBx_HOST->HPTXSTS & 0xFFFFU)) /* split the transfer */
 6771              		.loc 1 2072 23
 6772 043e FA8A     		ldrh	r2, [r7, #22]
 6773              		.loc 1 2072 26
 6774 0440 3B6A     		ldr	r3, [r7, #32]
 6775 0442 03F58063 		add	r3, r3, #1024
 6776              		.loc 1 2072 35
 6777 0446 1B69     		ldr	r3, [r3, #16]
 6778              		.loc 1 2072 45
 6779 0448 9BB2     		uxth	r3, r3
 6780              		.loc 1 2072 12
 6781 044a 9A42     		cmp	r2, r3
 6782 044c 0AD9     		bls	.L300
2073:Drivers/STM32F4xx_HAL_Driver/Src/stm32f4xx_ll_usb.c ****         {
2074:Drivers/STM32F4xx_HAL_Driver/Src/stm32f4xx_ll_usb.c ****           /* need to process data in ptxfempty interrupt */
2075:Drivers/STM32F4xx_HAL_Driver/Src/stm32f4xx_ll_usb.c ****           USBx->GINTMSK |= USB_OTG_GINTMSK_PTXFEM;
 6783              		.loc 1 2075 15
 6784 044e FB68     		ldr	r3, [r7, #12]
 6785 0450 9B69     		ldr	r3, [r3, #24]
 6786              		.loc 1 2075 25
 6787 0452 43F08062 		orr	r2, r3, #67108864
 6788 0456 FB68     		ldr	r3, [r7, #12]
 6789 0458 9A61     		str	r2, [r3, #24]
2076:Drivers/STM32F4xx_HAL_Driver/Src/stm32f4xx_ll_usb.c ****         }
2077:Drivers/STM32F4xx_HAL_Driver/Src/stm32f4xx_ll_usb.c ****         break;
 6790              		.loc 1 2077 9
 6791 045a 03E0     		b	.L300
 6792              	.L298:
ARM GAS  C:\Users\DAELT-~1\AppData\Local\Temp\ccK7IQ4D.s 			page 156


2078:Drivers/STM32F4xx_HAL_Driver/Src/stm32f4xx_ll_usb.c **** 
2079:Drivers/STM32F4xx_HAL_Driver/Src/stm32f4xx_ll_usb.c ****       default:
2080:Drivers/STM32F4xx_HAL_Driver/Src/stm32f4xx_ll_usb.c ****         break;
 6793              		.loc 1 2080 9
 6794 045c 00BF     		nop
 6795 045e 02E0     		b	.L295
 6796              	.L299:
2065:Drivers/STM32F4xx_HAL_Driver/Src/stm32f4xx_ll_usb.c **** 
 6797              		.loc 1 2065 9
 6798 0460 00BF     		nop
 6799 0462 00E0     		b	.L295
 6800              	.L300:
2077:Drivers/STM32F4xx_HAL_Driver/Src/stm32f4xx_ll_usb.c **** 
 6801              		.loc 1 2077 9
 6802 0464 00BF     		nop
 6803              	.L295:
2081:Drivers/STM32F4xx_HAL_Driver/Src/stm32f4xx_ll_usb.c ****     }
2082:Drivers/STM32F4xx_HAL_Driver/Src/stm32f4xx_ll_usb.c **** 
2083:Drivers/STM32F4xx_HAL_Driver/Src/stm32f4xx_ll_usb.c ****     /* Write packet into the Tx FIFO. */
2084:Drivers/STM32F4xx_HAL_Driver/Src/stm32f4xx_ll_usb.c ****     (void)USB_WritePacket(USBx, hc->xfer_buff, hc->ch_num, (uint16_t)hc->xfer_len, 0);
 6804              		.loc 1 2084 11
 6805 0466 BB68     		ldr	r3, [r7, #8]
 6806 0468 9969     		ldr	r1, [r3, #24]
 6807 046a BB68     		ldr	r3, [r7, #8]
 6808 046c 5A78     		ldrb	r2, [r3, #1]	@ zero_extendqisi2
 6809              		.loc 1 2084 72
 6810 046e BB68     		ldr	r3, [r7, #8]
 6811 0470 1B6A     		ldr	r3, [r3, #32]
 6812              		.loc 1 2084 11
 6813 0472 9BB2     		uxth	r3, r3
 6814 0474 0020     		movs	r0, #0
 6815 0476 0090     		str	r0, [sp]
 6816 0478 F868     		ldr	r0, [r7, #12]
 6817 047a FFF7FEFF 		bl	USB_WritePacket
 6818              	.L289:
2085:Drivers/STM32F4xx_HAL_Driver/Src/stm32f4xx_ll_usb.c ****   }
2086:Drivers/STM32F4xx_HAL_Driver/Src/stm32f4xx_ll_usb.c **** 
2087:Drivers/STM32F4xx_HAL_Driver/Src/stm32f4xx_ll_usb.c ****   return HAL_OK;
 6819              		.loc 1 2087 10
 6820 047e 0023     		movs	r3, #0
 6821              	.L288:
2088:Drivers/STM32F4xx_HAL_Driver/Src/stm32f4xx_ll_usb.c **** }
 6822              		.loc 1 2088 1
 6823 0480 1846     		mov	r0, r3
 6824 0482 2837     		adds	r7, r7, #40
 6825              	.LCFI256:
 6826              		.cfi_def_cfa_offset 8
 6827 0484 BD46     		mov	sp, r7
 6828              	.LCFI257:
 6829              		.cfi_def_cfa_register 13
 6830              		@ sp needed
 6831 0486 80BD     		pop	{r7, pc}
 6832              		.cfi_endproc
 6833              	.LFE262:
 6835              		.section	.text.USB_HC_ReadInterrupt,"ax",%progbits
 6836              		.align	1
 6837              		.global	USB_HC_ReadInterrupt
ARM GAS  C:\Users\DAELT-~1\AppData\Local\Temp\ccK7IQ4D.s 			page 157


 6838              		.syntax unified
 6839              		.thumb
 6840              		.thumb_func
 6842              	USB_HC_ReadInterrupt:
 6843              	.LFB263:
2089:Drivers/STM32F4xx_HAL_Driver/Src/stm32f4xx_ll_usb.c **** 
2090:Drivers/STM32F4xx_HAL_Driver/Src/stm32f4xx_ll_usb.c **** /**
2091:Drivers/STM32F4xx_HAL_Driver/Src/stm32f4xx_ll_usb.c ****   * @brief Read all host channel interrupts status
2092:Drivers/STM32F4xx_HAL_Driver/Src/stm32f4xx_ll_usb.c ****   * @param  USBx  Selected device
2093:Drivers/STM32F4xx_HAL_Driver/Src/stm32f4xx_ll_usb.c ****   * @retval HAL state
2094:Drivers/STM32F4xx_HAL_Driver/Src/stm32f4xx_ll_usb.c ****   */
2095:Drivers/STM32F4xx_HAL_Driver/Src/stm32f4xx_ll_usb.c **** uint32_t USB_HC_ReadInterrupt(const USB_OTG_GlobalTypeDef *USBx)
2096:Drivers/STM32F4xx_HAL_Driver/Src/stm32f4xx_ll_usb.c **** {
 6844              		.loc 1 2096 1
 6845              		.cfi_startproc
 6846              		@ args = 0, pretend = 0, frame = 16
 6847              		@ frame_needed = 1, uses_anonymous_args = 0
 6848              		@ link register save eliminated.
 6849 0000 80B4     		push	{r7}
 6850              	.LCFI258:
 6851              		.cfi_def_cfa_offset 4
 6852              		.cfi_offset 7, -4
 6853 0002 85B0     		sub	sp, sp, #20
 6854              	.LCFI259:
 6855              		.cfi_def_cfa_offset 24
 6856 0004 00AF     		add	r7, sp, #0
 6857              	.LCFI260:
 6858              		.cfi_def_cfa_register 7
 6859 0006 7860     		str	r0, [r7, #4]
2097:Drivers/STM32F4xx_HAL_Driver/Src/stm32f4xx_ll_usb.c ****   uint32_t USBx_BASE = (uint32_t)USBx;
 6860              		.loc 1 2097 12
 6861 0008 7B68     		ldr	r3, [r7, #4]
 6862 000a FB60     		str	r3, [r7, #12]
2098:Drivers/STM32F4xx_HAL_Driver/Src/stm32f4xx_ll_usb.c **** 
2099:Drivers/STM32F4xx_HAL_Driver/Src/stm32f4xx_ll_usb.c ****   return ((USBx_HOST->HAINT) & 0xFFFFU);
 6863              		.loc 1 2099 12
 6864 000c FB68     		ldr	r3, [r7, #12]
 6865 000e 03F58063 		add	r3, r3, #1024
 6866              		.loc 1 2099 21
 6867 0012 5B69     		ldr	r3, [r3, #20]
 6868              		.loc 1 2099 30
 6869 0014 9BB2     		uxth	r3, r3
2100:Drivers/STM32F4xx_HAL_Driver/Src/stm32f4xx_ll_usb.c **** }
 6870              		.loc 1 2100 1
 6871 0016 1846     		mov	r0, r3
 6872 0018 1437     		adds	r7, r7, #20
 6873              	.LCFI261:
 6874              		.cfi_def_cfa_offset 4
 6875 001a BD46     		mov	sp, r7
 6876              	.LCFI262:
 6877              		.cfi_def_cfa_register 13
 6878              		@ sp needed
 6879 001c 5DF8047B 		ldr	r7, [sp], #4
 6880              	.LCFI263:
 6881              		.cfi_restore 7
 6882              		.cfi_def_cfa_offset 0
 6883 0020 7047     		bx	lr
ARM GAS  C:\Users\DAELT-~1\AppData\Local\Temp\ccK7IQ4D.s 			page 158


 6884              		.cfi_endproc
 6885              	.LFE263:
 6887              		.section	.text.USB_HC_Halt,"ax",%progbits
 6888              		.align	1
 6889              		.global	USB_HC_Halt
 6890              		.syntax unified
 6891              		.thumb
 6892              		.thumb_func
 6894              	USB_HC_Halt:
 6895              	.LFB264:
2101:Drivers/STM32F4xx_HAL_Driver/Src/stm32f4xx_ll_usb.c **** 
2102:Drivers/STM32F4xx_HAL_Driver/Src/stm32f4xx_ll_usb.c **** /**
2103:Drivers/STM32F4xx_HAL_Driver/Src/stm32f4xx_ll_usb.c ****   * @brief  Halt a host channel
2104:Drivers/STM32F4xx_HAL_Driver/Src/stm32f4xx_ll_usb.c ****   * @param  USBx  Selected device
2105:Drivers/STM32F4xx_HAL_Driver/Src/stm32f4xx_ll_usb.c ****   * @param  hc_num  Host Channel number
2106:Drivers/STM32F4xx_HAL_Driver/Src/stm32f4xx_ll_usb.c ****   *         This parameter can be a value from 1 to 15
2107:Drivers/STM32F4xx_HAL_Driver/Src/stm32f4xx_ll_usb.c ****   * @retval HAL state
2108:Drivers/STM32F4xx_HAL_Driver/Src/stm32f4xx_ll_usb.c ****   */
2109:Drivers/STM32F4xx_HAL_Driver/Src/stm32f4xx_ll_usb.c **** HAL_StatusTypeDef USB_HC_Halt(const USB_OTG_GlobalTypeDef *USBx, uint8_t hc_num)
2110:Drivers/STM32F4xx_HAL_Driver/Src/stm32f4xx_ll_usb.c **** {
 6896              		.loc 1 2110 1
 6897              		.cfi_startproc
 6898              		@ args = 0, pretend = 0, frame = 32
 6899              		@ frame_needed = 1, uses_anonymous_args = 0
 6900              		@ link register save eliminated.
 6901 0000 80B4     		push	{r7}
 6902              	.LCFI264:
 6903              		.cfi_def_cfa_offset 4
 6904              		.cfi_offset 7, -4
 6905 0002 89B0     		sub	sp, sp, #36
 6906              	.LCFI265:
 6907              		.cfi_def_cfa_offset 40
 6908 0004 00AF     		add	r7, sp, #0
 6909              	.LCFI266:
 6910              		.cfi_def_cfa_register 7
 6911 0006 7860     		str	r0, [r7, #4]
 6912 0008 0B46     		mov	r3, r1
 6913 000a FB70     		strb	r3, [r7, #3]
2111:Drivers/STM32F4xx_HAL_Driver/Src/stm32f4xx_ll_usb.c ****   uint32_t USBx_BASE = (uint32_t)USBx;
 6914              		.loc 1 2111 12
 6915 000c 7B68     		ldr	r3, [r7, #4]
 6916 000e FB61     		str	r3, [r7, #28]
2112:Drivers/STM32F4xx_HAL_Driver/Src/stm32f4xx_ll_usb.c ****   uint32_t hcnum = (uint32_t)hc_num;
 6917              		.loc 1 2112 12
 6918 0010 FB78     		ldrb	r3, [r7, #3]	@ zero_extendqisi2
 6919 0012 BB61     		str	r3, [r7, #24]
2113:Drivers/STM32F4xx_HAL_Driver/Src/stm32f4xx_ll_usb.c ****   __IO uint32_t count = 0U;
 6920              		.loc 1 2113 17
 6921 0014 0023     		movs	r3, #0
 6922 0016 BB60     		str	r3, [r7, #8]
2114:Drivers/STM32F4xx_HAL_Driver/Src/stm32f4xx_ll_usb.c ****   uint32_t HcEpType = (USBx_HC(hcnum)->HCCHAR & USB_OTG_HCCHAR_EPTYP) >> 18;
 6923              		.loc 1 2114 24
 6924 0018 BB69     		ldr	r3, [r7, #24]
 6925 001a 5A01     		lsls	r2, r3, #5
 6926 001c FB69     		ldr	r3, [r7, #28]
 6927 001e 1344     		add	r3, r3, r2
 6928 0020 03F5A063 		add	r3, r3, #1280
ARM GAS  C:\Users\DAELT-~1\AppData\Local\Temp\ccK7IQ4D.s 			page 159


 6929              		.loc 1 2114 38
 6930 0024 1B68     		ldr	r3, [r3]
 6931              		.loc 1 2114 71
 6932 0026 9B0C     		lsrs	r3, r3, #18
 6933              		.loc 1 2114 12
 6934 0028 03F00303 		and	r3, r3, #3
 6935 002c 7B61     		str	r3, [r7, #20]
2115:Drivers/STM32F4xx_HAL_Driver/Src/stm32f4xx_ll_usb.c ****   uint32_t ChannelEna = (USBx_HC(hcnum)->HCCHAR & USB_OTG_HCCHAR_CHENA) >> 31;
 6936              		.loc 1 2115 26
 6937 002e BB69     		ldr	r3, [r7, #24]
 6938 0030 5A01     		lsls	r2, r3, #5
 6939 0032 FB69     		ldr	r3, [r7, #28]
 6940 0034 1344     		add	r3, r3, r2
 6941 0036 03F5A063 		add	r3, r3, #1280
 6942              		.loc 1 2115 40
 6943 003a 1B68     		ldr	r3, [r3]
 6944              		.loc 1 2115 73
 6945 003c DB0F     		lsrs	r3, r3, #31
 6946              		.loc 1 2115 12
 6947 003e 03F00103 		and	r3, r3, #1
 6948 0042 3B61     		str	r3, [r7, #16]
2116:Drivers/STM32F4xx_HAL_Driver/Src/stm32f4xx_ll_usb.c ****   uint32_t SplitEna = (USBx_HC(hcnum)->HCSPLT & USB_OTG_HCSPLT_SPLITEN) >> 31;
 6949              		.loc 1 2116 24
 6950 0044 BB69     		ldr	r3, [r7, #24]
 6951 0046 5A01     		lsls	r2, r3, #5
 6952 0048 FB69     		ldr	r3, [r7, #28]
 6953 004a 1344     		add	r3, r3, r2
 6954 004c 03F5A063 		add	r3, r3, #1280
 6955              		.loc 1 2116 38
 6956 0050 5B68     		ldr	r3, [r3, #4]
 6957              		.loc 1 2116 73
 6958 0052 DB0F     		lsrs	r3, r3, #31
 6959              		.loc 1 2116 12
 6960 0054 03F00103 		and	r3, r3, #1
 6961 0058 FB60     		str	r3, [r7, #12]
2117:Drivers/STM32F4xx_HAL_Driver/Src/stm32f4xx_ll_usb.c **** 
2118:Drivers/STM32F4xx_HAL_Driver/Src/stm32f4xx_ll_usb.c ****   /* In buffer DMA, Channel disable must not be programmed for non-split periodic channels.
2119:Drivers/STM32F4xx_HAL_Driver/Src/stm32f4xx_ll_usb.c ****      At the end of the next uframe/frame (in the worst case), the core generates a channel halted
2120:Drivers/STM32F4xx_HAL_Driver/Src/stm32f4xx_ll_usb.c ****      and disables the channel automatically. */
2121:Drivers/STM32F4xx_HAL_Driver/Src/stm32f4xx_ll_usb.c **** 
2122:Drivers/STM32F4xx_HAL_Driver/Src/stm32f4xx_ll_usb.c ****   if ((((USBx->GAHBCFG & USB_OTG_GAHBCFG_DMAEN) == USB_OTG_GAHBCFG_DMAEN) && (SplitEna == 0U)) &&
 6962              		.loc 1 2122 14
 6963 005a 7B68     		ldr	r3, [r7, #4]
 6964 005c 9B68     		ldr	r3, [r3, #8]
 6965              		.loc 1 2122 24
 6966 005e 03F02003 		and	r3, r3, #32
 6967              		.loc 1 2122 6
 6968 0062 202B     		cmp	r3, #32
 6969 0064 0DD1     		bne	.L306
 6970              		.loc 1 2122 75 discriminator 1
 6971 0066 FB68     		ldr	r3, [r7, #12]
 6972 0068 002B     		cmp	r3, #0
 6973 006a 0AD1     		bne	.L306
 6974              		.loc 1 2122 96 discriminator 2
 6975 006c 3B69     		ldr	r3, [r7, #16]
 6976 006e 002B     		cmp	r3, #0
 6977 0070 05D0     		beq	.L307
ARM GAS  C:\Users\DAELT-~1\AppData\Local\Temp\ccK7IQ4D.s 			page 160


2123:Drivers/STM32F4xx_HAL_Driver/Src/stm32f4xx_ll_usb.c ****       ((ChannelEna == 0U) || (((HcEpType == HCCHAR_ISOC) || (HcEpType == HCCHAR_INTR)))))
 6978              		.loc 1 2123 27
 6979 0072 7B69     		ldr	r3, [r7, #20]
 6980 0074 012B     		cmp	r3, #1
 6981 0076 02D0     		beq	.L307
 6982              		.loc 1 2123 58 discriminator 1
 6983 0078 7B69     		ldr	r3, [r7, #20]
 6984 007a 032B     		cmp	r3, #3
 6985 007c 01D1     		bne	.L306
 6986              	.L307:
2124:Drivers/STM32F4xx_HAL_Driver/Src/stm32f4xx_ll_usb.c ****   {
2125:Drivers/STM32F4xx_HAL_Driver/Src/stm32f4xx_ll_usb.c ****     return HAL_OK;
 6987              		.loc 1 2125 12
 6988 007e 0023     		movs	r3, #0
 6989 0080 D8E0     		b	.L308
 6990              	.L306:
2126:Drivers/STM32F4xx_HAL_Driver/Src/stm32f4xx_ll_usb.c ****   }
2127:Drivers/STM32F4xx_HAL_Driver/Src/stm32f4xx_ll_usb.c **** 
2128:Drivers/STM32F4xx_HAL_Driver/Src/stm32f4xx_ll_usb.c ****   /* Check for space in the request queue to issue the halt. */
2129:Drivers/STM32F4xx_HAL_Driver/Src/stm32f4xx_ll_usb.c ****   if ((HcEpType == HCCHAR_CTRL) || (HcEpType == HCCHAR_BULK))
 6991              		.loc 1 2129 6
 6992 0082 7B69     		ldr	r3, [r7, #20]
 6993 0084 002B     		cmp	r3, #0
 6994 0086 02D0     		beq	.L309
 6995              		.loc 1 2129 33 discriminator 1
 6996 0088 7B69     		ldr	r3, [r7, #20]
 6997 008a 022B     		cmp	r3, #2
 6998 008c 73D1     		bne	.L310
 6999              	.L309:
2130:Drivers/STM32F4xx_HAL_Driver/Src/stm32f4xx_ll_usb.c ****   {
2131:Drivers/STM32F4xx_HAL_Driver/Src/stm32f4xx_ll_usb.c ****     USBx_HC(hcnum)->HCCHAR |= USB_OTG_HCCHAR_CHDIS;
 7000              		.loc 1 2131 19
 7001 008e BB69     		ldr	r3, [r7, #24]
 7002 0090 5A01     		lsls	r2, r3, #5
 7003 0092 FB69     		ldr	r3, [r7, #28]
 7004 0094 1344     		add	r3, r3, r2
 7005 0096 03F5A063 		add	r3, r3, #1280
 7006 009a 1B68     		ldr	r3, [r3]
 7007 009c BA69     		ldr	r2, [r7, #24]
 7008 009e 5101     		lsls	r1, r2, #5
 7009 00a0 FA69     		ldr	r2, [r7, #28]
 7010 00a2 0A44     		add	r2, r2, r1
 7011 00a4 02F5A062 		add	r2, r2, #1280
 7012              		.loc 1 2131 28
 7013 00a8 43F08043 		orr	r3, r3, #1073741824
 7014 00ac 1360     		str	r3, [r2]
2132:Drivers/STM32F4xx_HAL_Driver/Src/stm32f4xx_ll_usb.c **** 
2133:Drivers/STM32F4xx_HAL_Driver/Src/stm32f4xx_ll_usb.c ****     if ((USBx->GAHBCFG & USB_OTG_GAHBCFG_DMAEN) == 0U)
 7015              		.loc 1 2133 14
 7016 00ae 7B68     		ldr	r3, [r7, #4]
 7017 00b0 9B68     		ldr	r3, [r3, #8]
 7018              		.loc 1 2133 24
 7019 00b2 03F02003 		and	r3, r3, #32
 7020              		.loc 1 2133 8
 7021 00b6 002B     		cmp	r3, #0
 7022 00b8 4AD1     		bne	.L311
2134:Drivers/STM32F4xx_HAL_Driver/Src/stm32f4xx_ll_usb.c ****     {
ARM GAS  C:\Users\DAELT-~1\AppData\Local\Temp\ccK7IQ4D.s 			page 161


2135:Drivers/STM32F4xx_HAL_Driver/Src/stm32f4xx_ll_usb.c ****       if ((USBx->HNPTXSTS & (0xFFU << 16)) == 0U)
 7023              		.loc 1 2135 16
 7024 00ba 7B68     		ldr	r3, [r7, #4]
 7025 00bc DB6A     		ldr	r3, [r3, #44]
 7026              		.loc 1 2135 27
 7027 00be 03F47F03 		and	r3, r3, #16711680
 7028              		.loc 1 2135 10
 7029 00c2 002B     		cmp	r3, #0
 7030 00c4 33D1     		bne	.L312
2136:Drivers/STM32F4xx_HAL_Driver/Src/stm32f4xx_ll_usb.c ****       {
2137:Drivers/STM32F4xx_HAL_Driver/Src/stm32f4xx_ll_usb.c ****         USBx_HC(hcnum)->HCCHAR &= ~USB_OTG_HCCHAR_CHENA;
 7031              		.loc 1 2137 23
 7032 00c6 BB69     		ldr	r3, [r7, #24]
 7033 00c8 5A01     		lsls	r2, r3, #5
 7034 00ca FB69     		ldr	r3, [r7, #28]
 7035 00cc 1344     		add	r3, r3, r2
 7036 00ce 03F5A063 		add	r3, r3, #1280
 7037 00d2 1B68     		ldr	r3, [r3]
 7038 00d4 BA69     		ldr	r2, [r7, #24]
 7039 00d6 5101     		lsls	r1, r2, #5
 7040 00d8 FA69     		ldr	r2, [r7, #28]
 7041 00da 0A44     		add	r2, r2, r1
 7042 00dc 02F5A062 		add	r2, r2, #1280
 7043              		.loc 1 2137 32
 7044 00e0 23F00043 		bic	r3, r3, #-2147483648
 7045 00e4 1360     		str	r3, [r2]
2138:Drivers/STM32F4xx_HAL_Driver/Src/stm32f4xx_ll_usb.c ****         USBx_HC(hcnum)->HCCHAR |= USB_OTG_HCCHAR_CHENA;
 7046              		.loc 1 2138 23
 7047 00e6 BB69     		ldr	r3, [r7, #24]
 7048 00e8 5A01     		lsls	r2, r3, #5
 7049 00ea FB69     		ldr	r3, [r7, #28]
 7050 00ec 1344     		add	r3, r3, r2
 7051 00ee 03F5A063 		add	r3, r3, #1280
 7052 00f2 1B68     		ldr	r3, [r3]
 7053 00f4 BA69     		ldr	r2, [r7, #24]
 7054 00f6 5101     		lsls	r1, r2, #5
 7055 00f8 FA69     		ldr	r2, [r7, #28]
 7056 00fa 0A44     		add	r2, r2, r1
 7057 00fc 02F5A062 		add	r2, r2, #1280
 7058              		.loc 1 2138 32
 7059 0100 43F00043 		orr	r3, r3, #-2147483648
 7060 0104 1360     		str	r3, [r2]
 7061              	.L315:
2139:Drivers/STM32F4xx_HAL_Driver/Src/stm32f4xx_ll_usb.c ****         do
2140:Drivers/STM32F4xx_HAL_Driver/Src/stm32f4xx_ll_usb.c ****         {
2141:Drivers/STM32F4xx_HAL_Driver/Src/stm32f4xx_ll_usb.c ****           count++;
 7062              		.loc 1 2141 16
 7063 0106 BB68     		ldr	r3, [r7, #8]
 7064 0108 0133     		adds	r3, r3, #1
 7065 010a BB60     		str	r3, [r7, #8]
2142:Drivers/STM32F4xx_HAL_Driver/Src/stm32f4xx_ll_usb.c **** 
2143:Drivers/STM32F4xx_HAL_Driver/Src/stm32f4xx_ll_usb.c ****           if (count > 1000U)
 7066              		.loc 1 2143 21
 7067 010c BB68     		ldr	r3, [r7, #8]
 7068              		.loc 1 2143 14
 7069 010e B3F57A7F 		cmp	r3, #1000
 7070 0112 2ED8     		bhi	.L323
ARM GAS  C:\Users\DAELT-~1\AppData\Local\Temp\ccK7IQ4D.s 			page 162


2144:Drivers/STM32F4xx_HAL_Driver/Src/stm32f4xx_ll_usb.c ****           {
2145:Drivers/STM32F4xx_HAL_Driver/Src/stm32f4xx_ll_usb.c ****             break;
2146:Drivers/STM32F4xx_HAL_Driver/Src/stm32f4xx_ll_usb.c ****           }
2147:Drivers/STM32F4xx_HAL_Driver/Src/stm32f4xx_ll_usb.c ****         } while ((USBx_HC(hcnum)->HCCHAR & USB_OTG_HCCHAR_CHENA) == USB_OTG_HCCHAR_CHENA);
 7071              		.loc 1 2147 19
 7072 0114 BB69     		ldr	r3, [r7, #24]
 7073 0116 5A01     		lsls	r2, r3, #5
 7074 0118 FB69     		ldr	r3, [r7, #28]
 7075 011a 1344     		add	r3, r3, r2
 7076 011c 03F5A063 		add	r3, r3, #1280
 7077              		.loc 1 2147 33
 7078 0120 1B68     		ldr	r3, [r3]
 7079              		.loc 1 2147 42
 7080 0122 03F00043 		and	r3, r3, #-2147483648
 7081              		.loc 1 2147 66
 7082 0126 B3F1004F 		cmp	r3, #-2147483648
 7083 012a ECD0     		beq	.L315
2133:Drivers/STM32F4xx_HAL_Driver/Src/stm32f4xx_ll_usb.c ****     {
 7084              		.loc 1 2133 8
 7085 012c 81E0     		b	.L317
 7086              	.L312:
2148:Drivers/STM32F4xx_HAL_Driver/Src/stm32f4xx_ll_usb.c ****       }
2149:Drivers/STM32F4xx_HAL_Driver/Src/stm32f4xx_ll_usb.c ****       else
2150:Drivers/STM32F4xx_HAL_Driver/Src/stm32f4xx_ll_usb.c ****       {
2151:Drivers/STM32F4xx_HAL_Driver/Src/stm32f4xx_ll_usb.c ****         USBx_HC(hcnum)->HCCHAR |= USB_OTG_HCCHAR_CHENA;
 7087              		.loc 1 2151 23
 7088 012e BB69     		ldr	r3, [r7, #24]
 7089 0130 5A01     		lsls	r2, r3, #5
 7090 0132 FB69     		ldr	r3, [r7, #28]
 7091 0134 1344     		add	r3, r3, r2
 7092 0136 03F5A063 		add	r3, r3, #1280
 7093 013a 1B68     		ldr	r3, [r3]
 7094 013c BA69     		ldr	r2, [r7, #24]
 7095 013e 5101     		lsls	r1, r2, #5
 7096 0140 FA69     		ldr	r2, [r7, #28]
 7097 0142 0A44     		add	r2, r2, r1
 7098 0144 02F5A062 		add	r2, r2, #1280
 7099              		.loc 1 2151 32
 7100 0148 43F00043 		orr	r3, r3, #-2147483648
 7101 014c 1360     		str	r3, [r2]
2133:Drivers/STM32F4xx_HAL_Driver/Src/stm32f4xx_ll_usb.c ****     {
 7102              		.loc 1 2133 8
 7103 014e 70E0     		b	.L317
 7104              	.L311:
2152:Drivers/STM32F4xx_HAL_Driver/Src/stm32f4xx_ll_usb.c ****       }
2153:Drivers/STM32F4xx_HAL_Driver/Src/stm32f4xx_ll_usb.c ****     }
2154:Drivers/STM32F4xx_HAL_Driver/Src/stm32f4xx_ll_usb.c ****     else
2155:Drivers/STM32F4xx_HAL_Driver/Src/stm32f4xx_ll_usb.c ****     {
2156:Drivers/STM32F4xx_HAL_Driver/Src/stm32f4xx_ll_usb.c ****       USBx_HC(hcnum)->HCCHAR |= USB_OTG_HCCHAR_CHENA;
 7105              		.loc 1 2156 21
 7106 0150 BB69     		ldr	r3, [r7, #24]
 7107 0152 5A01     		lsls	r2, r3, #5
 7108 0154 FB69     		ldr	r3, [r7, #28]
 7109 0156 1344     		add	r3, r3, r2
 7110 0158 03F5A063 		add	r3, r3, #1280
 7111 015c 1B68     		ldr	r3, [r3]
 7112 015e BA69     		ldr	r2, [r7, #24]
ARM GAS  C:\Users\DAELT-~1\AppData\Local\Temp\ccK7IQ4D.s 			page 163


 7113 0160 5101     		lsls	r1, r2, #5
 7114 0162 FA69     		ldr	r2, [r7, #28]
 7115 0164 0A44     		add	r2, r2, r1
 7116 0166 02F5A062 		add	r2, r2, #1280
 7117              		.loc 1 2156 30
 7118 016a 43F00043 		orr	r3, r3, #-2147483648
 7119 016e 1360     		str	r3, [r2]
2133:Drivers/STM32F4xx_HAL_Driver/Src/stm32f4xx_ll_usb.c ****     {
 7120              		.loc 1 2133 8
 7121 0170 5FE0     		b	.L317
 7122              	.L323:
2145:Drivers/STM32F4xx_HAL_Driver/Src/stm32f4xx_ll_usb.c ****           }
 7123              		.loc 1 2145 13
 7124 0172 00BF     		nop
2133:Drivers/STM32F4xx_HAL_Driver/Src/stm32f4xx_ll_usb.c ****     {
 7125              		.loc 1 2133 8
 7126 0174 5DE0     		b	.L317
 7127              	.L310:
2157:Drivers/STM32F4xx_HAL_Driver/Src/stm32f4xx_ll_usb.c ****     }
2158:Drivers/STM32F4xx_HAL_Driver/Src/stm32f4xx_ll_usb.c ****   }
2159:Drivers/STM32F4xx_HAL_Driver/Src/stm32f4xx_ll_usb.c ****   else
2160:Drivers/STM32F4xx_HAL_Driver/Src/stm32f4xx_ll_usb.c ****   {
2161:Drivers/STM32F4xx_HAL_Driver/Src/stm32f4xx_ll_usb.c ****     USBx_HC(hcnum)->HCCHAR |= USB_OTG_HCCHAR_CHDIS;
 7128              		.loc 1 2161 19
 7129 0176 BB69     		ldr	r3, [r7, #24]
 7130 0178 5A01     		lsls	r2, r3, #5
 7131 017a FB69     		ldr	r3, [r7, #28]
 7132 017c 1344     		add	r3, r3, r2
 7133 017e 03F5A063 		add	r3, r3, #1280
 7134 0182 1B68     		ldr	r3, [r3]
 7135 0184 BA69     		ldr	r2, [r7, #24]
 7136 0186 5101     		lsls	r1, r2, #5
 7137 0188 FA69     		ldr	r2, [r7, #28]
 7138 018a 0A44     		add	r2, r2, r1
 7139 018c 02F5A062 		add	r2, r2, #1280
 7140              		.loc 1 2161 28
 7141 0190 43F08043 		orr	r3, r3, #1073741824
 7142 0194 1360     		str	r3, [r2]
2162:Drivers/STM32F4xx_HAL_Driver/Src/stm32f4xx_ll_usb.c **** 
2163:Drivers/STM32F4xx_HAL_Driver/Src/stm32f4xx_ll_usb.c ****     if ((USBx_HOST->HPTXSTS & (0xFFU << 16)) == 0U)
 7143              		.loc 1 2163 10
 7144 0196 FB69     		ldr	r3, [r7, #28]
 7145 0198 03F58063 		add	r3, r3, #1024
 7146              		.loc 1 2163 19
 7147 019c 1B69     		ldr	r3, [r3, #16]
 7148              		.loc 1 2163 29
 7149 019e 03F47F03 		and	r3, r3, #16711680
 7150              		.loc 1 2163 8
 7151 01a2 002B     		cmp	r3, #0
 7152 01a4 33D1     		bne	.L318
2164:Drivers/STM32F4xx_HAL_Driver/Src/stm32f4xx_ll_usb.c ****     {
2165:Drivers/STM32F4xx_HAL_Driver/Src/stm32f4xx_ll_usb.c ****       USBx_HC(hcnum)->HCCHAR &= ~USB_OTG_HCCHAR_CHENA;
 7153              		.loc 1 2165 21
 7154 01a6 BB69     		ldr	r3, [r7, #24]
 7155 01a8 5A01     		lsls	r2, r3, #5
 7156 01aa FB69     		ldr	r3, [r7, #28]
 7157 01ac 1344     		add	r3, r3, r2
ARM GAS  C:\Users\DAELT-~1\AppData\Local\Temp\ccK7IQ4D.s 			page 164


 7158 01ae 03F5A063 		add	r3, r3, #1280
 7159 01b2 1B68     		ldr	r3, [r3]
 7160 01b4 BA69     		ldr	r2, [r7, #24]
 7161 01b6 5101     		lsls	r1, r2, #5
 7162 01b8 FA69     		ldr	r2, [r7, #28]
 7163 01ba 0A44     		add	r2, r2, r1
 7164 01bc 02F5A062 		add	r2, r2, #1280
 7165              		.loc 1 2165 30
 7166 01c0 23F00043 		bic	r3, r3, #-2147483648
 7167 01c4 1360     		str	r3, [r2]
2166:Drivers/STM32F4xx_HAL_Driver/Src/stm32f4xx_ll_usb.c ****       USBx_HC(hcnum)->HCCHAR |= USB_OTG_HCCHAR_CHENA;
 7168              		.loc 1 2166 21
 7169 01c6 BB69     		ldr	r3, [r7, #24]
 7170 01c8 5A01     		lsls	r2, r3, #5
 7171 01ca FB69     		ldr	r3, [r7, #28]
 7172 01cc 1344     		add	r3, r3, r2
 7173 01ce 03F5A063 		add	r3, r3, #1280
 7174 01d2 1B68     		ldr	r3, [r3]
 7175 01d4 BA69     		ldr	r2, [r7, #24]
 7176 01d6 5101     		lsls	r1, r2, #5
 7177 01d8 FA69     		ldr	r2, [r7, #28]
 7178 01da 0A44     		add	r2, r2, r1
 7179 01dc 02F5A062 		add	r2, r2, #1280
 7180              		.loc 1 2166 30
 7181 01e0 43F00043 		orr	r3, r3, #-2147483648
 7182 01e4 1360     		str	r3, [r2]
 7183              	.L321:
2167:Drivers/STM32F4xx_HAL_Driver/Src/stm32f4xx_ll_usb.c ****       do
2168:Drivers/STM32F4xx_HAL_Driver/Src/stm32f4xx_ll_usb.c ****       {
2169:Drivers/STM32F4xx_HAL_Driver/Src/stm32f4xx_ll_usb.c ****         count++;
 7184              		.loc 1 2169 14
 7185 01e6 BB68     		ldr	r3, [r7, #8]
 7186 01e8 0133     		adds	r3, r3, #1
 7187 01ea BB60     		str	r3, [r7, #8]
2170:Drivers/STM32F4xx_HAL_Driver/Src/stm32f4xx_ll_usb.c **** 
2171:Drivers/STM32F4xx_HAL_Driver/Src/stm32f4xx_ll_usb.c ****         if (count > 1000U)
 7188              		.loc 1 2171 19
 7189 01ec BB68     		ldr	r3, [r7, #8]
 7190              		.loc 1 2171 12
 7191 01ee B3F57A7F 		cmp	r3, #1000
 7192 01f2 1DD8     		bhi	.L324
2172:Drivers/STM32F4xx_HAL_Driver/Src/stm32f4xx_ll_usb.c ****         {
2173:Drivers/STM32F4xx_HAL_Driver/Src/stm32f4xx_ll_usb.c ****           break;
2174:Drivers/STM32F4xx_HAL_Driver/Src/stm32f4xx_ll_usb.c ****         }
2175:Drivers/STM32F4xx_HAL_Driver/Src/stm32f4xx_ll_usb.c ****       } while ((USBx_HC(hcnum)->HCCHAR & USB_OTG_HCCHAR_CHENA) == USB_OTG_HCCHAR_CHENA);
 7193              		.loc 1 2175 17
 7194 01f4 BB69     		ldr	r3, [r7, #24]
 7195 01f6 5A01     		lsls	r2, r3, #5
 7196 01f8 FB69     		ldr	r3, [r7, #28]
 7197 01fa 1344     		add	r3, r3, r2
 7198 01fc 03F5A063 		add	r3, r3, #1280
 7199              		.loc 1 2175 31
 7200 0200 1B68     		ldr	r3, [r3]
 7201              		.loc 1 2175 40
 7202 0202 03F00043 		and	r3, r3, #-2147483648
 7203              		.loc 1 2175 64
 7204 0206 B3F1004F 		cmp	r3, #-2147483648
ARM GAS  C:\Users\DAELT-~1\AppData\Local\Temp\ccK7IQ4D.s 			page 165


 7205 020a ECD0     		beq	.L321
 7206 020c 11E0     		b	.L317
 7207              	.L318:
2176:Drivers/STM32F4xx_HAL_Driver/Src/stm32f4xx_ll_usb.c ****     }
2177:Drivers/STM32F4xx_HAL_Driver/Src/stm32f4xx_ll_usb.c ****     else
2178:Drivers/STM32F4xx_HAL_Driver/Src/stm32f4xx_ll_usb.c ****     {
2179:Drivers/STM32F4xx_HAL_Driver/Src/stm32f4xx_ll_usb.c ****       USBx_HC(hcnum)->HCCHAR |= USB_OTG_HCCHAR_CHENA;
 7208              		.loc 1 2179 21
 7209 020e BB69     		ldr	r3, [r7, #24]
 7210 0210 5A01     		lsls	r2, r3, #5
 7211 0212 FB69     		ldr	r3, [r7, #28]
 7212 0214 1344     		add	r3, r3, r2
 7213 0216 03F5A063 		add	r3, r3, #1280
 7214 021a 1B68     		ldr	r3, [r3]
 7215 021c BA69     		ldr	r2, [r7, #24]
 7216 021e 5101     		lsls	r1, r2, #5
 7217 0220 FA69     		ldr	r2, [r7, #28]
 7218 0222 0A44     		add	r2, r2, r1
 7219 0224 02F5A062 		add	r2, r2, #1280
 7220              		.loc 1 2179 30
 7221 0228 43F00043 		orr	r3, r3, #-2147483648
 7222 022c 1360     		str	r3, [r2]
 7223 022e 00E0     		b	.L317
 7224              	.L324:
2173:Drivers/STM32F4xx_HAL_Driver/Src/stm32f4xx_ll_usb.c ****         }
 7225              		.loc 1 2173 11
 7226 0230 00BF     		nop
 7227              	.L317:
2180:Drivers/STM32F4xx_HAL_Driver/Src/stm32f4xx_ll_usb.c ****     }
2181:Drivers/STM32F4xx_HAL_Driver/Src/stm32f4xx_ll_usb.c ****   }
2182:Drivers/STM32F4xx_HAL_Driver/Src/stm32f4xx_ll_usb.c **** 
2183:Drivers/STM32F4xx_HAL_Driver/Src/stm32f4xx_ll_usb.c ****   return HAL_OK;
 7228              		.loc 1 2183 10
 7229 0232 0023     		movs	r3, #0
 7230              	.L308:
2184:Drivers/STM32F4xx_HAL_Driver/Src/stm32f4xx_ll_usb.c **** }
 7231              		.loc 1 2184 1
 7232 0234 1846     		mov	r0, r3
 7233 0236 2437     		adds	r7, r7, #36
 7234              	.LCFI267:
 7235              		.cfi_def_cfa_offset 4
 7236 0238 BD46     		mov	sp, r7
 7237              	.LCFI268:
 7238              		.cfi_def_cfa_register 13
 7239              		@ sp needed
 7240 023a 5DF8047B 		ldr	r7, [sp], #4
 7241              	.LCFI269:
 7242              		.cfi_restore 7
 7243              		.cfi_def_cfa_offset 0
 7244 023e 7047     		bx	lr
 7245              		.cfi_endproc
 7246              	.LFE264:
 7248              		.section	.text.USB_DoPing,"ax",%progbits
 7249              		.align	1
 7250              		.global	USB_DoPing
 7251              		.syntax unified
 7252              		.thumb
ARM GAS  C:\Users\DAELT-~1\AppData\Local\Temp\ccK7IQ4D.s 			page 166


 7253              		.thumb_func
 7255              	USB_DoPing:
 7256              	.LFB265:
2185:Drivers/STM32F4xx_HAL_Driver/Src/stm32f4xx_ll_usb.c **** 
2186:Drivers/STM32F4xx_HAL_Driver/Src/stm32f4xx_ll_usb.c **** /**
2187:Drivers/STM32F4xx_HAL_Driver/Src/stm32f4xx_ll_usb.c ****   * @brief  Initiate Do Ping protocol
2188:Drivers/STM32F4xx_HAL_Driver/Src/stm32f4xx_ll_usb.c ****   * @param  USBx  Selected device
2189:Drivers/STM32F4xx_HAL_Driver/Src/stm32f4xx_ll_usb.c ****   * @param  hc_num  Host Channel number
2190:Drivers/STM32F4xx_HAL_Driver/Src/stm32f4xx_ll_usb.c ****   *         This parameter can be a value from 1 to 15
2191:Drivers/STM32F4xx_HAL_Driver/Src/stm32f4xx_ll_usb.c ****   * @retval HAL state
2192:Drivers/STM32F4xx_HAL_Driver/Src/stm32f4xx_ll_usb.c ****   */
2193:Drivers/STM32F4xx_HAL_Driver/Src/stm32f4xx_ll_usb.c **** HAL_StatusTypeDef USB_DoPing(const USB_OTG_GlobalTypeDef *USBx, uint8_t ch_num)
2194:Drivers/STM32F4xx_HAL_Driver/Src/stm32f4xx_ll_usb.c **** {
 7257              		.loc 1 2194 1
 7258              		.cfi_startproc
 7259              		@ args = 0, pretend = 0, frame = 24
 7260              		@ frame_needed = 1, uses_anonymous_args = 0
 7261              		@ link register save eliminated.
 7262 0000 80B4     		push	{r7}
 7263              	.LCFI270:
 7264              		.cfi_def_cfa_offset 4
 7265              		.cfi_offset 7, -4
 7266 0002 87B0     		sub	sp, sp, #28
 7267              	.LCFI271:
 7268              		.cfi_def_cfa_offset 32
 7269 0004 00AF     		add	r7, sp, #0
 7270              	.LCFI272:
 7271              		.cfi_def_cfa_register 7
 7272 0006 7860     		str	r0, [r7, #4]
 7273 0008 0B46     		mov	r3, r1
 7274 000a FB70     		strb	r3, [r7, #3]
2195:Drivers/STM32F4xx_HAL_Driver/Src/stm32f4xx_ll_usb.c ****   uint32_t USBx_BASE = (uint32_t)USBx;
 7275              		.loc 1 2195 12
 7276 000c 7B68     		ldr	r3, [r7, #4]
 7277 000e 7B61     		str	r3, [r7, #20]
2196:Drivers/STM32F4xx_HAL_Driver/Src/stm32f4xx_ll_usb.c ****   uint32_t chnum = (uint32_t)ch_num;
 7278              		.loc 1 2196 12
 7279 0010 FB78     		ldrb	r3, [r7, #3]	@ zero_extendqisi2
 7280 0012 3B61     		str	r3, [r7, #16]
2197:Drivers/STM32F4xx_HAL_Driver/Src/stm32f4xx_ll_usb.c ****   uint32_t num_packets = 1U;
 7281              		.loc 1 2197 12
 7282 0014 0123     		movs	r3, #1
 7283 0016 FB60     		str	r3, [r7, #12]
2198:Drivers/STM32F4xx_HAL_Driver/Src/stm32f4xx_ll_usb.c ****   uint32_t tmpreg;
2199:Drivers/STM32F4xx_HAL_Driver/Src/stm32f4xx_ll_usb.c **** 
2200:Drivers/STM32F4xx_HAL_Driver/Src/stm32f4xx_ll_usb.c ****   USBx_HC(chnum)->HCTSIZ = ((num_packets << 19) & USB_OTG_HCTSIZ_PKTCNT) |
 7284              		.loc 1 2200 42
 7285 0018 FB68     		ldr	r3, [r7, #12]
 7286 001a DA04     		lsls	r2, r3, #19
 7287              		.loc 1 2200 49
 7288 001c 154B     		ldr	r3, .L327
 7289 001e 1340     		ands	r3, r3, r2
 7290              		.loc 1 2200 3
 7291 0020 3A69     		ldr	r2, [r7, #16]
 7292 0022 5101     		lsls	r1, r2, #5
 7293 0024 7A69     		ldr	r2, [r7, #20]
 7294 0026 0A44     		add	r2, r2, r1
ARM GAS  C:\Users\DAELT-~1\AppData\Local\Temp\ccK7IQ4D.s 			page 167


 7295 0028 02F5A062 		add	r2, r2, #1280
 7296              		.loc 1 2200 74
 7297 002c 43F00043 		orr	r3, r3, #-2147483648
 7298              		.loc 1 2200 26
 7299 0030 1361     		str	r3, [r2, #16]
2201:Drivers/STM32F4xx_HAL_Driver/Src/stm32f4xx_ll_usb.c ****                            USB_OTG_HCTSIZ_DOPING;
2202:Drivers/STM32F4xx_HAL_Driver/Src/stm32f4xx_ll_usb.c **** 
2203:Drivers/STM32F4xx_HAL_Driver/Src/stm32f4xx_ll_usb.c ****   /* Set host channel enable */
2204:Drivers/STM32F4xx_HAL_Driver/Src/stm32f4xx_ll_usb.c ****   tmpreg = USBx_HC(chnum)->HCCHAR;
 7300              		.loc 1 2204 12
 7301 0032 3B69     		ldr	r3, [r7, #16]
 7302 0034 5A01     		lsls	r2, r3, #5
 7303 0036 7B69     		ldr	r3, [r7, #20]
 7304 0038 1344     		add	r3, r3, r2
 7305 003a 03F5A063 		add	r3, r3, #1280
 7306              		.loc 1 2204 10
 7307 003e 1B68     		ldr	r3, [r3]
 7308 0040 BB60     		str	r3, [r7, #8]
2205:Drivers/STM32F4xx_HAL_Driver/Src/stm32f4xx_ll_usb.c ****   tmpreg &= ~USB_OTG_HCCHAR_CHDIS;
 7309              		.loc 1 2205 10
 7310 0042 BB68     		ldr	r3, [r7, #8]
 7311 0044 23F08043 		bic	r3, r3, #1073741824
 7312 0048 BB60     		str	r3, [r7, #8]
2206:Drivers/STM32F4xx_HAL_Driver/Src/stm32f4xx_ll_usb.c ****   tmpreg |= USB_OTG_HCCHAR_CHENA;
 7313              		.loc 1 2206 10
 7314 004a BB68     		ldr	r3, [r7, #8]
 7315 004c 43F00043 		orr	r3, r3, #-2147483648
 7316 0050 BB60     		str	r3, [r7, #8]
2207:Drivers/STM32F4xx_HAL_Driver/Src/stm32f4xx_ll_usb.c ****   USBx_HC(chnum)->HCCHAR = tmpreg;
 7317              		.loc 1 2207 3
 7318 0052 3B69     		ldr	r3, [r7, #16]
 7319 0054 5A01     		lsls	r2, r3, #5
 7320 0056 7B69     		ldr	r3, [r7, #20]
 7321 0058 1344     		add	r3, r3, r2
 7322 005a 03F5A063 		add	r3, r3, #1280
 7323 005e 1A46     		mov	r2, r3
 7324              		.loc 1 2207 26
 7325 0060 BB68     		ldr	r3, [r7, #8]
 7326 0062 1360     		str	r3, [r2]
2208:Drivers/STM32F4xx_HAL_Driver/Src/stm32f4xx_ll_usb.c **** 
2209:Drivers/STM32F4xx_HAL_Driver/Src/stm32f4xx_ll_usb.c ****   return HAL_OK;
 7327              		.loc 1 2209 10
 7328 0064 0023     		movs	r3, #0
2210:Drivers/STM32F4xx_HAL_Driver/Src/stm32f4xx_ll_usb.c **** }
 7329              		.loc 1 2210 1
 7330 0066 1846     		mov	r0, r3
 7331 0068 1C37     		adds	r7, r7, #28
 7332              	.LCFI273:
 7333              		.cfi_def_cfa_offset 4
 7334 006a BD46     		mov	sp, r7
 7335              	.LCFI274:
 7336              		.cfi_def_cfa_register 13
 7337              		@ sp needed
 7338 006c 5DF8047B 		ldr	r7, [sp], #4
 7339              	.LCFI275:
 7340              		.cfi_restore 7
 7341              		.cfi_def_cfa_offset 0
ARM GAS  C:\Users\DAELT-~1\AppData\Local\Temp\ccK7IQ4D.s 			page 168


 7342 0070 7047     		bx	lr
 7343              	.L328:
 7344 0072 00BF     		.align	2
 7345              	.L327:
 7346 0074 0000F81F 		.word	536346624
 7347              		.cfi_endproc
 7348              	.LFE265:
 7350              		.section	.text.USB_StopHost,"ax",%progbits
 7351              		.align	1
 7352              		.global	USB_StopHost
 7353              		.syntax unified
 7354              		.thumb
 7355              		.thumb_func
 7357              	USB_StopHost:
 7358              	.LFB266:
2211:Drivers/STM32F4xx_HAL_Driver/Src/stm32f4xx_ll_usb.c **** 
2212:Drivers/STM32F4xx_HAL_Driver/Src/stm32f4xx_ll_usb.c **** /**
2213:Drivers/STM32F4xx_HAL_Driver/Src/stm32f4xx_ll_usb.c ****   * @brief  Stop Host Core
2214:Drivers/STM32F4xx_HAL_Driver/Src/stm32f4xx_ll_usb.c ****   * @param  USBx  Selected device
2215:Drivers/STM32F4xx_HAL_Driver/Src/stm32f4xx_ll_usb.c ****   * @retval HAL state
2216:Drivers/STM32F4xx_HAL_Driver/Src/stm32f4xx_ll_usb.c ****   */
2217:Drivers/STM32F4xx_HAL_Driver/Src/stm32f4xx_ll_usb.c **** HAL_StatusTypeDef USB_StopHost(USB_OTG_GlobalTypeDef *USBx)
2218:Drivers/STM32F4xx_HAL_Driver/Src/stm32f4xx_ll_usb.c **** {
 7359              		.loc 1 2218 1
 7360              		.cfi_startproc
 7361              		@ args = 0, pretend = 0, frame = 32
 7362              		@ frame_needed = 1, uses_anonymous_args = 0
 7363 0000 80B5     		push	{r7, lr}
 7364              	.LCFI276:
 7365              		.cfi_def_cfa_offset 8
 7366              		.cfi_offset 7, -8
 7367              		.cfi_offset 14, -4
 7368 0002 88B0     		sub	sp, sp, #32
 7369              	.LCFI277:
 7370              		.cfi_def_cfa_offset 40
 7371 0004 00AF     		add	r7, sp, #0
 7372              	.LCFI278:
 7373              		.cfi_def_cfa_register 7
 7374 0006 7860     		str	r0, [r7, #4]
2219:Drivers/STM32F4xx_HAL_Driver/Src/stm32f4xx_ll_usb.c ****   HAL_StatusTypeDef ret = HAL_OK;
 7375              		.loc 1 2219 21
 7376 0008 0023     		movs	r3, #0
 7377 000a FB77     		strb	r3, [r7, #31]
2220:Drivers/STM32F4xx_HAL_Driver/Src/stm32f4xx_ll_usb.c ****   uint32_t USBx_BASE = (uint32_t)USBx;
 7378              		.loc 1 2220 12
 7379 000c 7B68     		ldr	r3, [r7, #4]
 7380 000e 7B61     		str	r3, [r7, #20]
2221:Drivers/STM32F4xx_HAL_Driver/Src/stm32f4xx_ll_usb.c ****   __IO uint32_t count = 0U;
 7381              		.loc 1 2221 17
 7382 0010 0023     		movs	r3, #0
 7383 0012 FB60     		str	r3, [r7, #12]
2222:Drivers/STM32F4xx_HAL_Driver/Src/stm32f4xx_ll_usb.c ****   uint32_t value;
2223:Drivers/STM32F4xx_HAL_Driver/Src/stm32f4xx_ll_usb.c ****   uint32_t i;
2224:Drivers/STM32F4xx_HAL_Driver/Src/stm32f4xx_ll_usb.c **** 
2225:Drivers/STM32F4xx_HAL_Driver/Src/stm32f4xx_ll_usb.c ****   (void)USB_DisableGlobalInt(USBx);
 7384              		.loc 1 2225 9
 7385 0014 7868     		ldr	r0, [r7, #4]
ARM GAS  C:\Users\DAELT-~1\AppData\Local\Temp\ccK7IQ4D.s 			page 169


 7386 0016 FFF7FEFF 		bl	USB_DisableGlobalInt
2226:Drivers/STM32F4xx_HAL_Driver/Src/stm32f4xx_ll_usb.c **** 
2227:Drivers/STM32F4xx_HAL_Driver/Src/stm32f4xx_ll_usb.c ****   /* Flush USB FIFO */
2228:Drivers/STM32F4xx_HAL_Driver/Src/stm32f4xx_ll_usb.c ****   if (USB_FlushTxFifo(USBx, 0x10U) != HAL_OK) /* all Tx FIFOs */
 7387              		.loc 1 2228 7
 7388 001a 1021     		movs	r1, #16
 7389 001c 7868     		ldr	r0, [r7, #4]
 7390 001e FFF7FEFF 		bl	USB_FlushTxFifo
 7391 0022 0346     		mov	r3, r0
 7392              		.loc 1 2228 6 discriminator 1
 7393 0024 002B     		cmp	r3, #0
 7394 0026 01D0     		beq	.L330
2229:Drivers/STM32F4xx_HAL_Driver/Src/stm32f4xx_ll_usb.c ****   {
2230:Drivers/STM32F4xx_HAL_Driver/Src/stm32f4xx_ll_usb.c ****     ret = HAL_ERROR;
 7395              		.loc 1 2230 9
 7396 0028 0123     		movs	r3, #1
 7397 002a FB77     		strb	r3, [r7, #31]
 7398              	.L330:
2231:Drivers/STM32F4xx_HAL_Driver/Src/stm32f4xx_ll_usb.c ****   }
2232:Drivers/STM32F4xx_HAL_Driver/Src/stm32f4xx_ll_usb.c **** 
2233:Drivers/STM32F4xx_HAL_Driver/Src/stm32f4xx_ll_usb.c ****   if (USB_FlushRxFifo(USBx) != HAL_OK)
 7399              		.loc 1 2233 7
 7400 002c 7868     		ldr	r0, [r7, #4]
 7401 002e FFF7FEFF 		bl	USB_FlushRxFifo
 7402 0032 0346     		mov	r3, r0
 7403              		.loc 1 2233 6 discriminator 1
 7404 0034 002B     		cmp	r3, #0
 7405 0036 01D0     		beq	.L331
2234:Drivers/STM32F4xx_HAL_Driver/Src/stm32f4xx_ll_usb.c ****   {
2235:Drivers/STM32F4xx_HAL_Driver/Src/stm32f4xx_ll_usb.c ****     ret = HAL_ERROR;
 7406              		.loc 1 2235 9
 7407 0038 0123     		movs	r3, #1
 7408 003a FB77     		strb	r3, [r7, #31]
 7409              	.L331:
2236:Drivers/STM32F4xx_HAL_Driver/Src/stm32f4xx_ll_usb.c ****   }
2237:Drivers/STM32F4xx_HAL_Driver/Src/stm32f4xx_ll_usb.c **** 
2238:Drivers/STM32F4xx_HAL_Driver/Src/stm32f4xx_ll_usb.c ****   /* Flush out any leftover queued requests. */
2239:Drivers/STM32F4xx_HAL_Driver/Src/stm32f4xx_ll_usb.c ****   for (i = 0U; i <= 15U; i++)
 7410              		.loc 1 2239 10
 7411 003c 0023     		movs	r3, #0
 7412 003e BB61     		str	r3, [r7, #24]
 7413              		.loc 1 2239 3
 7414 0040 1FE0     		b	.L332
 7415              	.L333:
2240:Drivers/STM32F4xx_HAL_Driver/Src/stm32f4xx_ll_usb.c ****   {
2241:Drivers/STM32F4xx_HAL_Driver/Src/stm32f4xx_ll_usb.c ****     value = USBx_HC(i)->HCCHAR;
 7416              		.loc 1 2241 13
 7417 0042 BB69     		ldr	r3, [r7, #24]
 7418 0044 5A01     		lsls	r2, r3, #5
 7419 0046 7B69     		ldr	r3, [r7, #20]
 7420 0048 1344     		add	r3, r3, r2
 7421 004a 03F5A063 		add	r3, r3, #1280
 7422              		.loc 1 2241 11
 7423 004e 1B68     		ldr	r3, [r3]
 7424 0050 3B61     		str	r3, [r7, #16]
2242:Drivers/STM32F4xx_HAL_Driver/Src/stm32f4xx_ll_usb.c ****     value |=  USB_OTG_HCCHAR_CHDIS;
 7425              		.loc 1 2242 11
ARM GAS  C:\Users\DAELT-~1\AppData\Local\Temp\ccK7IQ4D.s 			page 170


 7426 0052 3B69     		ldr	r3, [r7, #16]
 7427 0054 43F08043 		orr	r3, r3, #1073741824
 7428 0058 3B61     		str	r3, [r7, #16]
2243:Drivers/STM32F4xx_HAL_Driver/Src/stm32f4xx_ll_usb.c ****     value &= ~USB_OTG_HCCHAR_CHENA;
 7429              		.loc 1 2243 11
 7430 005a 3B69     		ldr	r3, [r7, #16]
 7431 005c 23F00043 		bic	r3, r3, #-2147483648
 7432 0060 3B61     		str	r3, [r7, #16]
2244:Drivers/STM32F4xx_HAL_Driver/Src/stm32f4xx_ll_usb.c ****     value &= ~USB_OTG_HCCHAR_EPDIR;
 7433              		.loc 1 2244 11
 7434 0062 3B69     		ldr	r3, [r7, #16]
 7435 0064 23F40043 		bic	r3, r3, #32768
 7436 0068 3B61     		str	r3, [r7, #16]
2245:Drivers/STM32F4xx_HAL_Driver/Src/stm32f4xx_ll_usb.c ****     USBx_HC(i)->HCCHAR = value;
 7437              		.loc 1 2245 5
 7438 006a BB69     		ldr	r3, [r7, #24]
 7439 006c 5A01     		lsls	r2, r3, #5
 7440 006e 7B69     		ldr	r3, [r7, #20]
 7441 0070 1344     		add	r3, r3, r2
 7442 0072 03F5A063 		add	r3, r3, #1280
 7443 0076 1A46     		mov	r2, r3
 7444              		.loc 1 2245 24
 7445 0078 3B69     		ldr	r3, [r7, #16]
 7446 007a 1360     		str	r3, [r2]
2239:Drivers/STM32F4xx_HAL_Driver/Src/stm32f4xx_ll_usb.c ****   {
 7447              		.loc 1 2239 27 discriminator 3
 7448 007c BB69     		ldr	r3, [r7, #24]
 7449 007e 0133     		adds	r3, r3, #1
 7450 0080 BB61     		str	r3, [r7, #24]
 7451              	.L332:
2239:Drivers/STM32F4xx_HAL_Driver/Src/stm32f4xx_ll_usb.c ****   {
 7452              		.loc 1 2239 18 discriminator 1
 7453 0082 BB69     		ldr	r3, [r7, #24]
 7454 0084 0F2B     		cmp	r3, #15
 7455 0086 DCD9     		bls	.L333
2246:Drivers/STM32F4xx_HAL_Driver/Src/stm32f4xx_ll_usb.c ****   }
2247:Drivers/STM32F4xx_HAL_Driver/Src/stm32f4xx_ll_usb.c **** 
2248:Drivers/STM32F4xx_HAL_Driver/Src/stm32f4xx_ll_usb.c ****   /* Halt all channels to put them into a known state. */
2249:Drivers/STM32F4xx_HAL_Driver/Src/stm32f4xx_ll_usb.c ****   for (i = 0U; i <= 15U; i++)
 7456              		.loc 1 2249 10
 7457 0088 0023     		movs	r3, #0
 7458 008a BB61     		str	r3, [r7, #24]
 7459              		.loc 1 2249 3
 7460 008c 34E0     		b	.L334
 7461              	.L338:
2250:Drivers/STM32F4xx_HAL_Driver/Src/stm32f4xx_ll_usb.c ****   {
2251:Drivers/STM32F4xx_HAL_Driver/Src/stm32f4xx_ll_usb.c ****     value = USBx_HC(i)->HCCHAR;
 7462              		.loc 1 2251 13
 7463 008e BB69     		ldr	r3, [r7, #24]
 7464 0090 5A01     		lsls	r2, r3, #5
 7465 0092 7B69     		ldr	r3, [r7, #20]
 7466 0094 1344     		add	r3, r3, r2
 7467 0096 03F5A063 		add	r3, r3, #1280
 7468              		.loc 1 2251 11
 7469 009a 1B68     		ldr	r3, [r3]
 7470 009c 3B61     		str	r3, [r7, #16]
2252:Drivers/STM32F4xx_HAL_Driver/Src/stm32f4xx_ll_usb.c ****     value |= USB_OTG_HCCHAR_CHDIS;
ARM GAS  C:\Users\DAELT-~1\AppData\Local\Temp\ccK7IQ4D.s 			page 171


 7471              		.loc 1 2252 11
 7472 009e 3B69     		ldr	r3, [r7, #16]
 7473 00a0 43F08043 		orr	r3, r3, #1073741824
 7474 00a4 3B61     		str	r3, [r7, #16]
2253:Drivers/STM32F4xx_HAL_Driver/Src/stm32f4xx_ll_usb.c ****     value |= USB_OTG_HCCHAR_CHENA;
 7475              		.loc 1 2253 11
 7476 00a6 3B69     		ldr	r3, [r7, #16]
 7477 00a8 43F00043 		orr	r3, r3, #-2147483648
 7478 00ac 3B61     		str	r3, [r7, #16]
2254:Drivers/STM32F4xx_HAL_Driver/Src/stm32f4xx_ll_usb.c ****     value &= ~USB_OTG_HCCHAR_EPDIR;
 7479              		.loc 1 2254 11
 7480 00ae 3B69     		ldr	r3, [r7, #16]
 7481 00b0 23F40043 		bic	r3, r3, #32768
 7482 00b4 3B61     		str	r3, [r7, #16]
2255:Drivers/STM32F4xx_HAL_Driver/Src/stm32f4xx_ll_usb.c ****     USBx_HC(i)->HCCHAR = value;
 7483              		.loc 1 2255 5
 7484 00b6 BB69     		ldr	r3, [r7, #24]
 7485 00b8 5A01     		lsls	r2, r3, #5
 7486 00ba 7B69     		ldr	r3, [r7, #20]
 7487 00bc 1344     		add	r3, r3, r2
 7488 00be 03F5A063 		add	r3, r3, #1280
 7489 00c2 1A46     		mov	r2, r3
 7490              		.loc 1 2255 24
 7491 00c4 3B69     		ldr	r3, [r7, #16]
 7492 00c6 1360     		str	r3, [r2]
 7493              	.L337:
2256:Drivers/STM32F4xx_HAL_Driver/Src/stm32f4xx_ll_usb.c **** 
2257:Drivers/STM32F4xx_HAL_Driver/Src/stm32f4xx_ll_usb.c ****     do
2258:Drivers/STM32F4xx_HAL_Driver/Src/stm32f4xx_ll_usb.c ****     {
2259:Drivers/STM32F4xx_HAL_Driver/Src/stm32f4xx_ll_usb.c ****       count++;
 7494              		.loc 1 2259 12
 7495 00c8 FB68     		ldr	r3, [r7, #12]
 7496 00ca 0133     		adds	r3, r3, #1
 7497 00cc FB60     		str	r3, [r7, #12]
2260:Drivers/STM32F4xx_HAL_Driver/Src/stm32f4xx_ll_usb.c **** 
2261:Drivers/STM32F4xx_HAL_Driver/Src/stm32f4xx_ll_usb.c ****       if (count > 1000U)
 7498              		.loc 1 2261 17
 7499 00ce FB68     		ldr	r3, [r7, #12]
 7500              		.loc 1 2261 10
 7501 00d0 B3F57A7F 		cmp	r3, #1000
 7502 00d4 0CD8     		bhi	.L340
2262:Drivers/STM32F4xx_HAL_Driver/Src/stm32f4xx_ll_usb.c ****       {
2263:Drivers/STM32F4xx_HAL_Driver/Src/stm32f4xx_ll_usb.c ****         break;
2264:Drivers/STM32F4xx_HAL_Driver/Src/stm32f4xx_ll_usb.c ****       }
2265:Drivers/STM32F4xx_HAL_Driver/Src/stm32f4xx_ll_usb.c ****     } while ((USBx_HC(i)->HCCHAR & USB_OTG_HCCHAR_CHENA) == USB_OTG_HCCHAR_CHENA);
 7503              		.loc 1 2265 15
 7504 00d6 BB69     		ldr	r3, [r7, #24]
 7505 00d8 5A01     		lsls	r2, r3, #5
 7506 00da 7B69     		ldr	r3, [r7, #20]
 7507 00dc 1344     		add	r3, r3, r2
 7508 00de 03F5A063 		add	r3, r3, #1280
 7509              		.loc 1 2265 25
 7510 00e2 1B68     		ldr	r3, [r3]
 7511              		.loc 1 2265 34
 7512 00e4 03F00043 		and	r3, r3, #-2147483648
 7513              		.loc 1 2265 58
 7514 00e8 B3F1004F 		cmp	r3, #-2147483648
ARM GAS  C:\Users\DAELT-~1\AppData\Local\Temp\ccK7IQ4D.s 			page 172


 7515 00ec ECD0     		beq	.L337
 7516 00ee 00E0     		b	.L336
 7517              	.L340:
2263:Drivers/STM32F4xx_HAL_Driver/Src/stm32f4xx_ll_usb.c ****       }
 7518              		.loc 1 2263 9
 7519 00f0 00BF     		nop
 7520              	.L336:
2249:Drivers/STM32F4xx_HAL_Driver/Src/stm32f4xx_ll_usb.c ****   {
 7521              		.loc 1 2249 27 discriminator 2
 7522 00f2 BB69     		ldr	r3, [r7, #24]
 7523 00f4 0133     		adds	r3, r3, #1
 7524 00f6 BB61     		str	r3, [r7, #24]
 7525              	.L334:
2249:Drivers/STM32F4xx_HAL_Driver/Src/stm32f4xx_ll_usb.c ****   {
 7526              		.loc 1 2249 18 discriminator 1
 7527 00f8 BB69     		ldr	r3, [r7, #24]
 7528 00fa 0F2B     		cmp	r3, #15
 7529 00fc C7D9     		bls	.L338
2266:Drivers/STM32F4xx_HAL_Driver/Src/stm32f4xx_ll_usb.c ****   }
2267:Drivers/STM32F4xx_HAL_Driver/Src/stm32f4xx_ll_usb.c **** 
2268:Drivers/STM32F4xx_HAL_Driver/Src/stm32f4xx_ll_usb.c ****   /* Clear any pending Host interrupts */
2269:Drivers/STM32F4xx_HAL_Driver/Src/stm32f4xx_ll_usb.c ****   USBx_HOST->HAINT = CLEAR_INTERRUPT_MASK;
 7530              		.loc 1 2269 3
 7531 00fe 7B69     		ldr	r3, [r7, #20]
 7532 0100 03F58063 		add	r3, r3, #1024
 7533 0104 1A46     		mov	r2, r3
 7534              		.loc 1 2269 20
 7535 0106 4FF0FF33 		mov	r3, #-1
 7536 010a 5361     		str	r3, [r2, #20]
2270:Drivers/STM32F4xx_HAL_Driver/Src/stm32f4xx_ll_usb.c ****   USBx->GINTSTS = CLEAR_INTERRUPT_MASK;
 7537              		.loc 1 2270 17
 7538 010c 7B68     		ldr	r3, [r7, #4]
 7539 010e 4FF0FF32 		mov	r2, #-1
 7540 0112 5A61     		str	r2, [r3, #20]
2271:Drivers/STM32F4xx_HAL_Driver/Src/stm32f4xx_ll_usb.c **** 
2272:Drivers/STM32F4xx_HAL_Driver/Src/stm32f4xx_ll_usb.c ****   (void)USB_EnableGlobalInt(USBx);
 7541              		.loc 1 2272 9
 7542 0114 7868     		ldr	r0, [r7, #4]
 7543 0116 FFF7FEFF 		bl	USB_EnableGlobalInt
2273:Drivers/STM32F4xx_HAL_Driver/Src/stm32f4xx_ll_usb.c **** 
2274:Drivers/STM32F4xx_HAL_Driver/Src/stm32f4xx_ll_usb.c ****   return ret;
 7544              		.loc 1 2274 10
 7545 011a FB7F     		ldrb	r3, [r7, #31]	@ zero_extendqisi2
2275:Drivers/STM32F4xx_HAL_Driver/Src/stm32f4xx_ll_usb.c **** }
 7546              		.loc 1 2275 1
 7547 011c 1846     		mov	r0, r3
 7548 011e 2037     		adds	r7, r7, #32
 7549              	.LCFI279:
 7550              		.cfi_def_cfa_offset 8
 7551 0120 BD46     		mov	sp, r7
 7552              	.LCFI280:
 7553              		.cfi_def_cfa_register 13
 7554              		@ sp needed
 7555 0122 80BD     		pop	{r7, pc}
 7556              		.cfi_endproc
 7557              	.LFE266:
 7559              		.section	.text.USB_ActivateRemoteWakeup,"ax",%progbits
ARM GAS  C:\Users\DAELT-~1\AppData\Local\Temp\ccK7IQ4D.s 			page 173


 7560              		.align	1
 7561              		.global	USB_ActivateRemoteWakeup
 7562              		.syntax unified
 7563              		.thumb
 7564              		.thumb_func
 7566              	USB_ActivateRemoteWakeup:
 7567              	.LFB267:
2276:Drivers/STM32F4xx_HAL_Driver/Src/stm32f4xx_ll_usb.c **** 
2277:Drivers/STM32F4xx_HAL_Driver/Src/stm32f4xx_ll_usb.c **** /**
2278:Drivers/STM32F4xx_HAL_Driver/Src/stm32f4xx_ll_usb.c ****   * @brief  USB_ActivateRemoteWakeup active remote wakeup signalling
2279:Drivers/STM32F4xx_HAL_Driver/Src/stm32f4xx_ll_usb.c ****   * @param  USBx Selected device
2280:Drivers/STM32F4xx_HAL_Driver/Src/stm32f4xx_ll_usb.c ****   * @retval HAL status
2281:Drivers/STM32F4xx_HAL_Driver/Src/stm32f4xx_ll_usb.c ****   */
2282:Drivers/STM32F4xx_HAL_Driver/Src/stm32f4xx_ll_usb.c **** HAL_StatusTypeDef USB_ActivateRemoteWakeup(const USB_OTG_GlobalTypeDef *USBx)
2283:Drivers/STM32F4xx_HAL_Driver/Src/stm32f4xx_ll_usb.c **** {
 7568              		.loc 1 2283 1
 7569              		.cfi_startproc
 7570              		@ args = 0, pretend = 0, frame = 16
 7571              		@ frame_needed = 1, uses_anonymous_args = 0
 7572              		@ link register save eliminated.
 7573 0000 80B4     		push	{r7}
 7574              	.LCFI281:
 7575              		.cfi_def_cfa_offset 4
 7576              		.cfi_offset 7, -4
 7577 0002 85B0     		sub	sp, sp, #20
 7578              	.LCFI282:
 7579              		.cfi_def_cfa_offset 24
 7580 0004 00AF     		add	r7, sp, #0
 7581              	.LCFI283:
 7582              		.cfi_def_cfa_register 7
 7583 0006 7860     		str	r0, [r7, #4]
2284:Drivers/STM32F4xx_HAL_Driver/Src/stm32f4xx_ll_usb.c ****   uint32_t USBx_BASE = (uint32_t)USBx;
 7584              		.loc 1 2284 12
 7585 0008 7B68     		ldr	r3, [r7, #4]
 7586 000a FB60     		str	r3, [r7, #12]
2285:Drivers/STM32F4xx_HAL_Driver/Src/stm32f4xx_ll_usb.c **** 
2286:Drivers/STM32F4xx_HAL_Driver/Src/stm32f4xx_ll_usb.c ****   if ((USBx_DEVICE->DSTS & USB_OTG_DSTS_SUSPSTS) == USB_OTG_DSTS_SUSPSTS)
 7587              		.loc 1 2286 8
 7588 000c FB68     		ldr	r3, [r7, #12]
 7589 000e 03F50063 		add	r3, r3, #2048
 7590              		.loc 1 2286 19
 7591 0012 9B68     		ldr	r3, [r3, #8]
 7592              		.loc 1 2286 26
 7593 0014 03F00103 		and	r3, r3, #1
 7594              		.loc 1 2286 6
 7595 0018 012B     		cmp	r3, #1
 7596 001a 09D1     		bne	.L342
2287:Drivers/STM32F4xx_HAL_Driver/Src/stm32f4xx_ll_usb.c ****   {
2288:Drivers/STM32F4xx_HAL_Driver/Src/stm32f4xx_ll_usb.c ****     /* active Remote wakeup signalling */
2289:Drivers/STM32F4xx_HAL_Driver/Src/stm32f4xx_ll_usb.c ****     USBx_DEVICE->DCTL |= USB_OTG_DCTL_RWUSIG;
 7597              		.loc 1 2289 16
 7598 001c FB68     		ldr	r3, [r7, #12]
 7599 001e 03F50063 		add	r3, r3, #2048
 7600 0022 5B68     		ldr	r3, [r3, #4]
 7601 0024 FA68     		ldr	r2, [r7, #12]
 7602 0026 02F50062 		add	r2, r2, #2048
 7603              		.loc 1 2289 23
ARM GAS  C:\Users\DAELT-~1\AppData\Local\Temp\ccK7IQ4D.s 			page 174


 7604 002a 43F00103 		orr	r3, r3, #1
 7605 002e 5360     		str	r3, [r2, #4]
 7606              	.L342:
2290:Drivers/STM32F4xx_HAL_Driver/Src/stm32f4xx_ll_usb.c ****   }
2291:Drivers/STM32F4xx_HAL_Driver/Src/stm32f4xx_ll_usb.c **** 
2292:Drivers/STM32F4xx_HAL_Driver/Src/stm32f4xx_ll_usb.c ****   return HAL_OK;
 7607              		.loc 1 2292 10
 7608 0030 0023     		movs	r3, #0
2293:Drivers/STM32F4xx_HAL_Driver/Src/stm32f4xx_ll_usb.c **** }
 7609              		.loc 1 2293 1
 7610 0032 1846     		mov	r0, r3
 7611 0034 1437     		adds	r7, r7, #20
 7612              	.LCFI284:
 7613              		.cfi_def_cfa_offset 4
 7614 0036 BD46     		mov	sp, r7
 7615              	.LCFI285:
 7616              		.cfi_def_cfa_register 13
 7617              		@ sp needed
 7618 0038 5DF8047B 		ldr	r7, [sp], #4
 7619              	.LCFI286:
 7620              		.cfi_restore 7
 7621              		.cfi_def_cfa_offset 0
 7622 003c 7047     		bx	lr
 7623              		.cfi_endproc
 7624              	.LFE267:
 7626              		.section	.text.USB_DeActivateRemoteWakeup,"ax",%progbits
 7627              		.align	1
 7628              		.global	USB_DeActivateRemoteWakeup
 7629              		.syntax unified
 7630              		.thumb
 7631              		.thumb_func
 7633              	USB_DeActivateRemoteWakeup:
 7634              	.LFB268:
2294:Drivers/STM32F4xx_HAL_Driver/Src/stm32f4xx_ll_usb.c **** 
2295:Drivers/STM32F4xx_HAL_Driver/Src/stm32f4xx_ll_usb.c **** /**
2296:Drivers/STM32F4xx_HAL_Driver/Src/stm32f4xx_ll_usb.c ****   * @brief  USB_DeActivateRemoteWakeup de-active remote wakeup signalling
2297:Drivers/STM32F4xx_HAL_Driver/Src/stm32f4xx_ll_usb.c ****   * @param  USBx Selected device
2298:Drivers/STM32F4xx_HAL_Driver/Src/stm32f4xx_ll_usb.c ****   * @retval HAL status
2299:Drivers/STM32F4xx_HAL_Driver/Src/stm32f4xx_ll_usb.c ****   */
2300:Drivers/STM32F4xx_HAL_Driver/Src/stm32f4xx_ll_usb.c **** HAL_StatusTypeDef USB_DeActivateRemoteWakeup(const USB_OTG_GlobalTypeDef *USBx)
2301:Drivers/STM32F4xx_HAL_Driver/Src/stm32f4xx_ll_usb.c **** {
 7635              		.loc 1 2301 1
 7636              		.cfi_startproc
 7637              		@ args = 0, pretend = 0, frame = 16
 7638              		@ frame_needed = 1, uses_anonymous_args = 0
 7639              		@ link register save eliminated.
 7640 0000 80B4     		push	{r7}
 7641              	.LCFI287:
 7642              		.cfi_def_cfa_offset 4
 7643              		.cfi_offset 7, -4
 7644 0002 85B0     		sub	sp, sp, #20
 7645              	.LCFI288:
 7646              		.cfi_def_cfa_offset 24
 7647 0004 00AF     		add	r7, sp, #0
 7648              	.LCFI289:
 7649              		.cfi_def_cfa_register 7
 7650 0006 7860     		str	r0, [r7, #4]
ARM GAS  C:\Users\DAELT-~1\AppData\Local\Temp\ccK7IQ4D.s 			page 175


2302:Drivers/STM32F4xx_HAL_Driver/Src/stm32f4xx_ll_usb.c ****   uint32_t USBx_BASE = (uint32_t)USBx;
 7651              		.loc 1 2302 12
 7652 0008 7B68     		ldr	r3, [r7, #4]
 7653 000a FB60     		str	r3, [r7, #12]
2303:Drivers/STM32F4xx_HAL_Driver/Src/stm32f4xx_ll_usb.c **** 
2304:Drivers/STM32F4xx_HAL_Driver/Src/stm32f4xx_ll_usb.c ****   /* active Remote wakeup signalling */
2305:Drivers/STM32F4xx_HAL_Driver/Src/stm32f4xx_ll_usb.c ****   USBx_DEVICE->DCTL &= ~(USB_OTG_DCTL_RWUSIG);
 7654              		.loc 1 2305 14
 7655 000c FB68     		ldr	r3, [r7, #12]
 7656 000e 03F50063 		add	r3, r3, #2048
 7657 0012 5B68     		ldr	r3, [r3, #4]
 7658 0014 FA68     		ldr	r2, [r7, #12]
 7659 0016 02F50062 		add	r2, r2, #2048
 7660              		.loc 1 2305 21
 7661 001a 23F00103 		bic	r3, r3, #1
 7662 001e 5360     		str	r3, [r2, #4]
2306:Drivers/STM32F4xx_HAL_Driver/Src/stm32f4xx_ll_usb.c **** 
2307:Drivers/STM32F4xx_HAL_Driver/Src/stm32f4xx_ll_usb.c ****   return HAL_OK;
 7663              		.loc 1 2307 10
 7664 0020 0023     		movs	r3, #0
2308:Drivers/STM32F4xx_HAL_Driver/Src/stm32f4xx_ll_usb.c **** }
 7665              		.loc 1 2308 1
 7666 0022 1846     		mov	r0, r3
 7667 0024 1437     		adds	r7, r7, #20
 7668              	.LCFI290:
 7669              		.cfi_def_cfa_offset 4
 7670 0026 BD46     		mov	sp, r7
 7671              	.LCFI291:
 7672              		.cfi_def_cfa_register 13
 7673              		@ sp needed
 7674 0028 5DF8047B 		ldr	r7, [sp], #4
 7675              	.LCFI292:
 7676              		.cfi_restore 7
 7677              		.cfi_def_cfa_offset 0
 7678 002c 7047     		bx	lr
 7679              		.cfi_endproc
 7680              	.LFE268:
 7682              		.text
 7683              	.Letext0:
 7684              		.file 2 "C:/tools/arm-gnu-toolchain-13.2.rel1-mingw-w64-i686-arm-none-eabi/arm-none-eabi/include/m
 7685              		.file 3 "C:/tools/arm-gnu-toolchain-13.2.rel1-mingw-w64-i686-arm-none-eabi/arm-none-eabi/include/s
 7686              		.file 4 "Drivers/CMSIS/Include/cmsis_gcc.h"
 7687              		.file 5 "Drivers/CMSIS/Device/ST/STM32F4xx/Include/stm32f411xe.h"
 7688              		.file 6 "Drivers/STM32F4xx_HAL_Driver/Inc/stm32f4xx_hal_def.h"
 7689              		.file 7 "Drivers/STM32F4xx_HAL_Driver/Inc/stm32f4xx_ll_usb.h"
 7690              		.file 8 "Drivers/STM32F4xx_HAL_Driver/Inc/stm32f4xx_hal.h"
ARM GAS  C:\Users\DAELT-~1\AppData\Local\Temp\ccK7IQ4D.s 			page 176


DEFINED SYMBOLS
                            *ABS*:00000000 stm32f4xx_ll_usb.c
C:\Users\DAELT-~1\AppData\Local\Temp\ccK7IQ4D.s:21     .text.USB_CoreInit:00000000 $t
C:\Users\DAELT-~1\AppData\Local\Temp\ccK7IQ4D.s:27     .text.USB_CoreInit:00000000 USB_CoreInit
C:\Users\DAELT-~1\AppData\Local\Temp\ccK7IQ4D.s:4967   .text.USB_CoreReset:00000000 USB_CoreReset
C:\Users\DAELT-~1\AppData\Local\Temp\ccK7IQ4D.s:175    .text.USB_SetTurnaroundTime:00000000 $t
C:\Users\DAELT-~1\AppData\Local\Temp\ccK7IQ4D.s:181    .text.USB_SetTurnaroundTime:00000000 USB_SetTurnaroundTime
C:\Users\DAELT-~1\AppData\Local\Temp\ccK7IQ4D.s:397    .text.USB_SetTurnaroundTime:0000011c $d
C:\Users\DAELT-~1\AppData\Local\Temp\ccK7IQ4D.s:411    .text.USB_EnableGlobalInt:00000000 $t
C:\Users\DAELT-~1\AppData\Local\Temp\ccK7IQ4D.s:417    .text.USB_EnableGlobalInt:00000000 USB_EnableGlobalInt
C:\Users\DAELT-~1\AppData\Local\Temp\ccK7IQ4D.s:462    .text.USB_DisableGlobalInt:00000000 $t
C:\Users\DAELT-~1\AppData\Local\Temp\ccK7IQ4D.s:468    .text.USB_DisableGlobalInt:00000000 USB_DisableGlobalInt
C:\Users\DAELT-~1\AppData\Local\Temp\ccK7IQ4D.s:513    .text.USB_SetCurrentMode:00000000 $t
C:\Users\DAELT-~1\AppData\Local\Temp\ccK7IQ4D.s:519    .text.USB_SetCurrentMode:00000000 USB_SetCurrentMode
C:\Users\DAELT-~1\AppData\Local\Temp\ccK7IQ4D.s:4717   .text.USB_GetMode:00000000 USB_GetMode
C:\Users\DAELT-~1\AppData\Local\Temp\ccK7IQ4D.s:642    .text.USB_DevInit:00000000 $t
C:\Users\DAELT-~1\AppData\Local\Temp\ccK7IQ4D.s:648    .text.USB_DevInit:00000000 USB_DevInit
C:\Users\DAELT-~1\AppData\Local\Temp\ccK7IQ4D.s:1308   .text.USB_SetDevSpeed:00000000 USB_SetDevSpeed
C:\Users\DAELT-~1\AppData\Local\Temp\ccK7IQ4D.s:1109   .text.USB_FlushTxFifo:00000000 USB_FlushTxFifo
C:\Users\DAELT-~1\AppData\Local\Temp\ccK7IQ4D.s:1211   .text.USB_FlushRxFifo:00000000 USB_FlushRxFifo
C:\Users\DAELT-~1\AppData\Local\Temp\ccK7IQ4D.s:1098   .text.USB_DevInit:000002c4 $d
C:\Users\DAELT-~1\AppData\Local\Temp\ccK7IQ4D.s:1103   .text.USB_FlushTxFifo:00000000 $t
C:\Users\DAELT-~1\AppData\Local\Temp\ccK7IQ4D.s:1205   .text.USB_FlushRxFifo:00000000 $t
C:\Users\DAELT-~1\AppData\Local\Temp\ccK7IQ4D.s:1302   .text.USB_SetDevSpeed:00000000 $t
C:\Users\DAELT-~1\AppData\Local\Temp\ccK7IQ4D.s:1363   .text.USB_GetDevSpeed:00000000 $t
C:\Users\DAELT-~1\AppData\Local\Temp\ccK7IQ4D.s:1369   .text.USB_GetDevSpeed:00000000 USB_GetDevSpeed
C:\Users\DAELT-~1\AppData\Local\Temp\ccK7IQ4D.s:1445   .text.USB_ActivateEndpoint:00000000 $t
C:\Users\DAELT-~1\AppData\Local\Temp\ccK7IQ4D.s:1451   .text.USB_ActivateEndpoint:00000000 USB_ActivateEndpoint
C:\Users\DAELT-~1\AppData\Local\Temp\ccK7IQ4D.s:1640   .text.USB_ActivateDedicatedEndpoint:00000000 $t
C:\Users\DAELT-~1\AppData\Local\Temp\ccK7IQ4D.s:1646   .text.USB_ActivateDedicatedEndpoint:00000000 USB_ActivateDedicatedEndpoint
C:\Users\DAELT-~1\AppData\Local\Temp\ccK7IQ4D.s:1841   .text.USB_DeactivateEndpoint:00000000 $t
C:\Users\DAELT-~1\AppData\Local\Temp\ccK7IQ4D.s:1847   .text.USB_DeactivateEndpoint:00000000 USB_DeactivateEndpoint
C:\Users\DAELT-~1\AppData\Local\Temp\ccK7IQ4D.s:2112   .text.USB_DeactivateEndpoint:000001b0 $d
C:\Users\DAELT-~1\AppData\Local\Temp\ccK7IQ4D.s:2118   .text.USB_DeactivateDedicatedEndpoint:00000000 $t
C:\Users\DAELT-~1\AppData\Local\Temp\ccK7IQ4D.s:2124   .text.USB_DeactivateDedicatedEndpoint:00000000 USB_DeactivateDedicatedEndpoint
C:\Users\DAELT-~1\AppData\Local\Temp\ccK7IQ4D.s:2342   .text.USB_EPStartXfer:00000000 $t
C:\Users\DAELT-~1\AppData\Local\Temp\ccK7IQ4D.s:2348   .text.USB_EPStartXfer:00000000 USB_EPStartXfer
C:\Users\DAELT-~1\AppData\Local\Temp\ccK7IQ4D.s:3369   .text.USB_WritePacket:00000000 USB_WritePacket
C:\Users\DAELT-~1\AppData\Local\Temp\ccK7IQ4D.s:2904   .text.USB_EPStartXfer:000003cc $d
C:\Users\DAELT-~1\AppData\Local\Temp\ccK7IQ4D.s:2907   .text.USB_EPStartXfer:000003d0 $t
C:\Users\DAELT-~1\AppData\Local\Temp\ccK7IQ4D.s:3125   .text.USB_EPStartXfer:00000538 $d
C:\Users\DAELT-~1\AppData\Local\Temp\ccK7IQ4D.s:3130   .text.USB_EPStopXfer:00000000 $t
C:\Users\DAELT-~1\AppData\Local\Temp\ccK7IQ4D.s:3136   .text.USB_EPStopXfer:00000000 USB_EPStopXfer
C:\Users\DAELT-~1\AppData\Local\Temp\ccK7IQ4D.s:3363   .text.USB_WritePacket:00000000 $t
C:\Users\DAELT-~1\AppData\Local\Temp\ccK7IQ4D.s:3476   .text.USB_ReadPacket:00000000 $t
C:\Users\DAELT-~1\AppData\Local\Temp\ccK7IQ4D.s:3482   .text.USB_ReadPacket:00000000 USB_ReadPacket
C:\Users\DAELT-~1\AppData\Local\Temp\ccK7IQ4D.s:3623   .text.USB_EPSetStall:00000000 $t
C:\Users\DAELT-~1\AppData\Local\Temp\ccK7IQ4D.s:3629   .text.USB_EPSetStall:00000000 USB_EPSetStall
C:\Users\DAELT-~1\AppData\Local\Temp\ccK7IQ4D.s:3777   .text.USB_EPClearStall:00000000 $t
C:\Users\DAELT-~1\AppData\Local\Temp\ccK7IQ4D.s:3783   .text.USB_EPClearStall:00000000 USB_EPClearStall
C:\Users\DAELT-~1\AppData\Local\Temp\ccK7IQ4D.s:3925   .text.USB_StopDevice:00000000 $t
C:\Users\DAELT-~1\AppData\Local\Temp\ccK7IQ4D.s:3931   .text.USB_StopDevice:00000000 USB_StopDevice
C:\Users\DAELT-~1\AppData\Local\Temp\ccK7IQ4D.s:4052   .text.USB_SetDevAddress:00000000 $t
C:\Users\DAELT-~1\AppData\Local\Temp\ccK7IQ4D.s:4058   .text.USB_SetDevAddress:00000000 USB_SetDevAddress
C:\Users\DAELT-~1\AppData\Local\Temp\ccK7IQ4D.s:4126   .text.USB_DevConnect:00000000 $t
C:\Users\DAELT-~1\AppData\Local\Temp\ccK7IQ4D.s:4132   .text.USB_DevConnect:00000000 USB_DevConnect
C:\Users\DAELT-~1\AppData\Local\Temp\ccK7IQ4D.s:4191   .text.USB_DevDisconnect:00000000 $t
ARM GAS  C:\Users\DAELT-~1\AppData\Local\Temp\ccK7IQ4D.s 			page 177


C:\Users\DAELT-~1\AppData\Local\Temp\ccK7IQ4D.s:4197   .text.USB_DevDisconnect:00000000 USB_DevDisconnect
C:\Users\DAELT-~1\AppData\Local\Temp\ccK7IQ4D.s:4256   .text.USB_ReadInterrupts:00000000 $t
C:\Users\DAELT-~1\AppData\Local\Temp\ccK7IQ4D.s:4262   .text.USB_ReadInterrupts:00000000 USB_ReadInterrupts
C:\Users\DAELT-~1\AppData\Local\Temp\ccK7IQ4D.s:4311   .text.USB_ReadChInterrupts:00000000 $t
C:\Users\DAELT-~1\AppData\Local\Temp\ccK7IQ4D.s:4317   .text.USB_ReadChInterrupts:00000000 USB_ReadChInterrupts
C:\Users\DAELT-~1\AppData\Local\Temp\ccK7IQ4D.s:4381   .text.USB_ReadDevAllOutEpInterrupt:00000000 $t
C:\Users\DAELT-~1\AppData\Local\Temp\ccK7IQ4D.s:4387   .text.USB_ReadDevAllOutEpInterrupt:00000000 USB_ReadDevAllOutEpInterrupt
C:\Users\DAELT-~1\AppData\Local\Temp\ccK7IQ4D.s:4444   .text.USB_ReadDevAllInEpInterrupt:00000000 $t
C:\Users\DAELT-~1\AppData\Local\Temp\ccK7IQ4D.s:4450   .text.USB_ReadDevAllInEpInterrupt:00000000 USB_ReadDevAllInEpInterrupt
C:\Users\DAELT-~1\AppData\Local\Temp\ccK7IQ4D.s:4507   .text.USB_ReadDevOutEPInterrupt:00000000 $t
C:\Users\DAELT-~1\AppData\Local\Temp\ccK7IQ4D.s:4513   .text.USB_ReadDevOutEPInterrupt:00000000 USB_ReadDevOutEPInterrupt
C:\Users\DAELT-~1\AppData\Local\Temp\ccK7IQ4D.s:4574   .text.USB_ReadDevInEPInterrupt:00000000 $t
C:\Users\DAELT-~1\AppData\Local\Temp\ccK7IQ4D.s:4580   .text.USB_ReadDevInEPInterrupt:00000000 USB_ReadDevInEPInterrupt
C:\Users\DAELT-~1\AppData\Local\Temp\ccK7IQ4D.s:4660   .text.USB_ClearInterrupts:00000000 $t
C:\Users\DAELT-~1\AppData\Local\Temp\ccK7IQ4D.s:4666   .text.USB_ClearInterrupts:00000000 USB_ClearInterrupts
C:\Users\DAELT-~1\AppData\Local\Temp\ccK7IQ4D.s:4711   .text.USB_GetMode:00000000 $t
C:\Users\DAELT-~1\AppData\Local\Temp\ccK7IQ4D.s:4758   .text.USB_ActivateSetup:00000000 $t
C:\Users\DAELT-~1\AppData\Local\Temp\ccK7IQ4D.s:4764   .text.USB_ActivateSetup:00000000 USB_ActivateSetup
C:\Users\DAELT-~1\AppData\Local\Temp\ccK7IQ4D.s:4824   .text.USB_EP0_OutStart:00000000 $t
C:\Users\DAELT-~1\AppData\Local\Temp\ccK7IQ4D.s:4830   .text.USB_EP0_OutStart:00000000 USB_EP0_OutStart
C:\Users\DAELT-~1\AppData\Local\Temp\ccK7IQ4D.s:4957   .text.USB_EP0_OutStart:000000b8 $d
C:\Users\DAELT-~1\AppData\Local\Temp\ccK7IQ4D.s:4962   .text.USB_CoreReset:00000000 $t
C:\Users\DAELT-~1\AppData\Local\Temp\ccK7IQ4D.s:5073   .text.USB_HostInit:00000000 $t
C:\Users\DAELT-~1\AppData\Local\Temp\ccK7IQ4D.s:5079   .text.USB_HostInit:00000000 USB_HostInit
C:\Users\DAELT-~1\AppData\Local\Temp\ccK7IQ4D.s:5306   .text.USB_HostInit:00000150 $d
C:\Users\DAELT-~1\AppData\Local\Temp\ccK7IQ4D.s:5313   .text.USB_InitFSLSPClkSel:00000000 $t
C:\Users\DAELT-~1\AppData\Local\Temp\ccK7IQ4D.s:5319   .text.USB_InitFSLSPClkSel:00000000 USB_InitFSLSPClkSel
C:\Users\DAELT-~1\AppData\Local\Temp\ccK7IQ4D.s:5415   .text.USB_ResetPort:00000000 $t
C:\Users\DAELT-~1\AppData\Local\Temp\ccK7IQ4D.s:5421   .text.USB_ResetPort:00000000 USB_ResetPort
C:\Users\DAELT-~1\AppData\Local\Temp\ccK7IQ4D.s:5495   .text.USB_DriveVbus:00000000 $t
C:\Users\DAELT-~1\AppData\Local\Temp\ccK7IQ4D.s:5501   .text.USB_DriveVbus:00000000 USB_DriveVbus
C:\Users\DAELT-~1\AppData\Local\Temp\ccK7IQ4D.s:5597   .text.USB_GetHostSpeed:00000000 $t
C:\Users\DAELT-~1\AppData\Local\Temp\ccK7IQ4D.s:5603   .text.USB_GetHostSpeed:00000000 USB_GetHostSpeed
C:\Users\DAELT-~1\AppData\Local\Temp\ccK7IQ4D.s:5655   .text.USB_GetCurrentFrame:00000000 $t
C:\Users\DAELT-~1\AppData\Local\Temp\ccK7IQ4D.s:5661   .text.USB_GetCurrentFrame:00000000 USB_GetCurrentFrame
C:\Users\DAELT-~1\AppData\Local\Temp\ccK7IQ4D.s:5707   .text.USB_HC_Init:00000000 $t
C:\Users\DAELT-~1\AppData\Local\Temp\ccK7IQ4D.s:5713   .text.USB_HC_Init:00000000 USB_HC_Init
C:\Users\DAELT-~1\AppData\Local\Temp\ccK7IQ4D.s:5764   .text.USB_HC_Init:00000044 $d
C:\Users\DAELT-~1\AppData\Local\Temp\ccK7IQ4D.s:5768   .text.USB_HC_Init:00000054 $t
C:\Users\DAELT-~1\AppData\Local\Temp\ccK7IQ4D.s:6052   .text.USB_HC_StartXfer:00000000 $t
C:\Users\DAELT-~1\AppData\Local\Temp\ccK7IQ4D.s:6058   .text.USB_HC_StartXfer:00000000 USB_HC_StartXfer
C:\Users\DAELT-~1\AppData\Local\Temp\ccK7IQ4D.s:6549   .text.USB_HC_StartXfer:000002d0 $d
C:\Users\DAELT-~1\AppData\Local\Temp\ccK7IQ4D.s:6553   .text.USB_HC_StartXfer:000002e0 $t
C:\Users\DAELT-~1\AppData\Local\Temp\ccK7IQ4D.s:6697   .text.USB_HC_StartXfer:000003d4 $d
C:\Users\DAELT-~1\AppData\Local\Temp\ccK7IQ4D.s:6700   .text.USB_HC_StartXfer:000003d8 $t
C:\Users\DAELT-~1\AppData\Local\Temp\ccK7IQ4D.s:6727   .text.USB_HC_StartXfer:00000400 $d
C:\Users\DAELT-~1\AppData\Local\Temp\ccK7IQ4D.s:6731   .text.USB_HC_StartXfer:00000410 $t
C:\Users\DAELT-~1\AppData\Local\Temp\ccK7IQ4D.s:6836   .text.USB_HC_ReadInterrupt:00000000 $t
C:\Users\DAELT-~1\AppData\Local\Temp\ccK7IQ4D.s:6842   .text.USB_HC_ReadInterrupt:00000000 USB_HC_ReadInterrupt
C:\Users\DAELT-~1\AppData\Local\Temp\ccK7IQ4D.s:6888   .text.USB_HC_Halt:00000000 $t
C:\Users\DAELT-~1\AppData\Local\Temp\ccK7IQ4D.s:6894   .text.USB_HC_Halt:00000000 USB_HC_Halt
C:\Users\DAELT-~1\AppData\Local\Temp\ccK7IQ4D.s:7249   .text.USB_DoPing:00000000 $t
C:\Users\DAELT-~1\AppData\Local\Temp\ccK7IQ4D.s:7255   .text.USB_DoPing:00000000 USB_DoPing
C:\Users\DAELT-~1\AppData\Local\Temp\ccK7IQ4D.s:7346   .text.USB_DoPing:00000074 $d
C:\Users\DAELT-~1\AppData\Local\Temp\ccK7IQ4D.s:7351   .text.USB_StopHost:00000000 $t
C:\Users\DAELT-~1\AppData\Local\Temp\ccK7IQ4D.s:7357   .text.USB_StopHost:00000000 USB_StopHost
C:\Users\DAELT-~1\AppData\Local\Temp\ccK7IQ4D.s:7560   .text.USB_ActivateRemoteWakeup:00000000 $t
ARM GAS  C:\Users\DAELT-~1\AppData\Local\Temp\ccK7IQ4D.s 			page 178


C:\Users\DAELT-~1\AppData\Local\Temp\ccK7IQ4D.s:7566   .text.USB_ActivateRemoteWakeup:00000000 USB_ActivateRemoteWakeup
C:\Users\DAELT-~1\AppData\Local\Temp\ccK7IQ4D.s:7627   .text.USB_DeActivateRemoteWakeup:00000000 $t
C:\Users\DAELT-~1\AppData\Local\Temp\ccK7IQ4D.s:7633   .text.USB_DeActivateRemoteWakeup:00000000 USB_DeActivateRemoteWakeup

UNDEFINED SYMBOLS
HAL_Delay
