ARM GAS  C:\Users\DAELT-~1\AppData\Local\Temp\cceeRwBp.s 			page 1


   1              		.cpu cortex-m4
   2              		.arch armv7e-m
   3              		.fpu fpv4-sp-d16
   4              		.eabi_attribute 27, 1
   5              		.eabi_attribute 28, 1
   6              		.eabi_attribute 20, 1
   7              		.eabi_attribute 21, 1
   8              		.eabi_attribute 23, 3
   9              		.eabi_attribute 24, 1
  10              		.eabi_attribute 25, 1
  11              		.eabi_attribute 26, 1
  12              		.eabi_attribute 30, 6
  13              		.eabi_attribute 34, 1
  14              		.eabi_attribute 18, 4
  15              		.file	"usbd_ctlreq.c"
  16              		.text
  17              	.Ltext0:
  18              		.cfi_sections	.debug_frame
  19              		.file 1 "Middlewares/ST/STM32_USB_Device_Library/Core/Src/usbd_ctlreq.c"
  20              		.section	.text.SWAPBYTE,"ax",%progbits
  21              		.align	1
  22              		.syntax unified
  23              		.thumb
  24              		.thumb_func
  26              	SWAPBYTE:
  27              	.LFB223:
  28              		.file 2 "Middlewares/ST/STM32_USB_Device_Library/Core/Inc/usbd_def.h"
   1:Middlewares/ST/STM32_USB_Device_Library/Core/Inc/usbd_def.h **** /**
   2:Middlewares/ST/STM32_USB_Device_Library/Core/Inc/usbd_def.h ****   ******************************************************************************
   3:Middlewares/ST/STM32_USB_Device_Library/Core/Inc/usbd_def.h ****   * @file    usbd_def.h
   4:Middlewares/ST/STM32_USB_Device_Library/Core/Inc/usbd_def.h ****   * @author  MCD Application Team
   5:Middlewares/ST/STM32_USB_Device_Library/Core/Inc/usbd_def.h ****   * @brief   General defines for the usb device library
   6:Middlewares/ST/STM32_USB_Device_Library/Core/Inc/usbd_def.h ****   ******************************************************************************
   7:Middlewares/ST/STM32_USB_Device_Library/Core/Inc/usbd_def.h ****   * @attention
   8:Middlewares/ST/STM32_USB_Device_Library/Core/Inc/usbd_def.h ****   *
   9:Middlewares/ST/STM32_USB_Device_Library/Core/Inc/usbd_def.h ****   * Copyright (c) 2015 STMicroelectronics.
  10:Middlewares/ST/STM32_USB_Device_Library/Core/Inc/usbd_def.h ****   * All rights reserved.
  11:Middlewares/ST/STM32_USB_Device_Library/Core/Inc/usbd_def.h ****   *
  12:Middlewares/ST/STM32_USB_Device_Library/Core/Inc/usbd_def.h ****   * This software is licensed under terms that can be found in the LICENSE file
  13:Middlewares/ST/STM32_USB_Device_Library/Core/Inc/usbd_def.h ****   * in the root directory of this software component.
  14:Middlewares/ST/STM32_USB_Device_Library/Core/Inc/usbd_def.h ****   * If no LICENSE file comes with this software, it is provided AS-IS.
  15:Middlewares/ST/STM32_USB_Device_Library/Core/Inc/usbd_def.h ****   *
  16:Middlewares/ST/STM32_USB_Device_Library/Core/Inc/usbd_def.h ****   ******************************************************************************
  17:Middlewares/ST/STM32_USB_Device_Library/Core/Inc/usbd_def.h ****   */
  18:Middlewares/ST/STM32_USB_Device_Library/Core/Inc/usbd_def.h **** 
  19:Middlewares/ST/STM32_USB_Device_Library/Core/Inc/usbd_def.h **** /* Define to prevent recursive inclusion -------------------------------------*/
  20:Middlewares/ST/STM32_USB_Device_Library/Core/Inc/usbd_def.h **** #ifndef __USBD_DEF_H
  21:Middlewares/ST/STM32_USB_Device_Library/Core/Inc/usbd_def.h **** #define __USBD_DEF_H
  22:Middlewares/ST/STM32_USB_Device_Library/Core/Inc/usbd_def.h **** 
  23:Middlewares/ST/STM32_USB_Device_Library/Core/Inc/usbd_def.h **** #ifdef __cplusplus
  24:Middlewares/ST/STM32_USB_Device_Library/Core/Inc/usbd_def.h **** extern "C" {
  25:Middlewares/ST/STM32_USB_Device_Library/Core/Inc/usbd_def.h **** #endif
  26:Middlewares/ST/STM32_USB_Device_Library/Core/Inc/usbd_def.h **** 
  27:Middlewares/ST/STM32_USB_Device_Library/Core/Inc/usbd_def.h **** /* Includes ------------------------------------------------------------------*/
  28:Middlewares/ST/STM32_USB_Device_Library/Core/Inc/usbd_def.h **** #include "usbd_conf.h"
  29:Middlewares/ST/STM32_USB_Device_Library/Core/Inc/usbd_def.h **** 
  30:Middlewares/ST/STM32_USB_Device_Library/Core/Inc/usbd_def.h **** /** @addtogroup STM32_USBD_DEVICE_LIBRARY
ARM GAS  C:\Users\DAELT-~1\AppData\Local\Temp\cceeRwBp.s 			page 2


  31:Middlewares/ST/STM32_USB_Device_Library/Core/Inc/usbd_def.h ****   * @{
  32:Middlewares/ST/STM32_USB_Device_Library/Core/Inc/usbd_def.h ****   */
  33:Middlewares/ST/STM32_USB_Device_Library/Core/Inc/usbd_def.h **** 
  34:Middlewares/ST/STM32_USB_Device_Library/Core/Inc/usbd_def.h **** /** @defgroup USB_DEF
  35:Middlewares/ST/STM32_USB_Device_Library/Core/Inc/usbd_def.h ****   * @brief general defines for the usb device library file
  36:Middlewares/ST/STM32_USB_Device_Library/Core/Inc/usbd_def.h ****   * @{
  37:Middlewares/ST/STM32_USB_Device_Library/Core/Inc/usbd_def.h ****   */
  38:Middlewares/ST/STM32_USB_Device_Library/Core/Inc/usbd_def.h **** 
  39:Middlewares/ST/STM32_USB_Device_Library/Core/Inc/usbd_def.h **** /** @defgroup USB_DEF_Exported_Defines
  40:Middlewares/ST/STM32_USB_Device_Library/Core/Inc/usbd_def.h ****   * @{
  41:Middlewares/ST/STM32_USB_Device_Library/Core/Inc/usbd_def.h ****   */
  42:Middlewares/ST/STM32_USB_Device_Library/Core/Inc/usbd_def.h **** 
  43:Middlewares/ST/STM32_USB_Device_Library/Core/Inc/usbd_def.h **** #ifndef NULL
  44:Middlewares/ST/STM32_USB_Device_Library/Core/Inc/usbd_def.h **** #define NULL                                            0U
  45:Middlewares/ST/STM32_USB_Device_Library/Core/Inc/usbd_def.h **** #endif /* NULL */
  46:Middlewares/ST/STM32_USB_Device_Library/Core/Inc/usbd_def.h **** 
  47:Middlewares/ST/STM32_USB_Device_Library/Core/Inc/usbd_def.h **** #ifndef USBD_MAX_NUM_INTERFACES
  48:Middlewares/ST/STM32_USB_Device_Library/Core/Inc/usbd_def.h **** #define USBD_MAX_NUM_INTERFACES                         1U
  49:Middlewares/ST/STM32_USB_Device_Library/Core/Inc/usbd_def.h **** #endif /* USBD_MAX_NUM_CONFIGURATION */
  50:Middlewares/ST/STM32_USB_Device_Library/Core/Inc/usbd_def.h **** 
  51:Middlewares/ST/STM32_USB_Device_Library/Core/Inc/usbd_def.h **** #ifndef USBD_MAX_NUM_CONFIGURATION
  52:Middlewares/ST/STM32_USB_Device_Library/Core/Inc/usbd_def.h **** #define USBD_MAX_NUM_CONFIGURATION                      1U
  53:Middlewares/ST/STM32_USB_Device_Library/Core/Inc/usbd_def.h **** #endif /* USBD_MAX_NUM_CONFIGURATION */
  54:Middlewares/ST/STM32_USB_Device_Library/Core/Inc/usbd_def.h **** 
  55:Middlewares/ST/STM32_USB_Device_Library/Core/Inc/usbd_def.h **** #ifdef USE_USBD_COMPOSITE
  56:Middlewares/ST/STM32_USB_Device_Library/Core/Inc/usbd_def.h **** #ifndef USBD_MAX_SUPPORTED_CLASS
  57:Middlewares/ST/STM32_USB_Device_Library/Core/Inc/usbd_def.h **** #define USBD_MAX_SUPPORTED_CLASS                       4U
  58:Middlewares/ST/STM32_USB_Device_Library/Core/Inc/usbd_def.h **** #endif /* USBD_MAX_SUPPORTED_CLASS */
  59:Middlewares/ST/STM32_USB_Device_Library/Core/Inc/usbd_def.h **** #else
  60:Middlewares/ST/STM32_USB_Device_Library/Core/Inc/usbd_def.h **** #ifndef USBD_MAX_SUPPORTED_CLASS
  61:Middlewares/ST/STM32_USB_Device_Library/Core/Inc/usbd_def.h **** #define USBD_MAX_SUPPORTED_CLASS                       1U
  62:Middlewares/ST/STM32_USB_Device_Library/Core/Inc/usbd_def.h **** #endif /* USBD_MAX_SUPPORTED_CLASS */
  63:Middlewares/ST/STM32_USB_Device_Library/Core/Inc/usbd_def.h **** #endif /* USE_USBD_COMPOSITE */
  64:Middlewares/ST/STM32_USB_Device_Library/Core/Inc/usbd_def.h **** 
  65:Middlewares/ST/STM32_USB_Device_Library/Core/Inc/usbd_def.h **** #ifndef USBD_MAX_CLASS_ENDPOINTS
  66:Middlewares/ST/STM32_USB_Device_Library/Core/Inc/usbd_def.h **** #define USBD_MAX_CLASS_ENDPOINTS                       5U
  67:Middlewares/ST/STM32_USB_Device_Library/Core/Inc/usbd_def.h **** #endif /* USBD_MAX_CLASS_ENDPOINTS */
  68:Middlewares/ST/STM32_USB_Device_Library/Core/Inc/usbd_def.h **** 
  69:Middlewares/ST/STM32_USB_Device_Library/Core/Inc/usbd_def.h **** #ifndef USBD_MAX_CLASS_INTERFACES
  70:Middlewares/ST/STM32_USB_Device_Library/Core/Inc/usbd_def.h **** #define USBD_MAX_CLASS_INTERFACES                      5U
  71:Middlewares/ST/STM32_USB_Device_Library/Core/Inc/usbd_def.h **** #endif /* USBD_MAX_CLASS_INTERFACES */
  72:Middlewares/ST/STM32_USB_Device_Library/Core/Inc/usbd_def.h **** 
  73:Middlewares/ST/STM32_USB_Device_Library/Core/Inc/usbd_def.h **** #ifndef USBD_LPM_ENABLED
  74:Middlewares/ST/STM32_USB_Device_Library/Core/Inc/usbd_def.h **** #define USBD_LPM_ENABLED                                0U
  75:Middlewares/ST/STM32_USB_Device_Library/Core/Inc/usbd_def.h **** #endif /* USBD_LPM_ENABLED */
  76:Middlewares/ST/STM32_USB_Device_Library/Core/Inc/usbd_def.h **** 
  77:Middlewares/ST/STM32_USB_Device_Library/Core/Inc/usbd_def.h **** #ifndef USBD_SELF_POWERED
  78:Middlewares/ST/STM32_USB_Device_Library/Core/Inc/usbd_def.h **** #define USBD_SELF_POWERED                               1U
  79:Middlewares/ST/STM32_USB_Device_Library/Core/Inc/usbd_def.h **** #endif /*USBD_SELF_POWERED */
  80:Middlewares/ST/STM32_USB_Device_Library/Core/Inc/usbd_def.h **** 
  81:Middlewares/ST/STM32_USB_Device_Library/Core/Inc/usbd_def.h **** #ifndef USBD_MAX_POWER
  82:Middlewares/ST/STM32_USB_Device_Library/Core/Inc/usbd_def.h **** #define USBD_MAX_POWER                                  0x32U /* 100 mA */
  83:Middlewares/ST/STM32_USB_Device_Library/Core/Inc/usbd_def.h **** #endif /* USBD_MAX_POWER */
  84:Middlewares/ST/STM32_USB_Device_Library/Core/Inc/usbd_def.h **** 
  85:Middlewares/ST/STM32_USB_Device_Library/Core/Inc/usbd_def.h **** #ifndef USBD_SUPPORT_USER_STRING_DESC
  86:Middlewares/ST/STM32_USB_Device_Library/Core/Inc/usbd_def.h **** #define USBD_SUPPORT_USER_STRING_DESC                   0U
  87:Middlewares/ST/STM32_USB_Device_Library/Core/Inc/usbd_def.h **** #endif /* USBD_SUPPORT_USER_STRING_DESC */
ARM GAS  C:\Users\DAELT-~1\AppData\Local\Temp\cceeRwBp.s 			page 3


  88:Middlewares/ST/STM32_USB_Device_Library/Core/Inc/usbd_def.h **** 
  89:Middlewares/ST/STM32_USB_Device_Library/Core/Inc/usbd_def.h **** #ifndef USBD_CLASS_USER_STRING_DESC
  90:Middlewares/ST/STM32_USB_Device_Library/Core/Inc/usbd_def.h **** #define USBD_CLASS_USER_STRING_DESC                     0U
  91:Middlewares/ST/STM32_USB_Device_Library/Core/Inc/usbd_def.h **** #endif /* USBD_CLASS_USER_STRING_DESC */
  92:Middlewares/ST/STM32_USB_Device_Library/Core/Inc/usbd_def.h **** 
  93:Middlewares/ST/STM32_USB_Device_Library/Core/Inc/usbd_def.h **** #define  USB_LEN_DEV_QUALIFIER_DESC                     0x0AU
  94:Middlewares/ST/STM32_USB_Device_Library/Core/Inc/usbd_def.h **** #define  USB_LEN_DEV_DESC                               0x12U
  95:Middlewares/ST/STM32_USB_Device_Library/Core/Inc/usbd_def.h **** #define  USB_LEN_CFG_DESC                               0x09U
  96:Middlewares/ST/STM32_USB_Device_Library/Core/Inc/usbd_def.h **** #define  USB_LEN_IF_DESC                                0x09U
  97:Middlewares/ST/STM32_USB_Device_Library/Core/Inc/usbd_def.h **** #define  USB_LEN_EP_DESC                                0x07U
  98:Middlewares/ST/STM32_USB_Device_Library/Core/Inc/usbd_def.h **** #define  USB_LEN_OTG_DESC                               0x03U
  99:Middlewares/ST/STM32_USB_Device_Library/Core/Inc/usbd_def.h **** #define  USB_LEN_LANGID_STR_DESC                        0x04U
 100:Middlewares/ST/STM32_USB_Device_Library/Core/Inc/usbd_def.h **** #define  USB_LEN_OTHER_SPEED_DESC_SIZ                   0x09U
 101:Middlewares/ST/STM32_USB_Device_Library/Core/Inc/usbd_def.h **** 
 102:Middlewares/ST/STM32_USB_Device_Library/Core/Inc/usbd_def.h **** #define  USBD_IDX_LANGID_STR                            0x00U
 103:Middlewares/ST/STM32_USB_Device_Library/Core/Inc/usbd_def.h **** #define  USBD_IDX_MFC_STR                               0x01U
 104:Middlewares/ST/STM32_USB_Device_Library/Core/Inc/usbd_def.h **** #define  USBD_IDX_PRODUCT_STR                           0x02U
 105:Middlewares/ST/STM32_USB_Device_Library/Core/Inc/usbd_def.h **** #define  USBD_IDX_SERIAL_STR                            0x03U
 106:Middlewares/ST/STM32_USB_Device_Library/Core/Inc/usbd_def.h **** #define  USBD_IDX_CONFIG_STR                            0x04U
 107:Middlewares/ST/STM32_USB_Device_Library/Core/Inc/usbd_def.h **** #define  USBD_IDX_INTERFACE_STR                         0x05U
 108:Middlewares/ST/STM32_USB_Device_Library/Core/Inc/usbd_def.h **** 
 109:Middlewares/ST/STM32_USB_Device_Library/Core/Inc/usbd_def.h **** #define  USB_REQ_TYPE_STANDARD                          0x00U
 110:Middlewares/ST/STM32_USB_Device_Library/Core/Inc/usbd_def.h **** #define  USB_REQ_TYPE_CLASS                             0x20U
 111:Middlewares/ST/STM32_USB_Device_Library/Core/Inc/usbd_def.h **** #define  USB_REQ_TYPE_VENDOR                            0x40U
 112:Middlewares/ST/STM32_USB_Device_Library/Core/Inc/usbd_def.h **** #define  USB_REQ_TYPE_MASK                              0x60U
 113:Middlewares/ST/STM32_USB_Device_Library/Core/Inc/usbd_def.h **** 
 114:Middlewares/ST/STM32_USB_Device_Library/Core/Inc/usbd_def.h **** #define  USB_REQ_RECIPIENT_DEVICE                       0x00U
 115:Middlewares/ST/STM32_USB_Device_Library/Core/Inc/usbd_def.h **** #define  USB_REQ_RECIPIENT_INTERFACE                    0x01U
 116:Middlewares/ST/STM32_USB_Device_Library/Core/Inc/usbd_def.h **** #define  USB_REQ_RECIPIENT_ENDPOINT                     0x02U
 117:Middlewares/ST/STM32_USB_Device_Library/Core/Inc/usbd_def.h **** #define  USB_REQ_RECIPIENT_MASK                         0x03U
 118:Middlewares/ST/STM32_USB_Device_Library/Core/Inc/usbd_def.h **** 
 119:Middlewares/ST/STM32_USB_Device_Library/Core/Inc/usbd_def.h **** #define  USB_REQ_GET_STATUS                             0x00U
 120:Middlewares/ST/STM32_USB_Device_Library/Core/Inc/usbd_def.h **** #define  USB_REQ_CLEAR_FEATURE                          0x01U
 121:Middlewares/ST/STM32_USB_Device_Library/Core/Inc/usbd_def.h **** #define  USB_REQ_SET_FEATURE                            0x03U
 122:Middlewares/ST/STM32_USB_Device_Library/Core/Inc/usbd_def.h **** #define  USB_REQ_SET_ADDRESS                            0x05U
 123:Middlewares/ST/STM32_USB_Device_Library/Core/Inc/usbd_def.h **** #define  USB_REQ_GET_DESCRIPTOR                         0x06U
 124:Middlewares/ST/STM32_USB_Device_Library/Core/Inc/usbd_def.h **** #define  USB_REQ_SET_DESCRIPTOR                         0x07U
 125:Middlewares/ST/STM32_USB_Device_Library/Core/Inc/usbd_def.h **** #define  USB_REQ_GET_CONFIGURATION                      0x08U
 126:Middlewares/ST/STM32_USB_Device_Library/Core/Inc/usbd_def.h **** #define  USB_REQ_SET_CONFIGURATION                      0x09U
 127:Middlewares/ST/STM32_USB_Device_Library/Core/Inc/usbd_def.h **** #define  USB_REQ_GET_INTERFACE                          0x0AU
 128:Middlewares/ST/STM32_USB_Device_Library/Core/Inc/usbd_def.h **** #define  USB_REQ_SET_INTERFACE                          0x0BU
 129:Middlewares/ST/STM32_USB_Device_Library/Core/Inc/usbd_def.h **** #define  USB_REQ_SYNCH_FRAME                            0x0CU
 130:Middlewares/ST/STM32_USB_Device_Library/Core/Inc/usbd_def.h **** 
 131:Middlewares/ST/STM32_USB_Device_Library/Core/Inc/usbd_def.h **** #define  USB_DESC_TYPE_DEVICE                           0x01U
 132:Middlewares/ST/STM32_USB_Device_Library/Core/Inc/usbd_def.h **** #define  USB_DESC_TYPE_CONFIGURATION                    0x02U
 133:Middlewares/ST/STM32_USB_Device_Library/Core/Inc/usbd_def.h **** #define  USB_DESC_TYPE_STRING                           0x03U
 134:Middlewares/ST/STM32_USB_Device_Library/Core/Inc/usbd_def.h **** #define  USB_DESC_TYPE_INTERFACE                        0x04U
 135:Middlewares/ST/STM32_USB_Device_Library/Core/Inc/usbd_def.h **** #define  USB_DESC_TYPE_ENDPOINT                         0x05U
 136:Middlewares/ST/STM32_USB_Device_Library/Core/Inc/usbd_def.h **** #define  USB_DESC_TYPE_DEVICE_QUALIFIER                 0x06U
 137:Middlewares/ST/STM32_USB_Device_Library/Core/Inc/usbd_def.h **** #define  USB_DESC_TYPE_OTHER_SPEED_CONFIGURATION        0x07U
 138:Middlewares/ST/STM32_USB_Device_Library/Core/Inc/usbd_def.h **** #define  USB_DESC_TYPE_IAD                              0x0BU
 139:Middlewares/ST/STM32_USB_Device_Library/Core/Inc/usbd_def.h **** #define  USB_DESC_TYPE_BOS                              0x0FU
 140:Middlewares/ST/STM32_USB_Device_Library/Core/Inc/usbd_def.h **** 
 141:Middlewares/ST/STM32_USB_Device_Library/Core/Inc/usbd_def.h **** #define USB_CONFIG_REMOTE_WAKEUP                        0x02U
 142:Middlewares/ST/STM32_USB_Device_Library/Core/Inc/usbd_def.h **** #define USB_CONFIG_SELF_POWERED                         0x01U
 143:Middlewares/ST/STM32_USB_Device_Library/Core/Inc/usbd_def.h **** 
 144:Middlewares/ST/STM32_USB_Device_Library/Core/Inc/usbd_def.h **** #define USB_FEATURE_EP_HALT                             0x00U
ARM GAS  C:\Users\DAELT-~1\AppData\Local\Temp\cceeRwBp.s 			page 4


 145:Middlewares/ST/STM32_USB_Device_Library/Core/Inc/usbd_def.h **** #define USB_FEATURE_REMOTE_WAKEUP                       0x01U
 146:Middlewares/ST/STM32_USB_Device_Library/Core/Inc/usbd_def.h **** #define USB_FEATURE_TEST_MODE                           0x02U
 147:Middlewares/ST/STM32_USB_Device_Library/Core/Inc/usbd_def.h **** 
 148:Middlewares/ST/STM32_USB_Device_Library/Core/Inc/usbd_def.h **** #define USB_DEVICE_CAPABITY_TYPE                        0x10U
 149:Middlewares/ST/STM32_USB_Device_Library/Core/Inc/usbd_def.h **** 
 150:Middlewares/ST/STM32_USB_Device_Library/Core/Inc/usbd_def.h **** #define USB_CONF_DESC_SIZE                              0x09U
 151:Middlewares/ST/STM32_USB_Device_Library/Core/Inc/usbd_def.h **** #define USB_IF_DESC_SIZE                                0x09U
 152:Middlewares/ST/STM32_USB_Device_Library/Core/Inc/usbd_def.h **** #define USB_EP_DESC_SIZE                                0x07U
 153:Middlewares/ST/STM32_USB_Device_Library/Core/Inc/usbd_def.h **** #define USB_IAD_DESC_SIZE                               0x08U
 154:Middlewares/ST/STM32_USB_Device_Library/Core/Inc/usbd_def.h **** 
 155:Middlewares/ST/STM32_USB_Device_Library/Core/Inc/usbd_def.h **** #define USB_HS_MAX_PACKET_SIZE                          512U
 156:Middlewares/ST/STM32_USB_Device_Library/Core/Inc/usbd_def.h **** #define USB_FS_MAX_PACKET_SIZE                          64U
 157:Middlewares/ST/STM32_USB_Device_Library/Core/Inc/usbd_def.h **** #define USB_MAX_EP0_SIZE                                64U
 158:Middlewares/ST/STM32_USB_Device_Library/Core/Inc/usbd_def.h **** 
 159:Middlewares/ST/STM32_USB_Device_Library/Core/Inc/usbd_def.h **** /*  Device Status */
 160:Middlewares/ST/STM32_USB_Device_Library/Core/Inc/usbd_def.h **** #define USBD_STATE_DEFAULT                              0x01U
 161:Middlewares/ST/STM32_USB_Device_Library/Core/Inc/usbd_def.h **** #define USBD_STATE_ADDRESSED                            0x02U
 162:Middlewares/ST/STM32_USB_Device_Library/Core/Inc/usbd_def.h **** #define USBD_STATE_CONFIGURED                           0x03U
 163:Middlewares/ST/STM32_USB_Device_Library/Core/Inc/usbd_def.h **** #define USBD_STATE_SUSPENDED                            0x04U
 164:Middlewares/ST/STM32_USB_Device_Library/Core/Inc/usbd_def.h **** 
 165:Middlewares/ST/STM32_USB_Device_Library/Core/Inc/usbd_def.h **** 
 166:Middlewares/ST/STM32_USB_Device_Library/Core/Inc/usbd_def.h **** /*  EP0 State */
 167:Middlewares/ST/STM32_USB_Device_Library/Core/Inc/usbd_def.h **** #define USBD_EP0_IDLE                                   0x00U
 168:Middlewares/ST/STM32_USB_Device_Library/Core/Inc/usbd_def.h **** #define USBD_EP0_SETUP                                  0x01U
 169:Middlewares/ST/STM32_USB_Device_Library/Core/Inc/usbd_def.h **** #define USBD_EP0_DATA_IN                                0x02U
 170:Middlewares/ST/STM32_USB_Device_Library/Core/Inc/usbd_def.h **** #define USBD_EP0_DATA_OUT                               0x03U
 171:Middlewares/ST/STM32_USB_Device_Library/Core/Inc/usbd_def.h **** #define USBD_EP0_STATUS_IN                              0x04U
 172:Middlewares/ST/STM32_USB_Device_Library/Core/Inc/usbd_def.h **** #define USBD_EP0_STATUS_OUT                             0x05U
 173:Middlewares/ST/STM32_USB_Device_Library/Core/Inc/usbd_def.h **** #define USBD_EP0_STALL                                  0x06U
 174:Middlewares/ST/STM32_USB_Device_Library/Core/Inc/usbd_def.h **** 
 175:Middlewares/ST/STM32_USB_Device_Library/Core/Inc/usbd_def.h **** #define USBD_EP_TYPE_CTRL                               0x00U
 176:Middlewares/ST/STM32_USB_Device_Library/Core/Inc/usbd_def.h **** #define USBD_EP_TYPE_ISOC                               0x01U
 177:Middlewares/ST/STM32_USB_Device_Library/Core/Inc/usbd_def.h **** #define USBD_EP_TYPE_BULK                               0x02U
 178:Middlewares/ST/STM32_USB_Device_Library/Core/Inc/usbd_def.h **** #define USBD_EP_TYPE_INTR                               0x03U
 179:Middlewares/ST/STM32_USB_Device_Library/Core/Inc/usbd_def.h **** 
 180:Middlewares/ST/STM32_USB_Device_Library/Core/Inc/usbd_def.h **** #ifdef USE_USBD_COMPOSITE
 181:Middlewares/ST/STM32_USB_Device_Library/Core/Inc/usbd_def.h **** #define USBD_EP_IN                                      0x80U
 182:Middlewares/ST/STM32_USB_Device_Library/Core/Inc/usbd_def.h **** #define USBD_EP_OUT                                     0x00U
 183:Middlewares/ST/STM32_USB_Device_Library/Core/Inc/usbd_def.h **** #define USBD_FUNC_DESCRIPTOR_TYPE                       0x24U
 184:Middlewares/ST/STM32_USB_Device_Library/Core/Inc/usbd_def.h **** #define USBD_DESC_SUBTYPE_ACM                           0x0FU
 185:Middlewares/ST/STM32_USB_Device_Library/Core/Inc/usbd_def.h **** #define USBD_DESC_ECM_BCD_LOW                           0x00U
 186:Middlewares/ST/STM32_USB_Device_Library/Core/Inc/usbd_def.h **** #define USBD_DESC_ECM_BCD_HIGH                          0x10U
 187:Middlewares/ST/STM32_USB_Device_Library/Core/Inc/usbd_def.h **** #endif /* USE_USBD_COMPOSITE */
 188:Middlewares/ST/STM32_USB_Device_Library/Core/Inc/usbd_def.h **** /**
 189:Middlewares/ST/STM32_USB_Device_Library/Core/Inc/usbd_def.h ****   * @}
 190:Middlewares/ST/STM32_USB_Device_Library/Core/Inc/usbd_def.h ****   */
 191:Middlewares/ST/STM32_USB_Device_Library/Core/Inc/usbd_def.h **** 
 192:Middlewares/ST/STM32_USB_Device_Library/Core/Inc/usbd_def.h **** 
 193:Middlewares/ST/STM32_USB_Device_Library/Core/Inc/usbd_def.h **** /** @defgroup USBD_DEF_Exported_TypesDefinitions
 194:Middlewares/ST/STM32_USB_Device_Library/Core/Inc/usbd_def.h ****   * @{
 195:Middlewares/ST/STM32_USB_Device_Library/Core/Inc/usbd_def.h ****   */
 196:Middlewares/ST/STM32_USB_Device_Library/Core/Inc/usbd_def.h **** 
 197:Middlewares/ST/STM32_USB_Device_Library/Core/Inc/usbd_def.h **** typedef  struct  usb_setup_req
 198:Middlewares/ST/STM32_USB_Device_Library/Core/Inc/usbd_def.h **** {
 199:Middlewares/ST/STM32_USB_Device_Library/Core/Inc/usbd_def.h ****   uint8_t   bmRequest;
 200:Middlewares/ST/STM32_USB_Device_Library/Core/Inc/usbd_def.h ****   uint8_t   bRequest;
 201:Middlewares/ST/STM32_USB_Device_Library/Core/Inc/usbd_def.h ****   uint16_t  wValue;
ARM GAS  C:\Users\DAELT-~1\AppData\Local\Temp\cceeRwBp.s 			page 5


 202:Middlewares/ST/STM32_USB_Device_Library/Core/Inc/usbd_def.h ****   uint16_t  wIndex;
 203:Middlewares/ST/STM32_USB_Device_Library/Core/Inc/usbd_def.h ****   uint16_t  wLength;
 204:Middlewares/ST/STM32_USB_Device_Library/Core/Inc/usbd_def.h **** } USBD_SetupReqTypedef;
 205:Middlewares/ST/STM32_USB_Device_Library/Core/Inc/usbd_def.h **** 
 206:Middlewares/ST/STM32_USB_Device_Library/Core/Inc/usbd_def.h **** typedef struct
 207:Middlewares/ST/STM32_USB_Device_Library/Core/Inc/usbd_def.h **** {
 208:Middlewares/ST/STM32_USB_Device_Library/Core/Inc/usbd_def.h ****   uint8_t   bLength;
 209:Middlewares/ST/STM32_USB_Device_Library/Core/Inc/usbd_def.h ****   uint8_t   bDescriptorType;
 210:Middlewares/ST/STM32_USB_Device_Library/Core/Inc/usbd_def.h ****   uint16_t  wTotalLength;
 211:Middlewares/ST/STM32_USB_Device_Library/Core/Inc/usbd_def.h ****   uint8_t   bNumInterfaces;
 212:Middlewares/ST/STM32_USB_Device_Library/Core/Inc/usbd_def.h ****   uint8_t   bConfigurationValue;
 213:Middlewares/ST/STM32_USB_Device_Library/Core/Inc/usbd_def.h ****   uint8_t   iConfiguration;
 214:Middlewares/ST/STM32_USB_Device_Library/Core/Inc/usbd_def.h ****   uint8_t   bmAttributes;
 215:Middlewares/ST/STM32_USB_Device_Library/Core/Inc/usbd_def.h ****   uint8_t   bMaxPower;
 216:Middlewares/ST/STM32_USB_Device_Library/Core/Inc/usbd_def.h **** } __PACKED USBD_ConfigDescTypeDef;
 217:Middlewares/ST/STM32_USB_Device_Library/Core/Inc/usbd_def.h **** 
 218:Middlewares/ST/STM32_USB_Device_Library/Core/Inc/usbd_def.h **** typedef struct
 219:Middlewares/ST/STM32_USB_Device_Library/Core/Inc/usbd_def.h **** {
 220:Middlewares/ST/STM32_USB_Device_Library/Core/Inc/usbd_def.h ****   uint8_t   bLength;
 221:Middlewares/ST/STM32_USB_Device_Library/Core/Inc/usbd_def.h ****   uint8_t   bDescriptorType;
 222:Middlewares/ST/STM32_USB_Device_Library/Core/Inc/usbd_def.h ****   uint16_t  wTotalLength;
 223:Middlewares/ST/STM32_USB_Device_Library/Core/Inc/usbd_def.h ****   uint8_t   bNumDeviceCaps;
 224:Middlewares/ST/STM32_USB_Device_Library/Core/Inc/usbd_def.h **** } USBD_BosDescTypeDef;
 225:Middlewares/ST/STM32_USB_Device_Library/Core/Inc/usbd_def.h **** 
 226:Middlewares/ST/STM32_USB_Device_Library/Core/Inc/usbd_def.h **** typedef struct
 227:Middlewares/ST/STM32_USB_Device_Library/Core/Inc/usbd_def.h **** {
 228:Middlewares/ST/STM32_USB_Device_Library/Core/Inc/usbd_def.h ****   uint8_t   bLength;
 229:Middlewares/ST/STM32_USB_Device_Library/Core/Inc/usbd_def.h ****   uint8_t   bDescriptorType;
 230:Middlewares/ST/STM32_USB_Device_Library/Core/Inc/usbd_def.h ****   uint8_t   bEndpointAddress;
 231:Middlewares/ST/STM32_USB_Device_Library/Core/Inc/usbd_def.h ****   uint8_t   bmAttributes;
 232:Middlewares/ST/STM32_USB_Device_Library/Core/Inc/usbd_def.h ****   uint16_t  wMaxPacketSize;
 233:Middlewares/ST/STM32_USB_Device_Library/Core/Inc/usbd_def.h ****   uint8_t   bInterval;
 234:Middlewares/ST/STM32_USB_Device_Library/Core/Inc/usbd_def.h **** } __PACKED USBD_EpDescTypeDef;
 235:Middlewares/ST/STM32_USB_Device_Library/Core/Inc/usbd_def.h **** 
 236:Middlewares/ST/STM32_USB_Device_Library/Core/Inc/usbd_def.h **** typedef  struct
 237:Middlewares/ST/STM32_USB_Device_Library/Core/Inc/usbd_def.h **** {
 238:Middlewares/ST/STM32_USB_Device_Library/Core/Inc/usbd_def.h ****   uint8_t  bLength;
 239:Middlewares/ST/STM32_USB_Device_Library/Core/Inc/usbd_def.h ****   uint8_t  bDescriptorType;
 240:Middlewares/ST/STM32_USB_Device_Library/Core/Inc/usbd_def.h ****   uint8_t  bDescriptorSubType;
 241:Middlewares/ST/STM32_USB_Device_Library/Core/Inc/usbd_def.h **** } USBD_DescHeaderTypeDef;
 242:Middlewares/ST/STM32_USB_Device_Library/Core/Inc/usbd_def.h **** 
 243:Middlewares/ST/STM32_USB_Device_Library/Core/Inc/usbd_def.h **** struct _USBD_HandleTypeDef;
 244:Middlewares/ST/STM32_USB_Device_Library/Core/Inc/usbd_def.h **** 
 245:Middlewares/ST/STM32_USB_Device_Library/Core/Inc/usbd_def.h **** typedef struct _Device_cb
 246:Middlewares/ST/STM32_USB_Device_Library/Core/Inc/usbd_def.h **** {
 247:Middlewares/ST/STM32_USB_Device_Library/Core/Inc/usbd_def.h ****   uint8_t (*Init)(struct _USBD_HandleTypeDef *pdev, uint8_t cfgidx);
 248:Middlewares/ST/STM32_USB_Device_Library/Core/Inc/usbd_def.h ****   uint8_t (*DeInit)(struct _USBD_HandleTypeDef *pdev, uint8_t cfgidx);
 249:Middlewares/ST/STM32_USB_Device_Library/Core/Inc/usbd_def.h ****   /* Control Endpoints*/
 250:Middlewares/ST/STM32_USB_Device_Library/Core/Inc/usbd_def.h ****   uint8_t (*Setup)(struct _USBD_HandleTypeDef *pdev, USBD_SetupReqTypedef  *req);
 251:Middlewares/ST/STM32_USB_Device_Library/Core/Inc/usbd_def.h ****   uint8_t (*EP0_TxSent)(struct _USBD_HandleTypeDef *pdev);
 252:Middlewares/ST/STM32_USB_Device_Library/Core/Inc/usbd_def.h ****   uint8_t (*EP0_RxReady)(struct _USBD_HandleTypeDef *pdev);
 253:Middlewares/ST/STM32_USB_Device_Library/Core/Inc/usbd_def.h ****   /* Class Specific Endpoints*/
 254:Middlewares/ST/STM32_USB_Device_Library/Core/Inc/usbd_def.h ****   uint8_t (*DataIn)(struct _USBD_HandleTypeDef *pdev, uint8_t epnum);
 255:Middlewares/ST/STM32_USB_Device_Library/Core/Inc/usbd_def.h ****   uint8_t (*DataOut)(struct _USBD_HandleTypeDef *pdev, uint8_t epnum);
 256:Middlewares/ST/STM32_USB_Device_Library/Core/Inc/usbd_def.h ****   uint8_t (*SOF)(struct _USBD_HandleTypeDef *pdev);
 257:Middlewares/ST/STM32_USB_Device_Library/Core/Inc/usbd_def.h ****   uint8_t (*IsoINIncomplete)(struct _USBD_HandleTypeDef *pdev, uint8_t epnum);
 258:Middlewares/ST/STM32_USB_Device_Library/Core/Inc/usbd_def.h ****   uint8_t (*IsoOUTIncomplete)(struct _USBD_HandleTypeDef *pdev, uint8_t epnum);
ARM GAS  C:\Users\DAELT-~1\AppData\Local\Temp\cceeRwBp.s 			page 6


 259:Middlewares/ST/STM32_USB_Device_Library/Core/Inc/usbd_def.h **** 
 260:Middlewares/ST/STM32_USB_Device_Library/Core/Inc/usbd_def.h ****   uint8_t  *(*GetHSConfigDescriptor)(uint16_t *length);
 261:Middlewares/ST/STM32_USB_Device_Library/Core/Inc/usbd_def.h ****   uint8_t  *(*GetFSConfigDescriptor)(uint16_t *length);
 262:Middlewares/ST/STM32_USB_Device_Library/Core/Inc/usbd_def.h ****   uint8_t  *(*GetOtherSpeedConfigDescriptor)(uint16_t *length);
 263:Middlewares/ST/STM32_USB_Device_Library/Core/Inc/usbd_def.h ****   uint8_t  *(*GetDeviceQualifierDescriptor)(uint16_t *length);
 264:Middlewares/ST/STM32_USB_Device_Library/Core/Inc/usbd_def.h **** #if (USBD_SUPPORT_USER_STRING_DESC == 1U)
 265:Middlewares/ST/STM32_USB_Device_Library/Core/Inc/usbd_def.h ****   uint8_t  *(*GetUsrStrDescriptor)(struct _USBD_HandleTypeDef *pdev, uint8_t index,  uint16_t *leng
 266:Middlewares/ST/STM32_USB_Device_Library/Core/Inc/usbd_def.h **** #endif /* USBD_SUPPORT_USER_STRING_DESC  */
 267:Middlewares/ST/STM32_USB_Device_Library/Core/Inc/usbd_def.h **** 
 268:Middlewares/ST/STM32_USB_Device_Library/Core/Inc/usbd_def.h **** } USBD_ClassTypeDef;
 269:Middlewares/ST/STM32_USB_Device_Library/Core/Inc/usbd_def.h **** 
 270:Middlewares/ST/STM32_USB_Device_Library/Core/Inc/usbd_def.h **** /* Following USB Device Speed */
 271:Middlewares/ST/STM32_USB_Device_Library/Core/Inc/usbd_def.h **** typedef enum
 272:Middlewares/ST/STM32_USB_Device_Library/Core/Inc/usbd_def.h **** {
 273:Middlewares/ST/STM32_USB_Device_Library/Core/Inc/usbd_def.h ****   USBD_SPEED_HIGH  = 0U,
 274:Middlewares/ST/STM32_USB_Device_Library/Core/Inc/usbd_def.h ****   USBD_SPEED_FULL  = 1U,
 275:Middlewares/ST/STM32_USB_Device_Library/Core/Inc/usbd_def.h ****   USBD_SPEED_LOW   = 2U,
 276:Middlewares/ST/STM32_USB_Device_Library/Core/Inc/usbd_def.h **** } USBD_SpeedTypeDef;
 277:Middlewares/ST/STM32_USB_Device_Library/Core/Inc/usbd_def.h **** 
 278:Middlewares/ST/STM32_USB_Device_Library/Core/Inc/usbd_def.h **** /* Following USB Device status */
 279:Middlewares/ST/STM32_USB_Device_Library/Core/Inc/usbd_def.h **** typedef enum
 280:Middlewares/ST/STM32_USB_Device_Library/Core/Inc/usbd_def.h **** {
 281:Middlewares/ST/STM32_USB_Device_Library/Core/Inc/usbd_def.h ****   USBD_OK = 0U,
 282:Middlewares/ST/STM32_USB_Device_Library/Core/Inc/usbd_def.h ****   USBD_BUSY,
 283:Middlewares/ST/STM32_USB_Device_Library/Core/Inc/usbd_def.h ****   USBD_EMEM,
 284:Middlewares/ST/STM32_USB_Device_Library/Core/Inc/usbd_def.h ****   USBD_FAIL,
 285:Middlewares/ST/STM32_USB_Device_Library/Core/Inc/usbd_def.h **** } USBD_StatusTypeDef;
 286:Middlewares/ST/STM32_USB_Device_Library/Core/Inc/usbd_def.h **** 
 287:Middlewares/ST/STM32_USB_Device_Library/Core/Inc/usbd_def.h **** /* USB Device descriptors structure */
 288:Middlewares/ST/STM32_USB_Device_Library/Core/Inc/usbd_def.h **** typedef struct
 289:Middlewares/ST/STM32_USB_Device_Library/Core/Inc/usbd_def.h **** {
 290:Middlewares/ST/STM32_USB_Device_Library/Core/Inc/usbd_def.h ****   uint8_t *(*GetDeviceDescriptor)(USBD_SpeedTypeDef speed, uint16_t *length);
 291:Middlewares/ST/STM32_USB_Device_Library/Core/Inc/usbd_def.h ****   uint8_t *(*GetLangIDStrDescriptor)(USBD_SpeedTypeDef speed, uint16_t *length);
 292:Middlewares/ST/STM32_USB_Device_Library/Core/Inc/usbd_def.h ****   uint8_t *(*GetManufacturerStrDescriptor)(USBD_SpeedTypeDef speed, uint16_t *length);
 293:Middlewares/ST/STM32_USB_Device_Library/Core/Inc/usbd_def.h ****   uint8_t *(*GetProductStrDescriptor)(USBD_SpeedTypeDef speed, uint16_t *length);
 294:Middlewares/ST/STM32_USB_Device_Library/Core/Inc/usbd_def.h ****   uint8_t *(*GetSerialStrDescriptor)(USBD_SpeedTypeDef speed, uint16_t *length);
 295:Middlewares/ST/STM32_USB_Device_Library/Core/Inc/usbd_def.h ****   uint8_t *(*GetConfigurationStrDescriptor)(USBD_SpeedTypeDef speed, uint16_t *length);
 296:Middlewares/ST/STM32_USB_Device_Library/Core/Inc/usbd_def.h ****   uint8_t *(*GetInterfaceStrDescriptor)(USBD_SpeedTypeDef speed, uint16_t *length);
 297:Middlewares/ST/STM32_USB_Device_Library/Core/Inc/usbd_def.h **** #if (USBD_CLASS_USER_STRING_DESC == 1)
 298:Middlewares/ST/STM32_USB_Device_Library/Core/Inc/usbd_def.h ****   uint8_t *(*GetUserStrDescriptor)(USBD_SpeedTypeDef speed, uint8_t idx, uint16_t *length);
 299:Middlewares/ST/STM32_USB_Device_Library/Core/Inc/usbd_def.h **** #endif /* USBD_CLASS_USER_STRING_DESC */
 300:Middlewares/ST/STM32_USB_Device_Library/Core/Inc/usbd_def.h **** #if ((USBD_LPM_ENABLED == 1U) || (USBD_CLASS_BOS_ENABLED == 1))
 301:Middlewares/ST/STM32_USB_Device_Library/Core/Inc/usbd_def.h ****   uint8_t *(*GetBOSDescriptor)(USBD_SpeedTypeDef speed, uint16_t *length);
 302:Middlewares/ST/STM32_USB_Device_Library/Core/Inc/usbd_def.h **** #endif /* (USBD_LPM_ENABLED == 1U) || (USBD_CLASS_BOS_ENABLED == 1) */
 303:Middlewares/ST/STM32_USB_Device_Library/Core/Inc/usbd_def.h **** } USBD_DescriptorsTypeDef;
 304:Middlewares/ST/STM32_USB_Device_Library/Core/Inc/usbd_def.h **** 
 305:Middlewares/ST/STM32_USB_Device_Library/Core/Inc/usbd_def.h **** /* USB Device handle structure */
 306:Middlewares/ST/STM32_USB_Device_Library/Core/Inc/usbd_def.h **** typedef struct
 307:Middlewares/ST/STM32_USB_Device_Library/Core/Inc/usbd_def.h **** {
 308:Middlewares/ST/STM32_USB_Device_Library/Core/Inc/usbd_def.h ****   uint32_t total_length;
 309:Middlewares/ST/STM32_USB_Device_Library/Core/Inc/usbd_def.h ****   uint32_t rem_length;
 310:Middlewares/ST/STM32_USB_Device_Library/Core/Inc/usbd_def.h ****   uint32_t bInterval;
 311:Middlewares/ST/STM32_USB_Device_Library/Core/Inc/usbd_def.h ****   uint16_t maxpacket;
 312:Middlewares/ST/STM32_USB_Device_Library/Core/Inc/usbd_def.h ****   uint8_t status;
 313:Middlewares/ST/STM32_USB_Device_Library/Core/Inc/usbd_def.h ****   uint8_t is_used;
 314:Middlewares/ST/STM32_USB_Device_Library/Core/Inc/usbd_def.h ****   uint8_t *pbuffer;
 315:Middlewares/ST/STM32_USB_Device_Library/Core/Inc/usbd_def.h **** } USBD_EndpointTypeDef;
ARM GAS  C:\Users\DAELT-~1\AppData\Local\Temp\cceeRwBp.s 			page 7


 316:Middlewares/ST/STM32_USB_Device_Library/Core/Inc/usbd_def.h **** 
 317:Middlewares/ST/STM32_USB_Device_Library/Core/Inc/usbd_def.h **** #ifdef USE_USBD_COMPOSITE
 318:Middlewares/ST/STM32_USB_Device_Library/Core/Inc/usbd_def.h **** typedef enum
 319:Middlewares/ST/STM32_USB_Device_Library/Core/Inc/usbd_def.h **** {
 320:Middlewares/ST/STM32_USB_Device_Library/Core/Inc/usbd_def.h ****   CLASS_TYPE_NONE    = 0,
 321:Middlewares/ST/STM32_USB_Device_Library/Core/Inc/usbd_def.h ****   CLASS_TYPE_HID     = 1,
 322:Middlewares/ST/STM32_USB_Device_Library/Core/Inc/usbd_def.h ****   CLASS_TYPE_CDC     = 2,
 323:Middlewares/ST/STM32_USB_Device_Library/Core/Inc/usbd_def.h ****   CLASS_TYPE_MSC     = 3,
 324:Middlewares/ST/STM32_USB_Device_Library/Core/Inc/usbd_def.h ****   CLASS_TYPE_DFU     = 4,
 325:Middlewares/ST/STM32_USB_Device_Library/Core/Inc/usbd_def.h ****   CLASS_TYPE_CHID    = 5,
 326:Middlewares/ST/STM32_USB_Device_Library/Core/Inc/usbd_def.h ****   CLASS_TYPE_AUDIO   = 6,
 327:Middlewares/ST/STM32_USB_Device_Library/Core/Inc/usbd_def.h ****   CLASS_TYPE_ECM     = 7,
 328:Middlewares/ST/STM32_USB_Device_Library/Core/Inc/usbd_def.h ****   CLASS_TYPE_RNDIS   = 8,
 329:Middlewares/ST/STM32_USB_Device_Library/Core/Inc/usbd_def.h ****   CLASS_TYPE_MTP     = 9,
 330:Middlewares/ST/STM32_USB_Device_Library/Core/Inc/usbd_def.h ****   CLASS_TYPE_VIDEO   = 10,
 331:Middlewares/ST/STM32_USB_Device_Library/Core/Inc/usbd_def.h ****   CLASS_TYPE_PRINTER = 11,
 332:Middlewares/ST/STM32_USB_Device_Library/Core/Inc/usbd_def.h ****   CLASS_TYPE_CCID    = 12,
 333:Middlewares/ST/STM32_USB_Device_Library/Core/Inc/usbd_def.h **** } USBD_CompositeClassTypeDef;
 334:Middlewares/ST/STM32_USB_Device_Library/Core/Inc/usbd_def.h **** 
 335:Middlewares/ST/STM32_USB_Device_Library/Core/Inc/usbd_def.h **** 
 336:Middlewares/ST/STM32_USB_Device_Library/Core/Inc/usbd_def.h **** /* USB Device handle structure */
 337:Middlewares/ST/STM32_USB_Device_Library/Core/Inc/usbd_def.h **** typedef struct
 338:Middlewares/ST/STM32_USB_Device_Library/Core/Inc/usbd_def.h **** {
 339:Middlewares/ST/STM32_USB_Device_Library/Core/Inc/usbd_def.h ****   uint8_t                     add;
 340:Middlewares/ST/STM32_USB_Device_Library/Core/Inc/usbd_def.h ****   uint8_t                     type;
 341:Middlewares/ST/STM32_USB_Device_Library/Core/Inc/usbd_def.h ****   uint8_t                     size;
 342:Middlewares/ST/STM32_USB_Device_Library/Core/Inc/usbd_def.h ****   uint8_t                     is_used;
 343:Middlewares/ST/STM32_USB_Device_Library/Core/Inc/usbd_def.h **** } USBD_EPTypeDef;
 344:Middlewares/ST/STM32_USB_Device_Library/Core/Inc/usbd_def.h **** 
 345:Middlewares/ST/STM32_USB_Device_Library/Core/Inc/usbd_def.h **** /* USB Device handle structure */
 346:Middlewares/ST/STM32_USB_Device_Library/Core/Inc/usbd_def.h **** typedef struct
 347:Middlewares/ST/STM32_USB_Device_Library/Core/Inc/usbd_def.h **** {
 348:Middlewares/ST/STM32_USB_Device_Library/Core/Inc/usbd_def.h ****   USBD_CompositeClassTypeDef   ClassType;
 349:Middlewares/ST/STM32_USB_Device_Library/Core/Inc/usbd_def.h ****   uint32_t                     ClassId;
 350:Middlewares/ST/STM32_USB_Device_Library/Core/Inc/usbd_def.h ****   uint32_t                     Active;
 351:Middlewares/ST/STM32_USB_Device_Library/Core/Inc/usbd_def.h ****   uint32_t                     NumEps;
 352:Middlewares/ST/STM32_USB_Device_Library/Core/Inc/usbd_def.h ****   USBD_EPTypeDef               Eps[USBD_MAX_CLASS_ENDPOINTS];
 353:Middlewares/ST/STM32_USB_Device_Library/Core/Inc/usbd_def.h ****   uint8_t                      *EpAdd;
 354:Middlewares/ST/STM32_USB_Device_Library/Core/Inc/usbd_def.h ****   uint32_t                     NumIf;
 355:Middlewares/ST/STM32_USB_Device_Library/Core/Inc/usbd_def.h ****   uint8_t                      Ifs[USBD_MAX_CLASS_INTERFACES];
 356:Middlewares/ST/STM32_USB_Device_Library/Core/Inc/usbd_def.h ****   uint32_t                     CurrPcktSze;
 357:Middlewares/ST/STM32_USB_Device_Library/Core/Inc/usbd_def.h **** } USBD_CompositeElementTypeDef;
 358:Middlewares/ST/STM32_USB_Device_Library/Core/Inc/usbd_def.h **** #endif /* USE_USBD_COMPOSITE */
 359:Middlewares/ST/STM32_USB_Device_Library/Core/Inc/usbd_def.h **** 
 360:Middlewares/ST/STM32_USB_Device_Library/Core/Inc/usbd_def.h **** /* USB Device handle structure */
 361:Middlewares/ST/STM32_USB_Device_Library/Core/Inc/usbd_def.h **** typedef struct _USBD_HandleTypeDef
 362:Middlewares/ST/STM32_USB_Device_Library/Core/Inc/usbd_def.h **** {
 363:Middlewares/ST/STM32_USB_Device_Library/Core/Inc/usbd_def.h ****   uint8_t                 id;
 364:Middlewares/ST/STM32_USB_Device_Library/Core/Inc/usbd_def.h ****   uint32_t                dev_config;
 365:Middlewares/ST/STM32_USB_Device_Library/Core/Inc/usbd_def.h ****   uint32_t                dev_default_config;
 366:Middlewares/ST/STM32_USB_Device_Library/Core/Inc/usbd_def.h ****   uint32_t                dev_config_status;
 367:Middlewares/ST/STM32_USB_Device_Library/Core/Inc/usbd_def.h ****   USBD_SpeedTypeDef       dev_speed;
 368:Middlewares/ST/STM32_USB_Device_Library/Core/Inc/usbd_def.h ****   USBD_EndpointTypeDef    ep_in[16];
 369:Middlewares/ST/STM32_USB_Device_Library/Core/Inc/usbd_def.h ****   USBD_EndpointTypeDef    ep_out[16];
 370:Middlewares/ST/STM32_USB_Device_Library/Core/Inc/usbd_def.h ****   __IO uint32_t           ep0_state;
 371:Middlewares/ST/STM32_USB_Device_Library/Core/Inc/usbd_def.h ****   uint32_t                ep0_data_len;
 372:Middlewares/ST/STM32_USB_Device_Library/Core/Inc/usbd_def.h ****   __IO uint8_t            dev_state;
ARM GAS  C:\Users\DAELT-~1\AppData\Local\Temp\cceeRwBp.s 			page 8


 373:Middlewares/ST/STM32_USB_Device_Library/Core/Inc/usbd_def.h ****   __IO uint8_t            dev_old_state;
 374:Middlewares/ST/STM32_USB_Device_Library/Core/Inc/usbd_def.h ****   uint8_t                 dev_address;
 375:Middlewares/ST/STM32_USB_Device_Library/Core/Inc/usbd_def.h ****   uint8_t                 dev_connection_status;
 376:Middlewares/ST/STM32_USB_Device_Library/Core/Inc/usbd_def.h ****   uint8_t                 dev_test_mode;
 377:Middlewares/ST/STM32_USB_Device_Library/Core/Inc/usbd_def.h ****   uint32_t                dev_remote_wakeup;
 378:Middlewares/ST/STM32_USB_Device_Library/Core/Inc/usbd_def.h ****   uint8_t                 ConfIdx;
 379:Middlewares/ST/STM32_USB_Device_Library/Core/Inc/usbd_def.h **** 
 380:Middlewares/ST/STM32_USB_Device_Library/Core/Inc/usbd_def.h ****   USBD_SetupReqTypedef    request;
 381:Middlewares/ST/STM32_USB_Device_Library/Core/Inc/usbd_def.h ****   USBD_DescriptorsTypeDef *pDesc;
 382:Middlewares/ST/STM32_USB_Device_Library/Core/Inc/usbd_def.h ****   USBD_ClassTypeDef       *pClass[USBD_MAX_SUPPORTED_CLASS];
 383:Middlewares/ST/STM32_USB_Device_Library/Core/Inc/usbd_def.h ****   void                    *pClassData;
 384:Middlewares/ST/STM32_USB_Device_Library/Core/Inc/usbd_def.h ****   void                    *pClassDataCmsit[USBD_MAX_SUPPORTED_CLASS];
 385:Middlewares/ST/STM32_USB_Device_Library/Core/Inc/usbd_def.h ****   void                    *pUserData[USBD_MAX_SUPPORTED_CLASS];
 386:Middlewares/ST/STM32_USB_Device_Library/Core/Inc/usbd_def.h ****   void                    *pData;
 387:Middlewares/ST/STM32_USB_Device_Library/Core/Inc/usbd_def.h ****   void                    *pBosDesc;
 388:Middlewares/ST/STM32_USB_Device_Library/Core/Inc/usbd_def.h ****   void                    *pConfDesc;
 389:Middlewares/ST/STM32_USB_Device_Library/Core/Inc/usbd_def.h ****   uint32_t                classId;
 390:Middlewares/ST/STM32_USB_Device_Library/Core/Inc/usbd_def.h ****   uint32_t                NumClasses;
 391:Middlewares/ST/STM32_USB_Device_Library/Core/Inc/usbd_def.h **** #ifdef USE_USBD_COMPOSITE
 392:Middlewares/ST/STM32_USB_Device_Library/Core/Inc/usbd_def.h ****   USBD_CompositeElementTypeDef tclasslist[USBD_MAX_SUPPORTED_CLASS];
 393:Middlewares/ST/STM32_USB_Device_Library/Core/Inc/usbd_def.h **** #endif /* USE_USBD_COMPOSITE */
 394:Middlewares/ST/STM32_USB_Device_Library/Core/Inc/usbd_def.h **** #if (USBD_USER_REGISTER_CALLBACK == 1U)
 395:Middlewares/ST/STM32_USB_Device_Library/Core/Inc/usbd_def.h ****   void (* DevStateCallback)(uint8_t dev_state, uint8_t cfgidx);                    /*!< User Notifi
 396:Middlewares/ST/STM32_USB_Device_Library/Core/Inc/usbd_def.h **** #endif /* USBD_USER_REGISTER_CALLBACK */
 397:Middlewares/ST/STM32_USB_Device_Library/Core/Inc/usbd_def.h **** } USBD_HandleTypeDef;
 398:Middlewares/ST/STM32_USB_Device_Library/Core/Inc/usbd_def.h **** 
 399:Middlewares/ST/STM32_USB_Device_Library/Core/Inc/usbd_def.h **** #if (USBD_USER_REGISTER_CALLBACK == 1U)
 400:Middlewares/ST/STM32_USB_Device_Library/Core/Inc/usbd_def.h **** typedef void (*USBD_DevStateCallbackTypeDef)(uint8_t dev_state, uint8_t cfgidx);   /*!< pointer to 
 401:Middlewares/ST/STM32_USB_Device_Library/Core/Inc/usbd_def.h **** #endif /* USBD_USER_REGISTER_CALLBACK */
 402:Middlewares/ST/STM32_USB_Device_Library/Core/Inc/usbd_def.h **** 
 403:Middlewares/ST/STM32_USB_Device_Library/Core/Inc/usbd_def.h **** /* USB Device endpoint direction */
 404:Middlewares/ST/STM32_USB_Device_Library/Core/Inc/usbd_def.h **** typedef enum
 405:Middlewares/ST/STM32_USB_Device_Library/Core/Inc/usbd_def.h **** {
 406:Middlewares/ST/STM32_USB_Device_Library/Core/Inc/usbd_def.h ****   OUT   = 0x00,
 407:Middlewares/ST/STM32_USB_Device_Library/Core/Inc/usbd_def.h ****   IN    = 0x80,
 408:Middlewares/ST/STM32_USB_Device_Library/Core/Inc/usbd_def.h **** } USBD_EPDirectionTypeDef;
 409:Middlewares/ST/STM32_USB_Device_Library/Core/Inc/usbd_def.h **** 
 410:Middlewares/ST/STM32_USB_Device_Library/Core/Inc/usbd_def.h **** typedef enum
 411:Middlewares/ST/STM32_USB_Device_Library/Core/Inc/usbd_def.h **** {
 412:Middlewares/ST/STM32_USB_Device_Library/Core/Inc/usbd_def.h ****   NETWORK_CONNECTION = 0x00,
 413:Middlewares/ST/STM32_USB_Device_Library/Core/Inc/usbd_def.h ****   RESPONSE_AVAILABLE = 0x01,
 414:Middlewares/ST/STM32_USB_Device_Library/Core/Inc/usbd_def.h ****   CONNECTION_SPEED_CHANGE = 0x2A
 415:Middlewares/ST/STM32_USB_Device_Library/Core/Inc/usbd_def.h **** } USBD_CDC_NotifCodeTypeDef;
 416:Middlewares/ST/STM32_USB_Device_Library/Core/Inc/usbd_def.h **** /**
 417:Middlewares/ST/STM32_USB_Device_Library/Core/Inc/usbd_def.h ****   * @}
 418:Middlewares/ST/STM32_USB_Device_Library/Core/Inc/usbd_def.h ****   */
 419:Middlewares/ST/STM32_USB_Device_Library/Core/Inc/usbd_def.h **** 
 420:Middlewares/ST/STM32_USB_Device_Library/Core/Inc/usbd_def.h **** 
 421:Middlewares/ST/STM32_USB_Device_Library/Core/Inc/usbd_def.h **** 
 422:Middlewares/ST/STM32_USB_Device_Library/Core/Inc/usbd_def.h **** /** @defgroup USBD_DEF_Exported_Macros
 423:Middlewares/ST/STM32_USB_Device_Library/Core/Inc/usbd_def.h ****   * @{
 424:Middlewares/ST/STM32_USB_Device_Library/Core/Inc/usbd_def.h ****   */
 425:Middlewares/ST/STM32_USB_Device_Library/Core/Inc/usbd_def.h **** __STATIC_INLINE uint16_t SWAPBYTE(uint8_t *addr)
 426:Middlewares/ST/STM32_USB_Device_Library/Core/Inc/usbd_def.h **** {
  29              		.loc 2 426 1
  30              		.cfi_startproc
  31              		@ args = 0, pretend = 0, frame = 24
ARM GAS  C:\Users\DAELT-~1\AppData\Local\Temp\cceeRwBp.s 			page 9


  32              		@ frame_needed = 1, uses_anonymous_args = 0
  33              		@ link register save eliminated.
  34 0000 80B4     		push	{r7}
  35              	.LCFI0:
  36              		.cfi_def_cfa_offset 4
  37              		.cfi_offset 7, -4
  38 0002 87B0     		sub	sp, sp, #28
  39              	.LCFI1:
  40              		.cfi_def_cfa_offset 32
  41 0004 00AF     		add	r7, sp, #0
  42              	.LCFI2:
  43              		.cfi_def_cfa_register 7
  44 0006 7860     		str	r0, [r7, #4]
 427:Middlewares/ST/STM32_USB_Device_Library/Core/Inc/usbd_def.h ****   uint16_t _SwapVal;
 428:Middlewares/ST/STM32_USB_Device_Library/Core/Inc/usbd_def.h ****   uint16_t _Byte1;
 429:Middlewares/ST/STM32_USB_Device_Library/Core/Inc/usbd_def.h ****   uint16_t _Byte2;
 430:Middlewares/ST/STM32_USB_Device_Library/Core/Inc/usbd_def.h ****   uint8_t *_pbuff = addr;
  45              		.loc 2 430 12
  46 0008 7B68     		ldr	r3, [r7, #4]
  47 000a 7B61     		str	r3, [r7, #20]
 431:Middlewares/ST/STM32_USB_Device_Library/Core/Inc/usbd_def.h **** 
 432:Middlewares/ST/STM32_USB_Device_Library/Core/Inc/usbd_def.h ****   _Byte1 = *(uint8_t *)_pbuff;
  48              		.loc 2 432 12
  49 000c 7B69     		ldr	r3, [r7, #20]
  50 000e 1B78     		ldrb	r3, [r3]	@ zero_extendqisi2
  51              		.loc 2 432 10
  52 0010 7B82     		strh	r3, [r7, #18]	@ movhi
 433:Middlewares/ST/STM32_USB_Device_Library/Core/Inc/usbd_def.h ****   _pbuff++;
  53              		.loc 2 433 9
  54 0012 7B69     		ldr	r3, [r7, #20]
  55 0014 0133     		adds	r3, r3, #1
  56 0016 7B61     		str	r3, [r7, #20]
 434:Middlewares/ST/STM32_USB_Device_Library/Core/Inc/usbd_def.h ****   _Byte2 = *(uint8_t *)_pbuff;
  57              		.loc 2 434 12
  58 0018 7B69     		ldr	r3, [r7, #20]
  59 001a 1B78     		ldrb	r3, [r3]	@ zero_extendqisi2
  60              		.loc 2 434 10
  61 001c 3B82     		strh	r3, [r7, #16]	@ movhi
 435:Middlewares/ST/STM32_USB_Device_Library/Core/Inc/usbd_def.h **** 
 436:Middlewares/ST/STM32_USB_Device_Library/Core/Inc/usbd_def.h ****   _SwapVal = (_Byte2 << 8) | _Byte1;
  62              		.loc 2 436 28
  63 001e B7F91030 		ldrsh	r3, [r7, #16]
  64 0022 1B02     		lsls	r3, r3, #8
  65 0024 1AB2     		sxth	r2, r3
  66 0026 B7F91230 		ldrsh	r3, [r7, #18]
  67 002a 1343     		orrs	r3, r3, r2
  68 002c 1BB2     		sxth	r3, r3
  69              		.loc 2 436 12
  70 002e FB81     		strh	r3, [r7, #14]	@ movhi
 437:Middlewares/ST/STM32_USB_Device_Library/Core/Inc/usbd_def.h **** 
 438:Middlewares/ST/STM32_USB_Device_Library/Core/Inc/usbd_def.h ****   return _SwapVal;
  71              		.loc 2 438 10
  72 0030 FB89     		ldrh	r3, [r7, #14]
 439:Middlewares/ST/STM32_USB_Device_Library/Core/Inc/usbd_def.h **** }
  73              		.loc 2 439 1
  74 0032 1846     		mov	r0, r3
  75 0034 1C37     		adds	r7, r7, #28
ARM GAS  C:\Users\DAELT-~1\AppData\Local\Temp\cceeRwBp.s 			page 10


  76              	.LCFI3:
  77              		.cfi_def_cfa_offset 4
  78 0036 BD46     		mov	sp, r7
  79              	.LCFI4:
  80              		.cfi_def_cfa_register 13
  81              		@ sp needed
  82 0038 5DF8047B 		ldr	r7, [sp], #4
  83              	.LCFI5:
  84              		.cfi_restore 7
  85              		.cfi_def_cfa_offset 0
  86 003c 7047     		bx	lr
  87              		.cfi_endproc
  88              	.LFE223:
  90              		.section	.text.USBD_StdDevReq,"ax",%progbits
  91              		.align	1
  92              		.global	USBD_StdDevReq
  93              		.syntax unified
  94              		.thumb
  95              		.thumb_func
  97              	USBD_StdDevReq:
  98              	.LFB224:
   1:Middlewares/ST/STM32_USB_Device_Library/Core/Src/usbd_ctlreq.c **** /**
   2:Middlewares/ST/STM32_USB_Device_Library/Core/Src/usbd_ctlreq.c ****   ******************************************************************************
   3:Middlewares/ST/STM32_USB_Device_Library/Core/Src/usbd_ctlreq.c ****   * @file    usbd_req.c
   4:Middlewares/ST/STM32_USB_Device_Library/Core/Src/usbd_ctlreq.c ****   * @author  MCD Application Team
   5:Middlewares/ST/STM32_USB_Device_Library/Core/Src/usbd_ctlreq.c ****   * @brief   This file provides the standard USB requests following chapter 9.
   6:Middlewares/ST/STM32_USB_Device_Library/Core/Src/usbd_ctlreq.c ****   ******************************************************************************
   7:Middlewares/ST/STM32_USB_Device_Library/Core/Src/usbd_ctlreq.c ****   * @attention
   8:Middlewares/ST/STM32_USB_Device_Library/Core/Src/usbd_ctlreq.c ****   *
   9:Middlewares/ST/STM32_USB_Device_Library/Core/Src/usbd_ctlreq.c ****   * Copyright (c) 2015 STMicroelectronics.
  10:Middlewares/ST/STM32_USB_Device_Library/Core/Src/usbd_ctlreq.c ****   * All rights reserved.
  11:Middlewares/ST/STM32_USB_Device_Library/Core/Src/usbd_ctlreq.c ****   *
  12:Middlewares/ST/STM32_USB_Device_Library/Core/Src/usbd_ctlreq.c ****   * This software is licensed under terms that can be found in the LICENSE file
  13:Middlewares/ST/STM32_USB_Device_Library/Core/Src/usbd_ctlreq.c ****   * in the root directory of this software component.
  14:Middlewares/ST/STM32_USB_Device_Library/Core/Src/usbd_ctlreq.c ****   * If no LICENSE file comes with this software, it is provided AS-IS.
  15:Middlewares/ST/STM32_USB_Device_Library/Core/Src/usbd_ctlreq.c ****   *
  16:Middlewares/ST/STM32_USB_Device_Library/Core/Src/usbd_ctlreq.c ****   ******************************************************************************
  17:Middlewares/ST/STM32_USB_Device_Library/Core/Src/usbd_ctlreq.c ****   */
  18:Middlewares/ST/STM32_USB_Device_Library/Core/Src/usbd_ctlreq.c **** 
  19:Middlewares/ST/STM32_USB_Device_Library/Core/Src/usbd_ctlreq.c **** /* Includes ------------------------------------------------------------------*/
  20:Middlewares/ST/STM32_USB_Device_Library/Core/Src/usbd_ctlreq.c **** #include "usbd_ctlreq.h"
  21:Middlewares/ST/STM32_USB_Device_Library/Core/Src/usbd_ctlreq.c **** #include "usbd_ioreq.h"
  22:Middlewares/ST/STM32_USB_Device_Library/Core/Src/usbd_ctlreq.c **** 
  23:Middlewares/ST/STM32_USB_Device_Library/Core/Src/usbd_ctlreq.c **** #ifdef USE_USBD_COMPOSITE
  24:Middlewares/ST/STM32_USB_Device_Library/Core/Src/usbd_ctlreq.c **** #include "usbd_composite_builder.h"
  25:Middlewares/ST/STM32_USB_Device_Library/Core/Src/usbd_ctlreq.c **** #endif /* USE_USBD_COMPOSITE */
  26:Middlewares/ST/STM32_USB_Device_Library/Core/Src/usbd_ctlreq.c **** 
  27:Middlewares/ST/STM32_USB_Device_Library/Core/Src/usbd_ctlreq.c **** /** @addtogroup STM32_USBD_STATE_DEVICE_LIBRARY
  28:Middlewares/ST/STM32_USB_Device_Library/Core/Src/usbd_ctlreq.c ****   * @{
  29:Middlewares/ST/STM32_USB_Device_Library/Core/Src/usbd_ctlreq.c ****   */
  30:Middlewares/ST/STM32_USB_Device_Library/Core/Src/usbd_ctlreq.c **** 
  31:Middlewares/ST/STM32_USB_Device_Library/Core/Src/usbd_ctlreq.c **** 
  32:Middlewares/ST/STM32_USB_Device_Library/Core/Src/usbd_ctlreq.c **** /** @defgroup USBD_REQ
  33:Middlewares/ST/STM32_USB_Device_Library/Core/Src/usbd_ctlreq.c ****   * @brief USB standard requests module
  34:Middlewares/ST/STM32_USB_Device_Library/Core/Src/usbd_ctlreq.c ****   * @{
  35:Middlewares/ST/STM32_USB_Device_Library/Core/Src/usbd_ctlreq.c ****   */
  36:Middlewares/ST/STM32_USB_Device_Library/Core/Src/usbd_ctlreq.c **** 
ARM GAS  C:\Users\DAELT-~1\AppData\Local\Temp\cceeRwBp.s 			page 11


  37:Middlewares/ST/STM32_USB_Device_Library/Core/Src/usbd_ctlreq.c **** /** @defgroup USBD_REQ_Private_TypesDefinitions
  38:Middlewares/ST/STM32_USB_Device_Library/Core/Src/usbd_ctlreq.c ****   * @{
  39:Middlewares/ST/STM32_USB_Device_Library/Core/Src/usbd_ctlreq.c ****   */
  40:Middlewares/ST/STM32_USB_Device_Library/Core/Src/usbd_ctlreq.c **** 
  41:Middlewares/ST/STM32_USB_Device_Library/Core/Src/usbd_ctlreq.c **** /**
  42:Middlewares/ST/STM32_USB_Device_Library/Core/Src/usbd_ctlreq.c ****   * @}
  43:Middlewares/ST/STM32_USB_Device_Library/Core/Src/usbd_ctlreq.c ****   */
  44:Middlewares/ST/STM32_USB_Device_Library/Core/Src/usbd_ctlreq.c **** 
  45:Middlewares/ST/STM32_USB_Device_Library/Core/Src/usbd_ctlreq.c **** 
  46:Middlewares/ST/STM32_USB_Device_Library/Core/Src/usbd_ctlreq.c **** /** @defgroup USBD_REQ_Private_Defines
  47:Middlewares/ST/STM32_USB_Device_Library/Core/Src/usbd_ctlreq.c ****   * @{
  48:Middlewares/ST/STM32_USB_Device_Library/Core/Src/usbd_ctlreq.c ****   */
  49:Middlewares/ST/STM32_USB_Device_Library/Core/Src/usbd_ctlreq.c **** #ifndef USBD_MAX_STR_DESC_SIZ
  50:Middlewares/ST/STM32_USB_Device_Library/Core/Src/usbd_ctlreq.c **** #define USBD_MAX_STR_DESC_SIZ                          64U
  51:Middlewares/ST/STM32_USB_Device_Library/Core/Src/usbd_ctlreq.c **** #endif /* USBD_MAX_STR_DESC_SIZ */
  52:Middlewares/ST/STM32_USB_Device_Library/Core/Src/usbd_ctlreq.c **** /**
  53:Middlewares/ST/STM32_USB_Device_Library/Core/Src/usbd_ctlreq.c ****   * @}
  54:Middlewares/ST/STM32_USB_Device_Library/Core/Src/usbd_ctlreq.c ****   */
  55:Middlewares/ST/STM32_USB_Device_Library/Core/Src/usbd_ctlreq.c **** 
  56:Middlewares/ST/STM32_USB_Device_Library/Core/Src/usbd_ctlreq.c **** 
  57:Middlewares/ST/STM32_USB_Device_Library/Core/Src/usbd_ctlreq.c **** /** @defgroup USBD_REQ_Private_Macros
  58:Middlewares/ST/STM32_USB_Device_Library/Core/Src/usbd_ctlreq.c ****   * @{
  59:Middlewares/ST/STM32_USB_Device_Library/Core/Src/usbd_ctlreq.c ****   */
  60:Middlewares/ST/STM32_USB_Device_Library/Core/Src/usbd_ctlreq.c **** 
  61:Middlewares/ST/STM32_USB_Device_Library/Core/Src/usbd_ctlreq.c **** /**
  62:Middlewares/ST/STM32_USB_Device_Library/Core/Src/usbd_ctlreq.c ****   * @}
  63:Middlewares/ST/STM32_USB_Device_Library/Core/Src/usbd_ctlreq.c ****   */
  64:Middlewares/ST/STM32_USB_Device_Library/Core/Src/usbd_ctlreq.c **** 
  65:Middlewares/ST/STM32_USB_Device_Library/Core/Src/usbd_ctlreq.c **** 
  66:Middlewares/ST/STM32_USB_Device_Library/Core/Src/usbd_ctlreq.c **** /** @defgroup USBD_REQ_Private_Variables
  67:Middlewares/ST/STM32_USB_Device_Library/Core/Src/usbd_ctlreq.c ****   * @{
  68:Middlewares/ST/STM32_USB_Device_Library/Core/Src/usbd_ctlreq.c ****   */
  69:Middlewares/ST/STM32_USB_Device_Library/Core/Src/usbd_ctlreq.c **** 
  70:Middlewares/ST/STM32_USB_Device_Library/Core/Src/usbd_ctlreq.c **** /**
  71:Middlewares/ST/STM32_USB_Device_Library/Core/Src/usbd_ctlreq.c ****   * @}
  72:Middlewares/ST/STM32_USB_Device_Library/Core/Src/usbd_ctlreq.c ****   */
  73:Middlewares/ST/STM32_USB_Device_Library/Core/Src/usbd_ctlreq.c **** 
  74:Middlewares/ST/STM32_USB_Device_Library/Core/Src/usbd_ctlreq.c **** 
  75:Middlewares/ST/STM32_USB_Device_Library/Core/Src/usbd_ctlreq.c **** /** @defgroup USBD_REQ_Private_FunctionPrototypes
  76:Middlewares/ST/STM32_USB_Device_Library/Core/Src/usbd_ctlreq.c ****   * @{
  77:Middlewares/ST/STM32_USB_Device_Library/Core/Src/usbd_ctlreq.c ****   */
  78:Middlewares/ST/STM32_USB_Device_Library/Core/Src/usbd_ctlreq.c **** static void USBD_GetDescriptor(USBD_HandleTypeDef *pdev, USBD_SetupReqTypedef *req);
  79:Middlewares/ST/STM32_USB_Device_Library/Core/Src/usbd_ctlreq.c **** static void USBD_SetAddress(USBD_HandleTypeDef *pdev, USBD_SetupReqTypedef *req);
  80:Middlewares/ST/STM32_USB_Device_Library/Core/Src/usbd_ctlreq.c **** static USBD_StatusTypeDef USBD_SetConfig(USBD_HandleTypeDef *pdev, USBD_SetupReqTypedef *req);
  81:Middlewares/ST/STM32_USB_Device_Library/Core/Src/usbd_ctlreq.c **** static void USBD_GetConfig(USBD_HandleTypeDef *pdev, USBD_SetupReqTypedef *req);
  82:Middlewares/ST/STM32_USB_Device_Library/Core/Src/usbd_ctlreq.c **** static void USBD_GetStatus(USBD_HandleTypeDef *pdev, USBD_SetupReqTypedef *req);
  83:Middlewares/ST/STM32_USB_Device_Library/Core/Src/usbd_ctlreq.c **** static void USBD_SetFeature(USBD_HandleTypeDef *pdev, USBD_SetupReqTypedef *req);
  84:Middlewares/ST/STM32_USB_Device_Library/Core/Src/usbd_ctlreq.c **** static void USBD_ClrFeature(USBD_HandleTypeDef *pdev, USBD_SetupReqTypedef *req);
  85:Middlewares/ST/STM32_USB_Device_Library/Core/Src/usbd_ctlreq.c **** static uint8_t USBD_GetLen(uint8_t *buf);
  86:Middlewares/ST/STM32_USB_Device_Library/Core/Src/usbd_ctlreq.c **** 
  87:Middlewares/ST/STM32_USB_Device_Library/Core/Src/usbd_ctlreq.c **** /**
  88:Middlewares/ST/STM32_USB_Device_Library/Core/Src/usbd_ctlreq.c ****   * @}
  89:Middlewares/ST/STM32_USB_Device_Library/Core/Src/usbd_ctlreq.c ****   */
  90:Middlewares/ST/STM32_USB_Device_Library/Core/Src/usbd_ctlreq.c **** 
  91:Middlewares/ST/STM32_USB_Device_Library/Core/Src/usbd_ctlreq.c **** 
  92:Middlewares/ST/STM32_USB_Device_Library/Core/Src/usbd_ctlreq.c **** /** @defgroup USBD_REQ_Private_Functions
  93:Middlewares/ST/STM32_USB_Device_Library/Core/Src/usbd_ctlreq.c ****   * @{
ARM GAS  C:\Users\DAELT-~1\AppData\Local\Temp\cceeRwBp.s 			page 12


  94:Middlewares/ST/STM32_USB_Device_Library/Core/Src/usbd_ctlreq.c ****   */
  95:Middlewares/ST/STM32_USB_Device_Library/Core/Src/usbd_ctlreq.c **** 
  96:Middlewares/ST/STM32_USB_Device_Library/Core/Src/usbd_ctlreq.c **** 
  97:Middlewares/ST/STM32_USB_Device_Library/Core/Src/usbd_ctlreq.c **** /**
  98:Middlewares/ST/STM32_USB_Device_Library/Core/Src/usbd_ctlreq.c ****   * @brief  USBD_StdDevReq
  99:Middlewares/ST/STM32_USB_Device_Library/Core/Src/usbd_ctlreq.c ****   *         Handle standard usb device requests
 100:Middlewares/ST/STM32_USB_Device_Library/Core/Src/usbd_ctlreq.c ****   * @param  pdev: device instance
 101:Middlewares/ST/STM32_USB_Device_Library/Core/Src/usbd_ctlreq.c ****   * @param  req: usb request
 102:Middlewares/ST/STM32_USB_Device_Library/Core/Src/usbd_ctlreq.c ****   * @retval status
 103:Middlewares/ST/STM32_USB_Device_Library/Core/Src/usbd_ctlreq.c ****   */
 104:Middlewares/ST/STM32_USB_Device_Library/Core/Src/usbd_ctlreq.c **** USBD_StatusTypeDef USBD_StdDevReq(USBD_HandleTypeDef *pdev, USBD_SetupReqTypedef *req)
 105:Middlewares/ST/STM32_USB_Device_Library/Core/Src/usbd_ctlreq.c **** {
  99              		.loc 1 105 1
 100              		.cfi_startproc
 101              		@ args = 0, pretend = 0, frame = 16
 102              		@ frame_needed = 1, uses_anonymous_args = 0
 103 0000 80B5     		push	{r7, lr}
 104              	.LCFI6:
 105              		.cfi_def_cfa_offset 8
 106              		.cfi_offset 7, -8
 107              		.cfi_offset 14, -4
 108 0002 84B0     		sub	sp, sp, #16
 109              	.LCFI7:
 110              		.cfi_def_cfa_offset 24
 111 0004 00AF     		add	r7, sp, #0
 112              	.LCFI8:
 113              		.cfi_def_cfa_register 7
 114 0006 7860     		str	r0, [r7, #4]
 115 0008 3960     		str	r1, [r7]
 106:Middlewares/ST/STM32_USB_Device_Library/Core/Src/usbd_ctlreq.c ****   USBD_StatusTypeDef ret = USBD_OK;
 116              		.loc 1 106 22
 117 000a 0023     		movs	r3, #0
 118 000c FB73     		strb	r3, [r7, #15]
 107:Middlewares/ST/STM32_USB_Device_Library/Core/Src/usbd_ctlreq.c **** 
 108:Middlewares/ST/STM32_USB_Device_Library/Core/Src/usbd_ctlreq.c ****   switch (req->bmRequest & USB_REQ_TYPE_MASK)
 119              		.loc 1 108 14
 120 000e 3B68     		ldr	r3, [r7]
 121 0010 1B78     		ldrb	r3, [r3]	@ zero_extendqisi2
 122              		.loc 1 108 26
 123 0012 03F06003 		and	r3, r3, #96
 124              		.loc 1 108 3
 125 0016 402B     		cmp	r3, #64
 126 0018 05D0     		beq	.L4
 127 001a 402B     		cmp	r3, #64
 128 001c 57D8     		bhi	.L5
 129 001e 002B     		cmp	r3, #0
 130 0020 0FD0     		beq	.L6
 131 0022 202B     		cmp	r3, #32
 132 0024 53D1     		bne	.L5
 133              	.L4:
 109:Middlewares/ST/STM32_USB_Device_Library/Core/Src/usbd_ctlreq.c ****   {
 110:Middlewares/ST/STM32_USB_Device_Library/Core/Src/usbd_ctlreq.c ****     case USB_REQ_TYPE_CLASS:
 111:Middlewares/ST/STM32_USB_Device_Library/Core/Src/usbd_ctlreq.c ****     case USB_REQ_TYPE_VENDOR:
 112:Middlewares/ST/STM32_USB_Device_Library/Core/Src/usbd_ctlreq.c ****       ret = (USBD_StatusTypeDef)pdev->pClass[pdev->classId]->Setup(pdev, req);
 134              		.loc 1 112 50
 135 0026 7B68     		ldr	r3, [r7, #4]
 136 0028 D3F8D422 		ldr	r2, [r3, #724]
ARM GAS  C:\Users\DAELT-~1\AppData\Local\Temp\cceeRwBp.s 			page 13


 137              		.loc 1 112 45
 138 002c 7B68     		ldr	r3, [r7, #4]
 139 002e AE32     		adds	r2, r2, #174
 140 0030 53F82230 		ldr	r3, [r3, r2, lsl #2]
 141              		.loc 1 112 60
 142 0034 9B68     		ldr	r3, [r3, #8]
 143              		.loc 1 112 33
 144 0036 3968     		ldr	r1, [r7]
 145 0038 7868     		ldr	r0, [r7, #4]
 146 003a 9847     		blx	r3
 147              	.LVL0:
 148 003c 0346     		mov	r3, r0
 149 003e FB73     		strb	r3, [r7, #15]
 113:Middlewares/ST/STM32_USB_Device_Library/Core/Src/usbd_ctlreq.c ****       break;
 150              		.loc 1 113 7
 151 0040 4AE0     		b	.L7
 152              	.L6:
 114:Middlewares/ST/STM32_USB_Device_Library/Core/Src/usbd_ctlreq.c **** 
 115:Middlewares/ST/STM32_USB_Device_Library/Core/Src/usbd_ctlreq.c ****     case USB_REQ_TYPE_STANDARD:
 116:Middlewares/ST/STM32_USB_Device_Library/Core/Src/usbd_ctlreq.c ****       switch (req->bRequest)
 153              		.loc 1 116 18
 154 0042 3B68     		ldr	r3, [r7]
 155 0044 5B78     		ldrb	r3, [r3, #1]	@ zero_extendqisi2
 156 0046 092B     		cmp	r3, #9
 157 0048 3BD8     		bhi	.L8
 158 004a 01A2     		adr	r2, .L10
 159 004c 52F823F0 		ldr	pc, [r2, r3, lsl #2]
 160              		.p2align 2
 161              	.L10:
 162 0050 A5000000 		.word	.L16+1
 163 0054 B9000000 		.word	.L15+1
 164 0058 C3000000 		.word	.L8+1
 165 005c AF000000 		.word	.L14+1
 166 0060 C3000000 		.word	.L8+1
 167 0064 83000000 		.word	.L13+1
 168 0068 79000000 		.word	.L12+1
 169 006c C3000000 		.word	.L8+1
 170 0070 9B000000 		.word	.L11+1
 171 0074 8D000000 		.word	.L9+1
 172              		.p2align 1
 173              	.L12:
 117:Middlewares/ST/STM32_USB_Device_Library/Core/Src/usbd_ctlreq.c ****       {
 118:Middlewares/ST/STM32_USB_Device_Library/Core/Src/usbd_ctlreq.c ****         case USB_REQ_GET_DESCRIPTOR:
 119:Middlewares/ST/STM32_USB_Device_Library/Core/Src/usbd_ctlreq.c ****           USBD_GetDescriptor(pdev, req);
 174              		.loc 1 119 11
 175 0078 3968     		ldr	r1, [r7]
 176 007a 7868     		ldr	r0, [r7, #4]
 177 007c FFF7FEFF 		bl	USBD_GetDescriptor
 120:Middlewares/ST/STM32_USB_Device_Library/Core/Src/usbd_ctlreq.c ****           break;
 178              		.loc 1 120 11
 179 0080 24E0     		b	.L17
 180              	.L13:
 121:Middlewares/ST/STM32_USB_Device_Library/Core/Src/usbd_ctlreq.c **** 
 122:Middlewares/ST/STM32_USB_Device_Library/Core/Src/usbd_ctlreq.c ****         case USB_REQ_SET_ADDRESS:
 123:Middlewares/ST/STM32_USB_Device_Library/Core/Src/usbd_ctlreq.c ****           USBD_SetAddress(pdev, req);
 181              		.loc 1 123 11
 182 0082 3968     		ldr	r1, [r7]
ARM GAS  C:\Users\DAELT-~1\AppData\Local\Temp\cceeRwBp.s 			page 14


 183 0084 7868     		ldr	r0, [r7, #4]
 184 0086 FFF7FEFF 		bl	USBD_SetAddress
 124:Middlewares/ST/STM32_USB_Device_Library/Core/Src/usbd_ctlreq.c ****           break;
 185              		.loc 1 124 11
 186 008a 1FE0     		b	.L17
 187              	.L9:
 125:Middlewares/ST/STM32_USB_Device_Library/Core/Src/usbd_ctlreq.c **** 
 126:Middlewares/ST/STM32_USB_Device_Library/Core/Src/usbd_ctlreq.c ****         case USB_REQ_SET_CONFIGURATION:
 127:Middlewares/ST/STM32_USB_Device_Library/Core/Src/usbd_ctlreq.c ****           ret = USBD_SetConfig(pdev, req);
 188              		.loc 1 127 17
 189 008c 3968     		ldr	r1, [r7]
 190 008e 7868     		ldr	r0, [r7, #4]
 191 0090 FFF7FEFF 		bl	USBD_SetConfig
 192 0094 0346     		mov	r3, r0
 193 0096 FB73     		strb	r3, [r7, #15]
 128:Middlewares/ST/STM32_USB_Device_Library/Core/Src/usbd_ctlreq.c ****           break;
 194              		.loc 1 128 11
 195 0098 18E0     		b	.L17
 196              	.L11:
 129:Middlewares/ST/STM32_USB_Device_Library/Core/Src/usbd_ctlreq.c **** 
 130:Middlewares/ST/STM32_USB_Device_Library/Core/Src/usbd_ctlreq.c ****         case USB_REQ_GET_CONFIGURATION:
 131:Middlewares/ST/STM32_USB_Device_Library/Core/Src/usbd_ctlreq.c ****           USBD_GetConfig(pdev, req);
 197              		.loc 1 131 11
 198 009a 3968     		ldr	r1, [r7]
 199 009c 7868     		ldr	r0, [r7, #4]
 200 009e FFF7FEFF 		bl	USBD_GetConfig
 132:Middlewares/ST/STM32_USB_Device_Library/Core/Src/usbd_ctlreq.c ****           break;
 201              		.loc 1 132 11
 202 00a2 13E0     		b	.L17
 203              	.L16:
 133:Middlewares/ST/STM32_USB_Device_Library/Core/Src/usbd_ctlreq.c **** 
 134:Middlewares/ST/STM32_USB_Device_Library/Core/Src/usbd_ctlreq.c ****         case USB_REQ_GET_STATUS:
 135:Middlewares/ST/STM32_USB_Device_Library/Core/Src/usbd_ctlreq.c ****           USBD_GetStatus(pdev, req);
 204              		.loc 1 135 11
 205 00a4 3968     		ldr	r1, [r7]
 206 00a6 7868     		ldr	r0, [r7, #4]
 207 00a8 FFF7FEFF 		bl	USBD_GetStatus
 136:Middlewares/ST/STM32_USB_Device_Library/Core/Src/usbd_ctlreq.c ****           break;
 208              		.loc 1 136 11
 209 00ac 0EE0     		b	.L17
 210              	.L14:
 137:Middlewares/ST/STM32_USB_Device_Library/Core/Src/usbd_ctlreq.c **** 
 138:Middlewares/ST/STM32_USB_Device_Library/Core/Src/usbd_ctlreq.c ****         case USB_REQ_SET_FEATURE:
 139:Middlewares/ST/STM32_USB_Device_Library/Core/Src/usbd_ctlreq.c ****           USBD_SetFeature(pdev, req);
 211              		.loc 1 139 11
 212 00ae 3968     		ldr	r1, [r7]
 213 00b0 7868     		ldr	r0, [r7, #4]
 214 00b2 FFF7FEFF 		bl	USBD_SetFeature
 140:Middlewares/ST/STM32_USB_Device_Library/Core/Src/usbd_ctlreq.c ****           break;
 215              		.loc 1 140 11
 216 00b6 09E0     		b	.L17
 217              	.L15:
 141:Middlewares/ST/STM32_USB_Device_Library/Core/Src/usbd_ctlreq.c **** 
 142:Middlewares/ST/STM32_USB_Device_Library/Core/Src/usbd_ctlreq.c ****         case USB_REQ_CLEAR_FEATURE:
 143:Middlewares/ST/STM32_USB_Device_Library/Core/Src/usbd_ctlreq.c ****           USBD_ClrFeature(pdev, req);
 218              		.loc 1 143 11
 219 00b8 3968     		ldr	r1, [r7]
ARM GAS  C:\Users\DAELT-~1\AppData\Local\Temp\cceeRwBp.s 			page 15


 220 00ba 7868     		ldr	r0, [r7, #4]
 221 00bc FFF7FEFF 		bl	USBD_ClrFeature
 144:Middlewares/ST/STM32_USB_Device_Library/Core/Src/usbd_ctlreq.c ****           break;
 222              		.loc 1 144 11
 223 00c0 04E0     		b	.L17
 224              	.L8:
 145:Middlewares/ST/STM32_USB_Device_Library/Core/Src/usbd_ctlreq.c **** 
 146:Middlewares/ST/STM32_USB_Device_Library/Core/Src/usbd_ctlreq.c ****         default:
 147:Middlewares/ST/STM32_USB_Device_Library/Core/Src/usbd_ctlreq.c ****           USBD_CtlError(pdev, req);
 225              		.loc 1 147 11
 226 00c2 3968     		ldr	r1, [r7]
 227 00c4 7868     		ldr	r0, [r7, #4]
 228 00c6 FFF7FEFF 		bl	USBD_CtlError
 148:Middlewares/ST/STM32_USB_Device_Library/Core/Src/usbd_ctlreq.c ****           break;
 229              		.loc 1 148 11
 230 00ca 00BF     		nop
 231              	.L17:
 149:Middlewares/ST/STM32_USB_Device_Library/Core/Src/usbd_ctlreq.c ****       }
 150:Middlewares/ST/STM32_USB_Device_Library/Core/Src/usbd_ctlreq.c ****       break;
 232              		.loc 1 150 7
 233 00cc 04E0     		b	.L7
 234              	.L5:
 151:Middlewares/ST/STM32_USB_Device_Library/Core/Src/usbd_ctlreq.c **** 
 152:Middlewares/ST/STM32_USB_Device_Library/Core/Src/usbd_ctlreq.c ****     default:
 153:Middlewares/ST/STM32_USB_Device_Library/Core/Src/usbd_ctlreq.c ****       USBD_CtlError(pdev, req);
 235              		.loc 1 153 7
 236 00ce 3968     		ldr	r1, [r7]
 237 00d0 7868     		ldr	r0, [r7, #4]
 238 00d2 FFF7FEFF 		bl	USBD_CtlError
 154:Middlewares/ST/STM32_USB_Device_Library/Core/Src/usbd_ctlreq.c ****       break;
 239              		.loc 1 154 7
 240 00d6 00BF     		nop
 241              	.L7:
 155:Middlewares/ST/STM32_USB_Device_Library/Core/Src/usbd_ctlreq.c ****   }
 156:Middlewares/ST/STM32_USB_Device_Library/Core/Src/usbd_ctlreq.c **** 
 157:Middlewares/ST/STM32_USB_Device_Library/Core/Src/usbd_ctlreq.c ****   return ret;
 242              		.loc 1 157 10
 243 00d8 FB7B     		ldrb	r3, [r7, #15]	@ zero_extendqisi2
 158:Middlewares/ST/STM32_USB_Device_Library/Core/Src/usbd_ctlreq.c **** }
 244              		.loc 1 158 1
 245 00da 1846     		mov	r0, r3
 246 00dc 1037     		adds	r7, r7, #16
 247              	.LCFI9:
 248              		.cfi_def_cfa_offset 8
 249 00de BD46     		mov	sp, r7
 250              	.LCFI10:
 251              		.cfi_def_cfa_register 13
 252              		@ sp needed
 253 00e0 80BD     		pop	{r7, pc}
 254              		.cfi_endproc
 255              	.LFE224:
 257 00e2 00BF     		.section	.text.USBD_StdItfReq,"ax",%progbits
 258              		.align	1
 259              		.global	USBD_StdItfReq
 260              		.syntax unified
 261              		.thumb
 262              		.thumb_func
ARM GAS  C:\Users\DAELT-~1\AppData\Local\Temp\cceeRwBp.s 			page 16


 264              	USBD_StdItfReq:
 265              	.LFB225:
 159:Middlewares/ST/STM32_USB_Device_Library/Core/Src/usbd_ctlreq.c **** 
 160:Middlewares/ST/STM32_USB_Device_Library/Core/Src/usbd_ctlreq.c **** /**
 161:Middlewares/ST/STM32_USB_Device_Library/Core/Src/usbd_ctlreq.c ****   * @brief  USBD_StdItfReq
 162:Middlewares/ST/STM32_USB_Device_Library/Core/Src/usbd_ctlreq.c ****   *         Handle standard usb interface requests
 163:Middlewares/ST/STM32_USB_Device_Library/Core/Src/usbd_ctlreq.c ****   * @param  pdev: device instance
 164:Middlewares/ST/STM32_USB_Device_Library/Core/Src/usbd_ctlreq.c ****   * @param  req: usb request
 165:Middlewares/ST/STM32_USB_Device_Library/Core/Src/usbd_ctlreq.c ****   * @retval status
 166:Middlewares/ST/STM32_USB_Device_Library/Core/Src/usbd_ctlreq.c ****   */
 167:Middlewares/ST/STM32_USB_Device_Library/Core/Src/usbd_ctlreq.c **** USBD_StatusTypeDef USBD_StdItfReq(USBD_HandleTypeDef *pdev, USBD_SetupReqTypedef *req)
 168:Middlewares/ST/STM32_USB_Device_Library/Core/Src/usbd_ctlreq.c **** {
 266              		.loc 1 168 1
 267              		.cfi_startproc
 268              		@ args = 0, pretend = 0, frame = 16
 269              		@ frame_needed = 1, uses_anonymous_args = 0
 270 0000 80B5     		push	{r7, lr}
 271              	.LCFI11:
 272              		.cfi_def_cfa_offset 8
 273              		.cfi_offset 7, -8
 274              		.cfi_offset 14, -4
 275 0002 84B0     		sub	sp, sp, #16
 276              	.LCFI12:
 277              		.cfi_def_cfa_offset 24
 278 0004 00AF     		add	r7, sp, #0
 279              	.LCFI13:
 280              		.cfi_def_cfa_register 7
 281 0006 7860     		str	r0, [r7, #4]
 282 0008 3960     		str	r1, [r7]
 169:Middlewares/ST/STM32_USB_Device_Library/Core/Src/usbd_ctlreq.c ****   USBD_StatusTypeDef ret = USBD_OK;
 283              		.loc 1 169 22
 284 000a 0023     		movs	r3, #0
 285 000c FB73     		strb	r3, [r7, #15]
 170:Middlewares/ST/STM32_USB_Device_Library/Core/Src/usbd_ctlreq.c ****   uint8_t idx;
 171:Middlewares/ST/STM32_USB_Device_Library/Core/Src/usbd_ctlreq.c **** 
 172:Middlewares/ST/STM32_USB_Device_Library/Core/Src/usbd_ctlreq.c ****   switch (req->bmRequest & USB_REQ_TYPE_MASK)
 286              		.loc 1 172 14
 287 000e 3B68     		ldr	r3, [r7]
 288 0010 1B78     		ldrb	r3, [r3]	@ zero_extendqisi2
 289              		.loc 1 172 26
 290 0012 03F06003 		and	r3, r3, #96
 291              		.loc 1 172 3
 292 0016 402B     		cmp	r3, #64
 293 0018 05D0     		beq	.L20
 294 001a 402B     		cmp	r3, #64
 295 001c 52D8     		bhi	.L21
 296 001e 002B     		cmp	r3, #0
 297 0020 01D0     		beq	.L20
 298 0022 202B     		cmp	r3, #32
 299 0024 4ED1     		bne	.L21
 300              	.L20:
 173:Middlewares/ST/STM32_USB_Device_Library/Core/Src/usbd_ctlreq.c ****   {
 174:Middlewares/ST/STM32_USB_Device_Library/Core/Src/usbd_ctlreq.c ****     case USB_REQ_TYPE_CLASS:
 175:Middlewares/ST/STM32_USB_Device_Library/Core/Src/usbd_ctlreq.c ****     case USB_REQ_TYPE_VENDOR:
 176:Middlewares/ST/STM32_USB_Device_Library/Core/Src/usbd_ctlreq.c ****     case USB_REQ_TYPE_STANDARD:
 177:Middlewares/ST/STM32_USB_Device_Library/Core/Src/usbd_ctlreq.c ****       switch (pdev->dev_state)
 301              		.loc 1 177 19
ARM GAS  C:\Users\DAELT-~1\AppData\Local\Temp\cceeRwBp.s 			page 17


 302 0026 7B68     		ldr	r3, [r7, #4]
 303 0028 93F89C32 		ldrb	r3, [r3, #668]
 304 002c DBB2     		uxtb	r3, r3
 305 002e 013B     		subs	r3, r3, #1
 306 0030 022B     		cmp	r3, #2
 307 0032 40D8     		bhi	.L22
 178:Middlewares/ST/STM32_USB_Device_Library/Core/Src/usbd_ctlreq.c ****       {
 179:Middlewares/ST/STM32_USB_Device_Library/Core/Src/usbd_ctlreq.c ****         case USBD_STATE_DEFAULT:
 180:Middlewares/ST/STM32_USB_Device_Library/Core/Src/usbd_ctlreq.c ****         case USBD_STATE_ADDRESSED:
 181:Middlewares/ST/STM32_USB_Device_Library/Core/Src/usbd_ctlreq.c ****         case USBD_STATE_CONFIGURED:
 182:Middlewares/ST/STM32_USB_Device_Library/Core/Src/usbd_ctlreq.c **** 
 183:Middlewares/ST/STM32_USB_Device_Library/Core/Src/usbd_ctlreq.c ****           if (LOBYTE(req->wIndex) <= USBD_MAX_NUM_INTERFACES)
 308              		.loc 1 183 15
 309 0034 3B68     		ldr	r3, [r7]
 310 0036 9B88     		ldrh	r3, [r3, #4]
 311 0038 DBB2     		uxtb	r3, r3
 312              		.loc 1 183 14
 313 003a 012B     		cmp	r3, #1
 314 003c 36D8     		bhi	.L23
 184:Middlewares/ST/STM32_USB_Device_Library/Core/Src/usbd_ctlreq.c ****           {
 185:Middlewares/ST/STM32_USB_Device_Library/Core/Src/usbd_ctlreq.c ****             /* Get the class index relative to this interface */
 186:Middlewares/ST/STM32_USB_Device_Library/Core/Src/usbd_ctlreq.c ****             idx = USBD_CoreFindIF(pdev, LOBYTE(req->wIndex));
 315              		.loc 1 186 41
 316 003e 3B68     		ldr	r3, [r7]
 317 0040 9B88     		ldrh	r3, [r3, #4]
 318              		.loc 1 186 19
 319 0042 DBB2     		uxtb	r3, r3
 320 0044 1946     		mov	r1, r3
 321 0046 7868     		ldr	r0, [r7, #4]
 322 0048 FFF7FEFF 		bl	USBD_CoreFindIF
 323 004c 0346     		mov	r3, r0
 324 004e BB73     		strb	r3, [r7, #14]
 187:Middlewares/ST/STM32_USB_Device_Library/Core/Src/usbd_ctlreq.c ****             if (((uint8_t)idx != 0xFFU) && (idx < USBD_MAX_SUPPORTED_CLASS))
 325              		.loc 1 187 16
 326 0050 BB7B     		ldrb	r3, [r7, #14]	@ zero_extendqisi2
 327 0052 FF2B     		cmp	r3, #255
 328 0054 1DD0     		beq	.L24
 329              		.loc 1 187 41 discriminator 1
 330 0056 BB7B     		ldrb	r3, [r7, #14]	@ zero_extendqisi2
 331 0058 002B     		cmp	r3, #0
 332 005a 1AD1     		bne	.L24
 188:Middlewares/ST/STM32_USB_Device_Library/Core/Src/usbd_ctlreq.c ****             {
 189:Middlewares/ST/STM32_USB_Device_Library/Core/Src/usbd_ctlreq.c ****               /* Call the class data out function to manage the request */
 190:Middlewares/ST/STM32_USB_Device_Library/Core/Src/usbd_ctlreq.c ****               if (pdev->pClass[idx]->Setup != NULL)
 333              		.loc 1 190 31
 334 005c BA7B     		ldrb	r2, [r7, #14]	@ zero_extendqisi2
 335 005e 7B68     		ldr	r3, [r7, #4]
 336 0060 AE32     		adds	r2, r2, #174
 337 0062 53F82230 		ldr	r3, [r3, r2, lsl #2]
 338              		.loc 1 190 36
 339 0066 9B68     		ldr	r3, [r3, #8]
 340              		.loc 1 190 18
 341 0068 002B     		cmp	r3, #0
 342 006a 0FD0     		beq	.L25
 191:Middlewares/ST/STM32_USB_Device_Library/Core/Src/usbd_ctlreq.c ****               {
 192:Middlewares/ST/STM32_USB_Device_Library/Core/Src/usbd_ctlreq.c ****                 pdev->classId = idx;
 343              		.loc 1 192 31
ARM GAS  C:\Users\DAELT-~1\AppData\Local\Temp\cceeRwBp.s 			page 18


 344 006c BA7B     		ldrb	r2, [r7, #14]	@ zero_extendqisi2
 345 006e 7B68     		ldr	r3, [r7, #4]
 346 0070 C3F8D422 		str	r2, [r3, #724]
 193:Middlewares/ST/STM32_USB_Device_Library/Core/Src/usbd_ctlreq.c ****                 ret = (USBD_StatusTypeDef)(pdev->pClass[idx]->Setup(pdev, req));
 347              		.loc 1 193 56
 348 0074 BA7B     		ldrb	r2, [r7, #14]	@ zero_extendqisi2
 349 0076 7B68     		ldr	r3, [r7, #4]
 350 0078 AE32     		adds	r2, r2, #174
 351 007a 53F82230 		ldr	r3, [r3, r2, lsl #2]
 352              		.loc 1 193 61
 353 007e 9B68     		ldr	r3, [r3, #8]
 354              		.loc 1 193 44
 355 0080 3968     		ldr	r1, [r7]
 356 0082 7868     		ldr	r0, [r7, #4]
 357 0084 9847     		blx	r3
 358              	.LVL1:
 359 0086 0346     		mov	r3, r0
 360 0088 FB73     		strb	r3, [r7, #15]
 190:Middlewares/ST/STM32_USB_Device_Library/Core/Src/usbd_ctlreq.c ****               {
 361              		.loc 1 190 18
 362 008a 04E0     		b	.L27
 363              	.L25:
 194:Middlewares/ST/STM32_USB_Device_Library/Core/Src/usbd_ctlreq.c ****               }
 195:Middlewares/ST/STM32_USB_Device_Library/Core/Src/usbd_ctlreq.c ****               else
 196:Middlewares/ST/STM32_USB_Device_Library/Core/Src/usbd_ctlreq.c ****               {
 197:Middlewares/ST/STM32_USB_Device_Library/Core/Src/usbd_ctlreq.c ****                 /* should never reach this condition */
 198:Middlewares/ST/STM32_USB_Device_Library/Core/Src/usbd_ctlreq.c ****                 ret = USBD_FAIL;
 364              		.loc 1 198 21
 365 008c 0323     		movs	r3, #3
 366 008e FB73     		strb	r3, [r7, #15]
 190:Middlewares/ST/STM32_USB_Device_Library/Core/Src/usbd_ctlreq.c ****               {
 367              		.loc 1 190 18
 368 0090 01E0     		b	.L27
 369              	.L24:
 199:Middlewares/ST/STM32_USB_Device_Library/Core/Src/usbd_ctlreq.c ****               }
 200:Middlewares/ST/STM32_USB_Device_Library/Core/Src/usbd_ctlreq.c ****             }
 201:Middlewares/ST/STM32_USB_Device_Library/Core/Src/usbd_ctlreq.c ****             else
 202:Middlewares/ST/STM32_USB_Device_Library/Core/Src/usbd_ctlreq.c ****             {
 203:Middlewares/ST/STM32_USB_Device_Library/Core/Src/usbd_ctlreq.c ****               /* No relative interface found */
 204:Middlewares/ST/STM32_USB_Device_Library/Core/Src/usbd_ctlreq.c ****               ret = USBD_FAIL;
 370              		.loc 1 204 19
 371 0092 0323     		movs	r3, #3
 372 0094 FB73     		strb	r3, [r7, #15]
 373              	.L27:
 205:Middlewares/ST/STM32_USB_Device_Library/Core/Src/usbd_ctlreq.c ****             }
 206:Middlewares/ST/STM32_USB_Device_Library/Core/Src/usbd_ctlreq.c **** 
 207:Middlewares/ST/STM32_USB_Device_Library/Core/Src/usbd_ctlreq.c ****             if ((req->wLength == 0U) && (ret == USBD_OK))
 374              		.loc 1 207 21
 375 0096 3B68     		ldr	r3, [r7]
 376 0098 DB88     		ldrh	r3, [r3, #6]
 377              		.loc 1 207 16
 378 009a 002B     		cmp	r3, #0
 379 009c 10D1     		bne	.L32
 380              		.loc 1 207 38 discriminator 1
 381 009e FB7B     		ldrb	r3, [r7, #15]	@ zero_extendqisi2
 382 00a0 002B     		cmp	r3, #0
 383 00a2 0DD1     		bne	.L32
ARM GAS  C:\Users\DAELT-~1\AppData\Local\Temp\cceeRwBp.s 			page 19


 208:Middlewares/ST/STM32_USB_Device_Library/Core/Src/usbd_ctlreq.c ****             {
 209:Middlewares/ST/STM32_USB_Device_Library/Core/Src/usbd_ctlreq.c ****               (void)USBD_CtlSendStatus(pdev);
 384              		.loc 1 209 21
 385 00a4 7868     		ldr	r0, [r7, #4]
 386 00a6 FFF7FEFF 		bl	USBD_CtlSendStatus
 210:Middlewares/ST/STM32_USB_Device_Library/Core/Src/usbd_ctlreq.c ****             }
 211:Middlewares/ST/STM32_USB_Device_Library/Core/Src/usbd_ctlreq.c ****           }
 212:Middlewares/ST/STM32_USB_Device_Library/Core/Src/usbd_ctlreq.c ****           else
 213:Middlewares/ST/STM32_USB_Device_Library/Core/Src/usbd_ctlreq.c ****           {
 214:Middlewares/ST/STM32_USB_Device_Library/Core/Src/usbd_ctlreq.c ****             USBD_CtlError(pdev, req);
 215:Middlewares/ST/STM32_USB_Device_Library/Core/Src/usbd_ctlreq.c ****           }
 216:Middlewares/ST/STM32_USB_Device_Library/Core/Src/usbd_ctlreq.c ****           break;
 387              		.loc 1 216 11
 388 00aa 09E0     		b	.L32
 389              	.L23:
 214:Middlewares/ST/STM32_USB_Device_Library/Core/Src/usbd_ctlreq.c ****           }
 390              		.loc 1 214 13
 391 00ac 3968     		ldr	r1, [r7]
 392 00ae 7868     		ldr	r0, [r7, #4]
 393 00b0 FFF7FEFF 		bl	USBD_CtlError
 394              		.loc 1 216 11
 395 00b4 04E0     		b	.L32
 396              	.L22:
 217:Middlewares/ST/STM32_USB_Device_Library/Core/Src/usbd_ctlreq.c **** 
 218:Middlewares/ST/STM32_USB_Device_Library/Core/Src/usbd_ctlreq.c ****         default:
 219:Middlewares/ST/STM32_USB_Device_Library/Core/Src/usbd_ctlreq.c ****           USBD_CtlError(pdev, req);
 397              		.loc 1 219 11
 398 00b6 3968     		ldr	r1, [r7]
 399 00b8 7868     		ldr	r0, [r7, #4]
 400 00ba FFF7FEFF 		bl	USBD_CtlError
 220:Middlewares/ST/STM32_USB_Device_Library/Core/Src/usbd_ctlreq.c ****           break;
 401              		.loc 1 220 11
 402 00be 00E0     		b	.L29
 403              	.L32:
 216:Middlewares/ST/STM32_USB_Device_Library/Core/Src/usbd_ctlreq.c **** 
 404              		.loc 1 216 11
 405 00c0 00BF     		nop
 406              	.L29:
 221:Middlewares/ST/STM32_USB_Device_Library/Core/Src/usbd_ctlreq.c ****       }
 222:Middlewares/ST/STM32_USB_Device_Library/Core/Src/usbd_ctlreq.c ****       break;
 407              		.loc 1 222 7
 408 00c2 04E0     		b	.L30
 409              	.L21:
 223:Middlewares/ST/STM32_USB_Device_Library/Core/Src/usbd_ctlreq.c **** 
 224:Middlewares/ST/STM32_USB_Device_Library/Core/Src/usbd_ctlreq.c ****     default:
 225:Middlewares/ST/STM32_USB_Device_Library/Core/Src/usbd_ctlreq.c ****       USBD_CtlError(pdev, req);
 410              		.loc 1 225 7
 411 00c4 3968     		ldr	r1, [r7]
 412 00c6 7868     		ldr	r0, [r7, #4]
 413 00c8 FFF7FEFF 		bl	USBD_CtlError
 226:Middlewares/ST/STM32_USB_Device_Library/Core/Src/usbd_ctlreq.c ****       break;
 414              		.loc 1 226 7
 415 00cc 00BF     		nop
 416              	.L30:
 227:Middlewares/ST/STM32_USB_Device_Library/Core/Src/usbd_ctlreq.c ****   }
 228:Middlewares/ST/STM32_USB_Device_Library/Core/Src/usbd_ctlreq.c **** 
 229:Middlewares/ST/STM32_USB_Device_Library/Core/Src/usbd_ctlreq.c ****   return ret;
ARM GAS  C:\Users\DAELT-~1\AppData\Local\Temp\cceeRwBp.s 			page 20


 417              		.loc 1 229 10
 418 00ce FB7B     		ldrb	r3, [r7, #15]	@ zero_extendqisi2
 230:Middlewares/ST/STM32_USB_Device_Library/Core/Src/usbd_ctlreq.c **** }
 419              		.loc 1 230 1
 420 00d0 1846     		mov	r0, r3
 421 00d2 1037     		adds	r7, r7, #16
 422              	.LCFI14:
 423              		.cfi_def_cfa_offset 8
 424 00d4 BD46     		mov	sp, r7
 425              	.LCFI15:
 426              		.cfi_def_cfa_register 13
 427              		@ sp needed
 428 00d6 80BD     		pop	{r7, pc}
 429              		.cfi_endproc
 430              	.LFE225:
 432              		.section	.text.USBD_StdEPReq,"ax",%progbits
 433              		.align	1
 434              		.global	USBD_StdEPReq
 435              		.syntax unified
 436              		.thumb
 437              		.thumb_func
 439              	USBD_StdEPReq:
 440              	.LFB226:
 231:Middlewares/ST/STM32_USB_Device_Library/Core/Src/usbd_ctlreq.c **** 
 232:Middlewares/ST/STM32_USB_Device_Library/Core/Src/usbd_ctlreq.c **** /**
 233:Middlewares/ST/STM32_USB_Device_Library/Core/Src/usbd_ctlreq.c ****   * @brief  USBD_StdEPReq
 234:Middlewares/ST/STM32_USB_Device_Library/Core/Src/usbd_ctlreq.c ****   *         Handle standard usb endpoint requests
 235:Middlewares/ST/STM32_USB_Device_Library/Core/Src/usbd_ctlreq.c ****   * @param  pdev: device instance
 236:Middlewares/ST/STM32_USB_Device_Library/Core/Src/usbd_ctlreq.c ****   * @param  req: usb request
 237:Middlewares/ST/STM32_USB_Device_Library/Core/Src/usbd_ctlreq.c ****   * @retval status
 238:Middlewares/ST/STM32_USB_Device_Library/Core/Src/usbd_ctlreq.c ****   */
 239:Middlewares/ST/STM32_USB_Device_Library/Core/Src/usbd_ctlreq.c **** USBD_StatusTypeDef USBD_StdEPReq(USBD_HandleTypeDef *pdev, USBD_SetupReqTypedef *req)
 240:Middlewares/ST/STM32_USB_Device_Library/Core/Src/usbd_ctlreq.c **** {
 441              		.loc 1 240 1
 442              		.cfi_startproc
 443              		@ args = 0, pretend = 0, frame = 16
 444              		@ frame_needed = 1, uses_anonymous_args = 0
 445 0000 80B5     		push	{r7, lr}
 446              	.LCFI16:
 447              		.cfi_def_cfa_offset 8
 448              		.cfi_offset 7, -8
 449              		.cfi_offset 14, -4
 450 0002 84B0     		sub	sp, sp, #16
 451              	.LCFI17:
 452              		.cfi_def_cfa_offset 24
 453 0004 00AF     		add	r7, sp, #0
 454              	.LCFI18:
 455              		.cfi_def_cfa_register 7
 456 0006 7860     		str	r0, [r7, #4]
 457 0008 3960     		str	r1, [r7]
 241:Middlewares/ST/STM32_USB_Device_Library/Core/Src/usbd_ctlreq.c ****   USBD_EndpointTypeDef *pep;
 242:Middlewares/ST/STM32_USB_Device_Library/Core/Src/usbd_ctlreq.c ****   uint8_t ep_addr;
 243:Middlewares/ST/STM32_USB_Device_Library/Core/Src/usbd_ctlreq.c ****   uint8_t idx;
 244:Middlewares/ST/STM32_USB_Device_Library/Core/Src/usbd_ctlreq.c ****   USBD_StatusTypeDef ret = USBD_OK;
 458              		.loc 1 244 22
 459 000a 0023     		movs	r3, #0
 460 000c FB73     		strb	r3, [r7, #15]
ARM GAS  C:\Users\DAELT-~1\AppData\Local\Temp\cceeRwBp.s 			page 21


 245:Middlewares/ST/STM32_USB_Device_Library/Core/Src/usbd_ctlreq.c **** 
 246:Middlewares/ST/STM32_USB_Device_Library/Core/Src/usbd_ctlreq.c ****   ep_addr = LOBYTE(req->wIndex);
 461              		.loc 1 246 13
 462 000e 3B68     		ldr	r3, [r7]
 463 0010 9B88     		ldrh	r3, [r3, #4]
 464              		.loc 1 246 11
 465 0012 BB73     		strb	r3, [r7, #14]
 247:Middlewares/ST/STM32_USB_Device_Library/Core/Src/usbd_ctlreq.c **** 
 248:Middlewares/ST/STM32_USB_Device_Library/Core/Src/usbd_ctlreq.c ****   switch (req->bmRequest & USB_REQ_TYPE_MASK)
 466              		.loc 1 248 14
 467 0014 3B68     		ldr	r3, [r7]
 468 0016 1B78     		ldrb	r3, [r3]	@ zero_extendqisi2
 469              		.loc 1 248 26
 470 0018 03F06003 		and	r3, r3, #96
 471              		.loc 1 248 3
 472 001c 402B     		cmp	r3, #64
 473 001e 07D0     		beq	.L34
 474 0020 402B     		cmp	r3, #64
 475 0022 00F28181 		bhi	.L35
 476 0026 002B     		cmp	r3, #0
 477 0028 2AD0     		beq	.L36
 478 002a 202B     		cmp	r3, #32
 479 002c 40F07C81 		bne	.L35
 480              	.L34:
 249:Middlewares/ST/STM32_USB_Device_Library/Core/Src/usbd_ctlreq.c ****   {
 250:Middlewares/ST/STM32_USB_Device_Library/Core/Src/usbd_ctlreq.c ****     case USB_REQ_TYPE_CLASS:
 251:Middlewares/ST/STM32_USB_Device_Library/Core/Src/usbd_ctlreq.c ****     case USB_REQ_TYPE_VENDOR:
 252:Middlewares/ST/STM32_USB_Device_Library/Core/Src/usbd_ctlreq.c ****       /* Get the class index relative to this endpoint */
 253:Middlewares/ST/STM32_USB_Device_Library/Core/Src/usbd_ctlreq.c ****       idx = USBD_CoreFindEP(pdev, ep_addr);
 481              		.loc 1 253 13
 482 0030 BB7B     		ldrb	r3, [r7, #14]	@ zero_extendqisi2
 483 0032 1946     		mov	r1, r3
 484 0034 7868     		ldr	r0, [r7, #4]
 485 0036 FFF7FEFF 		bl	USBD_CoreFindEP
 486 003a 0346     		mov	r3, r0
 487 003c 7B73     		strb	r3, [r7, #13]
 254:Middlewares/ST/STM32_USB_Device_Library/Core/Src/usbd_ctlreq.c ****       if (((uint8_t)idx != 0xFFU) && (idx < USBD_MAX_SUPPORTED_CLASS))
 488              		.loc 1 254 10
 489 003e 7B7B     		ldrb	r3, [r7, #13]	@ zero_extendqisi2
 490 0040 FF2B     		cmp	r3, #255
 491 0042 00F07681 		beq	.L78
 492              		.loc 1 254 35 discriminator 1
 493 0046 7B7B     		ldrb	r3, [r7, #13]	@ zero_extendqisi2
 494 0048 002B     		cmp	r3, #0
 495 004a 40F07281 		bne	.L78
 255:Middlewares/ST/STM32_USB_Device_Library/Core/Src/usbd_ctlreq.c ****       {
 256:Middlewares/ST/STM32_USB_Device_Library/Core/Src/usbd_ctlreq.c ****         pdev->classId = idx;
 496              		.loc 1 256 23
 497 004e 7A7B     		ldrb	r2, [r7, #13]	@ zero_extendqisi2
 498 0050 7B68     		ldr	r3, [r7, #4]
 499 0052 C3F8D422 		str	r2, [r3, #724]
 257:Middlewares/ST/STM32_USB_Device_Library/Core/Src/usbd_ctlreq.c ****         /* Call the class data out function to manage the request */
 258:Middlewares/ST/STM32_USB_Device_Library/Core/Src/usbd_ctlreq.c ****         if (pdev->pClass[idx]->Setup != NULL)
 500              		.loc 1 258 25
 501 0056 7A7B     		ldrb	r2, [r7, #13]	@ zero_extendqisi2
 502 0058 7B68     		ldr	r3, [r7, #4]
 503 005a AE32     		adds	r2, r2, #174
ARM GAS  C:\Users\DAELT-~1\AppData\Local\Temp\cceeRwBp.s 			page 22


 504 005c 53F82230 		ldr	r3, [r3, r2, lsl #2]
 505              		.loc 1 258 30
 506 0060 9B68     		ldr	r3, [r3, #8]
 507              		.loc 1 258 12
 508 0062 002B     		cmp	r3, #0
 509 0064 00F06581 		beq	.L78
 259:Middlewares/ST/STM32_USB_Device_Library/Core/Src/usbd_ctlreq.c ****         {
 260:Middlewares/ST/STM32_USB_Device_Library/Core/Src/usbd_ctlreq.c ****           ret = (USBD_StatusTypeDef)pdev->pClass[idx]->Setup(pdev, req);
 510              		.loc 1 260 49
 511 0068 7A7B     		ldrb	r2, [r7, #13]	@ zero_extendqisi2
 512 006a 7B68     		ldr	r3, [r7, #4]
 513 006c AE32     		adds	r2, r2, #174
 514 006e 53F82230 		ldr	r3, [r3, r2, lsl #2]
 515              		.loc 1 260 54
 516 0072 9B68     		ldr	r3, [r3, #8]
 517              		.loc 1 260 37
 518 0074 3968     		ldr	r1, [r7]
 519 0076 7868     		ldr	r0, [r7, #4]
 520 0078 9847     		blx	r3
 521              	.LVL2:
 522 007a 0346     		mov	r3, r0
 523 007c FB73     		strb	r3, [r7, #15]
 261:Middlewares/ST/STM32_USB_Device_Library/Core/Src/usbd_ctlreq.c ****         }
 262:Middlewares/ST/STM32_USB_Device_Library/Core/Src/usbd_ctlreq.c ****       }
 263:Middlewares/ST/STM32_USB_Device_Library/Core/Src/usbd_ctlreq.c ****       break;
 524              		.loc 1 263 7
 525 007e 58E1     		b	.L78
 526              	.L36:
 264:Middlewares/ST/STM32_USB_Device_Library/Core/Src/usbd_ctlreq.c **** 
 265:Middlewares/ST/STM32_USB_Device_Library/Core/Src/usbd_ctlreq.c ****     case USB_REQ_TYPE_STANDARD:
 266:Middlewares/ST/STM32_USB_Device_Library/Core/Src/usbd_ctlreq.c ****       switch (req->bRequest)
 527              		.loc 1 266 18
 528 0080 3B68     		ldr	r3, [r7]
 529 0082 5B78     		ldrb	r3, [r3, #1]	@ zero_extendqisi2
 530 0084 032B     		cmp	r3, #3
 531 0086 08D0     		beq	.L39
 532 0088 032B     		cmp	r3, #3
 533 008a 00F34781 		bgt	.L40
 534 008e 002B     		cmp	r3, #0
 535 0090 00F09B80 		beq	.L41
 536 0094 012B     		cmp	r3, #1
 537 0096 3CD0     		beq	.L42
 538 0098 40E1     		b	.L40
 539              	.L39:
 267:Middlewares/ST/STM32_USB_Device_Library/Core/Src/usbd_ctlreq.c ****       {
 268:Middlewares/ST/STM32_USB_Device_Library/Core/Src/usbd_ctlreq.c ****         case USB_REQ_SET_FEATURE:
 269:Middlewares/ST/STM32_USB_Device_Library/Core/Src/usbd_ctlreq.c ****           switch (pdev->dev_state)
 540              		.loc 1 269 23
 541 009a 7B68     		ldr	r3, [r7, #4]
 542 009c 93F89C32 		ldrb	r3, [r3, #668]
 543 00a0 DBB2     		uxtb	r3, r3
 544 00a2 022B     		cmp	r3, #2
 545 00a4 02D0     		beq	.L43
 546 00a6 032B     		cmp	r3, #3
 547 00a8 16D0     		beq	.L44
 548 00aa 2CE0     		b	.L75
 549              	.L43:
ARM GAS  C:\Users\DAELT-~1\AppData\Local\Temp\cceeRwBp.s 			page 23


 270:Middlewares/ST/STM32_USB_Device_Library/Core/Src/usbd_ctlreq.c ****           {
 271:Middlewares/ST/STM32_USB_Device_Library/Core/Src/usbd_ctlreq.c ****             case USBD_STATE_ADDRESSED:
 272:Middlewares/ST/STM32_USB_Device_Library/Core/Src/usbd_ctlreq.c ****               if ((ep_addr != 0x00U) && (ep_addr != 0x80U))
 550              		.loc 1 272 18
 551 00ac BB7B     		ldrb	r3, [r7, #14]	@ zero_extendqisi2
 552 00ae 002B     		cmp	r3, #0
 553 00b0 0DD0     		beq	.L46
 554              		.loc 1 272 38 discriminator 1
 555 00b2 BB7B     		ldrb	r3, [r7, #14]	@ zero_extendqisi2
 556 00b4 802B     		cmp	r3, #128
 557 00b6 0AD0     		beq	.L46
 273:Middlewares/ST/STM32_USB_Device_Library/Core/Src/usbd_ctlreq.c ****               {
 274:Middlewares/ST/STM32_USB_Device_Library/Core/Src/usbd_ctlreq.c ****                 (void)USBD_LL_StallEP(pdev, ep_addr);
 558              		.loc 1 274 23
 559 00b8 BB7B     		ldrb	r3, [r7, #14]	@ zero_extendqisi2
 560 00ba 1946     		mov	r1, r3
 561 00bc 7868     		ldr	r0, [r7, #4]
 562 00be FFF7FEFF 		bl	USBD_LL_StallEP
 275:Middlewares/ST/STM32_USB_Device_Library/Core/Src/usbd_ctlreq.c ****                 (void)USBD_LL_StallEP(pdev, 0x80U);
 563              		.loc 1 275 23
 564 00c2 8021     		movs	r1, #128
 565 00c4 7868     		ldr	r0, [r7, #4]
 566 00c6 FFF7FEFF 		bl	USBD_LL_StallEP
 567              		.loc 1 275 17
 568 00ca 00BF     		nop
 276:Middlewares/ST/STM32_USB_Device_Library/Core/Src/usbd_ctlreq.c ****               }
 277:Middlewares/ST/STM32_USB_Device_Library/Core/Src/usbd_ctlreq.c ****               else
 278:Middlewares/ST/STM32_USB_Device_Library/Core/Src/usbd_ctlreq.c ****               {
 279:Middlewares/ST/STM32_USB_Device_Library/Core/Src/usbd_ctlreq.c ****                 USBD_CtlError(pdev, req);
 280:Middlewares/ST/STM32_USB_Device_Library/Core/Src/usbd_ctlreq.c ****               }
 281:Middlewares/ST/STM32_USB_Device_Library/Core/Src/usbd_ctlreq.c ****               break;
 569              		.loc 1 281 15
 570 00cc 20E0     		b	.L48
 571              	.L46:
 279:Middlewares/ST/STM32_USB_Device_Library/Core/Src/usbd_ctlreq.c ****               }
 572              		.loc 1 279 17
 573 00ce 3968     		ldr	r1, [r7]
 574 00d0 7868     		ldr	r0, [r7, #4]
 575 00d2 FFF7FEFF 		bl	USBD_CtlError
 576              		.loc 1 281 15
 577 00d6 1BE0     		b	.L48
 578              	.L44:
 282:Middlewares/ST/STM32_USB_Device_Library/Core/Src/usbd_ctlreq.c **** 
 283:Middlewares/ST/STM32_USB_Device_Library/Core/Src/usbd_ctlreq.c ****             case USBD_STATE_CONFIGURED:
 284:Middlewares/ST/STM32_USB_Device_Library/Core/Src/usbd_ctlreq.c ****               if (req->wValue == USB_FEATURE_EP_HALT)
 579              		.loc 1 284 22
 580 00d8 3B68     		ldr	r3, [r7]
 581 00da 5B88     		ldrh	r3, [r3, #2]
 582              		.loc 1 284 18
 583 00dc 002B     		cmp	r3, #0
 584 00de 0ED1     		bne	.L49
 285:Middlewares/ST/STM32_USB_Device_Library/Core/Src/usbd_ctlreq.c ****               {
 286:Middlewares/ST/STM32_USB_Device_Library/Core/Src/usbd_ctlreq.c ****                 if ((ep_addr != 0x00U) && (ep_addr != 0x80U) && (req->wLength == 0x00U))
 585              		.loc 1 286 20
 586 00e0 BB7B     		ldrb	r3, [r7, #14]	@ zero_extendqisi2
 587 00e2 002B     		cmp	r3, #0
 588 00e4 0BD0     		beq	.L49
ARM GAS  C:\Users\DAELT-~1\AppData\Local\Temp\cceeRwBp.s 			page 24


 589              		.loc 1 286 40 discriminator 1
 590 00e6 BB7B     		ldrb	r3, [r7, #14]	@ zero_extendqisi2
 591 00e8 802B     		cmp	r3, #128
 592 00ea 08D0     		beq	.L49
 593              		.loc 1 286 69 discriminator 2
 594 00ec 3B68     		ldr	r3, [r7]
 595 00ee DB88     		ldrh	r3, [r3, #6]
 596              		.loc 1 286 62 discriminator 2
 597 00f0 002B     		cmp	r3, #0
 598 00f2 04D1     		bne	.L49
 287:Middlewares/ST/STM32_USB_Device_Library/Core/Src/usbd_ctlreq.c ****                 {
 288:Middlewares/ST/STM32_USB_Device_Library/Core/Src/usbd_ctlreq.c ****                   (void)USBD_LL_StallEP(pdev, ep_addr);
 599              		.loc 1 288 25
 600 00f4 BB7B     		ldrb	r3, [r7, #14]	@ zero_extendqisi2
 601 00f6 1946     		mov	r1, r3
 602 00f8 7868     		ldr	r0, [r7, #4]
 603 00fa FFF7FEFF 		bl	USBD_LL_StallEP
 604              	.L49:
 289:Middlewares/ST/STM32_USB_Device_Library/Core/Src/usbd_ctlreq.c ****                 }
 290:Middlewares/ST/STM32_USB_Device_Library/Core/Src/usbd_ctlreq.c ****               }
 291:Middlewares/ST/STM32_USB_Device_Library/Core/Src/usbd_ctlreq.c ****               (void)USBD_CtlSendStatus(pdev);
 605              		.loc 1 291 21
 606 00fe 7868     		ldr	r0, [r7, #4]
 607 0100 FFF7FEFF 		bl	USBD_CtlSendStatus
 292:Middlewares/ST/STM32_USB_Device_Library/Core/Src/usbd_ctlreq.c **** 
 293:Middlewares/ST/STM32_USB_Device_Library/Core/Src/usbd_ctlreq.c ****               break;
 608              		.loc 1 293 15
 609 0104 04E0     		b	.L48
 610              	.L75:
 294:Middlewares/ST/STM32_USB_Device_Library/Core/Src/usbd_ctlreq.c **** 
 295:Middlewares/ST/STM32_USB_Device_Library/Core/Src/usbd_ctlreq.c ****             default:
 296:Middlewares/ST/STM32_USB_Device_Library/Core/Src/usbd_ctlreq.c ****               USBD_CtlError(pdev, req);
 611              		.loc 1 296 15
 612 0106 3968     		ldr	r1, [r7]
 613 0108 7868     		ldr	r0, [r7, #4]
 614 010a FFF7FEFF 		bl	USBD_CtlError
 297:Middlewares/ST/STM32_USB_Device_Library/Core/Src/usbd_ctlreq.c ****               break;
 615              		.loc 1 297 15
 616 010e 00BF     		nop
 617              	.L48:
 298:Middlewares/ST/STM32_USB_Device_Library/Core/Src/usbd_ctlreq.c ****           }
 299:Middlewares/ST/STM32_USB_Device_Library/Core/Src/usbd_ctlreq.c ****           break;
 618              		.loc 1 299 11
 619 0110 09E1     		b	.L50
 620              	.L42:
 300:Middlewares/ST/STM32_USB_Device_Library/Core/Src/usbd_ctlreq.c **** 
 301:Middlewares/ST/STM32_USB_Device_Library/Core/Src/usbd_ctlreq.c ****         case USB_REQ_CLEAR_FEATURE:
 302:Middlewares/ST/STM32_USB_Device_Library/Core/Src/usbd_ctlreq.c **** 
 303:Middlewares/ST/STM32_USB_Device_Library/Core/Src/usbd_ctlreq.c ****           switch (pdev->dev_state)
 621              		.loc 1 303 23
 622 0112 7B68     		ldr	r3, [r7, #4]
 623 0114 93F89C32 		ldrb	r3, [r3, #668]
 624 0118 DBB2     		uxtb	r3, r3
 625 011a 022B     		cmp	r3, #2
 626 011c 02D0     		beq	.L51
 627 011e 032B     		cmp	r3, #3
 628 0120 16D0     		beq	.L52
ARM GAS  C:\Users\DAELT-~1\AppData\Local\Temp\cceeRwBp.s 			page 25


 629 0122 4BE0     		b	.L76
 630              	.L51:
 304:Middlewares/ST/STM32_USB_Device_Library/Core/Src/usbd_ctlreq.c ****           {
 305:Middlewares/ST/STM32_USB_Device_Library/Core/Src/usbd_ctlreq.c ****             case USBD_STATE_ADDRESSED:
 306:Middlewares/ST/STM32_USB_Device_Library/Core/Src/usbd_ctlreq.c ****               if ((ep_addr != 0x00U) && (ep_addr != 0x80U))
 631              		.loc 1 306 18
 632 0124 BB7B     		ldrb	r3, [r7, #14]	@ zero_extendqisi2
 633 0126 002B     		cmp	r3, #0
 634 0128 0DD0     		beq	.L54
 635              		.loc 1 306 38 discriminator 1
 636 012a BB7B     		ldrb	r3, [r7, #14]	@ zero_extendqisi2
 637 012c 802B     		cmp	r3, #128
 638 012e 0AD0     		beq	.L54
 307:Middlewares/ST/STM32_USB_Device_Library/Core/Src/usbd_ctlreq.c ****               {
 308:Middlewares/ST/STM32_USB_Device_Library/Core/Src/usbd_ctlreq.c ****                 (void)USBD_LL_StallEP(pdev, ep_addr);
 639              		.loc 1 308 23
 640 0130 BB7B     		ldrb	r3, [r7, #14]	@ zero_extendqisi2
 641 0132 1946     		mov	r1, r3
 642 0134 7868     		ldr	r0, [r7, #4]
 643 0136 FFF7FEFF 		bl	USBD_LL_StallEP
 309:Middlewares/ST/STM32_USB_Device_Library/Core/Src/usbd_ctlreq.c ****                 (void)USBD_LL_StallEP(pdev, 0x80U);
 644              		.loc 1 309 23
 645 013a 8021     		movs	r1, #128
 646 013c 7868     		ldr	r0, [r7, #4]
 647 013e FFF7FEFF 		bl	USBD_LL_StallEP
 648              		.loc 1 309 17
 649 0142 00BF     		nop
 310:Middlewares/ST/STM32_USB_Device_Library/Core/Src/usbd_ctlreq.c ****               }
 311:Middlewares/ST/STM32_USB_Device_Library/Core/Src/usbd_ctlreq.c ****               else
 312:Middlewares/ST/STM32_USB_Device_Library/Core/Src/usbd_ctlreq.c ****               {
 313:Middlewares/ST/STM32_USB_Device_Library/Core/Src/usbd_ctlreq.c ****                 USBD_CtlError(pdev, req);
 314:Middlewares/ST/STM32_USB_Device_Library/Core/Src/usbd_ctlreq.c ****               }
 315:Middlewares/ST/STM32_USB_Device_Library/Core/Src/usbd_ctlreq.c ****               break;
 650              		.loc 1 315 15
 651 0144 40E0     		b	.L56
 652              	.L54:
 313:Middlewares/ST/STM32_USB_Device_Library/Core/Src/usbd_ctlreq.c ****               }
 653              		.loc 1 313 17
 654 0146 3968     		ldr	r1, [r7]
 655 0148 7868     		ldr	r0, [r7, #4]
 656 014a FFF7FEFF 		bl	USBD_CtlError
 657              		.loc 1 315 15
 658 014e 3BE0     		b	.L56
 659              	.L52:
 316:Middlewares/ST/STM32_USB_Device_Library/Core/Src/usbd_ctlreq.c **** 
 317:Middlewares/ST/STM32_USB_Device_Library/Core/Src/usbd_ctlreq.c ****             case USBD_STATE_CONFIGURED:
 318:Middlewares/ST/STM32_USB_Device_Library/Core/Src/usbd_ctlreq.c ****               if (req->wValue == USB_FEATURE_EP_HALT)
 660              		.loc 1 318 22
 661 0150 3B68     		ldr	r3, [r7]
 662 0152 5B88     		ldrh	r3, [r3, #2]
 663              		.loc 1 318 18
 664 0154 002B     		cmp	r3, #0
 665 0156 36D1     		bne	.L79
 319:Middlewares/ST/STM32_USB_Device_Library/Core/Src/usbd_ctlreq.c ****               {
 320:Middlewares/ST/STM32_USB_Device_Library/Core/Src/usbd_ctlreq.c ****                 if ((ep_addr & 0x7FU) != 0x00U)
 666              		.loc 1 320 30
 667 0158 BB7B     		ldrb	r3, [r7, #14]	@ zero_extendqisi2
ARM GAS  C:\Users\DAELT-~1\AppData\Local\Temp\cceeRwBp.s 			page 26


 668 015a 03F07F03 		and	r3, r3, #127
 669              		.loc 1 320 20
 670 015e 002B     		cmp	r3, #0
 671 0160 04D0     		beq	.L58
 321:Middlewares/ST/STM32_USB_Device_Library/Core/Src/usbd_ctlreq.c ****                 {
 322:Middlewares/ST/STM32_USB_Device_Library/Core/Src/usbd_ctlreq.c ****                   (void)USBD_LL_ClearStallEP(pdev, ep_addr);
 672              		.loc 1 322 25
 673 0162 BB7B     		ldrb	r3, [r7, #14]	@ zero_extendqisi2
 674 0164 1946     		mov	r1, r3
 675 0166 7868     		ldr	r0, [r7, #4]
 676 0168 FFF7FEFF 		bl	USBD_LL_ClearStallEP
 677              	.L58:
 323:Middlewares/ST/STM32_USB_Device_Library/Core/Src/usbd_ctlreq.c ****                 }
 324:Middlewares/ST/STM32_USB_Device_Library/Core/Src/usbd_ctlreq.c ****                 (void)USBD_CtlSendStatus(pdev);
 678              		.loc 1 324 23
 679 016c 7868     		ldr	r0, [r7, #4]
 680 016e FFF7FEFF 		bl	USBD_CtlSendStatus
 325:Middlewares/ST/STM32_USB_Device_Library/Core/Src/usbd_ctlreq.c **** 
 326:Middlewares/ST/STM32_USB_Device_Library/Core/Src/usbd_ctlreq.c ****                 /* Get the class index relative to this interface */
 327:Middlewares/ST/STM32_USB_Device_Library/Core/Src/usbd_ctlreq.c ****                 idx = USBD_CoreFindEP(pdev, ep_addr);
 681              		.loc 1 327 23
 682 0172 BB7B     		ldrb	r3, [r7, #14]	@ zero_extendqisi2
 683 0174 1946     		mov	r1, r3
 684 0176 7868     		ldr	r0, [r7, #4]
 685 0178 FFF7FEFF 		bl	USBD_CoreFindEP
 686 017c 0346     		mov	r3, r0
 687 017e 7B73     		strb	r3, [r7, #13]
 328:Middlewares/ST/STM32_USB_Device_Library/Core/Src/usbd_ctlreq.c ****                 if (((uint8_t)idx != 0xFFU) && (idx < USBD_MAX_SUPPORTED_CLASS))
 688              		.loc 1 328 20
 689 0180 7B7B     		ldrb	r3, [r7, #13]	@ zero_extendqisi2
 690 0182 FF2B     		cmp	r3, #255
 691 0184 1FD0     		beq	.L79
 692              		.loc 1 328 45 discriminator 1
 693 0186 7B7B     		ldrb	r3, [r7, #13]	@ zero_extendqisi2
 694 0188 002B     		cmp	r3, #0
 695 018a 1CD1     		bne	.L79
 329:Middlewares/ST/STM32_USB_Device_Library/Core/Src/usbd_ctlreq.c ****                 {
 330:Middlewares/ST/STM32_USB_Device_Library/Core/Src/usbd_ctlreq.c ****                   pdev->classId = idx;
 696              		.loc 1 330 33
 697 018c 7A7B     		ldrb	r2, [r7, #13]	@ zero_extendqisi2
 698 018e 7B68     		ldr	r3, [r7, #4]
 699 0190 C3F8D422 		str	r2, [r3, #724]
 331:Middlewares/ST/STM32_USB_Device_Library/Core/Src/usbd_ctlreq.c ****                   /* Call the class data out function to manage the request */
 332:Middlewares/ST/STM32_USB_Device_Library/Core/Src/usbd_ctlreq.c ****                   if (pdev->pClass[idx]->Setup != NULL)
 700              		.loc 1 332 35
 701 0194 7A7B     		ldrb	r2, [r7, #13]	@ zero_extendqisi2
 702 0196 7B68     		ldr	r3, [r7, #4]
 703 0198 AE32     		adds	r2, r2, #174
 704 019a 53F82230 		ldr	r3, [r3, r2, lsl #2]
 705              		.loc 1 332 40
 706 019e 9B68     		ldr	r3, [r3, #8]
 707              		.loc 1 332 22
 708 01a0 002B     		cmp	r3, #0
 709 01a2 10D0     		beq	.L79
 333:Middlewares/ST/STM32_USB_Device_Library/Core/Src/usbd_ctlreq.c ****                   {
 334:Middlewares/ST/STM32_USB_Device_Library/Core/Src/usbd_ctlreq.c ****                     ret = (USBD_StatusTypeDef)(pdev->pClass[idx]->Setup(pdev, req));
 710              		.loc 1 334 60
ARM GAS  C:\Users\DAELT-~1\AppData\Local\Temp\cceeRwBp.s 			page 27


 711 01a4 7A7B     		ldrb	r2, [r7, #13]	@ zero_extendqisi2
 712 01a6 7B68     		ldr	r3, [r7, #4]
 713 01a8 AE32     		adds	r2, r2, #174
 714 01aa 53F82230 		ldr	r3, [r3, r2, lsl #2]
 715              		.loc 1 334 65
 716 01ae 9B68     		ldr	r3, [r3, #8]
 717              		.loc 1 334 48
 718 01b0 3968     		ldr	r1, [r7]
 719 01b2 7868     		ldr	r0, [r7, #4]
 720 01b4 9847     		blx	r3
 721              	.LVL3:
 722 01b6 0346     		mov	r3, r0
 723 01b8 FB73     		strb	r3, [r7, #15]
 335:Middlewares/ST/STM32_USB_Device_Library/Core/Src/usbd_ctlreq.c ****                   }
 336:Middlewares/ST/STM32_USB_Device_Library/Core/Src/usbd_ctlreq.c ****                 }
 337:Middlewares/ST/STM32_USB_Device_Library/Core/Src/usbd_ctlreq.c ****               }
 338:Middlewares/ST/STM32_USB_Device_Library/Core/Src/usbd_ctlreq.c ****               break;
 724              		.loc 1 338 15
 725 01ba 04E0     		b	.L79
 726              	.L76:
 339:Middlewares/ST/STM32_USB_Device_Library/Core/Src/usbd_ctlreq.c **** 
 340:Middlewares/ST/STM32_USB_Device_Library/Core/Src/usbd_ctlreq.c ****             default:
 341:Middlewares/ST/STM32_USB_Device_Library/Core/Src/usbd_ctlreq.c ****               USBD_CtlError(pdev, req);
 727              		.loc 1 341 15
 728 01bc 3968     		ldr	r1, [r7]
 729 01be 7868     		ldr	r0, [r7, #4]
 730 01c0 FFF7FEFF 		bl	USBD_CtlError
 342:Middlewares/ST/STM32_USB_Device_Library/Core/Src/usbd_ctlreq.c ****               break;
 731              		.loc 1 342 15
 732 01c4 00E0     		b	.L56
 733              	.L79:
 338:Middlewares/ST/STM32_USB_Device_Library/Core/Src/usbd_ctlreq.c **** 
 734              		.loc 1 338 15
 735 01c6 00BF     		nop
 736              	.L56:
 343:Middlewares/ST/STM32_USB_Device_Library/Core/Src/usbd_ctlreq.c ****           }
 344:Middlewares/ST/STM32_USB_Device_Library/Core/Src/usbd_ctlreq.c ****           break;
 737              		.loc 1 344 11
 738 01c8 ADE0     		b	.L50
 739              	.L41:
 345:Middlewares/ST/STM32_USB_Device_Library/Core/Src/usbd_ctlreq.c **** 
 346:Middlewares/ST/STM32_USB_Device_Library/Core/Src/usbd_ctlreq.c ****         case USB_REQ_GET_STATUS:
 347:Middlewares/ST/STM32_USB_Device_Library/Core/Src/usbd_ctlreq.c ****           switch (pdev->dev_state)
 740              		.loc 1 347 23
 741 01ca 7B68     		ldr	r3, [r7, #4]
 742 01cc 93F89C32 		ldrb	r3, [r3, #668]
 743 01d0 DBB2     		uxtb	r3, r3
 744 01d2 022B     		cmp	r3, #2
 745 01d4 02D0     		beq	.L59
 746 01d6 032B     		cmp	r3, #3
 747 01d8 33D0     		beq	.L60
 748 01da 99E0     		b	.L77
 749              	.L59:
 348:Middlewares/ST/STM32_USB_Device_Library/Core/Src/usbd_ctlreq.c ****           {
 349:Middlewares/ST/STM32_USB_Device_Library/Core/Src/usbd_ctlreq.c ****             case USBD_STATE_ADDRESSED:
 350:Middlewares/ST/STM32_USB_Device_Library/Core/Src/usbd_ctlreq.c ****               if ((ep_addr != 0x00U) && (ep_addr != 0x80U))
 750              		.loc 1 350 18
ARM GAS  C:\Users\DAELT-~1\AppData\Local\Temp\cceeRwBp.s 			page 28


 751 01dc BB7B     		ldrb	r3, [r7, #14]	@ zero_extendqisi2
 752 01de 002B     		cmp	r3, #0
 753 01e0 07D0     		beq	.L62
 754              		.loc 1 350 38 discriminator 1
 755 01e2 BB7B     		ldrb	r3, [r7, #14]	@ zero_extendqisi2
 756 01e4 802B     		cmp	r3, #128
 757 01e6 04D0     		beq	.L62
 351:Middlewares/ST/STM32_USB_Device_Library/Core/Src/usbd_ctlreq.c ****               {
 352:Middlewares/ST/STM32_USB_Device_Library/Core/Src/usbd_ctlreq.c ****                 USBD_CtlError(pdev, req);
 758              		.loc 1 352 17
 759 01e8 3968     		ldr	r1, [r7]
 760 01ea 7868     		ldr	r0, [r7, #4]
 761 01ec FFF7FEFF 		bl	USBD_CtlError
 353:Middlewares/ST/STM32_USB_Device_Library/Core/Src/usbd_ctlreq.c ****                 break;
 762              		.loc 1 353 17
 763 01f0 93E0     		b	.L63
 764              	.L62:
 354:Middlewares/ST/STM32_USB_Device_Library/Core/Src/usbd_ctlreq.c ****               }
 355:Middlewares/ST/STM32_USB_Device_Library/Core/Src/usbd_ctlreq.c ****               pep = ((ep_addr & 0x80U) == 0x80U) ? &pdev->ep_in[ep_addr & 0x7FU] : \
 765              		.loc 1 355 40
 766 01f2 97F90E30 		ldrsb	r3, [r7, #14]
 767              		.loc 1 355 82
 768 01f6 002B     		cmp	r3, #0
 769 01f8 0BDA     		bge	.L64
 770              		.loc 1 355 73 discriminator 1
 771 01fa BB7B     		ldrb	r3, [r7, #14]	@ zero_extendqisi2
 772 01fc 03F07F02 		and	r2, r3, #127
 773              		.loc 1 355 82 discriminator 1
 774 0200 1346     		mov	r3, r2
 775 0202 9B00     		lsls	r3, r3, #2
 776 0204 1344     		add	r3, r3, r2
 777 0206 9B00     		lsls	r3, r3, #2
 778 0208 1033     		adds	r3, r3, #16
 779 020a 7A68     		ldr	r2, [r7, #4]
 780 020c 1344     		add	r3, r3, r2
 781 020e 0433     		adds	r3, r3, #4
 782 0210 0BE0     		b	.L65
 783              	.L64:
 356:Middlewares/ST/STM32_USB_Device_Library/Core/Src/usbd_ctlreq.c ****                     &pdev->ep_out[ep_addr & 0x7FU];
 784              		.loc 1 356 43
 785 0212 BB7B     		ldrb	r3, [r7, #14]	@ zero_extendqisi2
 786 0214 03F07F02 		and	r2, r3, #127
 355:Middlewares/ST/STM32_USB_Device_Library/Core/Src/usbd_ctlreq.c ****                     &pdev->ep_out[ep_addr & 0x7FU];
 787              		.loc 1 355 82 discriminator 2
 788 0218 1346     		mov	r3, r2
 789 021a 9B00     		lsls	r3, r3, #2
 790 021c 1344     		add	r3, r3, r2
 791 021e 9B00     		lsls	r3, r3, #2
 792 0220 03F5A873 		add	r3, r3, #336
 793 0224 7A68     		ldr	r2, [r7, #4]
 794 0226 1344     		add	r3, r3, r2
 795 0228 0433     		adds	r3, r3, #4
 796              	.L65:
 355:Middlewares/ST/STM32_USB_Device_Library/Core/Src/usbd_ctlreq.c ****                     &pdev->ep_out[ep_addr & 0x7FU];
 797              		.loc 1 355 19 discriminator 4
 798 022a BB60     		str	r3, [r7, #8]
 357:Middlewares/ST/STM32_USB_Device_Library/Core/Src/usbd_ctlreq.c **** 
ARM GAS  C:\Users\DAELT-~1\AppData\Local\Temp\cceeRwBp.s 			page 29


 358:Middlewares/ST/STM32_USB_Device_Library/Core/Src/usbd_ctlreq.c ****               pep->status = 0x0000U;
 799              		.loc 1 358 27
 800 022c BB68     		ldr	r3, [r7, #8]
 801 022e 0022     		movs	r2, #0
 802 0230 9A73     		strb	r2, [r3, #14]
 359:Middlewares/ST/STM32_USB_Device_Library/Core/Src/usbd_ctlreq.c **** 
 360:Middlewares/ST/STM32_USB_Device_Library/Core/Src/usbd_ctlreq.c ****               (void)USBD_CtlSendData(pdev, (uint8_t *)&pep->status, 2U);
 803              		.loc 1 360 21
 804 0232 BB68     		ldr	r3, [r7, #8]
 805 0234 0E33     		adds	r3, r3, #14
 806 0236 0222     		movs	r2, #2
 807 0238 1946     		mov	r1, r3
 808 023a 7868     		ldr	r0, [r7, #4]
 809 023c FFF7FEFF 		bl	USBD_CtlSendData
 361:Middlewares/ST/STM32_USB_Device_Library/Core/Src/usbd_ctlreq.c ****               break;
 810              		.loc 1 361 15
 811 0240 6BE0     		b	.L63
 812              	.L60:
 362:Middlewares/ST/STM32_USB_Device_Library/Core/Src/usbd_ctlreq.c **** 
 363:Middlewares/ST/STM32_USB_Device_Library/Core/Src/usbd_ctlreq.c ****             case USBD_STATE_CONFIGURED:
 364:Middlewares/ST/STM32_USB_Device_Library/Core/Src/usbd_ctlreq.c ****               if ((ep_addr & 0x80U) == 0x80U)
 813              		.loc 1 364 37
 814 0242 97F90E30 		ldrsb	r3, [r7, #14]
 815              		.loc 1 364 18
 816 0246 002B     		cmp	r3, #0
 817 0248 11DA     		bge	.L66
 365:Middlewares/ST/STM32_USB_Device_Library/Core/Src/usbd_ctlreq.c ****               {
 366:Middlewares/ST/STM32_USB_Device_Library/Core/Src/usbd_ctlreq.c ****                 if (pdev->ep_in[ep_addr & 0xFU].is_used == 0U)
 818              		.loc 1 366 41
 819 024a BB7B     		ldrb	r3, [r7, #14]	@ zero_extendqisi2
 820 024c 03F00F02 		and	r2, r3, #15
 821              		.loc 1 366 48
 822 0250 7968     		ldr	r1, [r7, #4]
 823 0252 1346     		mov	r3, r2
 824 0254 9B00     		lsls	r3, r3, #2
 825 0256 1344     		add	r3, r3, r2
 826 0258 9B00     		lsls	r3, r3, #2
 827 025a 0B44     		add	r3, r3, r1
 828 025c 2333     		adds	r3, r3, #35
 829 025e 1B78     		ldrb	r3, [r3]	@ zero_extendqisi2
 830              		.loc 1 366 20
 831 0260 002B     		cmp	r3, #0
 832 0262 17D1     		bne	.L67
 367:Middlewares/ST/STM32_USB_Device_Library/Core/Src/usbd_ctlreq.c ****                 {
 368:Middlewares/ST/STM32_USB_Device_Library/Core/Src/usbd_ctlreq.c ****                   USBD_CtlError(pdev, req);
 833              		.loc 1 368 19
 834 0264 3968     		ldr	r1, [r7]
 835 0266 7868     		ldr	r0, [r7, #4]
 836 0268 FFF7FEFF 		bl	USBD_CtlError
 369:Middlewares/ST/STM32_USB_Device_Library/Core/Src/usbd_ctlreq.c ****                   break;
 837              		.loc 1 369 19
 838 026c 55E0     		b	.L63
 839              	.L66:
 370:Middlewares/ST/STM32_USB_Device_Library/Core/Src/usbd_ctlreq.c ****                 }
 371:Middlewares/ST/STM32_USB_Device_Library/Core/Src/usbd_ctlreq.c ****               }
 372:Middlewares/ST/STM32_USB_Device_Library/Core/Src/usbd_ctlreq.c ****               else
 373:Middlewares/ST/STM32_USB_Device_Library/Core/Src/usbd_ctlreq.c ****               {
ARM GAS  C:\Users\DAELT-~1\AppData\Local\Temp\cceeRwBp.s 			page 30


 374:Middlewares/ST/STM32_USB_Device_Library/Core/Src/usbd_ctlreq.c ****                 if (pdev->ep_out[ep_addr & 0xFU].is_used == 0U)
 840              		.loc 1 374 42
 841 026e BB7B     		ldrb	r3, [r7, #14]	@ zero_extendqisi2
 842 0270 03F00F02 		and	r2, r3, #15
 843              		.loc 1 374 49
 844 0274 7968     		ldr	r1, [r7, #4]
 845 0276 1346     		mov	r3, r2
 846 0278 9B00     		lsls	r3, r3, #2
 847 027a 1344     		add	r3, r3, r2
 848 027c 9B00     		lsls	r3, r3, #2
 849 027e 0B44     		add	r3, r3, r1
 850 0280 03F26313 		addw	r3, r3, #355
 851 0284 1B78     		ldrb	r3, [r3]	@ zero_extendqisi2
 852              		.loc 1 374 20
 853 0286 002B     		cmp	r3, #0
 854 0288 04D1     		bne	.L67
 375:Middlewares/ST/STM32_USB_Device_Library/Core/Src/usbd_ctlreq.c ****                 {
 376:Middlewares/ST/STM32_USB_Device_Library/Core/Src/usbd_ctlreq.c ****                   USBD_CtlError(pdev, req);
 855              		.loc 1 376 19
 856 028a 3968     		ldr	r1, [r7]
 857 028c 7868     		ldr	r0, [r7, #4]
 858 028e FFF7FEFF 		bl	USBD_CtlError
 377:Middlewares/ST/STM32_USB_Device_Library/Core/Src/usbd_ctlreq.c ****                   break;
 859              		.loc 1 377 19
 860 0292 42E0     		b	.L63
 861              	.L67:
 378:Middlewares/ST/STM32_USB_Device_Library/Core/Src/usbd_ctlreq.c ****                 }
 379:Middlewares/ST/STM32_USB_Device_Library/Core/Src/usbd_ctlreq.c ****               }
 380:Middlewares/ST/STM32_USB_Device_Library/Core/Src/usbd_ctlreq.c **** 
 381:Middlewares/ST/STM32_USB_Device_Library/Core/Src/usbd_ctlreq.c ****               pep = ((ep_addr & 0x80U) == 0x80U) ? &pdev->ep_in[ep_addr & 0x7FU] : \
 862              		.loc 1 381 40
 863 0294 97F90E30 		ldrsb	r3, [r7, #14]
 864              		.loc 1 381 82
 865 0298 002B     		cmp	r3, #0
 866 029a 0BDA     		bge	.L68
 867              		.loc 1 381 73 discriminator 1
 868 029c BB7B     		ldrb	r3, [r7, #14]	@ zero_extendqisi2
 869 029e 03F07F02 		and	r2, r3, #127
 870              		.loc 1 381 82 discriminator 1
 871 02a2 1346     		mov	r3, r2
 872 02a4 9B00     		lsls	r3, r3, #2
 873 02a6 1344     		add	r3, r3, r2
 874 02a8 9B00     		lsls	r3, r3, #2
 875 02aa 1033     		adds	r3, r3, #16
 876 02ac 7A68     		ldr	r2, [r7, #4]
 877 02ae 1344     		add	r3, r3, r2
 878 02b0 0433     		adds	r3, r3, #4
 879 02b2 0BE0     		b	.L69
 880              	.L68:
 382:Middlewares/ST/STM32_USB_Device_Library/Core/Src/usbd_ctlreq.c ****                     &pdev->ep_out[ep_addr & 0x7FU];
 881              		.loc 1 382 43
 882 02b4 BB7B     		ldrb	r3, [r7, #14]	@ zero_extendqisi2
 883 02b6 03F07F02 		and	r2, r3, #127
 381:Middlewares/ST/STM32_USB_Device_Library/Core/Src/usbd_ctlreq.c ****                     &pdev->ep_out[ep_addr & 0x7FU];
 884              		.loc 1 381 82 discriminator 2
 885 02ba 1346     		mov	r3, r2
 886 02bc 9B00     		lsls	r3, r3, #2
ARM GAS  C:\Users\DAELT-~1\AppData\Local\Temp\cceeRwBp.s 			page 31


 887 02be 1344     		add	r3, r3, r2
 888 02c0 9B00     		lsls	r3, r3, #2
 889 02c2 03F5A873 		add	r3, r3, #336
 890 02c6 7A68     		ldr	r2, [r7, #4]
 891 02c8 1344     		add	r3, r3, r2
 892 02ca 0433     		adds	r3, r3, #4
 893              	.L69:
 381:Middlewares/ST/STM32_USB_Device_Library/Core/Src/usbd_ctlreq.c ****                     &pdev->ep_out[ep_addr & 0x7FU];
 894              		.loc 1 381 19 discriminator 4
 895 02cc BB60     		str	r3, [r7, #8]
 383:Middlewares/ST/STM32_USB_Device_Library/Core/Src/usbd_ctlreq.c **** 
 384:Middlewares/ST/STM32_USB_Device_Library/Core/Src/usbd_ctlreq.c ****               if ((ep_addr == 0x00U) || (ep_addr == 0x80U))
 896              		.loc 1 384 18
 897 02ce BB7B     		ldrb	r3, [r7, #14]	@ zero_extendqisi2
 898 02d0 002B     		cmp	r3, #0
 899 02d2 02D0     		beq	.L70
 900              		.loc 1 384 38 discriminator 1
 901 02d4 BB7B     		ldrb	r3, [r7, #14]	@ zero_extendqisi2
 902 02d6 802B     		cmp	r3, #128
 903 02d8 03D1     		bne	.L71
 904              	.L70:
 385:Middlewares/ST/STM32_USB_Device_Library/Core/Src/usbd_ctlreq.c ****               {
 386:Middlewares/ST/STM32_USB_Device_Library/Core/Src/usbd_ctlreq.c ****                 pep->status = 0x0000U;
 905              		.loc 1 386 29
 906 02da BB68     		ldr	r3, [r7, #8]
 907 02dc 0022     		movs	r2, #0
 908 02de 9A73     		strb	r2, [r3, #14]
 909 02e0 0EE0     		b	.L72
 910              	.L71:
 387:Middlewares/ST/STM32_USB_Device_Library/Core/Src/usbd_ctlreq.c ****               }
 388:Middlewares/ST/STM32_USB_Device_Library/Core/Src/usbd_ctlreq.c ****               else if (USBD_LL_IsStallEP(pdev, ep_addr) != 0U)
 911              		.loc 1 388 24
 912 02e2 BB7B     		ldrb	r3, [r7, #14]	@ zero_extendqisi2
 913 02e4 1946     		mov	r1, r3
 914 02e6 7868     		ldr	r0, [r7, #4]
 915 02e8 FFF7FEFF 		bl	USBD_LL_IsStallEP
 916 02ec 0346     		mov	r3, r0
 917              		.loc 1 388 23 discriminator 1
 918 02ee 002B     		cmp	r3, #0
 919 02f0 03D0     		beq	.L73
 389:Middlewares/ST/STM32_USB_Device_Library/Core/Src/usbd_ctlreq.c ****               {
 390:Middlewares/ST/STM32_USB_Device_Library/Core/Src/usbd_ctlreq.c ****                 pep->status = 0x0001U;
 920              		.loc 1 390 29
 921 02f2 BB68     		ldr	r3, [r7, #8]
 922 02f4 0122     		movs	r2, #1
 923 02f6 9A73     		strb	r2, [r3, #14]
 924 02f8 02E0     		b	.L72
 925              	.L73:
 391:Middlewares/ST/STM32_USB_Device_Library/Core/Src/usbd_ctlreq.c ****               }
 392:Middlewares/ST/STM32_USB_Device_Library/Core/Src/usbd_ctlreq.c ****               else
 393:Middlewares/ST/STM32_USB_Device_Library/Core/Src/usbd_ctlreq.c ****               {
 394:Middlewares/ST/STM32_USB_Device_Library/Core/Src/usbd_ctlreq.c ****                 pep->status = 0x0000U;
 926              		.loc 1 394 29
 927 02fa BB68     		ldr	r3, [r7, #8]
 928 02fc 0022     		movs	r2, #0
 929 02fe 9A73     		strb	r2, [r3, #14]
 930              	.L72:
ARM GAS  C:\Users\DAELT-~1\AppData\Local\Temp\cceeRwBp.s 			page 32


 395:Middlewares/ST/STM32_USB_Device_Library/Core/Src/usbd_ctlreq.c ****               }
 396:Middlewares/ST/STM32_USB_Device_Library/Core/Src/usbd_ctlreq.c **** 
 397:Middlewares/ST/STM32_USB_Device_Library/Core/Src/usbd_ctlreq.c ****               (void)USBD_CtlSendData(pdev, (uint8_t *)&pep->status, 2U);
 931              		.loc 1 397 21
 932 0300 BB68     		ldr	r3, [r7, #8]
 933 0302 0E33     		adds	r3, r3, #14
 934 0304 0222     		movs	r2, #2
 935 0306 1946     		mov	r1, r3
 936 0308 7868     		ldr	r0, [r7, #4]
 937 030a FFF7FEFF 		bl	USBD_CtlSendData
 398:Middlewares/ST/STM32_USB_Device_Library/Core/Src/usbd_ctlreq.c ****               break;
 938              		.loc 1 398 15
 939 030e 04E0     		b	.L63
 940              	.L77:
 399:Middlewares/ST/STM32_USB_Device_Library/Core/Src/usbd_ctlreq.c **** 
 400:Middlewares/ST/STM32_USB_Device_Library/Core/Src/usbd_ctlreq.c ****             default:
 401:Middlewares/ST/STM32_USB_Device_Library/Core/Src/usbd_ctlreq.c ****               USBD_CtlError(pdev, req);
 941              		.loc 1 401 15
 942 0310 3968     		ldr	r1, [r7]
 943 0312 7868     		ldr	r0, [r7, #4]
 944 0314 FFF7FEFF 		bl	USBD_CtlError
 402:Middlewares/ST/STM32_USB_Device_Library/Core/Src/usbd_ctlreq.c ****               break;
 945              		.loc 1 402 15
 946 0318 00BF     		nop
 947              	.L63:
 403:Middlewares/ST/STM32_USB_Device_Library/Core/Src/usbd_ctlreq.c ****           }
 404:Middlewares/ST/STM32_USB_Device_Library/Core/Src/usbd_ctlreq.c ****           break;
 948              		.loc 1 404 11
 949 031a 04E0     		b	.L50
 950              	.L40:
 405:Middlewares/ST/STM32_USB_Device_Library/Core/Src/usbd_ctlreq.c **** 
 406:Middlewares/ST/STM32_USB_Device_Library/Core/Src/usbd_ctlreq.c ****         default:
 407:Middlewares/ST/STM32_USB_Device_Library/Core/Src/usbd_ctlreq.c ****           USBD_CtlError(pdev, req);
 951              		.loc 1 407 11
 952 031c 3968     		ldr	r1, [r7]
 953 031e 7868     		ldr	r0, [r7, #4]
 954 0320 FFF7FEFF 		bl	USBD_CtlError
 408:Middlewares/ST/STM32_USB_Device_Library/Core/Src/usbd_ctlreq.c ****           break;
 955              		.loc 1 408 11
 956 0324 00BF     		nop
 957              	.L50:
 409:Middlewares/ST/STM32_USB_Device_Library/Core/Src/usbd_ctlreq.c ****       }
 410:Middlewares/ST/STM32_USB_Device_Library/Core/Src/usbd_ctlreq.c ****       break;
 958              		.loc 1 410 7
 959 0326 05E0     		b	.L38
 960              	.L35:
 411:Middlewares/ST/STM32_USB_Device_Library/Core/Src/usbd_ctlreq.c **** 
 412:Middlewares/ST/STM32_USB_Device_Library/Core/Src/usbd_ctlreq.c ****     default:
 413:Middlewares/ST/STM32_USB_Device_Library/Core/Src/usbd_ctlreq.c ****       USBD_CtlError(pdev, req);
 961              		.loc 1 413 7
 962 0328 3968     		ldr	r1, [r7]
 963 032a 7868     		ldr	r0, [r7, #4]
 964 032c FFF7FEFF 		bl	USBD_CtlError
 414:Middlewares/ST/STM32_USB_Device_Library/Core/Src/usbd_ctlreq.c ****       break;
 965              		.loc 1 414 7
 966 0330 00E0     		b	.L38
 967              	.L78:
ARM GAS  C:\Users\DAELT-~1\AppData\Local\Temp\cceeRwBp.s 			page 33


 263:Middlewares/ST/STM32_USB_Device_Library/Core/Src/usbd_ctlreq.c **** 
 968              		.loc 1 263 7
 969 0332 00BF     		nop
 970              	.L38:
 415:Middlewares/ST/STM32_USB_Device_Library/Core/Src/usbd_ctlreq.c ****   }
 416:Middlewares/ST/STM32_USB_Device_Library/Core/Src/usbd_ctlreq.c **** 
 417:Middlewares/ST/STM32_USB_Device_Library/Core/Src/usbd_ctlreq.c ****   return ret;
 971              		.loc 1 417 10
 972 0334 FB7B     		ldrb	r3, [r7, #15]	@ zero_extendqisi2
 418:Middlewares/ST/STM32_USB_Device_Library/Core/Src/usbd_ctlreq.c **** }
 973              		.loc 1 418 1
 974 0336 1846     		mov	r0, r3
 975 0338 1037     		adds	r7, r7, #16
 976              	.LCFI19:
 977              		.cfi_def_cfa_offset 8
 978 033a BD46     		mov	sp, r7
 979              	.LCFI20:
 980              		.cfi_def_cfa_register 13
 981              		@ sp needed
 982 033c 80BD     		pop	{r7, pc}
 983              		.cfi_endproc
 984              	.LFE226:
 986              		.section	.text.USBD_GetDescriptor,"ax",%progbits
 987              		.align	1
 988              		.syntax unified
 989              		.thumb
 990              		.thumb_func
 992              	USBD_GetDescriptor:
 993              	.LFB227:
 419:Middlewares/ST/STM32_USB_Device_Library/Core/Src/usbd_ctlreq.c **** 
 420:Middlewares/ST/STM32_USB_Device_Library/Core/Src/usbd_ctlreq.c **** 
 421:Middlewares/ST/STM32_USB_Device_Library/Core/Src/usbd_ctlreq.c **** /**
 422:Middlewares/ST/STM32_USB_Device_Library/Core/Src/usbd_ctlreq.c ****   * @brief  USBD_GetDescriptor
 423:Middlewares/ST/STM32_USB_Device_Library/Core/Src/usbd_ctlreq.c ****   *         Handle Get Descriptor requests
 424:Middlewares/ST/STM32_USB_Device_Library/Core/Src/usbd_ctlreq.c ****   * @param  pdev: device instance
 425:Middlewares/ST/STM32_USB_Device_Library/Core/Src/usbd_ctlreq.c ****   * @param  req: usb request
 426:Middlewares/ST/STM32_USB_Device_Library/Core/Src/usbd_ctlreq.c ****   * @retval None
 427:Middlewares/ST/STM32_USB_Device_Library/Core/Src/usbd_ctlreq.c ****   */
 428:Middlewares/ST/STM32_USB_Device_Library/Core/Src/usbd_ctlreq.c **** static void USBD_GetDescriptor(USBD_HandleTypeDef *pdev, USBD_SetupReqTypedef *req)
 429:Middlewares/ST/STM32_USB_Device_Library/Core/Src/usbd_ctlreq.c **** {
 994              		.loc 1 429 1
 995              		.cfi_startproc
 996              		@ args = 0, pretend = 0, frame = 16
 997              		@ frame_needed = 1, uses_anonymous_args = 0
 998 0000 80B5     		push	{r7, lr}
 999              	.LCFI21:
 1000              		.cfi_def_cfa_offset 8
 1001              		.cfi_offset 7, -8
 1002              		.cfi_offset 14, -4
 1003 0002 84B0     		sub	sp, sp, #16
 1004              	.LCFI22:
 1005              		.cfi_def_cfa_offset 24
 1006 0004 00AF     		add	r7, sp, #0
 1007              	.LCFI23:
 1008              		.cfi_def_cfa_register 7
 1009 0006 7860     		str	r0, [r7, #4]
 1010 0008 3960     		str	r1, [r7]
ARM GAS  C:\Users\DAELT-~1\AppData\Local\Temp\cceeRwBp.s 			page 34


 430:Middlewares/ST/STM32_USB_Device_Library/Core/Src/usbd_ctlreq.c ****   uint16_t len = 0U;
 1011              		.loc 1 430 12
 1012 000a 0023     		movs	r3, #0
 1013 000c 3B81     		strh	r3, [r7, #8]	@ movhi
 431:Middlewares/ST/STM32_USB_Device_Library/Core/Src/usbd_ctlreq.c ****   uint8_t *pbuf = NULL;
 1014              		.loc 1 431 12
 1015 000e 0023     		movs	r3, #0
 1016 0010 FB60     		str	r3, [r7, #12]
 432:Middlewares/ST/STM32_USB_Device_Library/Core/Src/usbd_ctlreq.c ****   uint8_t err = 0U;
 1017              		.loc 1 432 11
 1018 0012 0023     		movs	r3, #0
 1019 0014 FB72     		strb	r3, [r7, #11]
 433:Middlewares/ST/STM32_USB_Device_Library/Core/Src/usbd_ctlreq.c **** 
 434:Middlewares/ST/STM32_USB_Device_Library/Core/Src/usbd_ctlreq.c ****   switch (req->wValue >> 8)
 1020              		.loc 1 434 14
 1021 0016 3B68     		ldr	r3, [r7]
 1022 0018 5B88     		ldrh	r3, [r3, #2]
 1023              		.loc 1 434 23
 1024 001a 1B0A     		lsrs	r3, r3, #8
 1025 001c 9BB2     		uxth	r3, r3
 1026              		.loc 1 434 3
 1027 001e 013B     		subs	r3, r3, #1
 1028 0020 062B     		cmp	r3, #6
 1029 0022 00F22881 		bhi	.L81
 1030 0026 01A2     		adr	r2, .L83
 1031 0028 52F823F0 		ldr	pc, [r2, r3, lsl #2]
 1032              		.p2align 2
 1033              	.L83:
 1034 002c 49000000 		.word	.L87+1
 1035 0030 61000000 		.word	.L86+1
 1036 0034 A1000000 		.word	.L85+1
 1037 0038 77020000 		.word	.L81+1
 1038 003c 77020000 		.word	.L81+1
 1039 0040 17020000 		.word	.L84+1
 1040 0044 43020000 		.word	.L82+1
 1041              		.p2align 1
 1042              	.L87:
 435:Middlewares/ST/STM32_USB_Device_Library/Core/Src/usbd_ctlreq.c ****   {
 436:Middlewares/ST/STM32_USB_Device_Library/Core/Src/usbd_ctlreq.c **** #if ((USBD_LPM_ENABLED == 1U) || (USBD_CLASS_BOS_ENABLED == 1U))
 437:Middlewares/ST/STM32_USB_Device_Library/Core/Src/usbd_ctlreq.c ****     case USB_DESC_TYPE_BOS:
 438:Middlewares/ST/STM32_USB_Device_Library/Core/Src/usbd_ctlreq.c ****       if (pdev->pDesc->GetBOSDescriptor != NULL)
 439:Middlewares/ST/STM32_USB_Device_Library/Core/Src/usbd_ctlreq.c ****       {
 440:Middlewares/ST/STM32_USB_Device_Library/Core/Src/usbd_ctlreq.c ****         pbuf = pdev->pDesc->GetBOSDescriptor(pdev->dev_speed, &len);
 441:Middlewares/ST/STM32_USB_Device_Library/Core/Src/usbd_ctlreq.c ****       }
 442:Middlewares/ST/STM32_USB_Device_Library/Core/Src/usbd_ctlreq.c ****       else
 443:Middlewares/ST/STM32_USB_Device_Library/Core/Src/usbd_ctlreq.c ****       {
 444:Middlewares/ST/STM32_USB_Device_Library/Core/Src/usbd_ctlreq.c ****         USBD_CtlError(pdev, req);
 445:Middlewares/ST/STM32_USB_Device_Library/Core/Src/usbd_ctlreq.c ****         err++;
 446:Middlewares/ST/STM32_USB_Device_Library/Core/Src/usbd_ctlreq.c ****       }
 447:Middlewares/ST/STM32_USB_Device_Library/Core/Src/usbd_ctlreq.c ****       break;
 448:Middlewares/ST/STM32_USB_Device_Library/Core/Src/usbd_ctlreq.c **** #endif /* (USBD_LPM_ENABLED == 1U) || (USBD_CLASS_BOS_ENABLED == 1U) */
 449:Middlewares/ST/STM32_USB_Device_Library/Core/Src/usbd_ctlreq.c ****     case USB_DESC_TYPE_DEVICE:
 450:Middlewares/ST/STM32_USB_Device_Library/Core/Src/usbd_ctlreq.c ****       pbuf = pdev->pDesc->GetDeviceDescriptor(pdev->dev_speed, &len);
 1043              		.loc 1 450 18
 1044 0048 7B68     		ldr	r3, [r7, #4]
 1045 004a D3F8B432 		ldr	r3, [r3, #692]
 1046              		.loc 1 450 25
ARM GAS  C:\Users\DAELT-~1\AppData\Local\Temp\cceeRwBp.s 			page 35


 1047 004e 1B68     		ldr	r3, [r3]
 1048              		.loc 1 450 14
 1049 0050 7A68     		ldr	r2, [r7, #4]
 1050 0052 127C     		ldrb	r2, [r2, #16]	@ zero_extendqisi2
 1051 0054 07F10801 		add	r1, r7, #8
 1052 0058 1046     		mov	r0, r2
 1053 005a 9847     		blx	r3
 1054              	.LVL4:
 1055 005c F860     		str	r0, [r7, #12]
 451:Middlewares/ST/STM32_USB_Device_Library/Core/Src/usbd_ctlreq.c ****       break;
 1056              		.loc 1 451 7
 1057 005e 12E1     		b	.L88
 1058              	.L86:
 452:Middlewares/ST/STM32_USB_Device_Library/Core/Src/usbd_ctlreq.c **** 
 453:Middlewares/ST/STM32_USB_Device_Library/Core/Src/usbd_ctlreq.c ****     case USB_DESC_TYPE_CONFIGURATION:
 454:Middlewares/ST/STM32_USB_Device_Library/Core/Src/usbd_ctlreq.c ****       if (pdev->dev_speed == USBD_SPEED_HIGH)
 1059              		.loc 1 454 15
 1060 0060 7B68     		ldr	r3, [r7, #4]
 1061 0062 1B7C     		ldrb	r3, [r3, #16]	@ zero_extendqisi2
 1062              		.loc 1 454 10
 1063 0064 002B     		cmp	r3, #0
 1064 0066 0DD1     		bne	.L89
 455:Middlewares/ST/STM32_USB_Device_Library/Core/Src/usbd_ctlreq.c ****       {
 456:Middlewares/ST/STM32_USB_Device_Library/Core/Src/usbd_ctlreq.c **** #ifdef USE_USBD_COMPOSITE
 457:Middlewares/ST/STM32_USB_Device_Library/Core/Src/usbd_ctlreq.c ****         if ((uint8_t)(pdev->NumClasses) > 0U)
 458:Middlewares/ST/STM32_USB_Device_Library/Core/Src/usbd_ctlreq.c ****         {
 459:Middlewares/ST/STM32_USB_Device_Library/Core/Src/usbd_ctlreq.c ****           pbuf = (uint8_t *)USBD_CMPSIT.GetHSConfigDescriptor(&len);
 460:Middlewares/ST/STM32_USB_Device_Library/Core/Src/usbd_ctlreq.c ****         }
 461:Middlewares/ST/STM32_USB_Device_Library/Core/Src/usbd_ctlreq.c ****         else
 462:Middlewares/ST/STM32_USB_Device_Library/Core/Src/usbd_ctlreq.c **** #endif /* USE_USBD_COMPOSITE */
 463:Middlewares/ST/STM32_USB_Device_Library/Core/Src/usbd_ctlreq.c ****         {
 464:Middlewares/ST/STM32_USB_Device_Library/Core/Src/usbd_ctlreq.c ****           pbuf = (uint8_t *)pdev->pClass[0]->GetHSConfigDescriptor(&len);
 1065              		.loc 1 464 41
 1066 0068 7B68     		ldr	r3, [r7, #4]
 1067 006a D3F8B832 		ldr	r3, [r3, #696]
 1068              		.loc 1 464 44
 1069 006e 9B6A     		ldr	r3, [r3, #40]
 1070              		.loc 1 464 18
 1071 0070 07F10802 		add	r2, r7, #8
 1072 0074 1046     		mov	r0, r2
 1073 0076 9847     		blx	r3
 1074              	.LVL5:
 1075 0078 F860     		str	r0, [r7, #12]
 465:Middlewares/ST/STM32_USB_Device_Library/Core/Src/usbd_ctlreq.c ****         }
 466:Middlewares/ST/STM32_USB_Device_Library/Core/Src/usbd_ctlreq.c ****         pbuf[1] = USB_DESC_TYPE_CONFIGURATION;
 1076              		.loc 1 466 13
 1077 007a FB68     		ldr	r3, [r7, #12]
 1078 007c 0133     		adds	r3, r3, #1
 1079              		.loc 1 466 17
 1080 007e 0222     		movs	r2, #2
 1081 0080 1A70     		strb	r2, [r3]
 467:Middlewares/ST/STM32_USB_Device_Library/Core/Src/usbd_ctlreq.c ****       }
 468:Middlewares/ST/STM32_USB_Device_Library/Core/Src/usbd_ctlreq.c ****       else
 469:Middlewares/ST/STM32_USB_Device_Library/Core/Src/usbd_ctlreq.c ****       {
 470:Middlewares/ST/STM32_USB_Device_Library/Core/Src/usbd_ctlreq.c **** #ifdef USE_USBD_COMPOSITE
 471:Middlewares/ST/STM32_USB_Device_Library/Core/Src/usbd_ctlreq.c ****         if ((uint8_t)(pdev->NumClasses) > 0U)
 472:Middlewares/ST/STM32_USB_Device_Library/Core/Src/usbd_ctlreq.c ****         {
ARM GAS  C:\Users\DAELT-~1\AppData\Local\Temp\cceeRwBp.s 			page 36


 473:Middlewares/ST/STM32_USB_Device_Library/Core/Src/usbd_ctlreq.c ****           pbuf = (uint8_t *)USBD_CMPSIT.GetFSConfigDescriptor(&len);
 474:Middlewares/ST/STM32_USB_Device_Library/Core/Src/usbd_ctlreq.c ****         }
 475:Middlewares/ST/STM32_USB_Device_Library/Core/Src/usbd_ctlreq.c ****         else
 476:Middlewares/ST/STM32_USB_Device_Library/Core/Src/usbd_ctlreq.c **** #endif /* USE_USBD_COMPOSITE */
 477:Middlewares/ST/STM32_USB_Device_Library/Core/Src/usbd_ctlreq.c ****         {
 478:Middlewares/ST/STM32_USB_Device_Library/Core/Src/usbd_ctlreq.c ****           pbuf = (uint8_t *)pdev->pClass[0]->GetFSConfigDescriptor(&len);
 479:Middlewares/ST/STM32_USB_Device_Library/Core/Src/usbd_ctlreq.c ****         }
 480:Middlewares/ST/STM32_USB_Device_Library/Core/Src/usbd_ctlreq.c ****         pbuf[1] = USB_DESC_TYPE_CONFIGURATION;
 481:Middlewares/ST/STM32_USB_Device_Library/Core/Src/usbd_ctlreq.c ****       }
 482:Middlewares/ST/STM32_USB_Device_Library/Core/Src/usbd_ctlreq.c ****       break;
 1082              		.loc 1 482 7
 1083 0082 00E1     		b	.L88
 1084              	.L89:
 478:Middlewares/ST/STM32_USB_Device_Library/Core/Src/usbd_ctlreq.c ****         }
 1085              		.loc 1 478 41
 1086 0084 7B68     		ldr	r3, [r7, #4]
 1087 0086 D3F8B832 		ldr	r3, [r3, #696]
 478:Middlewares/ST/STM32_USB_Device_Library/Core/Src/usbd_ctlreq.c ****         }
 1088              		.loc 1 478 44
 1089 008a DB6A     		ldr	r3, [r3, #44]
 478:Middlewares/ST/STM32_USB_Device_Library/Core/Src/usbd_ctlreq.c ****         }
 1090              		.loc 1 478 18
 1091 008c 07F10802 		add	r2, r7, #8
 1092 0090 1046     		mov	r0, r2
 1093 0092 9847     		blx	r3
 1094              	.LVL6:
 1095 0094 F860     		str	r0, [r7, #12]
 480:Middlewares/ST/STM32_USB_Device_Library/Core/Src/usbd_ctlreq.c ****       }
 1096              		.loc 1 480 13
 1097 0096 FB68     		ldr	r3, [r7, #12]
 1098 0098 0133     		adds	r3, r3, #1
 480:Middlewares/ST/STM32_USB_Device_Library/Core/Src/usbd_ctlreq.c ****       }
 1099              		.loc 1 480 17
 1100 009a 0222     		movs	r2, #2
 1101 009c 1A70     		strb	r2, [r3]
 1102              		.loc 1 482 7
 1103 009e F2E0     		b	.L88
 1104              	.L85:
 483:Middlewares/ST/STM32_USB_Device_Library/Core/Src/usbd_ctlreq.c **** 
 484:Middlewares/ST/STM32_USB_Device_Library/Core/Src/usbd_ctlreq.c ****     case USB_DESC_TYPE_STRING:
 485:Middlewares/ST/STM32_USB_Device_Library/Core/Src/usbd_ctlreq.c ****       switch ((uint8_t)(req->wValue))
 1105              		.loc 1 485 28
 1106 00a0 3B68     		ldr	r3, [r7]
 1107 00a2 5B88     		ldrh	r3, [r3, #2]
 1108              		.loc 1 485 15
 1109 00a4 DBB2     		uxtb	r3, r3
 1110 00a6 052B     		cmp	r3, #5
 1111 00a8 00F2AC80 		bhi	.L91
 1112 00ac 01A2     		adr	r2, .L93
 1113 00ae 52F823F0 		ldr	pc, [r2, r3, lsl #2]
 1114 00b2 00BF     		.p2align 2
 1115              	.L93:
 1116 00b4 CD000000 		.word	.L98+1
 1117 00b8 01010000 		.word	.L97+1
 1118 00bc 35010000 		.word	.L96+1
 1119 00c0 69010000 		.word	.L95+1
 1120 00c4 9D010000 		.word	.L94+1
ARM GAS  C:\Users\DAELT-~1\AppData\Local\Temp\cceeRwBp.s 			page 37


 1121 00c8 D1010000 		.word	.L92+1
 1122              		.p2align 1
 1123              	.L98:
 486:Middlewares/ST/STM32_USB_Device_Library/Core/Src/usbd_ctlreq.c ****       {
 487:Middlewares/ST/STM32_USB_Device_Library/Core/Src/usbd_ctlreq.c ****         case USBD_IDX_LANGID_STR:
 488:Middlewares/ST/STM32_USB_Device_Library/Core/Src/usbd_ctlreq.c ****           if (pdev->pDesc->GetLangIDStrDescriptor != NULL)
 1124              		.loc 1 488 19
 1125 00cc 7B68     		ldr	r3, [r7, #4]
 1126 00ce D3F8B432 		ldr	r3, [r3, #692]
 1127              		.loc 1 488 26
 1128 00d2 5B68     		ldr	r3, [r3, #4]
 1129              		.loc 1 488 14
 1130 00d4 002B     		cmp	r3, #0
 1131 00d6 0BD0     		beq	.L99
 489:Middlewares/ST/STM32_USB_Device_Library/Core/Src/usbd_ctlreq.c ****           {
 490:Middlewares/ST/STM32_USB_Device_Library/Core/Src/usbd_ctlreq.c ****             pbuf = pdev->pDesc->GetLangIDStrDescriptor(pdev->dev_speed, &len);
 1132              		.loc 1 490 24
 1133 00d8 7B68     		ldr	r3, [r7, #4]
 1134 00da D3F8B432 		ldr	r3, [r3, #692]
 1135              		.loc 1 490 31
 1136 00de 5B68     		ldr	r3, [r3, #4]
 1137              		.loc 1 490 20
 1138 00e0 7A68     		ldr	r2, [r7, #4]
 1139 00e2 127C     		ldrb	r2, [r2, #16]	@ zero_extendqisi2
 1140 00e4 07F10801 		add	r1, r7, #8
 1141 00e8 1046     		mov	r0, r2
 1142 00ea 9847     		blx	r3
 1143              	.LVL7:
 1144 00ec F860     		str	r0, [r7, #12]
 491:Middlewares/ST/STM32_USB_Device_Library/Core/Src/usbd_ctlreq.c ****           }
 492:Middlewares/ST/STM32_USB_Device_Library/Core/Src/usbd_ctlreq.c ****           else
 493:Middlewares/ST/STM32_USB_Device_Library/Core/Src/usbd_ctlreq.c ****           {
 494:Middlewares/ST/STM32_USB_Device_Library/Core/Src/usbd_ctlreq.c ****             USBD_CtlError(pdev, req);
 495:Middlewares/ST/STM32_USB_Device_Library/Core/Src/usbd_ctlreq.c ****             err++;
 496:Middlewares/ST/STM32_USB_Device_Library/Core/Src/usbd_ctlreq.c ****           }
 497:Middlewares/ST/STM32_USB_Device_Library/Core/Src/usbd_ctlreq.c ****           break;
 1145              		.loc 1 497 11
 1146 00ee 91E0     		b	.L101
 1147              	.L99:
 494:Middlewares/ST/STM32_USB_Device_Library/Core/Src/usbd_ctlreq.c ****             err++;
 1148              		.loc 1 494 13
 1149 00f0 3968     		ldr	r1, [r7]
 1150 00f2 7868     		ldr	r0, [r7, #4]
 1151 00f4 FFF7FEFF 		bl	USBD_CtlError
 495:Middlewares/ST/STM32_USB_Device_Library/Core/Src/usbd_ctlreq.c ****           }
 1152              		.loc 1 495 16
 1153 00f8 FB7A     		ldrb	r3, [r7, #11]	@ zero_extendqisi2
 1154 00fa 0133     		adds	r3, r3, #1
 1155 00fc FB72     		strb	r3, [r7, #11]
 1156              		.loc 1 497 11
 1157 00fe 89E0     		b	.L101
 1158              	.L97:
 498:Middlewares/ST/STM32_USB_Device_Library/Core/Src/usbd_ctlreq.c **** 
 499:Middlewares/ST/STM32_USB_Device_Library/Core/Src/usbd_ctlreq.c ****         case USBD_IDX_MFC_STR:
 500:Middlewares/ST/STM32_USB_Device_Library/Core/Src/usbd_ctlreq.c ****           if (pdev->pDesc->GetManufacturerStrDescriptor != NULL)
 1159              		.loc 1 500 19
 1160 0100 7B68     		ldr	r3, [r7, #4]
ARM GAS  C:\Users\DAELT-~1\AppData\Local\Temp\cceeRwBp.s 			page 38


 1161 0102 D3F8B432 		ldr	r3, [r3, #692]
 1162              		.loc 1 500 26
 1163 0106 9B68     		ldr	r3, [r3, #8]
 1164              		.loc 1 500 14
 1165 0108 002B     		cmp	r3, #0
 1166 010a 0BD0     		beq	.L102
 501:Middlewares/ST/STM32_USB_Device_Library/Core/Src/usbd_ctlreq.c ****           {
 502:Middlewares/ST/STM32_USB_Device_Library/Core/Src/usbd_ctlreq.c ****             pbuf = pdev->pDesc->GetManufacturerStrDescriptor(pdev->dev_speed, &len);
 1167              		.loc 1 502 24
 1168 010c 7B68     		ldr	r3, [r7, #4]
 1169 010e D3F8B432 		ldr	r3, [r3, #692]
 1170              		.loc 1 502 31
 1171 0112 9B68     		ldr	r3, [r3, #8]
 1172              		.loc 1 502 20
 1173 0114 7A68     		ldr	r2, [r7, #4]
 1174 0116 127C     		ldrb	r2, [r2, #16]	@ zero_extendqisi2
 1175 0118 07F10801 		add	r1, r7, #8
 1176 011c 1046     		mov	r0, r2
 1177 011e 9847     		blx	r3
 1178              	.LVL8:
 1179 0120 F860     		str	r0, [r7, #12]
 503:Middlewares/ST/STM32_USB_Device_Library/Core/Src/usbd_ctlreq.c ****           }
 504:Middlewares/ST/STM32_USB_Device_Library/Core/Src/usbd_ctlreq.c ****           else
 505:Middlewares/ST/STM32_USB_Device_Library/Core/Src/usbd_ctlreq.c ****           {
 506:Middlewares/ST/STM32_USB_Device_Library/Core/Src/usbd_ctlreq.c ****             USBD_CtlError(pdev, req);
 507:Middlewares/ST/STM32_USB_Device_Library/Core/Src/usbd_ctlreq.c ****             err++;
 508:Middlewares/ST/STM32_USB_Device_Library/Core/Src/usbd_ctlreq.c ****           }
 509:Middlewares/ST/STM32_USB_Device_Library/Core/Src/usbd_ctlreq.c ****           break;
 1180              		.loc 1 509 11
 1181 0122 77E0     		b	.L101
 1182              	.L102:
 506:Middlewares/ST/STM32_USB_Device_Library/Core/Src/usbd_ctlreq.c ****             err++;
 1183              		.loc 1 506 13
 1184 0124 3968     		ldr	r1, [r7]
 1185 0126 7868     		ldr	r0, [r7, #4]
 1186 0128 FFF7FEFF 		bl	USBD_CtlError
 507:Middlewares/ST/STM32_USB_Device_Library/Core/Src/usbd_ctlreq.c ****           }
 1187              		.loc 1 507 16
 1188 012c FB7A     		ldrb	r3, [r7, #11]	@ zero_extendqisi2
 1189 012e 0133     		adds	r3, r3, #1
 1190 0130 FB72     		strb	r3, [r7, #11]
 1191              		.loc 1 509 11
 1192 0132 6FE0     		b	.L101
 1193              	.L96:
 510:Middlewares/ST/STM32_USB_Device_Library/Core/Src/usbd_ctlreq.c **** 
 511:Middlewares/ST/STM32_USB_Device_Library/Core/Src/usbd_ctlreq.c ****         case USBD_IDX_PRODUCT_STR:
 512:Middlewares/ST/STM32_USB_Device_Library/Core/Src/usbd_ctlreq.c ****           if (pdev->pDesc->GetProductStrDescriptor != NULL)
 1194              		.loc 1 512 19
 1195 0134 7B68     		ldr	r3, [r7, #4]
 1196 0136 D3F8B432 		ldr	r3, [r3, #692]
 1197              		.loc 1 512 26
 1198 013a DB68     		ldr	r3, [r3, #12]
 1199              		.loc 1 512 14
 1200 013c 002B     		cmp	r3, #0
 1201 013e 0BD0     		beq	.L104
 513:Middlewares/ST/STM32_USB_Device_Library/Core/Src/usbd_ctlreq.c ****           {
 514:Middlewares/ST/STM32_USB_Device_Library/Core/Src/usbd_ctlreq.c ****             pbuf = pdev->pDesc->GetProductStrDescriptor(pdev->dev_speed, &len);
ARM GAS  C:\Users\DAELT-~1\AppData\Local\Temp\cceeRwBp.s 			page 39


 1202              		.loc 1 514 24
 1203 0140 7B68     		ldr	r3, [r7, #4]
 1204 0142 D3F8B432 		ldr	r3, [r3, #692]
 1205              		.loc 1 514 31
 1206 0146 DB68     		ldr	r3, [r3, #12]
 1207              		.loc 1 514 20
 1208 0148 7A68     		ldr	r2, [r7, #4]
 1209 014a 127C     		ldrb	r2, [r2, #16]	@ zero_extendqisi2
 1210 014c 07F10801 		add	r1, r7, #8
 1211 0150 1046     		mov	r0, r2
 1212 0152 9847     		blx	r3
 1213              	.LVL9:
 1214 0154 F860     		str	r0, [r7, #12]
 515:Middlewares/ST/STM32_USB_Device_Library/Core/Src/usbd_ctlreq.c ****           }
 516:Middlewares/ST/STM32_USB_Device_Library/Core/Src/usbd_ctlreq.c ****           else
 517:Middlewares/ST/STM32_USB_Device_Library/Core/Src/usbd_ctlreq.c ****           {
 518:Middlewares/ST/STM32_USB_Device_Library/Core/Src/usbd_ctlreq.c ****             USBD_CtlError(pdev, req);
 519:Middlewares/ST/STM32_USB_Device_Library/Core/Src/usbd_ctlreq.c ****             err++;
 520:Middlewares/ST/STM32_USB_Device_Library/Core/Src/usbd_ctlreq.c ****           }
 521:Middlewares/ST/STM32_USB_Device_Library/Core/Src/usbd_ctlreq.c ****           break;
 1215              		.loc 1 521 11
 1216 0156 5DE0     		b	.L101
 1217              	.L104:
 518:Middlewares/ST/STM32_USB_Device_Library/Core/Src/usbd_ctlreq.c ****             err++;
 1218              		.loc 1 518 13
 1219 0158 3968     		ldr	r1, [r7]
 1220 015a 7868     		ldr	r0, [r7, #4]
 1221 015c FFF7FEFF 		bl	USBD_CtlError
 519:Middlewares/ST/STM32_USB_Device_Library/Core/Src/usbd_ctlreq.c ****           }
 1222              		.loc 1 519 16
 1223 0160 FB7A     		ldrb	r3, [r7, #11]	@ zero_extendqisi2
 1224 0162 0133     		adds	r3, r3, #1
 1225 0164 FB72     		strb	r3, [r7, #11]
 1226              		.loc 1 521 11
 1227 0166 55E0     		b	.L101
 1228              	.L95:
 522:Middlewares/ST/STM32_USB_Device_Library/Core/Src/usbd_ctlreq.c **** 
 523:Middlewares/ST/STM32_USB_Device_Library/Core/Src/usbd_ctlreq.c ****         case USBD_IDX_SERIAL_STR:
 524:Middlewares/ST/STM32_USB_Device_Library/Core/Src/usbd_ctlreq.c ****           if (pdev->pDesc->GetSerialStrDescriptor != NULL)
 1229              		.loc 1 524 19
 1230 0168 7B68     		ldr	r3, [r7, #4]
 1231 016a D3F8B432 		ldr	r3, [r3, #692]
 1232              		.loc 1 524 26
 1233 016e 1B69     		ldr	r3, [r3, #16]
 1234              		.loc 1 524 14
 1235 0170 002B     		cmp	r3, #0
 1236 0172 0BD0     		beq	.L106
 525:Middlewares/ST/STM32_USB_Device_Library/Core/Src/usbd_ctlreq.c ****           {
 526:Middlewares/ST/STM32_USB_Device_Library/Core/Src/usbd_ctlreq.c ****             pbuf = pdev->pDesc->GetSerialStrDescriptor(pdev->dev_speed, &len);
 1237              		.loc 1 526 24
 1238 0174 7B68     		ldr	r3, [r7, #4]
 1239 0176 D3F8B432 		ldr	r3, [r3, #692]
 1240              		.loc 1 526 31
 1241 017a 1B69     		ldr	r3, [r3, #16]
 1242              		.loc 1 526 20
 1243 017c 7A68     		ldr	r2, [r7, #4]
 1244 017e 127C     		ldrb	r2, [r2, #16]	@ zero_extendqisi2
ARM GAS  C:\Users\DAELT-~1\AppData\Local\Temp\cceeRwBp.s 			page 40


 1245 0180 07F10801 		add	r1, r7, #8
 1246 0184 1046     		mov	r0, r2
 1247 0186 9847     		blx	r3
 1248              	.LVL10:
 1249 0188 F860     		str	r0, [r7, #12]
 527:Middlewares/ST/STM32_USB_Device_Library/Core/Src/usbd_ctlreq.c ****           }
 528:Middlewares/ST/STM32_USB_Device_Library/Core/Src/usbd_ctlreq.c ****           else
 529:Middlewares/ST/STM32_USB_Device_Library/Core/Src/usbd_ctlreq.c ****           {
 530:Middlewares/ST/STM32_USB_Device_Library/Core/Src/usbd_ctlreq.c ****             USBD_CtlError(pdev, req);
 531:Middlewares/ST/STM32_USB_Device_Library/Core/Src/usbd_ctlreq.c ****             err++;
 532:Middlewares/ST/STM32_USB_Device_Library/Core/Src/usbd_ctlreq.c ****           }
 533:Middlewares/ST/STM32_USB_Device_Library/Core/Src/usbd_ctlreq.c ****           break;
 1250              		.loc 1 533 11
 1251 018a 43E0     		b	.L101
 1252              	.L106:
 530:Middlewares/ST/STM32_USB_Device_Library/Core/Src/usbd_ctlreq.c ****             err++;
 1253              		.loc 1 530 13
 1254 018c 3968     		ldr	r1, [r7]
 1255 018e 7868     		ldr	r0, [r7, #4]
 1256 0190 FFF7FEFF 		bl	USBD_CtlError
 531:Middlewares/ST/STM32_USB_Device_Library/Core/Src/usbd_ctlreq.c ****           }
 1257              		.loc 1 531 16
 1258 0194 FB7A     		ldrb	r3, [r7, #11]	@ zero_extendqisi2
 1259 0196 0133     		adds	r3, r3, #1
 1260 0198 FB72     		strb	r3, [r7, #11]
 1261              		.loc 1 533 11
 1262 019a 3BE0     		b	.L101
 1263              	.L94:
 534:Middlewares/ST/STM32_USB_Device_Library/Core/Src/usbd_ctlreq.c **** 
 535:Middlewares/ST/STM32_USB_Device_Library/Core/Src/usbd_ctlreq.c ****         case USBD_IDX_CONFIG_STR:
 536:Middlewares/ST/STM32_USB_Device_Library/Core/Src/usbd_ctlreq.c ****           if (pdev->pDesc->GetConfigurationStrDescriptor != NULL)
 1264              		.loc 1 536 19
 1265 019c 7B68     		ldr	r3, [r7, #4]
 1266 019e D3F8B432 		ldr	r3, [r3, #692]
 1267              		.loc 1 536 26
 1268 01a2 5B69     		ldr	r3, [r3, #20]
 1269              		.loc 1 536 14
 1270 01a4 002B     		cmp	r3, #0
 1271 01a6 0BD0     		beq	.L108
 537:Middlewares/ST/STM32_USB_Device_Library/Core/Src/usbd_ctlreq.c ****           {
 538:Middlewares/ST/STM32_USB_Device_Library/Core/Src/usbd_ctlreq.c ****             pbuf = pdev->pDesc->GetConfigurationStrDescriptor(pdev->dev_speed, &len);
 1272              		.loc 1 538 24
 1273 01a8 7B68     		ldr	r3, [r7, #4]
 1274 01aa D3F8B432 		ldr	r3, [r3, #692]
 1275              		.loc 1 538 31
 1276 01ae 5B69     		ldr	r3, [r3, #20]
 1277              		.loc 1 538 20
 1278 01b0 7A68     		ldr	r2, [r7, #4]
 1279 01b2 127C     		ldrb	r2, [r2, #16]	@ zero_extendqisi2
 1280 01b4 07F10801 		add	r1, r7, #8
 1281 01b8 1046     		mov	r0, r2
 1282 01ba 9847     		blx	r3
 1283              	.LVL11:
 1284 01bc F860     		str	r0, [r7, #12]
 539:Middlewares/ST/STM32_USB_Device_Library/Core/Src/usbd_ctlreq.c ****           }
 540:Middlewares/ST/STM32_USB_Device_Library/Core/Src/usbd_ctlreq.c ****           else
 541:Middlewares/ST/STM32_USB_Device_Library/Core/Src/usbd_ctlreq.c ****           {
ARM GAS  C:\Users\DAELT-~1\AppData\Local\Temp\cceeRwBp.s 			page 41


 542:Middlewares/ST/STM32_USB_Device_Library/Core/Src/usbd_ctlreq.c ****             USBD_CtlError(pdev, req);
 543:Middlewares/ST/STM32_USB_Device_Library/Core/Src/usbd_ctlreq.c ****             err++;
 544:Middlewares/ST/STM32_USB_Device_Library/Core/Src/usbd_ctlreq.c ****           }
 545:Middlewares/ST/STM32_USB_Device_Library/Core/Src/usbd_ctlreq.c ****           break;
 1285              		.loc 1 545 11
 1286 01be 29E0     		b	.L101
 1287              	.L108:
 542:Middlewares/ST/STM32_USB_Device_Library/Core/Src/usbd_ctlreq.c ****             err++;
 1288              		.loc 1 542 13
 1289 01c0 3968     		ldr	r1, [r7]
 1290 01c2 7868     		ldr	r0, [r7, #4]
 1291 01c4 FFF7FEFF 		bl	USBD_CtlError
 543:Middlewares/ST/STM32_USB_Device_Library/Core/Src/usbd_ctlreq.c ****           }
 1292              		.loc 1 543 16
 1293 01c8 FB7A     		ldrb	r3, [r7, #11]	@ zero_extendqisi2
 1294 01ca 0133     		adds	r3, r3, #1
 1295 01cc FB72     		strb	r3, [r7, #11]
 1296              		.loc 1 545 11
 1297 01ce 21E0     		b	.L101
 1298              	.L92:
 546:Middlewares/ST/STM32_USB_Device_Library/Core/Src/usbd_ctlreq.c **** 
 547:Middlewares/ST/STM32_USB_Device_Library/Core/Src/usbd_ctlreq.c ****         case USBD_IDX_INTERFACE_STR:
 548:Middlewares/ST/STM32_USB_Device_Library/Core/Src/usbd_ctlreq.c ****           if (pdev->pDesc->GetInterfaceStrDescriptor != NULL)
 1299              		.loc 1 548 19
 1300 01d0 7B68     		ldr	r3, [r7, #4]
 1301 01d2 D3F8B432 		ldr	r3, [r3, #692]
 1302              		.loc 1 548 26
 1303 01d6 9B69     		ldr	r3, [r3, #24]
 1304              		.loc 1 548 14
 1305 01d8 002B     		cmp	r3, #0
 1306 01da 0BD0     		beq	.L110
 549:Middlewares/ST/STM32_USB_Device_Library/Core/Src/usbd_ctlreq.c ****           {
 550:Middlewares/ST/STM32_USB_Device_Library/Core/Src/usbd_ctlreq.c ****             pbuf = pdev->pDesc->GetInterfaceStrDescriptor(pdev->dev_speed, &len);
 1307              		.loc 1 550 24
 1308 01dc 7B68     		ldr	r3, [r7, #4]
 1309 01de D3F8B432 		ldr	r3, [r3, #692]
 1310              		.loc 1 550 31
 1311 01e2 9B69     		ldr	r3, [r3, #24]
 1312              		.loc 1 550 20
 1313 01e4 7A68     		ldr	r2, [r7, #4]
 1314 01e6 127C     		ldrb	r2, [r2, #16]	@ zero_extendqisi2
 1315 01e8 07F10801 		add	r1, r7, #8
 1316 01ec 1046     		mov	r0, r2
 1317 01ee 9847     		blx	r3
 1318              	.LVL12:
 1319 01f0 F860     		str	r0, [r7, #12]
 551:Middlewares/ST/STM32_USB_Device_Library/Core/Src/usbd_ctlreq.c ****           }
 552:Middlewares/ST/STM32_USB_Device_Library/Core/Src/usbd_ctlreq.c ****           else
 553:Middlewares/ST/STM32_USB_Device_Library/Core/Src/usbd_ctlreq.c ****           {
 554:Middlewares/ST/STM32_USB_Device_Library/Core/Src/usbd_ctlreq.c ****             USBD_CtlError(pdev, req);
 555:Middlewares/ST/STM32_USB_Device_Library/Core/Src/usbd_ctlreq.c ****             err++;
 556:Middlewares/ST/STM32_USB_Device_Library/Core/Src/usbd_ctlreq.c ****           }
 557:Middlewares/ST/STM32_USB_Device_Library/Core/Src/usbd_ctlreq.c ****           break;
 1320              		.loc 1 557 11
 1321 01f2 0FE0     		b	.L101
 1322              	.L110:
 554:Middlewares/ST/STM32_USB_Device_Library/Core/Src/usbd_ctlreq.c ****             err++;
ARM GAS  C:\Users\DAELT-~1\AppData\Local\Temp\cceeRwBp.s 			page 42


 1323              		.loc 1 554 13
 1324 01f4 3968     		ldr	r1, [r7]
 1325 01f6 7868     		ldr	r0, [r7, #4]
 1326 01f8 FFF7FEFF 		bl	USBD_CtlError
 555:Middlewares/ST/STM32_USB_Device_Library/Core/Src/usbd_ctlreq.c ****           }
 1327              		.loc 1 555 16
 1328 01fc FB7A     		ldrb	r3, [r7, #11]	@ zero_extendqisi2
 1329 01fe 0133     		adds	r3, r3, #1
 1330 0200 FB72     		strb	r3, [r7, #11]
 1331              		.loc 1 557 11
 1332 0202 07E0     		b	.L101
 1333              	.L91:
 558:Middlewares/ST/STM32_USB_Device_Library/Core/Src/usbd_ctlreq.c **** 
 559:Middlewares/ST/STM32_USB_Device_Library/Core/Src/usbd_ctlreq.c ****         default:
 560:Middlewares/ST/STM32_USB_Device_Library/Core/Src/usbd_ctlreq.c **** #if (USBD_SUPPORT_USER_STRING_DESC == 1U)
 561:Middlewares/ST/STM32_USB_Device_Library/Core/Src/usbd_ctlreq.c ****           pbuf = NULL;
 562:Middlewares/ST/STM32_USB_Device_Library/Core/Src/usbd_ctlreq.c **** 
 563:Middlewares/ST/STM32_USB_Device_Library/Core/Src/usbd_ctlreq.c ****           for (uint32_t idx = 0U; (idx < pdev->NumClasses); idx++)
 564:Middlewares/ST/STM32_USB_Device_Library/Core/Src/usbd_ctlreq.c ****           {
 565:Middlewares/ST/STM32_USB_Device_Library/Core/Src/usbd_ctlreq.c ****             if (pdev->pClass[idx]->GetUsrStrDescriptor != NULL)
 566:Middlewares/ST/STM32_USB_Device_Library/Core/Src/usbd_ctlreq.c ****             {
 567:Middlewares/ST/STM32_USB_Device_Library/Core/Src/usbd_ctlreq.c ****               pdev->classId = idx;
 568:Middlewares/ST/STM32_USB_Device_Library/Core/Src/usbd_ctlreq.c ****               pbuf = pdev->pClass[idx]->GetUsrStrDescriptor(pdev, LOBYTE(req->wValue), &len);
 569:Middlewares/ST/STM32_USB_Device_Library/Core/Src/usbd_ctlreq.c **** 
 570:Middlewares/ST/STM32_USB_Device_Library/Core/Src/usbd_ctlreq.c ****               if (pbuf == NULL) /* This means that no class recognized the string index */
 571:Middlewares/ST/STM32_USB_Device_Library/Core/Src/usbd_ctlreq.c ****               {
 572:Middlewares/ST/STM32_USB_Device_Library/Core/Src/usbd_ctlreq.c ****                 continue;
 573:Middlewares/ST/STM32_USB_Device_Library/Core/Src/usbd_ctlreq.c ****               }
 574:Middlewares/ST/STM32_USB_Device_Library/Core/Src/usbd_ctlreq.c ****               else
 575:Middlewares/ST/STM32_USB_Device_Library/Core/Src/usbd_ctlreq.c ****               {
 576:Middlewares/ST/STM32_USB_Device_Library/Core/Src/usbd_ctlreq.c ****                 break;
 577:Middlewares/ST/STM32_USB_Device_Library/Core/Src/usbd_ctlreq.c ****               }
 578:Middlewares/ST/STM32_USB_Device_Library/Core/Src/usbd_ctlreq.c ****             }
 579:Middlewares/ST/STM32_USB_Device_Library/Core/Src/usbd_ctlreq.c ****           }
 580:Middlewares/ST/STM32_USB_Device_Library/Core/Src/usbd_ctlreq.c **** #endif /* USBD_SUPPORT_USER_STRING_DESC  */
 581:Middlewares/ST/STM32_USB_Device_Library/Core/Src/usbd_ctlreq.c **** 
 582:Middlewares/ST/STM32_USB_Device_Library/Core/Src/usbd_ctlreq.c **** #if (USBD_CLASS_USER_STRING_DESC == 1U)
 583:Middlewares/ST/STM32_USB_Device_Library/Core/Src/usbd_ctlreq.c ****           if (pdev->pDesc->GetUserStrDescriptor != NULL)
 584:Middlewares/ST/STM32_USB_Device_Library/Core/Src/usbd_ctlreq.c ****           {
 585:Middlewares/ST/STM32_USB_Device_Library/Core/Src/usbd_ctlreq.c ****             pbuf = pdev->pDesc->GetUserStrDescriptor(pdev->dev_speed, LOBYTE(req->wValue), &len);
 586:Middlewares/ST/STM32_USB_Device_Library/Core/Src/usbd_ctlreq.c ****           }
 587:Middlewares/ST/STM32_USB_Device_Library/Core/Src/usbd_ctlreq.c ****           else
 588:Middlewares/ST/STM32_USB_Device_Library/Core/Src/usbd_ctlreq.c ****           {
 589:Middlewares/ST/STM32_USB_Device_Library/Core/Src/usbd_ctlreq.c ****             USBD_CtlError(pdev, req);
 590:Middlewares/ST/STM32_USB_Device_Library/Core/Src/usbd_ctlreq.c ****             err++;
 591:Middlewares/ST/STM32_USB_Device_Library/Core/Src/usbd_ctlreq.c ****           }
 592:Middlewares/ST/STM32_USB_Device_Library/Core/Src/usbd_ctlreq.c **** #endif /* USBD_SUPPORT_USER_STRING_DESC  */
 593:Middlewares/ST/STM32_USB_Device_Library/Core/Src/usbd_ctlreq.c **** 
 594:Middlewares/ST/STM32_USB_Device_Library/Core/Src/usbd_ctlreq.c **** #if ((USBD_CLASS_USER_STRING_DESC == 0U) && (USBD_SUPPORT_USER_STRING_DESC == 0U))
 595:Middlewares/ST/STM32_USB_Device_Library/Core/Src/usbd_ctlreq.c ****           USBD_CtlError(pdev, req);
 1334              		.loc 1 595 11
 1335 0204 3968     		ldr	r1, [r7]
 1336 0206 7868     		ldr	r0, [r7, #4]
 1337 0208 FFF7FEFF 		bl	USBD_CtlError
 596:Middlewares/ST/STM32_USB_Device_Library/Core/Src/usbd_ctlreq.c ****           err++;
 1338              		.loc 1 596 14
 1339 020c FB7A     		ldrb	r3, [r7, #11]	@ zero_extendqisi2
ARM GAS  C:\Users\DAELT-~1\AppData\Local\Temp\cceeRwBp.s 			page 43


 1340 020e 0133     		adds	r3, r3, #1
 1341 0210 FB72     		strb	r3, [r7, #11]
 597:Middlewares/ST/STM32_USB_Device_Library/Core/Src/usbd_ctlreq.c **** #endif /* (USBD_CLASS_USER_STRING_DESC == 0U) && (USBD_SUPPORT_USER_STRING_DESC == 0U) */
 598:Middlewares/ST/STM32_USB_Device_Library/Core/Src/usbd_ctlreq.c ****           break;
 1342              		.loc 1 598 11
 1343 0212 00BF     		nop
 1344              	.L101:
 599:Middlewares/ST/STM32_USB_Device_Library/Core/Src/usbd_ctlreq.c ****       }
 600:Middlewares/ST/STM32_USB_Device_Library/Core/Src/usbd_ctlreq.c ****       break;
 1345              		.loc 1 600 7
 1346 0214 37E0     		b	.L88
 1347              	.L84:
 601:Middlewares/ST/STM32_USB_Device_Library/Core/Src/usbd_ctlreq.c **** 
 602:Middlewares/ST/STM32_USB_Device_Library/Core/Src/usbd_ctlreq.c ****     case USB_DESC_TYPE_DEVICE_QUALIFIER:
 603:Middlewares/ST/STM32_USB_Device_Library/Core/Src/usbd_ctlreq.c ****       if (pdev->dev_speed == USBD_SPEED_HIGH)
 1348              		.loc 1 603 15
 1349 0216 7B68     		ldr	r3, [r7, #4]
 1350 0218 1B7C     		ldrb	r3, [r3, #16]	@ zero_extendqisi2
 1351              		.loc 1 603 10
 1352 021a 002B     		cmp	r3, #0
 1353 021c 09D1     		bne	.L112
 604:Middlewares/ST/STM32_USB_Device_Library/Core/Src/usbd_ctlreq.c ****       {
 605:Middlewares/ST/STM32_USB_Device_Library/Core/Src/usbd_ctlreq.c **** #ifdef USE_USBD_COMPOSITE
 606:Middlewares/ST/STM32_USB_Device_Library/Core/Src/usbd_ctlreq.c ****         if ((uint8_t)(pdev->NumClasses) > 0U)
 607:Middlewares/ST/STM32_USB_Device_Library/Core/Src/usbd_ctlreq.c ****         {
 608:Middlewares/ST/STM32_USB_Device_Library/Core/Src/usbd_ctlreq.c ****           pbuf = (uint8_t *)USBD_CMPSIT.GetDeviceQualifierDescriptor(&len);
 609:Middlewares/ST/STM32_USB_Device_Library/Core/Src/usbd_ctlreq.c ****         }
 610:Middlewares/ST/STM32_USB_Device_Library/Core/Src/usbd_ctlreq.c ****         else
 611:Middlewares/ST/STM32_USB_Device_Library/Core/Src/usbd_ctlreq.c **** #endif /* USE_USBD_COMPOSITE */
 612:Middlewares/ST/STM32_USB_Device_Library/Core/Src/usbd_ctlreq.c ****         {
 613:Middlewares/ST/STM32_USB_Device_Library/Core/Src/usbd_ctlreq.c ****           pbuf = (uint8_t *)pdev->pClass[0]->GetDeviceQualifierDescriptor(&len);
 1354              		.loc 1 613 41
 1355 021e 7B68     		ldr	r3, [r7, #4]
 1356 0220 D3F8B832 		ldr	r3, [r3, #696]
 1357              		.loc 1 613 44
 1358 0224 5B6B     		ldr	r3, [r3, #52]
 1359              		.loc 1 613 18
 1360 0226 07F10802 		add	r2, r7, #8
 1361 022a 1046     		mov	r0, r2
 1362 022c 9847     		blx	r3
 1363              	.LVL13:
 1364 022e F860     		str	r0, [r7, #12]
 614:Middlewares/ST/STM32_USB_Device_Library/Core/Src/usbd_ctlreq.c ****         }
 615:Middlewares/ST/STM32_USB_Device_Library/Core/Src/usbd_ctlreq.c ****       }
 616:Middlewares/ST/STM32_USB_Device_Library/Core/Src/usbd_ctlreq.c ****       else
 617:Middlewares/ST/STM32_USB_Device_Library/Core/Src/usbd_ctlreq.c ****       {
 618:Middlewares/ST/STM32_USB_Device_Library/Core/Src/usbd_ctlreq.c ****         USBD_CtlError(pdev, req);
 619:Middlewares/ST/STM32_USB_Device_Library/Core/Src/usbd_ctlreq.c ****         err++;
 620:Middlewares/ST/STM32_USB_Device_Library/Core/Src/usbd_ctlreq.c ****       }
 621:Middlewares/ST/STM32_USB_Device_Library/Core/Src/usbd_ctlreq.c ****       break;
 1365              		.loc 1 621 7
 1366 0230 29E0     		b	.L88
 1367              	.L112:
 618:Middlewares/ST/STM32_USB_Device_Library/Core/Src/usbd_ctlreq.c ****         err++;
 1368              		.loc 1 618 9
 1369 0232 3968     		ldr	r1, [r7]
 1370 0234 7868     		ldr	r0, [r7, #4]
ARM GAS  C:\Users\DAELT-~1\AppData\Local\Temp\cceeRwBp.s 			page 44


 1371 0236 FFF7FEFF 		bl	USBD_CtlError
 619:Middlewares/ST/STM32_USB_Device_Library/Core/Src/usbd_ctlreq.c ****       }
 1372              		.loc 1 619 12
 1373 023a FB7A     		ldrb	r3, [r7, #11]	@ zero_extendqisi2
 1374 023c 0133     		adds	r3, r3, #1
 1375 023e FB72     		strb	r3, [r7, #11]
 1376              		.loc 1 621 7
 1377 0240 21E0     		b	.L88
 1378              	.L82:
 622:Middlewares/ST/STM32_USB_Device_Library/Core/Src/usbd_ctlreq.c **** 
 623:Middlewares/ST/STM32_USB_Device_Library/Core/Src/usbd_ctlreq.c ****     case USB_DESC_TYPE_OTHER_SPEED_CONFIGURATION:
 624:Middlewares/ST/STM32_USB_Device_Library/Core/Src/usbd_ctlreq.c ****       if (pdev->dev_speed == USBD_SPEED_HIGH)
 1379              		.loc 1 624 15
 1380 0242 7B68     		ldr	r3, [r7, #4]
 1381 0244 1B7C     		ldrb	r3, [r3, #16]	@ zero_extendqisi2
 1382              		.loc 1 624 10
 1383 0246 002B     		cmp	r3, #0
 1384 0248 0DD1     		bne	.L114
 625:Middlewares/ST/STM32_USB_Device_Library/Core/Src/usbd_ctlreq.c ****       {
 626:Middlewares/ST/STM32_USB_Device_Library/Core/Src/usbd_ctlreq.c **** #ifdef USE_USBD_COMPOSITE
 627:Middlewares/ST/STM32_USB_Device_Library/Core/Src/usbd_ctlreq.c ****         if ((uint8_t)(pdev->NumClasses) > 0U)
 628:Middlewares/ST/STM32_USB_Device_Library/Core/Src/usbd_ctlreq.c ****         {
 629:Middlewares/ST/STM32_USB_Device_Library/Core/Src/usbd_ctlreq.c ****           pbuf = (uint8_t *)USBD_CMPSIT.GetOtherSpeedConfigDescriptor(&len);
 630:Middlewares/ST/STM32_USB_Device_Library/Core/Src/usbd_ctlreq.c ****         }
 631:Middlewares/ST/STM32_USB_Device_Library/Core/Src/usbd_ctlreq.c ****         else
 632:Middlewares/ST/STM32_USB_Device_Library/Core/Src/usbd_ctlreq.c **** #endif /* USE_USBD_COMPOSITE */
 633:Middlewares/ST/STM32_USB_Device_Library/Core/Src/usbd_ctlreq.c ****         {
 634:Middlewares/ST/STM32_USB_Device_Library/Core/Src/usbd_ctlreq.c ****           pbuf = (uint8_t *)pdev->pClass[0]->GetOtherSpeedConfigDescriptor(&len);
 1385              		.loc 1 634 41
 1386 024a 7B68     		ldr	r3, [r7, #4]
 1387 024c D3F8B832 		ldr	r3, [r3, #696]
 1388              		.loc 1 634 44
 1389 0250 1B6B     		ldr	r3, [r3, #48]
 1390              		.loc 1 634 18
 1391 0252 07F10802 		add	r2, r7, #8
 1392 0256 1046     		mov	r0, r2
 1393 0258 9847     		blx	r3
 1394              	.LVL14:
 1395 025a F860     		str	r0, [r7, #12]
 635:Middlewares/ST/STM32_USB_Device_Library/Core/Src/usbd_ctlreq.c ****         }
 636:Middlewares/ST/STM32_USB_Device_Library/Core/Src/usbd_ctlreq.c ****         pbuf[1] = USB_DESC_TYPE_OTHER_SPEED_CONFIGURATION;
 1396              		.loc 1 636 13
 1397 025c FB68     		ldr	r3, [r7, #12]
 1398 025e 0133     		adds	r3, r3, #1
 1399              		.loc 1 636 17
 1400 0260 0722     		movs	r2, #7
 1401 0262 1A70     		strb	r2, [r3]
 637:Middlewares/ST/STM32_USB_Device_Library/Core/Src/usbd_ctlreq.c ****       }
 638:Middlewares/ST/STM32_USB_Device_Library/Core/Src/usbd_ctlreq.c ****       else
 639:Middlewares/ST/STM32_USB_Device_Library/Core/Src/usbd_ctlreq.c ****       {
 640:Middlewares/ST/STM32_USB_Device_Library/Core/Src/usbd_ctlreq.c ****         USBD_CtlError(pdev, req);
 641:Middlewares/ST/STM32_USB_Device_Library/Core/Src/usbd_ctlreq.c ****         err++;
 642:Middlewares/ST/STM32_USB_Device_Library/Core/Src/usbd_ctlreq.c ****       }
 643:Middlewares/ST/STM32_USB_Device_Library/Core/Src/usbd_ctlreq.c ****       break;
 1402              		.loc 1 643 7
 1403 0264 0FE0     		b	.L88
 1404              	.L114:
ARM GAS  C:\Users\DAELT-~1\AppData\Local\Temp\cceeRwBp.s 			page 45


 640:Middlewares/ST/STM32_USB_Device_Library/Core/Src/usbd_ctlreq.c ****         err++;
 1405              		.loc 1 640 9
 1406 0266 3968     		ldr	r1, [r7]
 1407 0268 7868     		ldr	r0, [r7, #4]
 1408 026a FFF7FEFF 		bl	USBD_CtlError
 641:Middlewares/ST/STM32_USB_Device_Library/Core/Src/usbd_ctlreq.c ****       }
 1409              		.loc 1 641 12
 1410 026e FB7A     		ldrb	r3, [r7, #11]	@ zero_extendqisi2
 1411 0270 0133     		adds	r3, r3, #1
 1412 0272 FB72     		strb	r3, [r7, #11]
 1413              		.loc 1 643 7
 1414 0274 07E0     		b	.L88
 1415              	.L81:
 644:Middlewares/ST/STM32_USB_Device_Library/Core/Src/usbd_ctlreq.c **** 
 645:Middlewares/ST/STM32_USB_Device_Library/Core/Src/usbd_ctlreq.c ****     default:
 646:Middlewares/ST/STM32_USB_Device_Library/Core/Src/usbd_ctlreq.c ****       USBD_CtlError(pdev, req);
 1416              		.loc 1 646 7
 1417 0276 3968     		ldr	r1, [r7]
 1418 0278 7868     		ldr	r0, [r7, #4]
 1419 027a FFF7FEFF 		bl	USBD_CtlError
 647:Middlewares/ST/STM32_USB_Device_Library/Core/Src/usbd_ctlreq.c ****       err++;
 1420              		.loc 1 647 10
 1421 027e FB7A     		ldrb	r3, [r7, #11]	@ zero_extendqisi2
 1422 0280 0133     		adds	r3, r3, #1
 1423 0282 FB72     		strb	r3, [r7, #11]
 648:Middlewares/ST/STM32_USB_Device_Library/Core/Src/usbd_ctlreq.c ****       break;
 1424              		.loc 1 648 7
 1425 0284 00BF     		nop
 1426              	.L88:
 649:Middlewares/ST/STM32_USB_Device_Library/Core/Src/usbd_ctlreq.c ****   }
 650:Middlewares/ST/STM32_USB_Device_Library/Core/Src/usbd_ctlreq.c **** 
 651:Middlewares/ST/STM32_USB_Device_Library/Core/Src/usbd_ctlreq.c ****   if (err != 0U)
 1427              		.loc 1 651 6
 1428 0286 FB7A     		ldrb	r3, [r7, #11]	@ zero_extendqisi2
 1429 0288 002B     		cmp	r3, #0
 1430 028a 1ED1     		bne	.L121
 652:Middlewares/ST/STM32_USB_Device_Library/Core/Src/usbd_ctlreq.c ****   {
 653:Middlewares/ST/STM32_USB_Device_Library/Core/Src/usbd_ctlreq.c ****     return;
 654:Middlewares/ST/STM32_USB_Device_Library/Core/Src/usbd_ctlreq.c ****   }
 655:Middlewares/ST/STM32_USB_Device_Library/Core/Src/usbd_ctlreq.c **** 
 656:Middlewares/ST/STM32_USB_Device_Library/Core/Src/usbd_ctlreq.c ****   if (req->wLength != 0U)
 1431              		.loc 1 656 10
 1432 028c 3B68     		ldr	r3, [r7]
 1433 028e DB88     		ldrh	r3, [r3, #6]
 1434              		.loc 1 656 6
 1435 0290 002B     		cmp	r3, #0
 1436 0292 16D0     		beq	.L118
 657:Middlewares/ST/STM32_USB_Device_Library/Core/Src/usbd_ctlreq.c ****   {
 658:Middlewares/ST/STM32_USB_Device_Library/Core/Src/usbd_ctlreq.c ****     if (len != 0U)
 1437              		.loc 1 658 13
 1438 0294 3B89     		ldrh	r3, [r7, #8]
 1439              		.loc 1 658 8
 1440 0296 002B     		cmp	r3, #0
 1441 0298 0ED0     		beq	.L119
 659:Middlewares/ST/STM32_USB_Device_Library/Core/Src/usbd_ctlreq.c ****     {
 660:Middlewares/ST/STM32_USB_Device_Library/Core/Src/usbd_ctlreq.c ****       len = MIN(len, req->wLength);
 1442              		.loc 1 660 13
ARM GAS  C:\Users\DAELT-~1\AppData\Local\Temp\cceeRwBp.s 			page 46


 1443 029a 3B68     		ldr	r3, [r7]
 1444 029c DA88     		ldrh	r2, [r3, #6]
 1445 029e 3B89     		ldrh	r3, [r7, #8]
 1446 02a0 9342     		cmp	r3, r2
 1447 02a2 28BF     		it	cs
 1448 02a4 1346     		movcs	r3, r2
 1449 02a6 9BB2     		uxth	r3, r3
 1450              		.loc 1 660 11
 1451 02a8 3B81     		strh	r3, [r7, #8]	@ movhi
 661:Middlewares/ST/STM32_USB_Device_Library/Core/Src/usbd_ctlreq.c ****       (void)USBD_CtlSendData(pdev, pbuf, len);
 1452              		.loc 1 661 13
 1453 02aa 3B89     		ldrh	r3, [r7, #8]
 1454 02ac 1A46     		mov	r2, r3
 1455 02ae F968     		ldr	r1, [r7, #12]
 1456 02b0 7868     		ldr	r0, [r7, #4]
 1457 02b2 FFF7FEFF 		bl	USBD_CtlSendData
 1458 02b6 09E0     		b	.L80
 1459              	.L119:
 662:Middlewares/ST/STM32_USB_Device_Library/Core/Src/usbd_ctlreq.c ****     }
 663:Middlewares/ST/STM32_USB_Device_Library/Core/Src/usbd_ctlreq.c ****     else
 664:Middlewares/ST/STM32_USB_Device_Library/Core/Src/usbd_ctlreq.c ****     {
 665:Middlewares/ST/STM32_USB_Device_Library/Core/Src/usbd_ctlreq.c ****       USBD_CtlError(pdev, req);
 1460              		.loc 1 665 7
 1461 02b8 3968     		ldr	r1, [r7]
 1462 02ba 7868     		ldr	r0, [r7, #4]
 1463 02bc FFF7FEFF 		bl	USBD_CtlError
 1464 02c0 04E0     		b	.L80
 1465              	.L118:
 666:Middlewares/ST/STM32_USB_Device_Library/Core/Src/usbd_ctlreq.c ****     }
 667:Middlewares/ST/STM32_USB_Device_Library/Core/Src/usbd_ctlreq.c ****   }
 668:Middlewares/ST/STM32_USB_Device_Library/Core/Src/usbd_ctlreq.c ****   else
 669:Middlewares/ST/STM32_USB_Device_Library/Core/Src/usbd_ctlreq.c ****   {
 670:Middlewares/ST/STM32_USB_Device_Library/Core/Src/usbd_ctlreq.c ****     (void)USBD_CtlSendStatus(pdev);
 1466              		.loc 1 670 11
 1467 02c2 7868     		ldr	r0, [r7, #4]
 1468 02c4 FFF7FEFF 		bl	USBD_CtlSendStatus
 1469 02c8 00E0     		b	.L80
 1470              	.L121:
 653:Middlewares/ST/STM32_USB_Device_Library/Core/Src/usbd_ctlreq.c ****   }
 1471              		.loc 1 653 5 discriminator 1
 1472 02ca 00BF     		nop
 1473              	.L80:
 671:Middlewares/ST/STM32_USB_Device_Library/Core/Src/usbd_ctlreq.c ****   }
 672:Middlewares/ST/STM32_USB_Device_Library/Core/Src/usbd_ctlreq.c **** }
 1474              		.loc 1 672 1
 1475 02cc 1037     		adds	r7, r7, #16
 1476              	.LCFI24:
 1477              		.cfi_def_cfa_offset 8
 1478 02ce BD46     		mov	sp, r7
 1479              	.LCFI25:
 1480              		.cfi_def_cfa_register 13
 1481              		@ sp needed
 1482 02d0 80BD     		pop	{r7, pc}
 1483              		.cfi_endproc
 1484              	.LFE227:
 1486 02d2 00BF     		.section	.text.USBD_SetAddress,"ax",%progbits
 1487              		.align	1
ARM GAS  C:\Users\DAELT-~1\AppData\Local\Temp\cceeRwBp.s 			page 47


 1488              		.syntax unified
 1489              		.thumb
 1490              		.thumb_func
 1492              	USBD_SetAddress:
 1493              	.LFB228:
 673:Middlewares/ST/STM32_USB_Device_Library/Core/Src/usbd_ctlreq.c **** 
 674:Middlewares/ST/STM32_USB_Device_Library/Core/Src/usbd_ctlreq.c **** 
 675:Middlewares/ST/STM32_USB_Device_Library/Core/Src/usbd_ctlreq.c **** /**
 676:Middlewares/ST/STM32_USB_Device_Library/Core/Src/usbd_ctlreq.c ****   * @brief  USBD_SetAddress
 677:Middlewares/ST/STM32_USB_Device_Library/Core/Src/usbd_ctlreq.c ****   *         Set device address
 678:Middlewares/ST/STM32_USB_Device_Library/Core/Src/usbd_ctlreq.c ****   * @param  pdev: device instance
 679:Middlewares/ST/STM32_USB_Device_Library/Core/Src/usbd_ctlreq.c ****   * @param  req: usb request
 680:Middlewares/ST/STM32_USB_Device_Library/Core/Src/usbd_ctlreq.c ****   * @retval None
 681:Middlewares/ST/STM32_USB_Device_Library/Core/Src/usbd_ctlreq.c ****   */
 682:Middlewares/ST/STM32_USB_Device_Library/Core/Src/usbd_ctlreq.c **** static void USBD_SetAddress(USBD_HandleTypeDef *pdev, USBD_SetupReqTypedef *req)
 683:Middlewares/ST/STM32_USB_Device_Library/Core/Src/usbd_ctlreq.c **** {
 1494              		.loc 1 683 1
 1495              		.cfi_startproc
 1496              		@ args = 0, pretend = 0, frame = 16
 1497              		@ frame_needed = 1, uses_anonymous_args = 0
 1498 0000 80B5     		push	{r7, lr}
 1499              	.LCFI26:
 1500              		.cfi_def_cfa_offset 8
 1501              		.cfi_offset 7, -8
 1502              		.cfi_offset 14, -4
 1503 0002 84B0     		sub	sp, sp, #16
 1504              	.LCFI27:
 1505              		.cfi_def_cfa_offset 24
 1506 0004 00AF     		add	r7, sp, #0
 1507              	.LCFI28:
 1508              		.cfi_def_cfa_register 7
 1509 0006 7860     		str	r0, [r7, #4]
 1510 0008 3960     		str	r1, [r7]
 684:Middlewares/ST/STM32_USB_Device_Library/Core/Src/usbd_ctlreq.c ****   uint8_t  dev_addr;
 685:Middlewares/ST/STM32_USB_Device_Library/Core/Src/usbd_ctlreq.c **** 
 686:Middlewares/ST/STM32_USB_Device_Library/Core/Src/usbd_ctlreq.c ****   if ((req->wIndex == 0U) && (req->wLength == 0U) && (req->wValue < 128U))
 1511              		.loc 1 686 11
 1512 000a 3B68     		ldr	r3, [r7]
 1513 000c 9B88     		ldrh	r3, [r3, #4]
 1514              		.loc 1 686 6
 1515 000e 002B     		cmp	r3, #0
 1516 0010 31D1     		bne	.L123
 1517              		.loc 1 686 34 discriminator 1
 1518 0012 3B68     		ldr	r3, [r7]
 1519 0014 DB88     		ldrh	r3, [r3, #6]
 1520              		.loc 1 686 27 discriminator 1
 1521 0016 002B     		cmp	r3, #0
 1522 0018 2DD1     		bne	.L123
 1523              		.loc 1 686 58 discriminator 2
 1524 001a 3B68     		ldr	r3, [r7]
 1525 001c 5B88     		ldrh	r3, [r3, #2]
 1526              		.loc 1 686 51 discriminator 2
 1527 001e 7F2B     		cmp	r3, #127
 1528 0020 29D8     		bhi	.L123
 687:Middlewares/ST/STM32_USB_Device_Library/Core/Src/usbd_ctlreq.c ****   {
 688:Middlewares/ST/STM32_USB_Device_Library/Core/Src/usbd_ctlreq.c ****     dev_addr = (uint8_t)(req->wValue) & 0x7FU;
 1529              		.loc 1 688 29
ARM GAS  C:\Users\DAELT-~1\AppData\Local\Temp\cceeRwBp.s 			page 48


 1530 0022 3B68     		ldr	r3, [r7]
 1531 0024 5B88     		ldrh	r3, [r3, #2]
 1532              		.loc 1 688 16
 1533 0026 DBB2     		uxtb	r3, r3
 1534              		.loc 1 688 14
 1535 0028 03F07F03 		and	r3, r3, #127
 1536 002c FB73     		strb	r3, [r7, #15]
 689:Middlewares/ST/STM32_USB_Device_Library/Core/Src/usbd_ctlreq.c **** 
 690:Middlewares/ST/STM32_USB_Device_Library/Core/Src/usbd_ctlreq.c ****     if (pdev->dev_state == USBD_STATE_CONFIGURED)
 1537              		.loc 1 690 13
 1538 002e 7B68     		ldr	r3, [r7, #4]
 1539 0030 93F89C32 		ldrb	r3, [r3, #668]
 1540 0034 DBB2     		uxtb	r3, r3
 1541              		.loc 1 690 8
 1542 0036 032B     		cmp	r3, #3
 1543 0038 04D1     		bne	.L124
 691:Middlewares/ST/STM32_USB_Device_Library/Core/Src/usbd_ctlreq.c ****     {
 692:Middlewares/ST/STM32_USB_Device_Library/Core/Src/usbd_ctlreq.c ****       USBD_CtlError(pdev, req);
 1544              		.loc 1 692 7
 1545 003a 3968     		ldr	r1, [r7]
 1546 003c 7868     		ldr	r0, [r7, #4]
 1547 003e FFF7FEFF 		bl	USBD_CtlError
 690:Middlewares/ST/STM32_USB_Device_Library/Core/Src/usbd_ctlreq.c ****     {
 1548              		.loc 1 690 8
 1549 0042 1DE0     		b	.L127
 1550              	.L124:
 693:Middlewares/ST/STM32_USB_Device_Library/Core/Src/usbd_ctlreq.c ****     }
 694:Middlewares/ST/STM32_USB_Device_Library/Core/Src/usbd_ctlreq.c ****     else
 695:Middlewares/ST/STM32_USB_Device_Library/Core/Src/usbd_ctlreq.c ****     {
 696:Middlewares/ST/STM32_USB_Device_Library/Core/Src/usbd_ctlreq.c ****       pdev->dev_address = dev_addr;
 1551              		.loc 1 696 25
 1552 0044 7B68     		ldr	r3, [r7, #4]
 1553 0046 FA7B     		ldrb	r2, [r7, #15]
 1554 0048 83F89E22 		strb	r2, [r3, #670]
 697:Middlewares/ST/STM32_USB_Device_Library/Core/Src/usbd_ctlreq.c ****       (void)USBD_LL_SetUSBAddress(pdev, dev_addr);
 1555              		.loc 1 697 13
 1556 004c FB7B     		ldrb	r3, [r7, #15]	@ zero_extendqisi2
 1557 004e 1946     		mov	r1, r3
 1558 0050 7868     		ldr	r0, [r7, #4]
 1559 0052 FFF7FEFF 		bl	USBD_LL_SetUSBAddress
 698:Middlewares/ST/STM32_USB_Device_Library/Core/Src/usbd_ctlreq.c ****       (void)USBD_CtlSendStatus(pdev);
 1560              		.loc 1 698 13
 1561 0056 7868     		ldr	r0, [r7, #4]
 1562 0058 FFF7FEFF 		bl	USBD_CtlSendStatus
 699:Middlewares/ST/STM32_USB_Device_Library/Core/Src/usbd_ctlreq.c **** 
 700:Middlewares/ST/STM32_USB_Device_Library/Core/Src/usbd_ctlreq.c ****       if (dev_addr != 0U)
 1563              		.loc 1 700 10
 1564 005c FB7B     		ldrb	r3, [r7, #15]	@ zero_extendqisi2
 1565 005e 002B     		cmp	r3, #0
 1566 0060 04D0     		beq	.L126
 701:Middlewares/ST/STM32_USB_Device_Library/Core/Src/usbd_ctlreq.c ****       {
 702:Middlewares/ST/STM32_USB_Device_Library/Core/Src/usbd_ctlreq.c ****         pdev->dev_state = USBD_STATE_ADDRESSED;
 1567              		.loc 1 702 25
 1568 0062 7B68     		ldr	r3, [r7, #4]
 1569 0064 0222     		movs	r2, #2
 1570 0066 83F89C22 		strb	r2, [r3, #668]
 690:Middlewares/ST/STM32_USB_Device_Library/Core/Src/usbd_ctlreq.c ****     {
ARM GAS  C:\Users\DAELT-~1\AppData\Local\Temp\cceeRwBp.s 			page 49


 1571              		.loc 1 690 8
 1572 006a 09E0     		b	.L127
 1573              	.L126:
 703:Middlewares/ST/STM32_USB_Device_Library/Core/Src/usbd_ctlreq.c ****       }
 704:Middlewares/ST/STM32_USB_Device_Library/Core/Src/usbd_ctlreq.c ****       else
 705:Middlewares/ST/STM32_USB_Device_Library/Core/Src/usbd_ctlreq.c ****       {
 706:Middlewares/ST/STM32_USB_Device_Library/Core/Src/usbd_ctlreq.c ****         pdev->dev_state = USBD_STATE_DEFAULT;
 1574              		.loc 1 706 25
 1575 006c 7B68     		ldr	r3, [r7, #4]
 1576 006e 0122     		movs	r2, #1
 1577 0070 83F89C22 		strb	r2, [r3, #668]
 690:Middlewares/ST/STM32_USB_Device_Library/Core/Src/usbd_ctlreq.c ****     {
 1578              		.loc 1 690 8
 1579 0074 04E0     		b	.L127
 1580              	.L123:
 707:Middlewares/ST/STM32_USB_Device_Library/Core/Src/usbd_ctlreq.c ****       }
 708:Middlewares/ST/STM32_USB_Device_Library/Core/Src/usbd_ctlreq.c ****     }
 709:Middlewares/ST/STM32_USB_Device_Library/Core/Src/usbd_ctlreq.c ****   }
 710:Middlewares/ST/STM32_USB_Device_Library/Core/Src/usbd_ctlreq.c ****   else
 711:Middlewares/ST/STM32_USB_Device_Library/Core/Src/usbd_ctlreq.c ****   {
 712:Middlewares/ST/STM32_USB_Device_Library/Core/Src/usbd_ctlreq.c ****     USBD_CtlError(pdev, req);
 1581              		.loc 1 712 5
 1582 0076 3968     		ldr	r1, [r7]
 1583 0078 7868     		ldr	r0, [r7, #4]
 1584 007a FFF7FEFF 		bl	USBD_CtlError
 713:Middlewares/ST/STM32_USB_Device_Library/Core/Src/usbd_ctlreq.c ****   }
 714:Middlewares/ST/STM32_USB_Device_Library/Core/Src/usbd_ctlreq.c **** }
 1585              		.loc 1 714 1
 1586 007e 00BF     		nop
 1587              	.L127:
 1588 0080 00BF     		nop
 1589 0082 1037     		adds	r7, r7, #16
 1590              	.LCFI29:
 1591              		.cfi_def_cfa_offset 8
 1592 0084 BD46     		mov	sp, r7
 1593              	.LCFI30:
 1594              		.cfi_def_cfa_register 13
 1595              		@ sp needed
 1596 0086 80BD     		pop	{r7, pc}
 1597              		.cfi_endproc
 1598              	.LFE228:
 1600              		.section	.text.USBD_SetConfig,"ax",%progbits
 1601              		.align	1
 1602              		.syntax unified
 1603              		.thumb
 1604              		.thumb_func
 1606              	USBD_SetConfig:
 1607              	.LFB229:
 715:Middlewares/ST/STM32_USB_Device_Library/Core/Src/usbd_ctlreq.c **** 
 716:Middlewares/ST/STM32_USB_Device_Library/Core/Src/usbd_ctlreq.c **** /**
 717:Middlewares/ST/STM32_USB_Device_Library/Core/Src/usbd_ctlreq.c ****   * @brief  USBD_SetConfig
 718:Middlewares/ST/STM32_USB_Device_Library/Core/Src/usbd_ctlreq.c ****   *         Handle Set device configuration request
 719:Middlewares/ST/STM32_USB_Device_Library/Core/Src/usbd_ctlreq.c ****   * @param  pdev: device instance
 720:Middlewares/ST/STM32_USB_Device_Library/Core/Src/usbd_ctlreq.c ****   * @param  req: usb request
 721:Middlewares/ST/STM32_USB_Device_Library/Core/Src/usbd_ctlreq.c ****   * @retval status
 722:Middlewares/ST/STM32_USB_Device_Library/Core/Src/usbd_ctlreq.c ****   */
 723:Middlewares/ST/STM32_USB_Device_Library/Core/Src/usbd_ctlreq.c **** static USBD_StatusTypeDef USBD_SetConfig(USBD_HandleTypeDef *pdev, USBD_SetupReqTypedef *req)
ARM GAS  C:\Users\DAELT-~1\AppData\Local\Temp\cceeRwBp.s 			page 50


 724:Middlewares/ST/STM32_USB_Device_Library/Core/Src/usbd_ctlreq.c **** {
 1608              		.loc 1 724 1
 1609              		.cfi_startproc
 1610              		@ args = 0, pretend = 0, frame = 16
 1611              		@ frame_needed = 1, uses_anonymous_args = 0
 1612 0000 80B5     		push	{r7, lr}
 1613              	.LCFI31:
 1614              		.cfi_def_cfa_offset 8
 1615              		.cfi_offset 7, -8
 1616              		.cfi_offset 14, -4
 1617 0002 84B0     		sub	sp, sp, #16
 1618              	.LCFI32:
 1619              		.cfi_def_cfa_offset 24
 1620 0004 00AF     		add	r7, sp, #0
 1621              	.LCFI33:
 1622              		.cfi_def_cfa_register 7
 1623 0006 7860     		str	r0, [r7, #4]
 1624 0008 3960     		str	r1, [r7]
 725:Middlewares/ST/STM32_USB_Device_Library/Core/Src/usbd_ctlreq.c ****   USBD_StatusTypeDef ret = USBD_OK;
 1625              		.loc 1 725 22
 1626 000a 0023     		movs	r3, #0
 1627 000c FB73     		strb	r3, [r7, #15]
 726:Middlewares/ST/STM32_USB_Device_Library/Core/Src/usbd_ctlreq.c ****   static uint8_t cfgidx;
 727:Middlewares/ST/STM32_USB_Device_Library/Core/Src/usbd_ctlreq.c **** 
 728:Middlewares/ST/STM32_USB_Device_Library/Core/Src/usbd_ctlreq.c ****   cfgidx = (uint8_t)(req->wValue);
 1628              		.loc 1 728 25
 1629 000e 3B68     		ldr	r3, [r7]
 1630 0010 5B88     		ldrh	r3, [r3, #2]
 1631              		.loc 1 728 12
 1632 0012 DAB2     		uxtb	r2, r3
 1633              		.loc 1 728 10
 1634 0014 4E4B     		ldr	r3, .L143
 1635 0016 1A70     		strb	r2, [r3]
 729:Middlewares/ST/STM32_USB_Device_Library/Core/Src/usbd_ctlreq.c **** 
 730:Middlewares/ST/STM32_USB_Device_Library/Core/Src/usbd_ctlreq.c ****   if (cfgidx > USBD_MAX_NUM_CONFIGURATION)
 1636              		.loc 1 730 14
 1637 0018 4D4B     		ldr	r3, .L143
 1638 001a 1B78     		ldrb	r3, [r3]	@ zero_extendqisi2
 1639              		.loc 1 730 6
 1640 001c 012B     		cmp	r3, #1
 1641 001e 05D9     		bls	.L129
 731:Middlewares/ST/STM32_USB_Device_Library/Core/Src/usbd_ctlreq.c ****   {
 732:Middlewares/ST/STM32_USB_Device_Library/Core/Src/usbd_ctlreq.c ****     USBD_CtlError(pdev, req);
 1642              		.loc 1 732 5
 1643 0020 3968     		ldr	r1, [r7]
 1644 0022 7868     		ldr	r0, [r7, #4]
 1645 0024 FFF7FEFF 		bl	USBD_CtlError
 733:Middlewares/ST/STM32_USB_Device_Library/Core/Src/usbd_ctlreq.c ****     return USBD_FAIL;
 1646              		.loc 1 733 12
 1647 0028 0323     		movs	r3, #3
 1648 002a 8CE0     		b	.L130
 1649              	.L129:
 734:Middlewares/ST/STM32_USB_Device_Library/Core/Src/usbd_ctlreq.c ****   }
 735:Middlewares/ST/STM32_USB_Device_Library/Core/Src/usbd_ctlreq.c **** 
 736:Middlewares/ST/STM32_USB_Device_Library/Core/Src/usbd_ctlreq.c ****   switch (pdev->dev_state)
 1650              		.loc 1 736 15
 1651 002c 7B68     		ldr	r3, [r7, #4]
ARM GAS  C:\Users\DAELT-~1\AppData\Local\Temp\cceeRwBp.s 			page 51


 1652 002e 93F89C32 		ldrb	r3, [r3, #668]
 1653 0032 DBB2     		uxtb	r3, r3
 1654              		.loc 1 736 3
 1655 0034 022B     		cmp	r3, #2
 1656 0036 02D0     		beq	.L131
 1657 0038 032B     		cmp	r3, #3
 1658 003a 29D0     		beq	.L132
 1659 003c 75E0     		b	.L142
 1660              	.L131:
 737:Middlewares/ST/STM32_USB_Device_Library/Core/Src/usbd_ctlreq.c ****   {
 738:Middlewares/ST/STM32_USB_Device_Library/Core/Src/usbd_ctlreq.c ****     case USBD_STATE_ADDRESSED:
 739:Middlewares/ST/STM32_USB_Device_Library/Core/Src/usbd_ctlreq.c ****       if (cfgidx != 0U)
 1661              		.loc 1 739 18
 1662 003e 444B     		ldr	r3, .L143
 1663 0040 1B78     		ldrb	r3, [r3]	@ zero_extendqisi2
 1664              		.loc 1 739 10
 1665 0042 002B     		cmp	r3, #0
 1666 0044 20D0     		beq	.L134
 740:Middlewares/ST/STM32_USB_Device_Library/Core/Src/usbd_ctlreq.c ****       {
 741:Middlewares/ST/STM32_USB_Device_Library/Core/Src/usbd_ctlreq.c ****         pdev->dev_config = cfgidx;
 1667              		.loc 1 741 26
 1668 0046 424B     		ldr	r3, .L143
 1669 0048 1B78     		ldrb	r3, [r3]	@ zero_extendqisi2
 1670 004a 1A46     		mov	r2, r3
 1671 004c 7B68     		ldr	r3, [r7, #4]
 1672 004e 5A60     		str	r2, [r3, #4]
 742:Middlewares/ST/STM32_USB_Device_Library/Core/Src/usbd_ctlreq.c **** 
 743:Middlewares/ST/STM32_USB_Device_Library/Core/Src/usbd_ctlreq.c ****         ret = USBD_SetClassConfig(pdev, cfgidx);
 1673              		.loc 1 743 15
 1674 0050 3F4B     		ldr	r3, .L143
 1675 0052 1B78     		ldrb	r3, [r3]	@ zero_extendqisi2
 1676 0054 1946     		mov	r1, r3
 1677 0056 7868     		ldr	r0, [r7, #4]
 1678 0058 FFF7FEFF 		bl	USBD_SetClassConfig
 1679 005c 0346     		mov	r3, r0
 1680 005e FB73     		strb	r3, [r7, #15]
 744:Middlewares/ST/STM32_USB_Device_Library/Core/Src/usbd_ctlreq.c **** 
 745:Middlewares/ST/STM32_USB_Device_Library/Core/Src/usbd_ctlreq.c ****         if (ret != USBD_OK)
 1681              		.loc 1 745 12
 1682 0060 FB7B     		ldrb	r3, [r7, #15]	@ zero_extendqisi2
 1683 0062 002B     		cmp	r3, #0
 1684 0064 08D0     		beq	.L135
 746:Middlewares/ST/STM32_USB_Device_Library/Core/Src/usbd_ctlreq.c ****         {
 747:Middlewares/ST/STM32_USB_Device_Library/Core/Src/usbd_ctlreq.c ****           USBD_CtlError(pdev, req);
 1685              		.loc 1 747 11
 1686 0066 3968     		ldr	r1, [r7]
 1687 0068 7868     		ldr	r0, [r7, #4]
 1688 006a FFF7FEFF 		bl	USBD_CtlError
 748:Middlewares/ST/STM32_USB_Device_Library/Core/Src/usbd_ctlreq.c ****           pdev->dev_state = USBD_STATE_ADDRESSED;
 1689              		.loc 1 748 27
 1690 006e 7B68     		ldr	r3, [r7, #4]
 1691 0070 0222     		movs	r2, #2
 1692 0072 83F89C22 		strb	r2, [r3, #668]
 749:Middlewares/ST/STM32_USB_Device_Library/Core/Src/usbd_ctlreq.c ****         }
 750:Middlewares/ST/STM32_USB_Device_Library/Core/Src/usbd_ctlreq.c ****         else
 751:Middlewares/ST/STM32_USB_Device_Library/Core/Src/usbd_ctlreq.c ****         {
 752:Middlewares/ST/STM32_USB_Device_Library/Core/Src/usbd_ctlreq.c ****           (void)USBD_CtlSendStatus(pdev);
ARM GAS  C:\Users\DAELT-~1\AppData\Local\Temp\cceeRwBp.s 			page 52


 753:Middlewares/ST/STM32_USB_Device_Library/Core/Src/usbd_ctlreq.c ****           pdev->dev_state = USBD_STATE_CONFIGURED;
 754:Middlewares/ST/STM32_USB_Device_Library/Core/Src/usbd_ctlreq.c **** 
 755:Middlewares/ST/STM32_USB_Device_Library/Core/Src/usbd_ctlreq.c **** #if (USBD_USER_REGISTER_CALLBACK == 1U)
 756:Middlewares/ST/STM32_USB_Device_Library/Core/Src/usbd_ctlreq.c ****           if (pdev->DevStateCallback != NULL)
 757:Middlewares/ST/STM32_USB_Device_Library/Core/Src/usbd_ctlreq.c ****           {
 758:Middlewares/ST/STM32_USB_Device_Library/Core/Src/usbd_ctlreq.c ****             pdev->DevStateCallback(USBD_STATE_CONFIGURED, cfgidx);
 759:Middlewares/ST/STM32_USB_Device_Library/Core/Src/usbd_ctlreq.c ****           }
 760:Middlewares/ST/STM32_USB_Device_Library/Core/Src/usbd_ctlreq.c **** #endif /* USBD_USER_REGISTER_CALLBACK */
 761:Middlewares/ST/STM32_USB_Device_Library/Core/Src/usbd_ctlreq.c ****         }
 762:Middlewares/ST/STM32_USB_Device_Library/Core/Src/usbd_ctlreq.c ****       }
 763:Middlewares/ST/STM32_USB_Device_Library/Core/Src/usbd_ctlreq.c ****       else
 764:Middlewares/ST/STM32_USB_Device_Library/Core/Src/usbd_ctlreq.c ****       {
 765:Middlewares/ST/STM32_USB_Device_Library/Core/Src/usbd_ctlreq.c ****         (void)USBD_CtlSendStatus(pdev);
 766:Middlewares/ST/STM32_USB_Device_Library/Core/Src/usbd_ctlreq.c ****       }
 767:Middlewares/ST/STM32_USB_Device_Library/Core/Src/usbd_ctlreq.c ****       break;
 1693              		.loc 1 767 7
 1694 0076 65E0     		b	.L137
 1695              	.L135:
 752:Middlewares/ST/STM32_USB_Device_Library/Core/Src/usbd_ctlreq.c ****           pdev->dev_state = USBD_STATE_CONFIGURED;
 1696              		.loc 1 752 17
 1697 0078 7868     		ldr	r0, [r7, #4]
 1698 007a FFF7FEFF 		bl	USBD_CtlSendStatus
 753:Middlewares/ST/STM32_USB_Device_Library/Core/Src/usbd_ctlreq.c **** 
 1699              		.loc 1 753 27
 1700 007e 7B68     		ldr	r3, [r7, #4]
 1701 0080 0322     		movs	r2, #3
 1702 0082 83F89C22 		strb	r2, [r3, #668]
 1703              		.loc 1 767 7
 1704 0086 5DE0     		b	.L137
 1705              	.L134:
 765:Middlewares/ST/STM32_USB_Device_Library/Core/Src/usbd_ctlreq.c ****       }
 1706              		.loc 1 765 15
 1707 0088 7868     		ldr	r0, [r7, #4]
 1708 008a FFF7FEFF 		bl	USBD_CtlSendStatus
 1709              		.loc 1 767 7
 1710 008e 59E0     		b	.L137
 1711              	.L132:
 768:Middlewares/ST/STM32_USB_Device_Library/Core/Src/usbd_ctlreq.c **** 
 769:Middlewares/ST/STM32_USB_Device_Library/Core/Src/usbd_ctlreq.c ****     case USBD_STATE_CONFIGURED:
 770:Middlewares/ST/STM32_USB_Device_Library/Core/Src/usbd_ctlreq.c ****       if (cfgidx == 0U)
 1712              		.loc 1 770 18
 1713 0090 2F4B     		ldr	r3, .L143
 1714 0092 1B78     		ldrb	r3, [r3]	@ zero_extendqisi2
 1715              		.loc 1 770 10
 1716 0094 002B     		cmp	r3, #0
 1717 0096 12D1     		bne	.L138
 771:Middlewares/ST/STM32_USB_Device_Library/Core/Src/usbd_ctlreq.c ****       {
 772:Middlewares/ST/STM32_USB_Device_Library/Core/Src/usbd_ctlreq.c ****         pdev->dev_state = USBD_STATE_ADDRESSED;
 1718              		.loc 1 772 25
 1719 0098 7B68     		ldr	r3, [r7, #4]
 1720 009a 0222     		movs	r2, #2
 1721 009c 83F89C22 		strb	r2, [r3, #668]
 773:Middlewares/ST/STM32_USB_Device_Library/Core/Src/usbd_ctlreq.c ****         pdev->dev_config = cfgidx;
 1722              		.loc 1 773 26
 1723 00a0 2B4B     		ldr	r3, .L143
 1724 00a2 1B78     		ldrb	r3, [r3]	@ zero_extendqisi2
 1725 00a4 1A46     		mov	r2, r3
ARM GAS  C:\Users\DAELT-~1\AppData\Local\Temp\cceeRwBp.s 			page 53


 1726 00a6 7B68     		ldr	r3, [r7, #4]
 1727 00a8 5A60     		str	r2, [r3, #4]
 774:Middlewares/ST/STM32_USB_Device_Library/Core/Src/usbd_ctlreq.c ****         (void)USBD_ClrClassConfig(pdev, cfgidx);
 1728              		.loc 1 774 9
 1729 00aa 294B     		ldr	r3, .L143
 1730 00ac 1B78     		ldrb	r3, [r3]	@ zero_extendqisi2
 1731              		.loc 1 774 15
 1732 00ae 1946     		mov	r1, r3
 1733 00b0 7868     		ldr	r0, [r7, #4]
 1734 00b2 FFF7FEFF 		bl	USBD_ClrClassConfig
 775:Middlewares/ST/STM32_USB_Device_Library/Core/Src/usbd_ctlreq.c ****         (void)USBD_CtlSendStatus(pdev);
 1735              		.loc 1 775 15
 1736 00b6 7868     		ldr	r0, [r7, #4]
 1737 00b8 FFF7FEFF 		bl	USBD_CtlSendStatus
 776:Middlewares/ST/STM32_USB_Device_Library/Core/Src/usbd_ctlreq.c ****       }
 777:Middlewares/ST/STM32_USB_Device_Library/Core/Src/usbd_ctlreq.c ****       else if (cfgidx != pdev->dev_config)
 778:Middlewares/ST/STM32_USB_Device_Library/Core/Src/usbd_ctlreq.c ****       {
 779:Middlewares/ST/STM32_USB_Device_Library/Core/Src/usbd_ctlreq.c ****         /* Clear old configuration */
 780:Middlewares/ST/STM32_USB_Device_Library/Core/Src/usbd_ctlreq.c ****         (void)USBD_ClrClassConfig(pdev, (uint8_t)pdev->dev_config);
 781:Middlewares/ST/STM32_USB_Device_Library/Core/Src/usbd_ctlreq.c **** 
 782:Middlewares/ST/STM32_USB_Device_Library/Core/Src/usbd_ctlreq.c ****         /* set new configuration */
 783:Middlewares/ST/STM32_USB_Device_Library/Core/Src/usbd_ctlreq.c ****         pdev->dev_config = cfgidx;
 784:Middlewares/ST/STM32_USB_Device_Library/Core/Src/usbd_ctlreq.c **** 
 785:Middlewares/ST/STM32_USB_Device_Library/Core/Src/usbd_ctlreq.c ****         ret = USBD_SetClassConfig(pdev, cfgidx);
 786:Middlewares/ST/STM32_USB_Device_Library/Core/Src/usbd_ctlreq.c **** 
 787:Middlewares/ST/STM32_USB_Device_Library/Core/Src/usbd_ctlreq.c ****         if (ret != USBD_OK)
 788:Middlewares/ST/STM32_USB_Device_Library/Core/Src/usbd_ctlreq.c ****         {
 789:Middlewares/ST/STM32_USB_Device_Library/Core/Src/usbd_ctlreq.c ****           USBD_CtlError(pdev, req);
 790:Middlewares/ST/STM32_USB_Device_Library/Core/Src/usbd_ctlreq.c ****           (void)USBD_ClrClassConfig(pdev, (uint8_t)pdev->dev_config);
 791:Middlewares/ST/STM32_USB_Device_Library/Core/Src/usbd_ctlreq.c ****           pdev->dev_state = USBD_STATE_ADDRESSED;
 792:Middlewares/ST/STM32_USB_Device_Library/Core/Src/usbd_ctlreq.c ****         }
 793:Middlewares/ST/STM32_USB_Device_Library/Core/Src/usbd_ctlreq.c ****         else
 794:Middlewares/ST/STM32_USB_Device_Library/Core/Src/usbd_ctlreq.c ****         {
 795:Middlewares/ST/STM32_USB_Device_Library/Core/Src/usbd_ctlreq.c ****           (void)USBD_CtlSendStatus(pdev);
 796:Middlewares/ST/STM32_USB_Device_Library/Core/Src/usbd_ctlreq.c ****         }
 797:Middlewares/ST/STM32_USB_Device_Library/Core/Src/usbd_ctlreq.c ****       }
 798:Middlewares/ST/STM32_USB_Device_Library/Core/Src/usbd_ctlreq.c ****       else
 799:Middlewares/ST/STM32_USB_Device_Library/Core/Src/usbd_ctlreq.c ****       {
 800:Middlewares/ST/STM32_USB_Device_Library/Core/Src/usbd_ctlreq.c ****         (void)USBD_CtlSendStatus(pdev);
 801:Middlewares/ST/STM32_USB_Device_Library/Core/Src/usbd_ctlreq.c ****       }
 802:Middlewares/ST/STM32_USB_Device_Library/Core/Src/usbd_ctlreq.c ****       break;
 1738              		.loc 1 802 7
 1739 00bc 42E0     		b	.L137
 1740              	.L138:
 777:Middlewares/ST/STM32_USB_Device_Library/Core/Src/usbd_ctlreq.c ****       {
 1741              		.loc 1 777 23
 1742 00be 244B     		ldr	r3, .L143
 1743 00c0 1B78     		ldrb	r3, [r3]	@ zero_extendqisi2
 1744 00c2 1A46     		mov	r2, r3
 777:Middlewares/ST/STM32_USB_Device_Library/Core/Src/usbd_ctlreq.c ****       {
 1745              		.loc 1 777 30
 1746 00c4 7B68     		ldr	r3, [r7, #4]
 1747 00c6 5B68     		ldr	r3, [r3, #4]
 777:Middlewares/ST/STM32_USB_Device_Library/Core/Src/usbd_ctlreq.c ****       {
 1748              		.loc 1 777 15
 1749 00c8 9A42     		cmp	r2, r3
 1750 00ca 2AD0     		beq	.L140
ARM GAS  C:\Users\DAELT-~1\AppData\Local\Temp\cceeRwBp.s 			page 54


 780:Middlewares/ST/STM32_USB_Device_Library/Core/Src/usbd_ctlreq.c **** 
 1751              		.loc 1 780 54
 1752 00cc 7B68     		ldr	r3, [r7, #4]
 1753 00ce 5B68     		ldr	r3, [r3, #4]
 780:Middlewares/ST/STM32_USB_Device_Library/Core/Src/usbd_ctlreq.c **** 
 1754              		.loc 1 780 15
 1755 00d0 DBB2     		uxtb	r3, r3
 1756 00d2 1946     		mov	r1, r3
 1757 00d4 7868     		ldr	r0, [r7, #4]
 1758 00d6 FFF7FEFF 		bl	USBD_ClrClassConfig
 783:Middlewares/ST/STM32_USB_Device_Library/Core/Src/usbd_ctlreq.c **** 
 1759              		.loc 1 783 26
 1760 00da 1D4B     		ldr	r3, .L143
 1761 00dc 1B78     		ldrb	r3, [r3]	@ zero_extendqisi2
 1762 00de 1A46     		mov	r2, r3
 1763 00e0 7B68     		ldr	r3, [r7, #4]
 1764 00e2 5A60     		str	r2, [r3, #4]
 785:Middlewares/ST/STM32_USB_Device_Library/Core/Src/usbd_ctlreq.c **** 
 1765              		.loc 1 785 15
 1766 00e4 1A4B     		ldr	r3, .L143
 1767 00e6 1B78     		ldrb	r3, [r3]	@ zero_extendqisi2
 1768 00e8 1946     		mov	r1, r3
 1769 00ea 7868     		ldr	r0, [r7, #4]
 1770 00ec FFF7FEFF 		bl	USBD_SetClassConfig
 1771 00f0 0346     		mov	r3, r0
 1772 00f2 FB73     		strb	r3, [r7, #15]
 787:Middlewares/ST/STM32_USB_Device_Library/Core/Src/usbd_ctlreq.c ****         {
 1773              		.loc 1 787 12
 1774 00f4 FB7B     		ldrb	r3, [r7, #15]	@ zero_extendqisi2
 1775 00f6 002B     		cmp	r3, #0
 1776 00f8 0FD0     		beq	.L141
 789:Middlewares/ST/STM32_USB_Device_Library/Core/Src/usbd_ctlreq.c ****           (void)USBD_ClrClassConfig(pdev, (uint8_t)pdev->dev_config);
 1777              		.loc 1 789 11
 1778 00fa 3968     		ldr	r1, [r7]
 1779 00fc 7868     		ldr	r0, [r7, #4]
 1780 00fe FFF7FEFF 		bl	USBD_CtlError
 790:Middlewares/ST/STM32_USB_Device_Library/Core/Src/usbd_ctlreq.c ****           pdev->dev_state = USBD_STATE_ADDRESSED;
 1781              		.loc 1 790 56
 1782 0102 7B68     		ldr	r3, [r7, #4]
 1783 0104 5B68     		ldr	r3, [r3, #4]
 790:Middlewares/ST/STM32_USB_Device_Library/Core/Src/usbd_ctlreq.c ****           pdev->dev_state = USBD_STATE_ADDRESSED;
 1784              		.loc 1 790 17
 1785 0106 DBB2     		uxtb	r3, r3
 1786 0108 1946     		mov	r1, r3
 1787 010a 7868     		ldr	r0, [r7, #4]
 1788 010c FFF7FEFF 		bl	USBD_ClrClassConfig
 791:Middlewares/ST/STM32_USB_Device_Library/Core/Src/usbd_ctlreq.c ****         }
 1789              		.loc 1 791 27
 1790 0110 7B68     		ldr	r3, [r7, #4]
 1791 0112 0222     		movs	r2, #2
 1792 0114 83F89C22 		strb	r2, [r3, #668]
 1793              		.loc 1 802 7
 1794 0118 14E0     		b	.L137
 1795              	.L141:
 795:Middlewares/ST/STM32_USB_Device_Library/Core/Src/usbd_ctlreq.c ****         }
 1796              		.loc 1 795 17
 1797 011a 7868     		ldr	r0, [r7, #4]
ARM GAS  C:\Users\DAELT-~1\AppData\Local\Temp\cceeRwBp.s 			page 55


 1798 011c FFF7FEFF 		bl	USBD_CtlSendStatus
 1799              		.loc 1 802 7
 1800 0120 10E0     		b	.L137
 1801              	.L140:
 800:Middlewares/ST/STM32_USB_Device_Library/Core/Src/usbd_ctlreq.c ****       }
 1802              		.loc 1 800 15
 1803 0122 7868     		ldr	r0, [r7, #4]
 1804 0124 FFF7FEFF 		bl	USBD_CtlSendStatus
 1805              		.loc 1 802 7
 1806 0128 0CE0     		b	.L137
 1807              	.L142:
 803:Middlewares/ST/STM32_USB_Device_Library/Core/Src/usbd_ctlreq.c **** 
 804:Middlewares/ST/STM32_USB_Device_Library/Core/Src/usbd_ctlreq.c ****     default:
 805:Middlewares/ST/STM32_USB_Device_Library/Core/Src/usbd_ctlreq.c ****       USBD_CtlError(pdev, req);
 1808              		.loc 1 805 7
 1809 012a 3968     		ldr	r1, [r7]
 1810 012c 7868     		ldr	r0, [r7, #4]
 1811 012e FFF7FEFF 		bl	USBD_CtlError
 806:Middlewares/ST/STM32_USB_Device_Library/Core/Src/usbd_ctlreq.c ****       (void)USBD_ClrClassConfig(pdev, cfgidx);
 1812              		.loc 1 806 7
 1813 0132 074B     		ldr	r3, .L143
 1814 0134 1B78     		ldrb	r3, [r3]	@ zero_extendqisi2
 1815              		.loc 1 806 13
 1816 0136 1946     		mov	r1, r3
 1817 0138 7868     		ldr	r0, [r7, #4]
 1818 013a FFF7FEFF 		bl	USBD_ClrClassConfig
 807:Middlewares/ST/STM32_USB_Device_Library/Core/Src/usbd_ctlreq.c ****       ret = USBD_FAIL;
 1819              		.loc 1 807 11
 1820 013e 0323     		movs	r3, #3
 1821 0140 FB73     		strb	r3, [r7, #15]
 808:Middlewares/ST/STM32_USB_Device_Library/Core/Src/usbd_ctlreq.c ****       break;
 1822              		.loc 1 808 7
 1823 0142 00BF     		nop
 1824              	.L137:
 809:Middlewares/ST/STM32_USB_Device_Library/Core/Src/usbd_ctlreq.c ****   }
 810:Middlewares/ST/STM32_USB_Device_Library/Core/Src/usbd_ctlreq.c **** 
 811:Middlewares/ST/STM32_USB_Device_Library/Core/Src/usbd_ctlreq.c ****   return ret;
 1825              		.loc 1 811 10
 1826 0144 FB7B     		ldrb	r3, [r7, #15]	@ zero_extendqisi2
 1827              	.L130:
 812:Middlewares/ST/STM32_USB_Device_Library/Core/Src/usbd_ctlreq.c **** }
 1828              		.loc 1 812 1
 1829 0146 1846     		mov	r0, r3
 1830 0148 1037     		adds	r7, r7, #16
 1831              	.LCFI34:
 1832              		.cfi_def_cfa_offset 8
 1833 014a BD46     		mov	sp, r7
 1834              	.LCFI35:
 1835              		.cfi_def_cfa_register 13
 1836              		@ sp needed
 1837 014c 80BD     		pop	{r7, pc}
 1838              	.L144:
 1839 014e 00BF     		.align	2
 1840              	.L143:
 1841 0150 00000000 		.word	cfgidx.0
 1842              		.cfi_endproc
 1843              	.LFE229:
ARM GAS  C:\Users\DAELT-~1\AppData\Local\Temp\cceeRwBp.s 			page 56


 1845              		.section	.text.USBD_GetConfig,"ax",%progbits
 1846              		.align	1
 1847              		.syntax unified
 1848              		.thumb
 1849              		.thumb_func
 1851              	USBD_GetConfig:
 1852              	.LFB230:
 813:Middlewares/ST/STM32_USB_Device_Library/Core/Src/usbd_ctlreq.c **** 
 814:Middlewares/ST/STM32_USB_Device_Library/Core/Src/usbd_ctlreq.c **** /**
 815:Middlewares/ST/STM32_USB_Device_Library/Core/Src/usbd_ctlreq.c ****   * @brief  USBD_GetConfig
 816:Middlewares/ST/STM32_USB_Device_Library/Core/Src/usbd_ctlreq.c ****   *         Handle Get device configuration request
 817:Middlewares/ST/STM32_USB_Device_Library/Core/Src/usbd_ctlreq.c ****   * @param  pdev: device instance
 818:Middlewares/ST/STM32_USB_Device_Library/Core/Src/usbd_ctlreq.c ****   * @param  req: usb request
 819:Middlewares/ST/STM32_USB_Device_Library/Core/Src/usbd_ctlreq.c ****   * @retval None
 820:Middlewares/ST/STM32_USB_Device_Library/Core/Src/usbd_ctlreq.c ****   */
 821:Middlewares/ST/STM32_USB_Device_Library/Core/Src/usbd_ctlreq.c **** static void USBD_GetConfig(USBD_HandleTypeDef *pdev, USBD_SetupReqTypedef *req)
 822:Middlewares/ST/STM32_USB_Device_Library/Core/Src/usbd_ctlreq.c **** {
 1853              		.loc 1 822 1
 1854              		.cfi_startproc
 1855              		@ args = 0, pretend = 0, frame = 8
 1856              		@ frame_needed = 1, uses_anonymous_args = 0
 1857 0000 80B5     		push	{r7, lr}
 1858              	.LCFI36:
 1859              		.cfi_def_cfa_offset 8
 1860              		.cfi_offset 7, -8
 1861              		.cfi_offset 14, -4
 1862 0002 82B0     		sub	sp, sp, #8
 1863              	.LCFI37:
 1864              		.cfi_def_cfa_offset 16
 1865 0004 00AF     		add	r7, sp, #0
 1866              	.LCFI38:
 1867              		.cfi_def_cfa_register 7
 1868 0006 7860     		str	r0, [r7, #4]
 1869 0008 3960     		str	r1, [r7]
 823:Middlewares/ST/STM32_USB_Device_Library/Core/Src/usbd_ctlreq.c ****   if (req->wLength != 1U)
 1870              		.loc 1 823 10
 1871 000a 3B68     		ldr	r3, [r7]
 1872 000c DB88     		ldrh	r3, [r3, #6]
 1873              		.loc 1 823 6
 1874 000e 012B     		cmp	r3, #1
 1875 0010 04D0     		beq	.L146
 824:Middlewares/ST/STM32_USB_Device_Library/Core/Src/usbd_ctlreq.c ****   {
 825:Middlewares/ST/STM32_USB_Device_Library/Core/Src/usbd_ctlreq.c ****     USBD_CtlError(pdev, req);
 1876              		.loc 1 825 5
 1877 0012 3968     		ldr	r1, [r7]
 1878 0014 7868     		ldr	r0, [r7, #4]
 1879 0016 FFF7FEFF 		bl	USBD_CtlError
 826:Middlewares/ST/STM32_USB_Device_Library/Core/Src/usbd_ctlreq.c ****   }
 827:Middlewares/ST/STM32_USB_Device_Library/Core/Src/usbd_ctlreq.c ****   else
 828:Middlewares/ST/STM32_USB_Device_Library/Core/Src/usbd_ctlreq.c ****   {
 829:Middlewares/ST/STM32_USB_Device_Library/Core/Src/usbd_ctlreq.c ****     switch (pdev->dev_state)
 830:Middlewares/ST/STM32_USB_Device_Library/Core/Src/usbd_ctlreq.c ****     {
 831:Middlewares/ST/STM32_USB_Device_Library/Core/Src/usbd_ctlreq.c ****       case USBD_STATE_DEFAULT:
 832:Middlewares/ST/STM32_USB_Device_Library/Core/Src/usbd_ctlreq.c ****       case USBD_STATE_ADDRESSED:
 833:Middlewares/ST/STM32_USB_Device_Library/Core/Src/usbd_ctlreq.c ****         pdev->dev_default_config = 0U;
 834:Middlewares/ST/STM32_USB_Device_Library/Core/Src/usbd_ctlreq.c ****         (void)USBD_CtlSendData(pdev, (uint8_t *)&pdev->dev_default_config, 1U);
 835:Middlewares/ST/STM32_USB_Device_Library/Core/Src/usbd_ctlreq.c ****         break;
ARM GAS  C:\Users\DAELT-~1\AppData\Local\Temp\cceeRwBp.s 			page 57


 836:Middlewares/ST/STM32_USB_Device_Library/Core/Src/usbd_ctlreq.c **** 
 837:Middlewares/ST/STM32_USB_Device_Library/Core/Src/usbd_ctlreq.c ****       case USBD_STATE_CONFIGURED:
 838:Middlewares/ST/STM32_USB_Device_Library/Core/Src/usbd_ctlreq.c ****         (void)USBD_CtlSendData(pdev, (uint8_t *)&pdev->dev_config, 1U);
 839:Middlewares/ST/STM32_USB_Device_Library/Core/Src/usbd_ctlreq.c ****         break;
 840:Middlewares/ST/STM32_USB_Device_Library/Core/Src/usbd_ctlreq.c **** 
 841:Middlewares/ST/STM32_USB_Device_Library/Core/Src/usbd_ctlreq.c ****       default:
 842:Middlewares/ST/STM32_USB_Device_Library/Core/Src/usbd_ctlreq.c ****         USBD_CtlError(pdev, req);
 843:Middlewares/ST/STM32_USB_Device_Library/Core/Src/usbd_ctlreq.c ****         break;
 844:Middlewares/ST/STM32_USB_Device_Library/Core/Src/usbd_ctlreq.c ****     }
 845:Middlewares/ST/STM32_USB_Device_Library/Core/Src/usbd_ctlreq.c ****   }
 846:Middlewares/ST/STM32_USB_Device_Library/Core/Src/usbd_ctlreq.c **** }
 1880              		.loc 1 846 1
 1881 001a 23E0     		b	.L152
 1882              	.L146:
 829:Middlewares/ST/STM32_USB_Device_Library/Core/Src/usbd_ctlreq.c ****     {
 1883              		.loc 1 829 17
 1884 001c 7B68     		ldr	r3, [r7, #4]
 1885 001e 93F89C32 		ldrb	r3, [r3, #668]
 1886 0022 DBB2     		uxtb	r3, r3
 829:Middlewares/ST/STM32_USB_Device_Library/Core/Src/usbd_ctlreq.c ****     {
 1887              		.loc 1 829 5
 1888 0024 022B     		cmp	r3, #2
 1889 0026 02DC     		bgt	.L148
 1890 0028 002B     		cmp	r3, #0
 1891 002a 03DC     		bgt	.L149
 1892 002c 15E0     		b	.L150
 1893              	.L148:
 1894 002e 032B     		cmp	r3, #3
 1895 0030 0BD0     		beq	.L151
 1896 0032 12E0     		b	.L150
 1897              	.L149:
 833:Middlewares/ST/STM32_USB_Device_Library/Core/Src/usbd_ctlreq.c ****         (void)USBD_CtlSendData(pdev, (uint8_t *)&pdev->dev_default_config, 1U);
 1898              		.loc 1 833 34
 1899 0034 7B68     		ldr	r3, [r7, #4]
 1900 0036 0022     		movs	r2, #0
 1901 0038 9A60     		str	r2, [r3, #8]
 834:Middlewares/ST/STM32_USB_Device_Library/Core/Src/usbd_ctlreq.c ****         break;
 1902              		.loc 1 834 49
 1903 003a 7B68     		ldr	r3, [r7, #4]
 1904 003c 0833     		adds	r3, r3, #8
 834:Middlewares/ST/STM32_USB_Device_Library/Core/Src/usbd_ctlreq.c ****         break;
 1905              		.loc 1 834 15
 1906 003e 0122     		movs	r2, #1
 1907 0040 1946     		mov	r1, r3
 1908 0042 7868     		ldr	r0, [r7, #4]
 1909 0044 FFF7FEFF 		bl	USBD_CtlSendData
 835:Middlewares/ST/STM32_USB_Device_Library/Core/Src/usbd_ctlreq.c **** 
 1910              		.loc 1 835 9
 1911 0048 0CE0     		b	.L147
 1912              	.L151:
 838:Middlewares/ST/STM32_USB_Device_Library/Core/Src/usbd_ctlreq.c ****         break;
 1913              		.loc 1 838 49
 1914 004a 7B68     		ldr	r3, [r7, #4]
 1915 004c 0433     		adds	r3, r3, #4
 838:Middlewares/ST/STM32_USB_Device_Library/Core/Src/usbd_ctlreq.c ****         break;
 1916              		.loc 1 838 15
 1917 004e 0122     		movs	r2, #1
ARM GAS  C:\Users\DAELT-~1\AppData\Local\Temp\cceeRwBp.s 			page 58


 1918 0050 1946     		mov	r1, r3
 1919 0052 7868     		ldr	r0, [r7, #4]
 1920 0054 FFF7FEFF 		bl	USBD_CtlSendData
 839:Middlewares/ST/STM32_USB_Device_Library/Core/Src/usbd_ctlreq.c **** 
 1921              		.loc 1 839 9
 1922 0058 04E0     		b	.L147
 1923              	.L150:
 842:Middlewares/ST/STM32_USB_Device_Library/Core/Src/usbd_ctlreq.c ****         break;
 1924              		.loc 1 842 9
 1925 005a 3968     		ldr	r1, [r7]
 1926 005c 7868     		ldr	r0, [r7, #4]
 1927 005e FFF7FEFF 		bl	USBD_CtlError
 843:Middlewares/ST/STM32_USB_Device_Library/Core/Src/usbd_ctlreq.c ****     }
 1928              		.loc 1 843 9
 1929 0062 00BF     		nop
 1930              	.L147:
 1931              	.L152:
 1932              		.loc 1 846 1
 1933 0064 00BF     		nop
 1934 0066 0837     		adds	r7, r7, #8
 1935              	.LCFI39:
 1936              		.cfi_def_cfa_offset 8
 1937 0068 BD46     		mov	sp, r7
 1938              	.LCFI40:
 1939              		.cfi_def_cfa_register 13
 1940              		@ sp needed
 1941 006a 80BD     		pop	{r7, pc}
 1942              		.cfi_endproc
 1943              	.LFE230:
 1945              		.section	.text.USBD_GetStatus,"ax",%progbits
 1946              		.align	1
 1947              		.syntax unified
 1948              		.thumb
 1949              		.thumb_func
 1951              	USBD_GetStatus:
 1952              	.LFB231:
 847:Middlewares/ST/STM32_USB_Device_Library/Core/Src/usbd_ctlreq.c **** 
 848:Middlewares/ST/STM32_USB_Device_Library/Core/Src/usbd_ctlreq.c **** /**
 849:Middlewares/ST/STM32_USB_Device_Library/Core/Src/usbd_ctlreq.c ****   * @brief  USBD_GetStatus
 850:Middlewares/ST/STM32_USB_Device_Library/Core/Src/usbd_ctlreq.c ****   *         Handle Get Status request
 851:Middlewares/ST/STM32_USB_Device_Library/Core/Src/usbd_ctlreq.c ****   * @param  pdev: device instance
 852:Middlewares/ST/STM32_USB_Device_Library/Core/Src/usbd_ctlreq.c ****   * @param  req: usb request
 853:Middlewares/ST/STM32_USB_Device_Library/Core/Src/usbd_ctlreq.c ****   * @retval None
 854:Middlewares/ST/STM32_USB_Device_Library/Core/Src/usbd_ctlreq.c ****   */
 855:Middlewares/ST/STM32_USB_Device_Library/Core/Src/usbd_ctlreq.c **** static void USBD_GetStatus(USBD_HandleTypeDef *pdev, USBD_SetupReqTypedef *req)
 856:Middlewares/ST/STM32_USB_Device_Library/Core/Src/usbd_ctlreq.c **** {
 1953              		.loc 1 856 1
 1954              		.cfi_startproc
 1955              		@ args = 0, pretend = 0, frame = 8
 1956              		@ frame_needed = 1, uses_anonymous_args = 0
 1957 0000 80B5     		push	{r7, lr}
 1958              	.LCFI41:
 1959              		.cfi_def_cfa_offset 8
 1960              		.cfi_offset 7, -8
 1961              		.cfi_offset 14, -4
 1962 0002 82B0     		sub	sp, sp, #8
 1963              	.LCFI42:
ARM GAS  C:\Users\DAELT-~1\AppData\Local\Temp\cceeRwBp.s 			page 59


 1964              		.cfi_def_cfa_offset 16
 1965 0004 00AF     		add	r7, sp, #0
 1966              	.LCFI43:
 1967              		.cfi_def_cfa_register 7
 1968 0006 7860     		str	r0, [r7, #4]
 1969 0008 3960     		str	r1, [r7]
 857:Middlewares/ST/STM32_USB_Device_Library/Core/Src/usbd_ctlreq.c ****   switch (pdev->dev_state)
 1970              		.loc 1 857 15
 1971 000a 7B68     		ldr	r3, [r7, #4]
 1972 000c 93F89C32 		ldrb	r3, [r3, #668]
 1973 0010 DBB2     		uxtb	r3, r3
 1974 0012 013B     		subs	r3, r3, #1
 1975              		.loc 1 857 3
 1976 0014 022B     		cmp	r3, #2
 1977 0016 1ED8     		bhi	.L154
 858:Middlewares/ST/STM32_USB_Device_Library/Core/Src/usbd_ctlreq.c ****   {
 859:Middlewares/ST/STM32_USB_Device_Library/Core/Src/usbd_ctlreq.c ****     case USBD_STATE_DEFAULT:
 860:Middlewares/ST/STM32_USB_Device_Library/Core/Src/usbd_ctlreq.c ****     case USBD_STATE_ADDRESSED:
 861:Middlewares/ST/STM32_USB_Device_Library/Core/Src/usbd_ctlreq.c ****     case USBD_STATE_CONFIGURED:
 862:Middlewares/ST/STM32_USB_Device_Library/Core/Src/usbd_ctlreq.c ****       if (req->wLength != 0x2U)
 1978              		.loc 1 862 14
 1979 0018 3B68     		ldr	r3, [r7]
 1980 001a DB88     		ldrh	r3, [r3, #6]
 1981              		.loc 1 862 10
 1982 001c 022B     		cmp	r3, #2
 1983 001e 04D0     		beq	.L155
 863:Middlewares/ST/STM32_USB_Device_Library/Core/Src/usbd_ctlreq.c ****       {
 864:Middlewares/ST/STM32_USB_Device_Library/Core/Src/usbd_ctlreq.c ****         USBD_CtlError(pdev, req);
 1984              		.loc 1 864 9
 1985 0020 3968     		ldr	r1, [r7]
 1986 0022 7868     		ldr	r0, [r7, #4]
 1987 0024 FFF7FEFF 		bl	USBD_CtlError
 865:Middlewares/ST/STM32_USB_Device_Library/Core/Src/usbd_ctlreq.c ****         break;
 1988              		.loc 1 865 9
 1989 0028 1AE0     		b	.L156
 1990              	.L155:
 866:Middlewares/ST/STM32_USB_Device_Library/Core/Src/usbd_ctlreq.c ****       }
 867:Middlewares/ST/STM32_USB_Device_Library/Core/Src/usbd_ctlreq.c **** 
 868:Middlewares/ST/STM32_USB_Device_Library/Core/Src/usbd_ctlreq.c **** #if (USBD_SELF_POWERED == 1U)
 869:Middlewares/ST/STM32_USB_Device_Library/Core/Src/usbd_ctlreq.c ****       pdev->dev_config_status = USB_CONFIG_SELF_POWERED;
 1991              		.loc 1 869 31
 1992 002a 7B68     		ldr	r3, [r7, #4]
 1993 002c 0122     		movs	r2, #1
 1994 002e DA60     		str	r2, [r3, #12]
 870:Middlewares/ST/STM32_USB_Device_Library/Core/Src/usbd_ctlreq.c **** #else
 871:Middlewares/ST/STM32_USB_Device_Library/Core/Src/usbd_ctlreq.c ****       pdev->dev_config_status = 0U;
 872:Middlewares/ST/STM32_USB_Device_Library/Core/Src/usbd_ctlreq.c **** #endif /* USBD_SELF_POWERED */
 873:Middlewares/ST/STM32_USB_Device_Library/Core/Src/usbd_ctlreq.c **** 
 874:Middlewares/ST/STM32_USB_Device_Library/Core/Src/usbd_ctlreq.c ****       if (pdev->dev_remote_wakeup != 0U)
 1995              		.loc 1 874 15
 1996 0030 7B68     		ldr	r3, [r7, #4]
 1997 0032 D3F8A432 		ldr	r3, [r3, #676]
 1998              		.loc 1 874 10
 1999 0036 002B     		cmp	r3, #0
 2000 0038 05D0     		beq	.L157
 875:Middlewares/ST/STM32_USB_Device_Library/Core/Src/usbd_ctlreq.c ****       {
 876:Middlewares/ST/STM32_USB_Device_Library/Core/Src/usbd_ctlreq.c ****         pdev->dev_config_status |= USB_CONFIG_REMOTE_WAKEUP;
ARM GAS  C:\Users\DAELT-~1\AppData\Local\Temp\cceeRwBp.s 			page 60


 2001              		.loc 1 876 13
 2002 003a 7B68     		ldr	r3, [r7, #4]
 2003 003c DB68     		ldr	r3, [r3, #12]
 2004              		.loc 1 876 33
 2005 003e 43F00202 		orr	r2, r3, #2
 2006 0042 7B68     		ldr	r3, [r7, #4]
 2007 0044 DA60     		str	r2, [r3, #12]
 2008              	.L157:
 877:Middlewares/ST/STM32_USB_Device_Library/Core/Src/usbd_ctlreq.c ****       }
 878:Middlewares/ST/STM32_USB_Device_Library/Core/Src/usbd_ctlreq.c **** 
 879:Middlewares/ST/STM32_USB_Device_Library/Core/Src/usbd_ctlreq.c ****       (void)USBD_CtlSendData(pdev, (uint8_t *)&pdev->dev_config_status, 2U);
 2009              		.loc 1 879 47
 2010 0046 7B68     		ldr	r3, [r7, #4]
 2011 0048 0C33     		adds	r3, r3, #12
 2012              		.loc 1 879 13
 2013 004a 0222     		movs	r2, #2
 2014 004c 1946     		mov	r1, r3
 2015 004e 7868     		ldr	r0, [r7, #4]
 2016 0050 FFF7FEFF 		bl	USBD_CtlSendData
 880:Middlewares/ST/STM32_USB_Device_Library/Core/Src/usbd_ctlreq.c ****       break;
 2017              		.loc 1 880 7
 2018 0054 04E0     		b	.L156
 2019              	.L154:
 881:Middlewares/ST/STM32_USB_Device_Library/Core/Src/usbd_ctlreq.c **** 
 882:Middlewares/ST/STM32_USB_Device_Library/Core/Src/usbd_ctlreq.c ****     default:
 883:Middlewares/ST/STM32_USB_Device_Library/Core/Src/usbd_ctlreq.c ****       USBD_CtlError(pdev, req);
 2020              		.loc 1 883 7
 2021 0056 3968     		ldr	r1, [r7]
 2022 0058 7868     		ldr	r0, [r7, #4]
 2023 005a FFF7FEFF 		bl	USBD_CtlError
 884:Middlewares/ST/STM32_USB_Device_Library/Core/Src/usbd_ctlreq.c ****       break;
 2024              		.loc 1 884 7
 2025 005e 00BF     		nop
 2026              	.L156:
 885:Middlewares/ST/STM32_USB_Device_Library/Core/Src/usbd_ctlreq.c ****   }
 886:Middlewares/ST/STM32_USB_Device_Library/Core/Src/usbd_ctlreq.c **** }
 2027              		.loc 1 886 1
 2028 0060 00BF     		nop
 2029 0062 0837     		adds	r7, r7, #8
 2030              	.LCFI44:
 2031              		.cfi_def_cfa_offset 8
 2032 0064 BD46     		mov	sp, r7
 2033              	.LCFI45:
 2034              		.cfi_def_cfa_register 13
 2035              		@ sp needed
 2036 0066 80BD     		pop	{r7, pc}
 2037              		.cfi_endproc
 2038              	.LFE231:
 2040              		.section	.text.USBD_SetFeature,"ax",%progbits
 2041              		.align	1
 2042              		.syntax unified
 2043              		.thumb
 2044              		.thumb_func
 2046              	USBD_SetFeature:
 2047              	.LFB232:
 887:Middlewares/ST/STM32_USB_Device_Library/Core/Src/usbd_ctlreq.c **** 
 888:Middlewares/ST/STM32_USB_Device_Library/Core/Src/usbd_ctlreq.c **** 
ARM GAS  C:\Users\DAELT-~1\AppData\Local\Temp\cceeRwBp.s 			page 61


 889:Middlewares/ST/STM32_USB_Device_Library/Core/Src/usbd_ctlreq.c **** /**
 890:Middlewares/ST/STM32_USB_Device_Library/Core/Src/usbd_ctlreq.c ****   * @brief  USBD_SetFeature
 891:Middlewares/ST/STM32_USB_Device_Library/Core/Src/usbd_ctlreq.c ****   *         Handle Set device feature request
 892:Middlewares/ST/STM32_USB_Device_Library/Core/Src/usbd_ctlreq.c ****   * @param  pdev: device instance
 893:Middlewares/ST/STM32_USB_Device_Library/Core/Src/usbd_ctlreq.c ****   * @param  req: usb request
 894:Middlewares/ST/STM32_USB_Device_Library/Core/Src/usbd_ctlreq.c ****   * @retval None
 895:Middlewares/ST/STM32_USB_Device_Library/Core/Src/usbd_ctlreq.c ****   */
 896:Middlewares/ST/STM32_USB_Device_Library/Core/Src/usbd_ctlreq.c **** static void USBD_SetFeature(USBD_HandleTypeDef *pdev, USBD_SetupReqTypedef *req)
 897:Middlewares/ST/STM32_USB_Device_Library/Core/Src/usbd_ctlreq.c **** {
 2048              		.loc 1 897 1
 2049              		.cfi_startproc
 2050              		@ args = 0, pretend = 0, frame = 8
 2051              		@ frame_needed = 1, uses_anonymous_args = 0
 2052 0000 80B5     		push	{r7, lr}
 2053              	.LCFI46:
 2054              		.cfi_def_cfa_offset 8
 2055              		.cfi_offset 7, -8
 2056              		.cfi_offset 14, -4
 2057 0002 82B0     		sub	sp, sp, #8
 2058              	.LCFI47:
 2059              		.cfi_def_cfa_offset 16
 2060 0004 00AF     		add	r7, sp, #0
 2061              	.LCFI48:
 2062              		.cfi_def_cfa_register 7
 2063 0006 7860     		str	r0, [r7, #4]
 2064 0008 3960     		str	r1, [r7]
 898:Middlewares/ST/STM32_USB_Device_Library/Core/Src/usbd_ctlreq.c ****   if (req->wValue == USB_FEATURE_REMOTE_WAKEUP)
 2065              		.loc 1 898 10
 2066 000a 3B68     		ldr	r3, [r7]
 2067 000c 5B88     		ldrh	r3, [r3, #2]
 2068              		.loc 1 898 6
 2069 000e 012B     		cmp	r3, #1
 2070 0010 07D1     		bne	.L159
 899:Middlewares/ST/STM32_USB_Device_Library/Core/Src/usbd_ctlreq.c ****   {
 900:Middlewares/ST/STM32_USB_Device_Library/Core/Src/usbd_ctlreq.c ****     pdev->dev_remote_wakeup = 1U;
 2071              		.loc 1 900 29
 2072 0012 7B68     		ldr	r3, [r7, #4]
 2073 0014 0122     		movs	r2, #1
 2074 0016 C3F8A422 		str	r2, [r3, #676]
 901:Middlewares/ST/STM32_USB_Device_Library/Core/Src/usbd_ctlreq.c ****     (void)USBD_CtlSendStatus(pdev);
 2075              		.loc 1 901 11
 2076 001a 7868     		ldr	r0, [r7, #4]
 2077 001c FFF7FEFF 		bl	USBD_CtlSendStatus
 902:Middlewares/ST/STM32_USB_Device_Library/Core/Src/usbd_ctlreq.c ****   }
 903:Middlewares/ST/STM32_USB_Device_Library/Core/Src/usbd_ctlreq.c ****   else if (req->wValue == USB_FEATURE_TEST_MODE)
 904:Middlewares/ST/STM32_USB_Device_Library/Core/Src/usbd_ctlreq.c ****   {
 905:Middlewares/ST/STM32_USB_Device_Library/Core/Src/usbd_ctlreq.c ****     pdev->dev_test_mode = (uint8_t)(req->wIndex >> 8);
 906:Middlewares/ST/STM32_USB_Device_Library/Core/Src/usbd_ctlreq.c ****     (void)USBD_CtlSendStatus(pdev);
 907:Middlewares/ST/STM32_USB_Device_Library/Core/Src/usbd_ctlreq.c ****   }
 908:Middlewares/ST/STM32_USB_Device_Library/Core/Src/usbd_ctlreq.c ****   else
 909:Middlewares/ST/STM32_USB_Device_Library/Core/Src/usbd_ctlreq.c ****   {
 910:Middlewares/ST/STM32_USB_Device_Library/Core/Src/usbd_ctlreq.c ****     USBD_CtlError(pdev, req);
 911:Middlewares/ST/STM32_USB_Device_Library/Core/Src/usbd_ctlreq.c ****   }
 912:Middlewares/ST/STM32_USB_Device_Library/Core/Src/usbd_ctlreq.c **** }
 2078              		.loc 1 912 1
 2079 0020 13E0     		b	.L162
 2080              	.L159:
ARM GAS  C:\Users\DAELT-~1\AppData\Local\Temp\cceeRwBp.s 			page 62


 903:Middlewares/ST/STM32_USB_Device_Library/Core/Src/usbd_ctlreq.c ****   {
 2081              		.loc 1 903 15
 2082 0022 3B68     		ldr	r3, [r7]
 2083 0024 5B88     		ldrh	r3, [r3, #2]
 903:Middlewares/ST/STM32_USB_Device_Library/Core/Src/usbd_ctlreq.c ****   {
 2084              		.loc 1 903 11
 2085 0026 022B     		cmp	r3, #2
 2086 0028 0BD1     		bne	.L161
 905:Middlewares/ST/STM32_USB_Device_Library/Core/Src/usbd_ctlreq.c ****     (void)USBD_CtlSendStatus(pdev);
 2087              		.loc 1 905 40
 2088 002a 3B68     		ldr	r3, [r7]
 2089 002c 9B88     		ldrh	r3, [r3, #4]
 905:Middlewares/ST/STM32_USB_Device_Library/Core/Src/usbd_ctlreq.c ****     (void)USBD_CtlSendStatus(pdev);
 2090              		.loc 1 905 27
 2091 002e 1B0A     		lsrs	r3, r3, #8
 2092 0030 9BB2     		uxth	r3, r3
 2093 0032 DAB2     		uxtb	r2, r3
 905:Middlewares/ST/STM32_USB_Device_Library/Core/Src/usbd_ctlreq.c ****     (void)USBD_CtlSendStatus(pdev);
 2094              		.loc 1 905 25
 2095 0034 7B68     		ldr	r3, [r7, #4]
 2096 0036 83F8A022 		strb	r2, [r3, #672]
 906:Middlewares/ST/STM32_USB_Device_Library/Core/Src/usbd_ctlreq.c ****   }
 2097              		.loc 1 906 11
 2098 003a 7868     		ldr	r0, [r7, #4]
 2099 003c FFF7FEFF 		bl	USBD_CtlSendStatus
 2100              		.loc 1 912 1
 2101 0040 03E0     		b	.L162
 2102              	.L161:
 910:Middlewares/ST/STM32_USB_Device_Library/Core/Src/usbd_ctlreq.c ****   }
 2103              		.loc 1 910 5
 2104 0042 3968     		ldr	r1, [r7]
 2105 0044 7868     		ldr	r0, [r7, #4]
 2106 0046 FFF7FEFF 		bl	USBD_CtlError
 2107              	.L162:
 2108              		.loc 1 912 1
 2109 004a 00BF     		nop
 2110 004c 0837     		adds	r7, r7, #8
 2111              	.LCFI49:
 2112              		.cfi_def_cfa_offset 8
 2113 004e BD46     		mov	sp, r7
 2114              	.LCFI50:
 2115              		.cfi_def_cfa_register 13
 2116              		@ sp needed
 2117 0050 80BD     		pop	{r7, pc}
 2118              		.cfi_endproc
 2119              	.LFE232:
 2121              		.section	.text.USBD_ClrFeature,"ax",%progbits
 2122              		.align	1
 2123              		.syntax unified
 2124              		.thumb
 2125              		.thumb_func
 2127              	USBD_ClrFeature:
 2128              	.LFB233:
 913:Middlewares/ST/STM32_USB_Device_Library/Core/Src/usbd_ctlreq.c **** 
 914:Middlewares/ST/STM32_USB_Device_Library/Core/Src/usbd_ctlreq.c **** 
 915:Middlewares/ST/STM32_USB_Device_Library/Core/Src/usbd_ctlreq.c **** /**
 916:Middlewares/ST/STM32_USB_Device_Library/Core/Src/usbd_ctlreq.c ****   * @brief  USBD_ClrFeature
ARM GAS  C:\Users\DAELT-~1\AppData\Local\Temp\cceeRwBp.s 			page 63


 917:Middlewares/ST/STM32_USB_Device_Library/Core/Src/usbd_ctlreq.c ****   *         Handle clear device feature request
 918:Middlewares/ST/STM32_USB_Device_Library/Core/Src/usbd_ctlreq.c ****   * @param  pdev: device instance
 919:Middlewares/ST/STM32_USB_Device_Library/Core/Src/usbd_ctlreq.c ****   * @param  req: usb request
 920:Middlewares/ST/STM32_USB_Device_Library/Core/Src/usbd_ctlreq.c ****   * @retval None
 921:Middlewares/ST/STM32_USB_Device_Library/Core/Src/usbd_ctlreq.c ****   */
 922:Middlewares/ST/STM32_USB_Device_Library/Core/Src/usbd_ctlreq.c **** static void USBD_ClrFeature(USBD_HandleTypeDef *pdev, USBD_SetupReqTypedef *req)
 923:Middlewares/ST/STM32_USB_Device_Library/Core/Src/usbd_ctlreq.c **** {
 2129              		.loc 1 923 1
 2130              		.cfi_startproc
 2131              		@ args = 0, pretend = 0, frame = 8
 2132              		@ frame_needed = 1, uses_anonymous_args = 0
 2133 0000 80B5     		push	{r7, lr}
 2134              	.LCFI51:
 2135              		.cfi_def_cfa_offset 8
 2136              		.cfi_offset 7, -8
 2137              		.cfi_offset 14, -4
 2138 0002 82B0     		sub	sp, sp, #8
 2139              	.LCFI52:
 2140              		.cfi_def_cfa_offset 16
 2141 0004 00AF     		add	r7, sp, #0
 2142              	.LCFI53:
 2143              		.cfi_def_cfa_register 7
 2144 0006 7860     		str	r0, [r7, #4]
 2145 0008 3960     		str	r1, [r7]
 924:Middlewares/ST/STM32_USB_Device_Library/Core/Src/usbd_ctlreq.c ****   switch (pdev->dev_state)
 2146              		.loc 1 924 15
 2147 000a 7B68     		ldr	r3, [r7, #4]
 2148 000c 93F89C32 		ldrb	r3, [r3, #668]
 2149 0010 DBB2     		uxtb	r3, r3
 2150 0012 013B     		subs	r3, r3, #1
 2151              		.loc 1 924 3
 2152 0014 022B     		cmp	r3, #2
 2153 0016 0BD8     		bhi	.L164
 925:Middlewares/ST/STM32_USB_Device_Library/Core/Src/usbd_ctlreq.c ****   {
 926:Middlewares/ST/STM32_USB_Device_Library/Core/Src/usbd_ctlreq.c ****     case USBD_STATE_DEFAULT:
 927:Middlewares/ST/STM32_USB_Device_Library/Core/Src/usbd_ctlreq.c ****     case USBD_STATE_ADDRESSED:
 928:Middlewares/ST/STM32_USB_Device_Library/Core/Src/usbd_ctlreq.c ****     case USBD_STATE_CONFIGURED:
 929:Middlewares/ST/STM32_USB_Device_Library/Core/Src/usbd_ctlreq.c ****       if (req->wValue == USB_FEATURE_REMOTE_WAKEUP)
 2154              		.loc 1 929 14
 2155 0018 3B68     		ldr	r3, [r7]
 2156 001a 5B88     		ldrh	r3, [r3, #2]
 2157              		.loc 1 929 10
 2158 001c 012B     		cmp	r3, #1
 2159 001e 0CD1     		bne	.L167
 930:Middlewares/ST/STM32_USB_Device_Library/Core/Src/usbd_ctlreq.c ****       {
 931:Middlewares/ST/STM32_USB_Device_Library/Core/Src/usbd_ctlreq.c ****         pdev->dev_remote_wakeup = 0U;
 2160              		.loc 1 931 33
 2161 0020 7B68     		ldr	r3, [r7, #4]
 2162 0022 0022     		movs	r2, #0
 2163 0024 C3F8A422 		str	r2, [r3, #676]
 932:Middlewares/ST/STM32_USB_Device_Library/Core/Src/usbd_ctlreq.c ****         (void)USBD_CtlSendStatus(pdev);
 2164              		.loc 1 932 15
 2165 0028 7868     		ldr	r0, [r7, #4]
 2166 002a FFF7FEFF 		bl	USBD_CtlSendStatus
 933:Middlewares/ST/STM32_USB_Device_Library/Core/Src/usbd_ctlreq.c ****       }
 934:Middlewares/ST/STM32_USB_Device_Library/Core/Src/usbd_ctlreq.c ****       break;
 2167              		.loc 1 934 7
ARM GAS  C:\Users\DAELT-~1\AppData\Local\Temp\cceeRwBp.s 			page 64


 2168 002e 04E0     		b	.L167
 2169              	.L164:
 935:Middlewares/ST/STM32_USB_Device_Library/Core/Src/usbd_ctlreq.c **** 
 936:Middlewares/ST/STM32_USB_Device_Library/Core/Src/usbd_ctlreq.c ****     default:
 937:Middlewares/ST/STM32_USB_Device_Library/Core/Src/usbd_ctlreq.c ****       USBD_CtlError(pdev, req);
 2170              		.loc 1 937 7
 2171 0030 3968     		ldr	r1, [r7]
 2172 0032 7868     		ldr	r0, [r7, #4]
 2173 0034 FFF7FEFF 		bl	USBD_CtlError
 938:Middlewares/ST/STM32_USB_Device_Library/Core/Src/usbd_ctlreq.c ****       break;
 2174              		.loc 1 938 7
 2175 0038 00E0     		b	.L166
 2176              	.L167:
 934:Middlewares/ST/STM32_USB_Device_Library/Core/Src/usbd_ctlreq.c **** 
 2177              		.loc 1 934 7
 2178 003a 00BF     		nop
 2179              	.L166:
 939:Middlewares/ST/STM32_USB_Device_Library/Core/Src/usbd_ctlreq.c ****   }
 940:Middlewares/ST/STM32_USB_Device_Library/Core/Src/usbd_ctlreq.c **** }
 2180              		.loc 1 940 1
 2181 003c 00BF     		nop
 2182 003e 0837     		adds	r7, r7, #8
 2183              	.LCFI54:
 2184              		.cfi_def_cfa_offset 8
 2185 0040 BD46     		mov	sp, r7
 2186              	.LCFI55:
 2187              		.cfi_def_cfa_register 13
 2188              		@ sp needed
 2189 0042 80BD     		pop	{r7, pc}
 2190              		.cfi_endproc
 2191              	.LFE233:
 2193              		.section	.text.USBD_ParseSetupRequest,"ax",%progbits
 2194              		.align	1
 2195              		.global	USBD_ParseSetupRequest
 2196              		.syntax unified
 2197              		.thumb
 2198              		.thumb_func
 2200              	USBD_ParseSetupRequest:
 2201              	.LFB234:
 941:Middlewares/ST/STM32_USB_Device_Library/Core/Src/usbd_ctlreq.c **** 
 942:Middlewares/ST/STM32_USB_Device_Library/Core/Src/usbd_ctlreq.c **** 
 943:Middlewares/ST/STM32_USB_Device_Library/Core/Src/usbd_ctlreq.c **** /**
 944:Middlewares/ST/STM32_USB_Device_Library/Core/Src/usbd_ctlreq.c ****   * @brief  USBD_ParseSetupRequest
 945:Middlewares/ST/STM32_USB_Device_Library/Core/Src/usbd_ctlreq.c ****   *         Copy buffer into setup structure
 946:Middlewares/ST/STM32_USB_Device_Library/Core/Src/usbd_ctlreq.c ****   * @param  req: usb request
 947:Middlewares/ST/STM32_USB_Device_Library/Core/Src/usbd_ctlreq.c ****   * @param  pdata: setup data pointer
 948:Middlewares/ST/STM32_USB_Device_Library/Core/Src/usbd_ctlreq.c ****   * @retval None
 949:Middlewares/ST/STM32_USB_Device_Library/Core/Src/usbd_ctlreq.c ****   */
 950:Middlewares/ST/STM32_USB_Device_Library/Core/Src/usbd_ctlreq.c **** void USBD_ParseSetupRequest(USBD_SetupReqTypedef *req, uint8_t *pdata)
 951:Middlewares/ST/STM32_USB_Device_Library/Core/Src/usbd_ctlreq.c **** {
 2202              		.loc 1 951 1
 2203              		.cfi_startproc
 2204              		@ args = 0, pretend = 0, frame = 16
 2205              		@ frame_needed = 1, uses_anonymous_args = 0
 2206 0000 80B5     		push	{r7, lr}
 2207              	.LCFI56:
 2208              		.cfi_def_cfa_offset 8
ARM GAS  C:\Users\DAELT-~1\AppData\Local\Temp\cceeRwBp.s 			page 65


 2209              		.cfi_offset 7, -8
 2210              		.cfi_offset 14, -4
 2211 0002 84B0     		sub	sp, sp, #16
 2212              	.LCFI57:
 2213              		.cfi_def_cfa_offset 24
 2214 0004 00AF     		add	r7, sp, #0
 2215              	.LCFI58:
 2216              		.cfi_def_cfa_register 7
 2217 0006 7860     		str	r0, [r7, #4]
 2218 0008 3960     		str	r1, [r7]
 952:Middlewares/ST/STM32_USB_Device_Library/Core/Src/usbd_ctlreq.c ****   uint8_t *pbuff = pdata;
 2219              		.loc 1 952 12
 2220 000a 3B68     		ldr	r3, [r7]
 2221 000c FB60     		str	r3, [r7, #12]
 953:Middlewares/ST/STM32_USB_Device_Library/Core/Src/usbd_ctlreq.c **** 
 954:Middlewares/ST/STM32_USB_Device_Library/Core/Src/usbd_ctlreq.c ****   req->bmRequest = *(uint8_t *)(pbuff);
 2222              		.loc 1 954 20
 2223 000e FB68     		ldr	r3, [r7, #12]
 2224 0010 1A78     		ldrb	r2, [r3]	@ zero_extendqisi2
 2225              		.loc 1 954 18
 2226 0012 7B68     		ldr	r3, [r7, #4]
 2227 0014 1A70     		strb	r2, [r3]
 955:Middlewares/ST/STM32_USB_Device_Library/Core/Src/usbd_ctlreq.c **** 
 956:Middlewares/ST/STM32_USB_Device_Library/Core/Src/usbd_ctlreq.c ****   pbuff++;
 2228              		.loc 1 956 8
 2229 0016 FB68     		ldr	r3, [r7, #12]
 2230 0018 0133     		adds	r3, r3, #1
 2231 001a FB60     		str	r3, [r7, #12]
 957:Middlewares/ST/STM32_USB_Device_Library/Core/Src/usbd_ctlreq.c ****   req->bRequest = *(uint8_t *)(pbuff);
 2232              		.loc 1 957 19
 2233 001c FB68     		ldr	r3, [r7, #12]
 2234 001e 1A78     		ldrb	r2, [r3]	@ zero_extendqisi2
 2235              		.loc 1 957 17
 2236 0020 7B68     		ldr	r3, [r7, #4]
 2237 0022 5A70     		strb	r2, [r3, #1]
 958:Middlewares/ST/STM32_USB_Device_Library/Core/Src/usbd_ctlreq.c **** 
 959:Middlewares/ST/STM32_USB_Device_Library/Core/Src/usbd_ctlreq.c ****   pbuff++;
 2238              		.loc 1 959 8
 2239 0024 FB68     		ldr	r3, [r7, #12]
 2240 0026 0133     		adds	r3, r3, #1
 2241 0028 FB60     		str	r3, [r7, #12]
 960:Middlewares/ST/STM32_USB_Device_Library/Core/Src/usbd_ctlreq.c ****   req->wValue = SWAPBYTE(pbuff);
 2242              		.loc 1 960 17
 2243 002a F868     		ldr	r0, [r7, #12]
 2244 002c FFF7FEFF 		bl	SWAPBYTE
 2245 0030 0346     		mov	r3, r0
 2246 0032 1A46     		mov	r2, r3
 2247              		.loc 1 960 15 discriminator 1
 2248 0034 7B68     		ldr	r3, [r7, #4]
 2249 0036 5A80     		strh	r2, [r3, #2]	@ movhi
 961:Middlewares/ST/STM32_USB_Device_Library/Core/Src/usbd_ctlreq.c **** 
 962:Middlewares/ST/STM32_USB_Device_Library/Core/Src/usbd_ctlreq.c ****   pbuff++;
 2250              		.loc 1 962 8
 2251 0038 FB68     		ldr	r3, [r7, #12]
 2252 003a 0133     		adds	r3, r3, #1
 2253 003c FB60     		str	r3, [r7, #12]
 963:Middlewares/ST/STM32_USB_Device_Library/Core/Src/usbd_ctlreq.c ****   pbuff++;
ARM GAS  C:\Users\DAELT-~1\AppData\Local\Temp\cceeRwBp.s 			page 66


 2254              		.loc 1 963 8
 2255 003e FB68     		ldr	r3, [r7, #12]
 2256 0040 0133     		adds	r3, r3, #1
 2257 0042 FB60     		str	r3, [r7, #12]
 964:Middlewares/ST/STM32_USB_Device_Library/Core/Src/usbd_ctlreq.c ****   req->wIndex = SWAPBYTE(pbuff);
 2258              		.loc 1 964 17
 2259 0044 F868     		ldr	r0, [r7, #12]
 2260 0046 FFF7FEFF 		bl	SWAPBYTE
 2261 004a 0346     		mov	r3, r0
 2262 004c 1A46     		mov	r2, r3
 2263              		.loc 1 964 15 discriminator 1
 2264 004e 7B68     		ldr	r3, [r7, #4]
 2265 0050 9A80     		strh	r2, [r3, #4]	@ movhi
 965:Middlewares/ST/STM32_USB_Device_Library/Core/Src/usbd_ctlreq.c **** 
 966:Middlewares/ST/STM32_USB_Device_Library/Core/Src/usbd_ctlreq.c ****   pbuff++;
 2266              		.loc 1 966 8
 2267 0052 FB68     		ldr	r3, [r7, #12]
 2268 0054 0133     		adds	r3, r3, #1
 2269 0056 FB60     		str	r3, [r7, #12]
 967:Middlewares/ST/STM32_USB_Device_Library/Core/Src/usbd_ctlreq.c ****   pbuff++;
 2270              		.loc 1 967 8
 2271 0058 FB68     		ldr	r3, [r7, #12]
 2272 005a 0133     		adds	r3, r3, #1
 2273 005c FB60     		str	r3, [r7, #12]
 968:Middlewares/ST/STM32_USB_Device_Library/Core/Src/usbd_ctlreq.c ****   req->wLength = SWAPBYTE(pbuff);
 2274              		.loc 1 968 18
 2275 005e F868     		ldr	r0, [r7, #12]
 2276 0060 FFF7FEFF 		bl	SWAPBYTE
 2277 0064 0346     		mov	r3, r0
 2278 0066 1A46     		mov	r2, r3
 2279              		.loc 1 968 16 discriminator 1
 2280 0068 7B68     		ldr	r3, [r7, #4]
 2281 006a DA80     		strh	r2, [r3, #6]	@ movhi
 969:Middlewares/ST/STM32_USB_Device_Library/Core/Src/usbd_ctlreq.c **** }
 2282              		.loc 1 969 1
 2283 006c 00BF     		nop
 2284 006e 1037     		adds	r7, r7, #16
 2285              	.LCFI59:
 2286              		.cfi_def_cfa_offset 8
 2287 0070 BD46     		mov	sp, r7
 2288              	.LCFI60:
 2289              		.cfi_def_cfa_register 13
 2290              		@ sp needed
 2291 0072 80BD     		pop	{r7, pc}
 2292              		.cfi_endproc
 2293              	.LFE234:
 2295              		.section	.text.USBD_CtlError,"ax",%progbits
 2296              		.align	1
 2297              		.global	USBD_CtlError
 2298              		.syntax unified
 2299              		.thumb
 2300              		.thumb_func
 2302              	USBD_CtlError:
 2303              	.LFB235:
 970:Middlewares/ST/STM32_USB_Device_Library/Core/Src/usbd_ctlreq.c **** 
 971:Middlewares/ST/STM32_USB_Device_Library/Core/Src/usbd_ctlreq.c **** 
 972:Middlewares/ST/STM32_USB_Device_Library/Core/Src/usbd_ctlreq.c **** /**
ARM GAS  C:\Users\DAELT-~1\AppData\Local\Temp\cceeRwBp.s 			page 67


 973:Middlewares/ST/STM32_USB_Device_Library/Core/Src/usbd_ctlreq.c ****   * @brief  USBD_CtlError
 974:Middlewares/ST/STM32_USB_Device_Library/Core/Src/usbd_ctlreq.c ****   *         Handle USB low level Error
 975:Middlewares/ST/STM32_USB_Device_Library/Core/Src/usbd_ctlreq.c ****   * @param  pdev: device instance
 976:Middlewares/ST/STM32_USB_Device_Library/Core/Src/usbd_ctlreq.c ****   * @param  req: usb request
 977:Middlewares/ST/STM32_USB_Device_Library/Core/Src/usbd_ctlreq.c ****   * @retval None
 978:Middlewares/ST/STM32_USB_Device_Library/Core/Src/usbd_ctlreq.c ****   */
 979:Middlewares/ST/STM32_USB_Device_Library/Core/Src/usbd_ctlreq.c **** void USBD_CtlError(USBD_HandleTypeDef *pdev, USBD_SetupReqTypedef *req)
 980:Middlewares/ST/STM32_USB_Device_Library/Core/Src/usbd_ctlreq.c **** {
 2304              		.loc 1 980 1
 2305              		.cfi_startproc
 2306              		@ args = 0, pretend = 0, frame = 8
 2307              		@ frame_needed = 1, uses_anonymous_args = 0
 2308 0000 80B5     		push	{r7, lr}
 2309              	.LCFI61:
 2310              		.cfi_def_cfa_offset 8
 2311              		.cfi_offset 7, -8
 2312              		.cfi_offset 14, -4
 2313 0002 82B0     		sub	sp, sp, #8
 2314              	.LCFI62:
 2315              		.cfi_def_cfa_offset 16
 2316 0004 00AF     		add	r7, sp, #0
 2317              	.LCFI63:
 2318              		.cfi_def_cfa_register 7
 2319 0006 7860     		str	r0, [r7, #4]
 2320 0008 3960     		str	r1, [r7]
 981:Middlewares/ST/STM32_USB_Device_Library/Core/Src/usbd_ctlreq.c ****   UNUSED(req);
 982:Middlewares/ST/STM32_USB_Device_Library/Core/Src/usbd_ctlreq.c **** 
 983:Middlewares/ST/STM32_USB_Device_Library/Core/Src/usbd_ctlreq.c ****   (void)USBD_LL_StallEP(pdev, 0x80U);
 2321              		.loc 1 983 9
 2322 000a 8021     		movs	r1, #128
 2323 000c 7868     		ldr	r0, [r7, #4]
 2324 000e FFF7FEFF 		bl	USBD_LL_StallEP
 984:Middlewares/ST/STM32_USB_Device_Library/Core/Src/usbd_ctlreq.c ****   (void)USBD_LL_StallEP(pdev, 0U);
 2325              		.loc 1 984 9
 2326 0012 0021     		movs	r1, #0
 2327 0014 7868     		ldr	r0, [r7, #4]
 2328 0016 FFF7FEFF 		bl	USBD_LL_StallEP
 985:Middlewares/ST/STM32_USB_Device_Library/Core/Src/usbd_ctlreq.c **** }
 2329              		.loc 1 985 1
 2330 001a 00BF     		nop
 2331 001c 0837     		adds	r7, r7, #8
 2332              	.LCFI64:
 2333              		.cfi_def_cfa_offset 8
 2334 001e BD46     		mov	sp, r7
 2335              	.LCFI65:
 2336              		.cfi_def_cfa_register 13
 2337              		@ sp needed
 2338 0020 80BD     		pop	{r7, pc}
 2339              		.cfi_endproc
 2340              	.LFE235:
 2342              		.section	.text.USBD_GetString,"ax",%progbits
 2343              		.align	1
 2344              		.global	USBD_GetString
 2345              		.syntax unified
 2346              		.thumb
 2347              		.thumb_func
 2349              	USBD_GetString:
ARM GAS  C:\Users\DAELT-~1\AppData\Local\Temp\cceeRwBp.s 			page 68


 2350              	.LFB236:
 986:Middlewares/ST/STM32_USB_Device_Library/Core/Src/usbd_ctlreq.c **** 
 987:Middlewares/ST/STM32_USB_Device_Library/Core/Src/usbd_ctlreq.c **** 
 988:Middlewares/ST/STM32_USB_Device_Library/Core/Src/usbd_ctlreq.c **** /**
 989:Middlewares/ST/STM32_USB_Device_Library/Core/Src/usbd_ctlreq.c ****   * @brief  USBD_GetString
 990:Middlewares/ST/STM32_USB_Device_Library/Core/Src/usbd_ctlreq.c ****   *         Convert Ascii string into unicode one
 991:Middlewares/ST/STM32_USB_Device_Library/Core/Src/usbd_ctlreq.c ****   * @param  desc : descriptor buffer
 992:Middlewares/ST/STM32_USB_Device_Library/Core/Src/usbd_ctlreq.c ****   * @param  unicode : Formatted string buffer (unicode)
 993:Middlewares/ST/STM32_USB_Device_Library/Core/Src/usbd_ctlreq.c ****   * @param  len : descriptor length
 994:Middlewares/ST/STM32_USB_Device_Library/Core/Src/usbd_ctlreq.c ****   * @retval None
 995:Middlewares/ST/STM32_USB_Device_Library/Core/Src/usbd_ctlreq.c ****   */
 996:Middlewares/ST/STM32_USB_Device_Library/Core/Src/usbd_ctlreq.c **** void USBD_GetString(uint8_t *desc, uint8_t *unicode, uint16_t *len)
 997:Middlewares/ST/STM32_USB_Device_Library/Core/Src/usbd_ctlreq.c **** {
 2351              		.loc 1 997 1
 2352              		.cfi_startproc
 2353              		@ args = 0, pretend = 0, frame = 24
 2354              		@ frame_needed = 1, uses_anonymous_args = 0
 2355 0000 80B5     		push	{r7, lr}
 2356              	.LCFI66:
 2357              		.cfi_def_cfa_offset 8
 2358              		.cfi_offset 7, -8
 2359              		.cfi_offset 14, -4
 2360 0002 86B0     		sub	sp, sp, #24
 2361              	.LCFI67:
 2362              		.cfi_def_cfa_offset 32
 2363 0004 00AF     		add	r7, sp, #0
 2364              	.LCFI68:
 2365              		.cfi_def_cfa_register 7
 2366 0006 F860     		str	r0, [r7, #12]
 2367 0008 B960     		str	r1, [r7, #8]
 2368 000a 7A60     		str	r2, [r7, #4]
 998:Middlewares/ST/STM32_USB_Device_Library/Core/Src/usbd_ctlreq.c ****   uint8_t idx = 0U;
 2369              		.loc 1 998 11
 2370 000c 0023     		movs	r3, #0
 2371 000e FB75     		strb	r3, [r7, #23]
 999:Middlewares/ST/STM32_USB_Device_Library/Core/Src/usbd_ctlreq.c ****   uint8_t *pdesc;
1000:Middlewares/ST/STM32_USB_Device_Library/Core/Src/usbd_ctlreq.c **** 
1001:Middlewares/ST/STM32_USB_Device_Library/Core/Src/usbd_ctlreq.c ****   if (desc == NULL)
 2372              		.loc 1 1001 6
 2373 0010 FB68     		ldr	r3, [r7, #12]
 2374 0012 002B     		cmp	r3, #0
 2375 0014 42D0     		beq	.L177
1002:Middlewares/ST/STM32_USB_Device_Library/Core/Src/usbd_ctlreq.c ****   {
1003:Middlewares/ST/STM32_USB_Device_Library/Core/Src/usbd_ctlreq.c ****     return;
1004:Middlewares/ST/STM32_USB_Device_Library/Core/Src/usbd_ctlreq.c ****   }
1005:Middlewares/ST/STM32_USB_Device_Library/Core/Src/usbd_ctlreq.c **** 
1006:Middlewares/ST/STM32_USB_Device_Library/Core/Src/usbd_ctlreq.c ****   pdesc = desc;
 2376              		.loc 1 1006 9
 2377 0016 FB68     		ldr	r3, [r7, #12]
 2378 0018 3B61     		str	r3, [r7, #16]
1007:Middlewares/ST/STM32_USB_Device_Library/Core/Src/usbd_ctlreq.c ****   *len = MIN(USBD_MAX_STR_DESC_SIZ, ((uint16_t)USBD_GetLen(pdesc) * 2U) + 2U);
 2379              		.loc 1 1007 10
 2380 001a 3869     		ldr	r0, [r7, #16]
 2381 001c FFF7FEFF 		bl	USBD_GetLen
 2382 0020 0346     		mov	r3, r0
 2383              		.loc 1 1007 10 is_stmt 0 discriminator 1
 2384 0022 0133     		adds	r3, r3, #1
ARM GAS  C:\Users\DAELT-~1\AppData\Local\Temp\cceeRwBp.s 			page 69


 2385 0024 5B00     		lsls	r3, r3, #1
 2386              		.loc 1 1007 8 is_stmt 1 discriminator 1
 2387 0026 B3F5007F 		cmp	r3, #512
 2388 002a 08D8     		bhi	.L173
 2389              		.loc 1 1007 10 discriminator 1
 2390 002c 3869     		ldr	r0, [r7, #16]
 2391 002e FFF7FEFF 		bl	USBD_GetLen
 2392 0032 0346     		mov	r3, r0
 2393 0034 0133     		adds	r3, r3, #1
 2394              		.loc 1 1007 8 discriminator 1
 2395 0036 9BB2     		uxth	r3, r3
 2396 0038 5B00     		lsls	r3, r3, #1
 2397 003a 9AB2     		uxth	r2, r3
 2398 003c 01E0     		b	.L174
 2399              	.L173:
 2400              		.loc 1 1007 8 is_stmt 0 discriminator 2
 2401 003e 4FF40072 		mov	r2, #512
 2402              	.L174:
 2403              		.loc 1 1007 8 discriminator 4
 2404 0042 7B68     		ldr	r3, [r7, #4]
 2405 0044 1A80     		strh	r2, [r3]	@ movhi
1008:Middlewares/ST/STM32_USB_Device_Library/Core/Src/usbd_ctlreq.c **** 
1009:Middlewares/ST/STM32_USB_Device_Library/Core/Src/usbd_ctlreq.c ****   unicode[idx] = *(uint8_t *)len;
 2406              		.loc 1 1009 10 is_stmt 1
 2407 0046 FB7D     		ldrb	r3, [r7, #23]	@ zero_extendqisi2
 2408 0048 BA68     		ldr	r2, [r7, #8]
 2409 004a 1344     		add	r3, r3, r2
 2410              		.loc 1 1009 18
 2411 004c 7A68     		ldr	r2, [r7, #4]
 2412 004e 1278     		ldrb	r2, [r2]	@ zero_extendqisi2
 2413              		.loc 1 1009 16
 2414 0050 1A70     		strb	r2, [r3]
1010:Middlewares/ST/STM32_USB_Device_Library/Core/Src/usbd_ctlreq.c ****   idx++;
 2415              		.loc 1 1010 6
 2416 0052 FB7D     		ldrb	r3, [r7, #23]	@ zero_extendqisi2
 2417 0054 0133     		adds	r3, r3, #1
 2418 0056 FB75     		strb	r3, [r7, #23]
1011:Middlewares/ST/STM32_USB_Device_Library/Core/Src/usbd_ctlreq.c ****   unicode[idx] = USB_DESC_TYPE_STRING;
 2419              		.loc 1 1011 10
 2420 0058 FB7D     		ldrb	r3, [r7, #23]	@ zero_extendqisi2
 2421 005a BA68     		ldr	r2, [r7, #8]
 2422 005c 1344     		add	r3, r3, r2
 2423              		.loc 1 1011 16
 2424 005e 0322     		movs	r2, #3
 2425 0060 1A70     		strb	r2, [r3]
1012:Middlewares/ST/STM32_USB_Device_Library/Core/Src/usbd_ctlreq.c ****   idx++;
 2426              		.loc 1 1012 6
 2427 0062 FB7D     		ldrb	r3, [r7, #23]	@ zero_extendqisi2
 2428 0064 0133     		adds	r3, r3, #1
 2429 0066 FB75     		strb	r3, [r7, #23]
1013:Middlewares/ST/STM32_USB_Device_Library/Core/Src/usbd_ctlreq.c **** 
1014:Middlewares/ST/STM32_USB_Device_Library/Core/Src/usbd_ctlreq.c ****   while (*pdesc != (uint8_t)'\0')
 2430              		.loc 1 1014 9
 2431 0068 13E0     		b	.L175
 2432              	.L176:
1015:Middlewares/ST/STM32_USB_Device_Library/Core/Src/usbd_ctlreq.c ****   {
1016:Middlewares/ST/STM32_USB_Device_Library/Core/Src/usbd_ctlreq.c ****     unicode[idx] = *pdesc;
ARM GAS  C:\Users\DAELT-~1\AppData\Local\Temp\cceeRwBp.s 			page 70


 2433              		.loc 1 1016 12
 2434 006a FB7D     		ldrb	r3, [r7, #23]	@ zero_extendqisi2
 2435 006c BA68     		ldr	r2, [r7, #8]
 2436 006e 1344     		add	r3, r3, r2
 2437              		.loc 1 1016 20
 2438 0070 3A69     		ldr	r2, [r7, #16]
 2439 0072 1278     		ldrb	r2, [r2]	@ zero_extendqisi2
 2440              		.loc 1 1016 18
 2441 0074 1A70     		strb	r2, [r3]
1017:Middlewares/ST/STM32_USB_Device_Library/Core/Src/usbd_ctlreq.c ****     pdesc++;
 2442              		.loc 1 1017 10
 2443 0076 3B69     		ldr	r3, [r7, #16]
 2444 0078 0133     		adds	r3, r3, #1
 2445 007a 3B61     		str	r3, [r7, #16]
1018:Middlewares/ST/STM32_USB_Device_Library/Core/Src/usbd_ctlreq.c ****     idx++;
 2446              		.loc 1 1018 8
 2447 007c FB7D     		ldrb	r3, [r7, #23]	@ zero_extendqisi2
 2448 007e 0133     		adds	r3, r3, #1
 2449 0080 FB75     		strb	r3, [r7, #23]
1019:Middlewares/ST/STM32_USB_Device_Library/Core/Src/usbd_ctlreq.c **** 
1020:Middlewares/ST/STM32_USB_Device_Library/Core/Src/usbd_ctlreq.c ****     unicode[idx] = 0U;
 2450              		.loc 1 1020 12
 2451 0082 FB7D     		ldrb	r3, [r7, #23]	@ zero_extendqisi2
 2452 0084 BA68     		ldr	r2, [r7, #8]
 2453 0086 1344     		add	r3, r3, r2
 2454              		.loc 1 1020 18
 2455 0088 0022     		movs	r2, #0
 2456 008a 1A70     		strb	r2, [r3]
1021:Middlewares/ST/STM32_USB_Device_Library/Core/Src/usbd_ctlreq.c ****     idx++;
 2457              		.loc 1 1021 8
 2458 008c FB7D     		ldrb	r3, [r7, #23]	@ zero_extendqisi2
 2459 008e 0133     		adds	r3, r3, #1
 2460 0090 FB75     		strb	r3, [r7, #23]
 2461              	.L175:
1014:Middlewares/ST/STM32_USB_Device_Library/Core/Src/usbd_ctlreq.c ****   {
 2462              		.loc 1 1014 10
 2463 0092 3B69     		ldr	r3, [r7, #16]
 2464 0094 1B78     		ldrb	r3, [r3]	@ zero_extendqisi2
1014:Middlewares/ST/STM32_USB_Device_Library/Core/Src/usbd_ctlreq.c ****   {
 2465              		.loc 1 1014 17
 2466 0096 002B     		cmp	r3, #0
 2467 0098 E7D1     		bne	.L176
 2468 009a 00E0     		b	.L170
 2469              	.L177:
1003:Middlewares/ST/STM32_USB_Device_Library/Core/Src/usbd_ctlreq.c ****   }
 2470              		.loc 1 1003 5
 2471 009c 00BF     		nop
 2472              	.L170:
1022:Middlewares/ST/STM32_USB_Device_Library/Core/Src/usbd_ctlreq.c ****   }
1023:Middlewares/ST/STM32_USB_Device_Library/Core/Src/usbd_ctlreq.c **** }
 2473              		.loc 1 1023 1
 2474 009e 1837     		adds	r7, r7, #24
 2475              	.LCFI69:
 2476              		.cfi_def_cfa_offset 8
 2477 00a0 BD46     		mov	sp, r7
 2478              	.LCFI70:
 2479              		.cfi_def_cfa_register 13
ARM GAS  C:\Users\DAELT-~1\AppData\Local\Temp\cceeRwBp.s 			page 71


 2480              		@ sp needed
 2481 00a2 80BD     		pop	{r7, pc}
 2482              		.cfi_endproc
 2483              	.LFE236:
 2485              		.section	.text.USBD_GetLen,"ax",%progbits
 2486              		.align	1
 2487              		.syntax unified
 2488              		.thumb
 2489              		.thumb_func
 2491              	USBD_GetLen:
 2492              	.LFB237:
1024:Middlewares/ST/STM32_USB_Device_Library/Core/Src/usbd_ctlreq.c **** 
1025:Middlewares/ST/STM32_USB_Device_Library/Core/Src/usbd_ctlreq.c **** 
1026:Middlewares/ST/STM32_USB_Device_Library/Core/Src/usbd_ctlreq.c **** /**
1027:Middlewares/ST/STM32_USB_Device_Library/Core/Src/usbd_ctlreq.c ****   * @brief  USBD_GetLen
1028:Middlewares/ST/STM32_USB_Device_Library/Core/Src/usbd_ctlreq.c ****   *         return the string length
1029:Middlewares/ST/STM32_USB_Device_Library/Core/Src/usbd_ctlreq.c ****    * @param  buf : pointer to the ascii string buffer
1030:Middlewares/ST/STM32_USB_Device_Library/Core/Src/usbd_ctlreq.c ****   * @retval string length
1031:Middlewares/ST/STM32_USB_Device_Library/Core/Src/usbd_ctlreq.c ****   */
1032:Middlewares/ST/STM32_USB_Device_Library/Core/Src/usbd_ctlreq.c **** static uint8_t USBD_GetLen(uint8_t *buf)
1033:Middlewares/ST/STM32_USB_Device_Library/Core/Src/usbd_ctlreq.c **** {
 2493              		.loc 1 1033 1
 2494              		.cfi_startproc
 2495              		@ args = 0, pretend = 0, frame = 16
 2496              		@ frame_needed = 1, uses_anonymous_args = 0
 2497              		@ link register save eliminated.
 2498 0000 80B4     		push	{r7}
 2499              	.LCFI71:
 2500              		.cfi_def_cfa_offset 4
 2501              		.cfi_offset 7, -4
 2502 0002 85B0     		sub	sp, sp, #20
 2503              	.LCFI72:
 2504              		.cfi_def_cfa_offset 24
 2505 0004 00AF     		add	r7, sp, #0
 2506              	.LCFI73:
 2507              		.cfi_def_cfa_register 7
 2508 0006 7860     		str	r0, [r7, #4]
1034:Middlewares/ST/STM32_USB_Device_Library/Core/Src/usbd_ctlreq.c ****   uint8_t  len = 0U;
 2509              		.loc 1 1034 12
 2510 0008 0023     		movs	r3, #0
 2511 000a FB73     		strb	r3, [r7, #15]
1035:Middlewares/ST/STM32_USB_Device_Library/Core/Src/usbd_ctlreq.c ****   uint8_t *pbuff = buf;
 2512              		.loc 1 1035 12
 2513 000c 7B68     		ldr	r3, [r7, #4]
 2514 000e BB60     		str	r3, [r7, #8]
1036:Middlewares/ST/STM32_USB_Device_Library/Core/Src/usbd_ctlreq.c **** 
1037:Middlewares/ST/STM32_USB_Device_Library/Core/Src/usbd_ctlreq.c ****   while (*pbuff != (uint8_t)'\0')
 2515              		.loc 1 1037 9
 2516 0010 05E0     		b	.L179
 2517              	.L180:
1038:Middlewares/ST/STM32_USB_Device_Library/Core/Src/usbd_ctlreq.c ****   {
1039:Middlewares/ST/STM32_USB_Device_Library/Core/Src/usbd_ctlreq.c ****     len++;
 2518              		.loc 1 1039 8
 2519 0012 FB7B     		ldrb	r3, [r7, #15]	@ zero_extendqisi2
 2520 0014 0133     		adds	r3, r3, #1
 2521 0016 FB73     		strb	r3, [r7, #15]
1040:Middlewares/ST/STM32_USB_Device_Library/Core/Src/usbd_ctlreq.c ****     pbuff++;
ARM GAS  C:\Users\DAELT-~1\AppData\Local\Temp\cceeRwBp.s 			page 72


 2522              		.loc 1 1040 10
 2523 0018 BB68     		ldr	r3, [r7, #8]
 2524 001a 0133     		adds	r3, r3, #1
 2525 001c BB60     		str	r3, [r7, #8]
 2526              	.L179:
1037:Middlewares/ST/STM32_USB_Device_Library/Core/Src/usbd_ctlreq.c ****   {
 2527              		.loc 1 1037 10
 2528 001e BB68     		ldr	r3, [r7, #8]
 2529 0020 1B78     		ldrb	r3, [r3]	@ zero_extendqisi2
1037:Middlewares/ST/STM32_USB_Device_Library/Core/Src/usbd_ctlreq.c ****   {
 2530              		.loc 1 1037 17
 2531 0022 002B     		cmp	r3, #0
 2532 0024 F5D1     		bne	.L180
1041:Middlewares/ST/STM32_USB_Device_Library/Core/Src/usbd_ctlreq.c ****   }
1042:Middlewares/ST/STM32_USB_Device_Library/Core/Src/usbd_ctlreq.c **** 
1043:Middlewares/ST/STM32_USB_Device_Library/Core/Src/usbd_ctlreq.c ****   return len;
 2533              		.loc 1 1043 10
 2534 0026 FB7B     		ldrb	r3, [r7, #15]	@ zero_extendqisi2
1044:Middlewares/ST/STM32_USB_Device_Library/Core/Src/usbd_ctlreq.c **** }
 2535              		.loc 1 1044 1
 2536 0028 1846     		mov	r0, r3
 2537 002a 1437     		adds	r7, r7, #20
 2538              	.LCFI74:
 2539              		.cfi_def_cfa_offset 4
 2540 002c BD46     		mov	sp, r7
 2541              	.LCFI75:
 2542              		.cfi_def_cfa_register 13
 2543              		@ sp needed
 2544 002e 5DF8047B 		ldr	r7, [sp], #4
 2545              	.LCFI76:
 2546              		.cfi_restore 7
 2547              		.cfi_def_cfa_offset 0
 2548 0032 7047     		bx	lr
 2549              		.cfi_endproc
 2550              	.LFE237:
 2552              		.section	.bss.cfgidx.0,"aw",%nobits
 2555              	cfgidx.0:
 2556 0000 00       		.space	1
 2557              		.text
 2558              	.Letext0:
 2559              		.file 3 "C:/tools/arm-gnu-toolchain-13.2.rel1-mingw-w64-i686-arm-none-eabi/arm-none-eabi/include/m
 2560              		.file 4 "C:/tools/arm-gnu-toolchain-13.2.rel1-mingw-w64-i686-arm-none-eabi/arm-none-eabi/include/s
 2561              		.file 5 "Middlewares/ST/STM32_USB_Device_Library/Core/Inc/usbd_core.h"
 2562              		.file 6 "Middlewares/ST/STM32_USB_Device_Library/Core/Inc/usbd_ioreq.h"
ARM GAS  C:\Users\DAELT-~1\AppData\Local\Temp\cceeRwBp.s 			page 73


DEFINED SYMBOLS
                            *ABS*:00000000 usbd_ctlreq.c
C:\Users\DAELT-~1\AppData\Local\Temp\cceeRwBp.s:21     .text.SWAPBYTE:00000000 $t
C:\Users\DAELT-~1\AppData\Local\Temp\cceeRwBp.s:26     .text.SWAPBYTE:00000000 SWAPBYTE
C:\Users\DAELT-~1\AppData\Local\Temp\cceeRwBp.s:91     .text.USBD_StdDevReq:00000000 $t
C:\Users\DAELT-~1\AppData\Local\Temp\cceeRwBp.s:97     .text.USBD_StdDevReq:00000000 USBD_StdDevReq
C:\Users\DAELT-~1\AppData\Local\Temp\cceeRwBp.s:162    .text.USBD_StdDevReq:00000050 $d
C:\Users\DAELT-~1\AppData\Local\Temp\cceeRwBp.s:172    .text.USBD_StdDevReq:00000078 $t
C:\Users\DAELT-~1\AppData\Local\Temp\cceeRwBp.s:992    .text.USBD_GetDescriptor:00000000 USBD_GetDescriptor
C:\Users\DAELT-~1\AppData\Local\Temp\cceeRwBp.s:1492   .text.USBD_SetAddress:00000000 USBD_SetAddress
C:\Users\DAELT-~1\AppData\Local\Temp\cceeRwBp.s:1606   .text.USBD_SetConfig:00000000 USBD_SetConfig
C:\Users\DAELT-~1\AppData\Local\Temp\cceeRwBp.s:1851   .text.USBD_GetConfig:00000000 USBD_GetConfig
C:\Users\DAELT-~1\AppData\Local\Temp\cceeRwBp.s:1951   .text.USBD_GetStatus:00000000 USBD_GetStatus
C:\Users\DAELT-~1\AppData\Local\Temp\cceeRwBp.s:2046   .text.USBD_SetFeature:00000000 USBD_SetFeature
C:\Users\DAELT-~1\AppData\Local\Temp\cceeRwBp.s:2127   .text.USBD_ClrFeature:00000000 USBD_ClrFeature
C:\Users\DAELT-~1\AppData\Local\Temp\cceeRwBp.s:2302   .text.USBD_CtlError:00000000 USBD_CtlError
C:\Users\DAELT-~1\AppData\Local\Temp\cceeRwBp.s:258    .text.USBD_StdItfReq:00000000 $t
C:\Users\DAELT-~1\AppData\Local\Temp\cceeRwBp.s:264    .text.USBD_StdItfReq:00000000 USBD_StdItfReq
C:\Users\DAELT-~1\AppData\Local\Temp\cceeRwBp.s:433    .text.USBD_StdEPReq:00000000 $t
C:\Users\DAELT-~1\AppData\Local\Temp\cceeRwBp.s:439    .text.USBD_StdEPReq:00000000 USBD_StdEPReq
C:\Users\DAELT-~1\AppData\Local\Temp\cceeRwBp.s:987    .text.USBD_GetDescriptor:00000000 $t
C:\Users\DAELT-~1\AppData\Local\Temp\cceeRwBp.s:1034   .text.USBD_GetDescriptor:0000002c $d
C:\Users\DAELT-~1\AppData\Local\Temp\cceeRwBp.s:1041   .text.USBD_GetDescriptor:00000048 $t
C:\Users\DAELT-~1\AppData\Local\Temp\cceeRwBp.s:1116   .text.USBD_GetDescriptor:000000b4 $d
C:\Users\DAELT-~1\AppData\Local\Temp\cceeRwBp.s:1122   .text.USBD_GetDescriptor:000000cc $t
C:\Users\DAELT-~1\AppData\Local\Temp\cceeRwBp.s:1487   .text.USBD_SetAddress:00000000 $t
C:\Users\DAELT-~1\AppData\Local\Temp\cceeRwBp.s:1601   .text.USBD_SetConfig:00000000 $t
C:\Users\DAELT-~1\AppData\Local\Temp\cceeRwBp.s:1841   .text.USBD_SetConfig:00000150 $d
C:\Users\DAELT-~1\AppData\Local\Temp\cceeRwBp.s:2555   .bss.cfgidx.0:00000000 cfgidx.0
C:\Users\DAELT-~1\AppData\Local\Temp\cceeRwBp.s:1846   .text.USBD_GetConfig:00000000 $t
C:\Users\DAELT-~1\AppData\Local\Temp\cceeRwBp.s:1946   .text.USBD_GetStatus:00000000 $t
C:\Users\DAELT-~1\AppData\Local\Temp\cceeRwBp.s:2041   .text.USBD_SetFeature:00000000 $t
C:\Users\DAELT-~1\AppData\Local\Temp\cceeRwBp.s:2122   .text.USBD_ClrFeature:00000000 $t
C:\Users\DAELT-~1\AppData\Local\Temp\cceeRwBp.s:2194   .text.USBD_ParseSetupRequest:00000000 $t
C:\Users\DAELT-~1\AppData\Local\Temp\cceeRwBp.s:2200   .text.USBD_ParseSetupRequest:00000000 USBD_ParseSetupRequest
C:\Users\DAELT-~1\AppData\Local\Temp\cceeRwBp.s:2296   .text.USBD_CtlError:00000000 $t
C:\Users\DAELT-~1\AppData\Local\Temp\cceeRwBp.s:2343   .text.USBD_GetString:00000000 $t
C:\Users\DAELT-~1\AppData\Local\Temp\cceeRwBp.s:2349   .text.USBD_GetString:00000000 USBD_GetString
C:\Users\DAELT-~1\AppData\Local\Temp\cceeRwBp.s:2491   .text.USBD_GetLen:00000000 USBD_GetLen
C:\Users\DAELT-~1\AppData\Local\Temp\cceeRwBp.s:2486   .text.USBD_GetLen:00000000 $t
C:\Users\DAELT-~1\AppData\Local\Temp\cceeRwBp.s:2556   .bss.cfgidx.0:00000000 $d

UNDEFINED SYMBOLS
USBD_CoreFindIF
USBD_CtlSendStatus
USBD_CoreFindEP
USBD_LL_StallEP
USBD_LL_ClearStallEP
USBD_CtlSendData
USBD_LL_IsStallEP
USBD_LL_SetUSBAddress
USBD_SetClassConfig
USBD_ClrClassConfig
