ARM GAS  C:\Users\DAELT-~1\AppData\Local\Temp\ccu4V9Sc.s 			page 1


   1              		.cpu cortex-m4
   2              		.arch armv7e-m
   3              		.fpu fpv4-sp-d16
   4              		.eabi_attribute 27, 1
   5              		.eabi_attribute 28, 1
   6              		.eabi_attribute 20, 1
   7              		.eabi_attribute 21, 1
   8              		.eabi_attribute 23, 3
   9              		.eabi_attribute 24, 1
  10              		.eabi_attribute 25, 1
  11              		.eabi_attribute 26, 1
  12              		.eabi_attribute 30, 6
  13              		.eabi_attribute 34, 1
  14              		.eabi_attribute 18, 4
  15              		.file	"usbd_core.c"
  16              		.text
  17              	.Ltext0:
  18              		.cfi_sections	.debug_frame
  19              		.file 1 "Middlewares/ST/STM32_USB_Device_Library/Core/Src/usbd_core.c"
  20              		.section	.text.USBD_Init,"ax",%progbits
  21              		.align	1
  22              		.global	USBD_Init
  23              		.syntax unified
  24              		.thumb
  25              		.thumb_func
  27              	USBD_Init:
  28              	.LFB224:
   1:Middlewares/ST/STM32_USB_Device_Library/Core/Src/usbd_core.c **** /**
   2:Middlewares/ST/STM32_USB_Device_Library/Core/Src/usbd_core.c ****   ******************************************************************************
   3:Middlewares/ST/STM32_USB_Device_Library/Core/Src/usbd_core.c ****   * @file    usbd_core.c
   4:Middlewares/ST/STM32_USB_Device_Library/Core/Src/usbd_core.c ****   * @author  MCD Application Team
   5:Middlewares/ST/STM32_USB_Device_Library/Core/Src/usbd_core.c ****   * @brief   This file provides all the USBD core functions.
   6:Middlewares/ST/STM32_USB_Device_Library/Core/Src/usbd_core.c ****   ******************************************************************************
   7:Middlewares/ST/STM32_USB_Device_Library/Core/Src/usbd_core.c ****   * @attention
   8:Middlewares/ST/STM32_USB_Device_Library/Core/Src/usbd_core.c ****   *
   9:Middlewares/ST/STM32_USB_Device_Library/Core/Src/usbd_core.c ****   * Copyright (c) 2015 STMicroelectronics.
  10:Middlewares/ST/STM32_USB_Device_Library/Core/Src/usbd_core.c ****   * All rights reserved.
  11:Middlewares/ST/STM32_USB_Device_Library/Core/Src/usbd_core.c ****   *
  12:Middlewares/ST/STM32_USB_Device_Library/Core/Src/usbd_core.c ****   * This software is licensed under terms that can be found in the LICENSE file
  13:Middlewares/ST/STM32_USB_Device_Library/Core/Src/usbd_core.c ****   * in the root directory of this software component.
  14:Middlewares/ST/STM32_USB_Device_Library/Core/Src/usbd_core.c ****   * If no LICENSE file comes with this software, it is provided AS-IS.
  15:Middlewares/ST/STM32_USB_Device_Library/Core/Src/usbd_core.c ****   *
  16:Middlewares/ST/STM32_USB_Device_Library/Core/Src/usbd_core.c ****   ******************************************************************************
  17:Middlewares/ST/STM32_USB_Device_Library/Core/Src/usbd_core.c ****   */
  18:Middlewares/ST/STM32_USB_Device_Library/Core/Src/usbd_core.c **** 
  19:Middlewares/ST/STM32_USB_Device_Library/Core/Src/usbd_core.c **** /* Includes ------------------------------------------------------------------*/
  20:Middlewares/ST/STM32_USB_Device_Library/Core/Src/usbd_core.c **** #include "usbd_core.h"
  21:Middlewares/ST/STM32_USB_Device_Library/Core/Src/usbd_core.c **** 
  22:Middlewares/ST/STM32_USB_Device_Library/Core/Src/usbd_core.c **** #ifdef USE_USBD_COMPOSITE
  23:Middlewares/ST/STM32_USB_Device_Library/Core/Src/usbd_core.c **** #include "usbd_composite_builder.h"
  24:Middlewares/ST/STM32_USB_Device_Library/Core/Src/usbd_core.c **** #endif /* USE_USBD_COMPOSITE */
  25:Middlewares/ST/STM32_USB_Device_Library/Core/Src/usbd_core.c **** 
  26:Middlewares/ST/STM32_USB_Device_Library/Core/Src/usbd_core.c **** /** @addtogroup STM32_USBD_DEVICE_LIBRARY
  27:Middlewares/ST/STM32_USB_Device_Library/Core/Src/usbd_core.c ****   * @{
  28:Middlewares/ST/STM32_USB_Device_Library/Core/Src/usbd_core.c ****   */
  29:Middlewares/ST/STM32_USB_Device_Library/Core/Src/usbd_core.c **** 
  30:Middlewares/ST/STM32_USB_Device_Library/Core/Src/usbd_core.c **** 
ARM GAS  C:\Users\DAELT-~1\AppData\Local\Temp\ccu4V9Sc.s 			page 2


  31:Middlewares/ST/STM32_USB_Device_Library/Core/Src/usbd_core.c **** /** @defgroup USBD_CORE
  32:Middlewares/ST/STM32_USB_Device_Library/Core/Src/usbd_core.c ****   * @brief usbd core module
  33:Middlewares/ST/STM32_USB_Device_Library/Core/Src/usbd_core.c ****   * @{
  34:Middlewares/ST/STM32_USB_Device_Library/Core/Src/usbd_core.c ****   */
  35:Middlewares/ST/STM32_USB_Device_Library/Core/Src/usbd_core.c **** 
  36:Middlewares/ST/STM32_USB_Device_Library/Core/Src/usbd_core.c **** /** @defgroup USBD_CORE_Private_TypesDefinitions
  37:Middlewares/ST/STM32_USB_Device_Library/Core/Src/usbd_core.c ****   * @{
  38:Middlewares/ST/STM32_USB_Device_Library/Core/Src/usbd_core.c ****   */
  39:Middlewares/ST/STM32_USB_Device_Library/Core/Src/usbd_core.c **** 
  40:Middlewares/ST/STM32_USB_Device_Library/Core/Src/usbd_core.c **** /**
  41:Middlewares/ST/STM32_USB_Device_Library/Core/Src/usbd_core.c ****   * @}
  42:Middlewares/ST/STM32_USB_Device_Library/Core/Src/usbd_core.c ****   */
  43:Middlewares/ST/STM32_USB_Device_Library/Core/Src/usbd_core.c **** 
  44:Middlewares/ST/STM32_USB_Device_Library/Core/Src/usbd_core.c **** 
  45:Middlewares/ST/STM32_USB_Device_Library/Core/Src/usbd_core.c **** /** @defgroup USBD_CORE_Private_Defines
  46:Middlewares/ST/STM32_USB_Device_Library/Core/Src/usbd_core.c ****   * @{
  47:Middlewares/ST/STM32_USB_Device_Library/Core/Src/usbd_core.c ****   */
  48:Middlewares/ST/STM32_USB_Device_Library/Core/Src/usbd_core.c **** 
  49:Middlewares/ST/STM32_USB_Device_Library/Core/Src/usbd_core.c **** /**
  50:Middlewares/ST/STM32_USB_Device_Library/Core/Src/usbd_core.c ****   * @}
  51:Middlewares/ST/STM32_USB_Device_Library/Core/Src/usbd_core.c ****   */
  52:Middlewares/ST/STM32_USB_Device_Library/Core/Src/usbd_core.c **** 
  53:Middlewares/ST/STM32_USB_Device_Library/Core/Src/usbd_core.c **** 
  54:Middlewares/ST/STM32_USB_Device_Library/Core/Src/usbd_core.c **** /** @defgroup USBD_CORE_Private_Macros
  55:Middlewares/ST/STM32_USB_Device_Library/Core/Src/usbd_core.c ****   * @{
  56:Middlewares/ST/STM32_USB_Device_Library/Core/Src/usbd_core.c ****   */
  57:Middlewares/ST/STM32_USB_Device_Library/Core/Src/usbd_core.c **** 
  58:Middlewares/ST/STM32_USB_Device_Library/Core/Src/usbd_core.c **** /**
  59:Middlewares/ST/STM32_USB_Device_Library/Core/Src/usbd_core.c ****   * @}
  60:Middlewares/ST/STM32_USB_Device_Library/Core/Src/usbd_core.c ****   */
  61:Middlewares/ST/STM32_USB_Device_Library/Core/Src/usbd_core.c **** 
  62:Middlewares/ST/STM32_USB_Device_Library/Core/Src/usbd_core.c **** 
  63:Middlewares/ST/STM32_USB_Device_Library/Core/Src/usbd_core.c **** /** @defgroup USBD_CORE_Private_FunctionPrototypes
  64:Middlewares/ST/STM32_USB_Device_Library/Core/Src/usbd_core.c ****   * @{
  65:Middlewares/ST/STM32_USB_Device_Library/Core/Src/usbd_core.c ****   */
  66:Middlewares/ST/STM32_USB_Device_Library/Core/Src/usbd_core.c **** 
  67:Middlewares/ST/STM32_USB_Device_Library/Core/Src/usbd_core.c **** /**
  68:Middlewares/ST/STM32_USB_Device_Library/Core/Src/usbd_core.c ****   * @}
  69:Middlewares/ST/STM32_USB_Device_Library/Core/Src/usbd_core.c ****   */
  70:Middlewares/ST/STM32_USB_Device_Library/Core/Src/usbd_core.c **** 
  71:Middlewares/ST/STM32_USB_Device_Library/Core/Src/usbd_core.c **** /** @defgroup USBD_CORE_Private_Variables
  72:Middlewares/ST/STM32_USB_Device_Library/Core/Src/usbd_core.c ****   * @{
  73:Middlewares/ST/STM32_USB_Device_Library/Core/Src/usbd_core.c ****   */
  74:Middlewares/ST/STM32_USB_Device_Library/Core/Src/usbd_core.c **** 
  75:Middlewares/ST/STM32_USB_Device_Library/Core/Src/usbd_core.c **** /**
  76:Middlewares/ST/STM32_USB_Device_Library/Core/Src/usbd_core.c ****   * @}
  77:Middlewares/ST/STM32_USB_Device_Library/Core/Src/usbd_core.c ****   */
  78:Middlewares/ST/STM32_USB_Device_Library/Core/Src/usbd_core.c **** 
  79:Middlewares/ST/STM32_USB_Device_Library/Core/Src/usbd_core.c **** 
  80:Middlewares/ST/STM32_USB_Device_Library/Core/Src/usbd_core.c **** /** @defgroup USBD_CORE_Private_Functions
  81:Middlewares/ST/STM32_USB_Device_Library/Core/Src/usbd_core.c ****   * @{
  82:Middlewares/ST/STM32_USB_Device_Library/Core/Src/usbd_core.c ****   */
  83:Middlewares/ST/STM32_USB_Device_Library/Core/Src/usbd_core.c **** 
  84:Middlewares/ST/STM32_USB_Device_Library/Core/Src/usbd_core.c **** /**
  85:Middlewares/ST/STM32_USB_Device_Library/Core/Src/usbd_core.c ****   * @brief  USBD_Init
  86:Middlewares/ST/STM32_USB_Device_Library/Core/Src/usbd_core.c ****   *         Initialize the device stack and load the class driver
  87:Middlewares/ST/STM32_USB_Device_Library/Core/Src/usbd_core.c ****   * @param  pdev: device instance
ARM GAS  C:\Users\DAELT-~1\AppData\Local\Temp\ccu4V9Sc.s 			page 3


  88:Middlewares/ST/STM32_USB_Device_Library/Core/Src/usbd_core.c ****   * @param  pdesc: Descriptor structure address
  89:Middlewares/ST/STM32_USB_Device_Library/Core/Src/usbd_core.c ****   * @param  id: Low level core index
  90:Middlewares/ST/STM32_USB_Device_Library/Core/Src/usbd_core.c ****   * @retval status: USBD Status
  91:Middlewares/ST/STM32_USB_Device_Library/Core/Src/usbd_core.c ****   */
  92:Middlewares/ST/STM32_USB_Device_Library/Core/Src/usbd_core.c **** USBD_StatusTypeDef USBD_Init(USBD_HandleTypeDef *pdev,
  93:Middlewares/ST/STM32_USB_Device_Library/Core/Src/usbd_core.c ****                              USBD_DescriptorsTypeDef *pdesc, uint8_t id)
  94:Middlewares/ST/STM32_USB_Device_Library/Core/Src/usbd_core.c **** {
  29              		.loc 1 94 1
  30              		.cfi_startproc
  31              		@ args = 0, pretend = 0, frame = 24
  32              		@ frame_needed = 1, uses_anonymous_args = 0
  33 0000 80B5     		push	{r7, lr}
  34              	.LCFI0:
  35              		.cfi_def_cfa_offset 8
  36              		.cfi_offset 7, -8
  37              		.cfi_offset 14, -4
  38 0002 86B0     		sub	sp, sp, #24
  39              	.LCFI1:
  40              		.cfi_def_cfa_offset 32
  41 0004 00AF     		add	r7, sp, #0
  42              	.LCFI2:
  43              		.cfi_def_cfa_register 7
  44 0006 F860     		str	r0, [r7, #12]
  45 0008 B960     		str	r1, [r7, #8]
  46 000a 1346     		mov	r3, r2
  47 000c FB71     		strb	r3, [r7, #7]
  95:Middlewares/ST/STM32_USB_Device_Library/Core/Src/usbd_core.c ****   USBD_StatusTypeDef ret;
  96:Middlewares/ST/STM32_USB_Device_Library/Core/Src/usbd_core.c **** 
  97:Middlewares/ST/STM32_USB_Device_Library/Core/Src/usbd_core.c ****   /* Check whether the USB Host handle is valid */
  98:Middlewares/ST/STM32_USB_Device_Library/Core/Src/usbd_core.c ****   if (pdev == NULL)
  48              		.loc 1 98 6
  49 000e FB68     		ldr	r3, [r7, #12]
  50 0010 002B     		cmp	r3, #0
  51 0012 01D1     		bne	.L2
  99:Middlewares/ST/STM32_USB_Device_Library/Core/Src/usbd_core.c ****   {
 100:Middlewares/ST/STM32_USB_Device_Library/Core/Src/usbd_core.c **** #if (USBD_DEBUG_LEVEL > 1U)
 101:Middlewares/ST/STM32_USB_Device_Library/Core/Src/usbd_core.c ****     USBD_ErrLog("Invalid Device handle");
 102:Middlewares/ST/STM32_USB_Device_Library/Core/Src/usbd_core.c **** #endif /* (USBD_DEBUG_LEVEL > 1U) */
 103:Middlewares/ST/STM32_USB_Device_Library/Core/Src/usbd_core.c ****     return USBD_FAIL;
  52              		.loc 1 103 12
  53 0014 0323     		movs	r3, #3
  54 0016 1FE0     		b	.L3
  55              	.L2:
 104:Middlewares/ST/STM32_USB_Device_Library/Core/Src/usbd_core.c ****   }
 105:Middlewares/ST/STM32_USB_Device_Library/Core/Src/usbd_core.c **** 
 106:Middlewares/ST/STM32_USB_Device_Library/Core/Src/usbd_core.c **** #ifdef USE_USBD_COMPOSITE
 107:Middlewares/ST/STM32_USB_Device_Library/Core/Src/usbd_core.c ****   /* Parse the table of classes in use */
 108:Middlewares/ST/STM32_USB_Device_Library/Core/Src/usbd_core.c ****   for (uint32_t i = 0; i < USBD_MAX_SUPPORTED_CLASS; i++)
 109:Middlewares/ST/STM32_USB_Device_Library/Core/Src/usbd_core.c ****   {
 110:Middlewares/ST/STM32_USB_Device_Library/Core/Src/usbd_core.c ****     /* Unlink previous class*/
 111:Middlewares/ST/STM32_USB_Device_Library/Core/Src/usbd_core.c ****     pdev->pClass[i] = NULL;
 112:Middlewares/ST/STM32_USB_Device_Library/Core/Src/usbd_core.c ****     pdev->pUserData[i] = NULL;
 113:Middlewares/ST/STM32_USB_Device_Library/Core/Src/usbd_core.c **** 
 114:Middlewares/ST/STM32_USB_Device_Library/Core/Src/usbd_core.c ****     /* Set class as inactive */
 115:Middlewares/ST/STM32_USB_Device_Library/Core/Src/usbd_core.c ****     pdev->tclasslist[i].Active = 0;
 116:Middlewares/ST/STM32_USB_Device_Library/Core/Src/usbd_core.c ****     pdev->NumClasses = 0;
 117:Middlewares/ST/STM32_USB_Device_Library/Core/Src/usbd_core.c ****     pdev->classId = 0;
ARM GAS  C:\Users\DAELT-~1\AppData\Local\Temp\ccu4V9Sc.s 			page 4


 118:Middlewares/ST/STM32_USB_Device_Library/Core/Src/usbd_core.c ****   }
 119:Middlewares/ST/STM32_USB_Device_Library/Core/Src/usbd_core.c **** #else
 120:Middlewares/ST/STM32_USB_Device_Library/Core/Src/usbd_core.c ****   /* Unlink previous class*/
 121:Middlewares/ST/STM32_USB_Device_Library/Core/Src/usbd_core.c ****   pdev->pClass[0] = NULL;
  56              		.loc 1 121 19
  57 0018 FB68     		ldr	r3, [r7, #12]
  58 001a 0022     		movs	r2, #0
  59 001c C3F8B822 		str	r2, [r3, #696]
 122:Middlewares/ST/STM32_USB_Device_Library/Core/Src/usbd_core.c ****   pdev->pUserData[0] = NULL;
  60              		.loc 1 122 22
  61 0020 FB68     		ldr	r3, [r7, #12]
  62 0022 0022     		movs	r2, #0
  63 0024 C3F8C422 		str	r2, [r3, #708]
 123:Middlewares/ST/STM32_USB_Device_Library/Core/Src/usbd_core.c **** #endif /* USE_USBD_COMPOSITE */
 124:Middlewares/ST/STM32_USB_Device_Library/Core/Src/usbd_core.c **** 
 125:Middlewares/ST/STM32_USB_Device_Library/Core/Src/usbd_core.c ****   pdev->pConfDesc = NULL;
  64              		.loc 1 125 19
  65 0028 FB68     		ldr	r3, [r7, #12]
  66 002a 0022     		movs	r2, #0
  67 002c C3F8D022 		str	r2, [r3, #720]
 126:Middlewares/ST/STM32_USB_Device_Library/Core/Src/usbd_core.c **** 
 127:Middlewares/ST/STM32_USB_Device_Library/Core/Src/usbd_core.c ****   /* Assign USBD Descriptors */
 128:Middlewares/ST/STM32_USB_Device_Library/Core/Src/usbd_core.c ****   if (pdesc != NULL)
  68              		.loc 1 128 6
  69 0030 BB68     		ldr	r3, [r7, #8]
  70 0032 002B     		cmp	r3, #0
  71 0034 03D0     		beq	.L4
 129:Middlewares/ST/STM32_USB_Device_Library/Core/Src/usbd_core.c ****   {
 130:Middlewares/ST/STM32_USB_Device_Library/Core/Src/usbd_core.c ****     pdev->pDesc = pdesc;
  72              		.loc 1 130 17
  73 0036 FB68     		ldr	r3, [r7, #12]
  74 0038 BA68     		ldr	r2, [r7, #8]
  75 003a C3F8B422 		str	r2, [r3, #692]
  76              	.L4:
 131:Middlewares/ST/STM32_USB_Device_Library/Core/Src/usbd_core.c ****   }
 132:Middlewares/ST/STM32_USB_Device_Library/Core/Src/usbd_core.c **** 
 133:Middlewares/ST/STM32_USB_Device_Library/Core/Src/usbd_core.c ****   /* Set Device initial State */
 134:Middlewares/ST/STM32_USB_Device_Library/Core/Src/usbd_core.c ****   pdev->dev_state = USBD_STATE_DEFAULT;
  77              		.loc 1 134 19
  78 003e FB68     		ldr	r3, [r7, #12]
  79 0040 0122     		movs	r2, #1
  80 0042 83F89C22 		strb	r2, [r3, #668]
 135:Middlewares/ST/STM32_USB_Device_Library/Core/Src/usbd_core.c ****   pdev->id = id;
  81              		.loc 1 135 12
  82 0046 FB68     		ldr	r3, [r7, #12]
  83 0048 FA79     		ldrb	r2, [r7, #7]
  84 004a 1A70     		strb	r2, [r3]
 136:Middlewares/ST/STM32_USB_Device_Library/Core/Src/usbd_core.c **** 
 137:Middlewares/ST/STM32_USB_Device_Library/Core/Src/usbd_core.c ****   /* Initialize low level driver */
 138:Middlewares/ST/STM32_USB_Device_Library/Core/Src/usbd_core.c ****   ret = USBD_LL_Init(pdev);
  85              		.loc 1 138 9
  86 004c F868     		ldr	r0, [r7, #12]
  87 004e FFF7FEFF 		bl	USBD_LL_Init
  88 0052 0346     		mov	r3, r0
  89 0054 FB75     		strb	r3, [r7, #23]
 139:Middlewares/ST/STM32_USB_Device_Library/Core/Src/usbd_core.c **** 
 140:Middlewares/ST/STM32_USB_Device_Library/Core/Src/usbd_core.c ****   return ret;
ARM GAS  C:\Users\DAELT-~1\AppData\Local\Temp\ccu4V9Sc.s 			page 5


  90              		.loc 1 140 10
  91 0056 FB7D     		ldrb	r3, [r7, #23]	@ zero_extendqisi2
  92              	.L3:
 141:Middlewares/ST/STM32_USB_Device_Library/Core/Src/usbd_core.c **** }
  93              		.loc 1 141 1
  94 0058 1846     		mov	r0, r3
  95 005a 1837     		adds	r7, r7, #24
  96              	.LCFI3:
  97              		.cfi_def_cfa_offset 8
  98 005c BD46     		mov	sp, r7
  99              	.LCFI4:
 100              		.cfi_def_cfa_register 13
 101              		@ sp needed
 102 005e 80BD     		pop	{r7, pc}
 103              		.cfi_endproc
 104              	.LFE224:
 106              		.section	.text.USBD_DeInit,"ax",%progbits
 107              		.align	1
 108              		.global	USBD_DeInit
 109              		.syntax unified
 110              		.thumb
 111              		.thumb_func
 113              	USBD_DeInit:
 114              	.LFB225:
 142:Middlewares/ST/STM32_USB_Device_Library/Core/Src/usbd_core.c **** 
 143:Middlewares/ST/STM32_USB_Device_Library/Core/Src/usbd_core.c **** /**
 144:Middlewares/ST/STM32_USB_Device_Library/Core/Src/usbd_core.c ****   * @brief  USBD_DeInit
 145:Middlewares/ST/STM32_USB_Device_Library/Core/Src/usbd_core.c ****   *         De-Initialize the device library
 146:Middlewares/ST/STM32_USB_Device_Library/Core/Src/usbd_core.c ****   * @param  pdev: device instance
 147:Middlewares/ST/STM32_USB_Device_Library/Core/Src/usbd_core.c ****   * @retval status: USBD Status
 148:Middlewares/ST/STM32_USB_Device_Library/Core/Src/usbd_core.c ****   */
 149:Middlewares/ST/STM32_USB_Device_Library/Core/Src/usbd_core.c **** USBD_StatusTypeDef USBD_DeInit(USBD_HandleTypeDef *pdev)
 150:Middlewares/ST/STM32_USB_Device_Library/Core/Src/usbd_core.c **** {
 115              		.loc 1 150 1
 116              		.cfi_startproc
 117              		@ args = 0, pretend = 0, frame = 16
 118              		@ frame_needed = 1, uses_anonymous_args = 0
 119 0000 80B5     		push	{r7, lr}
 120              	.LCFI5:
 121              		.cfi_def_cfa_offset 8
 122              		.cfi_offset 7, -8
 123              		.cfi_offset 14, -4
 124 0002 84B0     		sub	sp, sp, #16
 125              	.LCFI6:
 126              		.cfi_def_cfa_offset 24
 127 0004 00AF     		add	r7, sp, #0
 128              	.LCFI7:
 129              		.cfi_def_cfa_register 7
 130 0006 7860     		str	r0, [r7, #4]
 151:Middlewares/ST/STM32_USB_Device_Library/Core/Src/usbd_core.c ****   USBD_StatusTypeDef ret;
 152:Middlewares/ST/STM32_USB_Device_Library/Core/Src/usbd_core.c **** 
 153:Middlewares/ST/STM32_USB_Device_Library/Core/Src/usbd_core.c ****   /* Disconnect the USB Device */
 154:Middlewares/ST/STM32_USB_Device_Library/Core/Src/usbd_core.c ****   (void)USBD_LL_Stop(pdev);
 131              		.loc 1 154 9
 132 0008 7868     		ldr	r0, [r7, #4]
 133 000a FFF7FEFF 		bl	USBD_LL_Stop
 155:Middlewares/ST/STM32_USB_Device_Library/Core/Src/usbd_core.c **** 
ARM GAS  C:\Users\DAELT-~1\AppData\Local\Temp\ccu4V9Sc.s 			page 6


 156:Middlewares/ST/STM32_USB_Device_Library/Core/Src/usbd_core.c ****   /* Set Default State */
 157:Middlewares/ST/STM32_USB_Device_Library/Core/Src/usbd_core.c ****   pdev->dev_state = USBD_STATE_DEFAULT;
 134              		.loc 1 157 19
 135 000e 7B68     		ldr	r3, [r7, #4]
 136 0010 0122     		movs	r2, #1
 137 0012 83F89C22 		strb	r2, [r3, #668]
 158:Middlewares/ST/STM32_USB_Device_Library/Core/Src/usbd_core.c **** 
 159:Middlewares/ST/STM32_USB_Device_Library/Core/Src/usbd_core.c **** #ifdef USE_USBD_COMPOSITE
 160:Middlewares/ST/STM32_USB_Device_Library/Core/Src/usbd_core.c ****   /* Parse the table of classes in use */
 161:Middlewares/ST/STM32_USB_Device_Library/Core/Src/usbd_core.c ****   for (uint32_t i = 0; i < USBD_MAX_SUPPORTED_CLASS; i++)
 162:Middlewares/ST/STM32_USB_Device_Library/Core/Src/usbd_core.c ****   {
 163:Middlewares/ST/STM32_USB_Device_Library/Core/Src/usbd_core.c ****     /* Check if current class is in use */
 164:Middlewares/ST/STM32_USB_Device_Library/Core/Src/usbd_core.c ****     if ((pdev->tclasslist[i].Active) == 1U)
 165:Middlewares/ST/STM32_USB_Device_Library/Core/Src/usbd_core.c ****     {
 166:Middlewares/ST/STM32_USB_Device_Library/Core/Src/usbd_core.c ****       if (pdev->pClass[i] != NULL)
 167:Middlewares/ST/STM32_USB_Device_Library/Core/Src/usbd_core.c ****       {
 168:Middlewares/ST/STM32_USB_Device_Library/Core/Src/usbd_core.c ****         pdev->classId = i;
 169:Middlewares/ST/STM32_USB_Device_Library/Core/Src/usbd_core.c ****         /* Free Class Resources */
 170:Middlewares/ST/STM32_USB_Device_Library/Core/Src/usbd_core.c ****         pdev->pClass[i]->DeInit(pdev, (uint8_t)pdev->dev_config);
 171:Middlewares/ST/STM32_USB_Device_Library/Core/Src/usbd_core.c ****       }
 172:Middlewares/ST/STM32_USB_Device_Library/Core/Src/usbd_core.c ****     }
 173:Middlewares/ST/STM32_USB_Device_Library/Core/Src/usbd_core.c ****   }
 174:Middlewares/ST/STM32_USB_Device_Library/Core/Src/usbd_core.c **** #else
 175:Middlewares/ST/STM32_USB_Device_Library/Core/Src/usbd_core.c ****   /* Free Class Resources */
 176:Middlewares/ST/STM32_USB_Device_Library/Core/Src/usbd_core.c ****   if (pdev->pClass[0] != NULL)
 138              		.loc 1 176 19
 139 0016 7B68     		ldr	r3, [r7, #4]
 140 0018 D3F8B832 		ldr	r3, [r3, #696]
 141              		.loc 1 176 6
 142 001c 002B     		cmp	r3, #0
 143 001e 09D0     		beq	.L6
 177:Middlewares/ST/STM32_USB_Device_Library/Core/Src/usbd_core.c ****   {
 178:Middlewares/ST/STM32_USB_Device_Library/Core/Src/usbd_core.c ****     pdev->pClass[0]->DeInit(pdev, (uint8_t)pdev->dev_config);
 144              		.loc 1 178 17
 145 0020 7B68     		ldr	r3, [r7, #4]
 146 0022 D3F8B832 		ldr	r3, [r3, #696]
 147              		.loc 1 178 20
 148 0026 5B68     		ldr	r3, [r3, #4]
 149              		.loc 1 178 48
 150 0028 7A68     		ldr	r2, [r7, #4]
 151 002a 5268     		ldr	r2, [r2, #4]
 152              		.loc 1 178 5
 153 002c D2B2     		uxtb	r2, r2
 154 002e 1146     		mov	r1, r2
 155 0030 7868     		ldr	r0, [r7, #4]
 156 0032 9847     		blx	r3
 157              	.LVL0:
 158              	.L6:
 179:Middlewares/ST/STM32_USB_Device_Library/Core/Src/usbd_core.c ****   }
 180:Middlewares/ST/STM32_USB_Device_Library/Core/Src/usbd_core.c **** 
 181:Middlewares/ST/STM32_USB_Device_Library/Core/Src/usbd_core.c ****   pdev->pUserData[0] = NULL;
 159              		.loc 1 181 22
 160 0034 7B68     		ldr	r3, [r7, #4]
 161 0036 0022     		movs	r2, #0
 162 0038 C3F8C422 		str	r2, [r3, #708]
 182:Middlewares/ST/STM32_USB_Device_Library/Core/Src/usbd_core.c **** 
 183:Middlewares/ST/STM32_USB_Device_Library/Core/Src/usbd_core.c **** #endif /* USE_USBD_COMPOSITE */
ARM GAS  C:\Users\DAELT-~1\AppData\Local\Temp\ccu4V9Sc.s 			page 7


 184:Middlewares/ST/STM32_USB_Device_Library/Core/Src/usbd_core.c **** 
 185:Middlewares/ST/STM32_USB_Device_Library/Core/Src/usbd_core.c ****   /* Free Device descriptors resources */
 186:Middlewares/ST/STM32_USB_Device_Library/Core/Src/usbd_core.c ****   pdev->pDesc = NULL;
 163              		.loc 1 186 15
 164 003c 7B68     		ldr	r3, [r7, #4]
 165 003e 0022     		movs	r2, #0
 166 0040 C3F8B422 		str	r2, [r3, #692]
 187:Middlewares/ST/STM32_USB_Device_Library/Core/Src/usbd_core.c ****   pdev->pConfDesc = NULL;
 167              		.loc 1 187 19
 168 0044 7B68     		ldr	r3, [r7, #4]
 169 0046 0022     		movs	r2, #0
 170 0048 C3F8D022 		str	r2, [r3, #720]
 188:Middlewares/ST/STM32_USB_Device_Library/Core/Src/usbd_core.c **** 
 189:Middlewares/ST/STM32_USB_Device_Library/Core/Src/usbd_core.c ****   /* DeInitialize low level driver */
 190:Middlewares/ST/STM32_USB_Device_Library/Core/Src/usbd_core.c ****   ret = USBD_LL_DeInit(pdev);
 171              		.loc 1 190 9
 172 004c 7868     		ldr	r0, [r7, #4]
 173 004e FFF7FEFF 		bl	USBD_LL_DeInit
 174 0052 0346     		mov	r3, r0
 175 0054 FB73     		strb	r3, [r7, #15]
 191:Middlewares/ST/STM32_USB_Device_Library/Core/Src/usbd_core.c **** 
 192:Middlewares/ST/STM32_USB_Device_Library/Core/Src/usbd_core.c ****   return ret;
 176              		.loc 1 192 10
 177 0056 FB7B     		ldrb	r3, [r7, #15]	@ zero_extendqisi2
 193:Middlewares/ST/STM32_USB_Device_Library/Core/Src/usbd_core.c **** }
 178              		.loc 1 193 1
 179 0058 1846     		mov	r0, r3
 180 005a 1037     		adds	r7, r7, #16
 181              	.LCFI8:
 182              		.cfi_def_cfa_offset 8
 183 005c BD46     		mov	sp, r7
 184              	.LCFI9:
 185              		.cfi_def_cfa_register 13
 186              		@ sp needed
 187 005e 80BD     		pop	{r7, pc}
 188              		.cfi_endproc
 189              	.LFE225:
 191              		.section	.text.USBD_RegisterClass,"ax",%progbits
 192              		.align	1
 193              		.global	USBD_RegisterClass
 194              		.syntax unified
 195              		.thumb
 196              		.thumb_func
 198              	USBD_RegisterClass:
 199              	.LFB226:
 194:Middlewares/ST/STM32_USB_Device_Library/Core/Src/usbd_core.c **** 
 195:Middlewares/ST/STM32_USB_Device_Library/Core/Src/usbd_core.c **** /**
 196:Middlewares/ST/STM32_USB_Device_Library/Core/Src/usbd_core.c ****   * @brief  USBD_RegisterClass
 197:Middlewares/ST/STM32_USB_Device_Library/Core/Src/usbd_core.c ****   *         Link class driver to Device Core.
 198:Middlewares/ST/STM32_USB_Device_Library/Core/Src/usbd_core.c ****   * @param  pdev: Device Handle
 199:Middlewares/ST/STM32_USB_Device_Library/Core/Src/usbd_core.c ****   * @param  pclass: Class handle
 200:Middlewares/ST/STM32_USB_Device_Library/Core/Src/usbd_core.c ****   * @retval USBD Status
 201:Middlewares/ST/STM32_USB_Device_Library/Core/Src/usbd_core.c ****   */
 202:Middlewares/ST/STM32_USB_Device_Library/Core/Src/usbd_core.c **** USBD_StatusTypeDef USBD_RegisterClass(USBD_HandleTypeDef *pdev, USBD_ClassTypeDef *pclass)
 203:Middlewares/ST/STM32_USB_Device_Library/Core/Src/usbd_core.c **** {
 200              		.loc 1 203 1
 201              		.cfi_startproc
ARM GAS  C:\Users\DAELT-~1\AppData\Local\Temp\ccu4V9Sc.s 			page 8


 202              		@ args = 0, pretend = 0, frame = 16
 203              		@ frame_needed = 1, uses_anonymous_args = 0
 204 0000 80B5     		push	{r7, lr}
 205              	.LCFI10:
 206              		.cfi_def_cfa_offset 8
 207              		.cfi_offset 7, -8
 208              		.cfi_offset 14, -4
 209 0002 84B0     		sub	sp, sp, #16
 210              	.LCFI11:
 211              		.cfi_def_cfa_offset 24
 212 0004 00AF     		add	r7, sp, #0
 213              	.LCFI12:
 214              		.cfi_def_cfa_register 7
 215 0006 7860     		str	r0, [r7, #4]
 216 0008 3960     		str	r1, [r7]
 204:Middlewares/ST/STM32_USB_Device_Library/Core/Src/usbd_core.c ****   uint16_t len = 0U;
 217              		.loc 1 204 12
 218 000a 0023     		movs	r3, #0
 219 000c FB81     		strh	r3, [r7, #14]	@ movhi
 205:Middlewares/ST/STM32_USB_Device_Library/Core/Src/usbd_core.c **** 
 206:Middlewares/ST/STM32_USB_Device_Library/Core/Src/usbd_core.c ****   if (pclass == NULL)
 220              		.loc 1 206 6
 221 000e 3B68     		ldr	r3, [r7]
 222 0010 002B     		cmp	r3, #0
 223 0012 01D1     		bne	.L9
 207:Middlewares/ST/STM32_USB_Device_Library/Core/Src/usbd_core.c ****   {
 208:Middlewares/ST/STM32_USB_Device_Library/Core/Src/usbd_core.c **** #if (USBD_DEBUG_LEVEL > 1U)
 209:Middlewares/ST/STM32_USB_Device_Library/Core/Src/usbd_core.c ****     USBD_ErrLog("Invalid Class handle");
 210:Middlewares/ST/STM32_USB_Device_Library/Core/Src/usbd_core.c **** #endif /* (USBD_DEBUG_LEVEL > 1U) */
 211:Middlewares/ST/STM32_USB_Device_Library/Core/Src/usbd_core.c ****     return USBD_FAIL;
 224              		.loc 1 211 12
 225 0014 0323     		movs	r3, #3
 226 0016 25E0     		b	.L12
 227              	.L9:
 212:Middlewares/ST/STM32_USB_Device_Library/Core/Src/usbd_core.c ****   }
 213:Middlewares/ST/STM32_USB_Device_Library/Core/Src/usbd_core.c **** 
 214:Middlewares/ST/STM32_USB_Device_Library/Core/Src/usbd_core.c ****   /* link the class to the USB Device handle */
 215:Middlewares/ST/STM32_USB_Device_Library/Core/Src/usbd_core.c ****   pdev->pClass[0] = pclass;
 228              		.loc 1 215 19
 229 0018 7B68     		ldr	r3, [r7, #4]
 230 001a 3A68     		ldr	r2, [r7]
 231 001c C3F8B822 		str	r2, [r3, #696]
 216:Middlewares/ST/STM32_USB_Device_Library/Core/Src/usbd_core.c **** 
 217:Middlewares/ST/STM32_USB_Device_Library/Core/Src/usbd_core.c ****   /* Get Device Configuration Descriptor */
 218:Middlewares/ST/STM32_USB_Device_Library/Core/Src/usbd_core.c **** #ifdef USE_USB_HS
 219:Middlewares/ST/STM32_USB_Device_Library/Core/Src/usbd_core.c ****   if (pdev->pClass[pdev->classId]->GetHSConfigDescriptor != NULL)
 220:Middlewares/ST/STM32_USB_Device_Library/Core/Src/usbd_core.c ****   {
 221:Middlewares/ST/STM32_USB_Device_Library/Core/Src/usbd_core.c ****     pdev->pConfDesc = (void *)pdev->pClass[pdev->classId]->GetHSConfigDescriptor(&len);
 222:Middlewares/ST/STM32_USB_Device_Library/Core/Src/usbd_core.c ****   }
 223:Middlewares/ST/STM32_USB_Device_Library/Core/Src/usbd_core.c **** #else /* Default USE_USB_FS */
 224:Middlewares/ST/STM32_USB_Device_Library/Core/Src/usbd_core.c ****   if (pdev->pClass[pdev->classId]->GetFSConfigDescriptor != NULL)
 232              		.loc 1 224 24
 233 0020 7B68     		ldr	r3, [r7, #4]
 234 0022 D3F8D422 		ldr	r2, [r3, #724]
 235              		.loc 1 224 19
 236 0026 7B68     		ldr	r3, [r7, #4]
 237 0028 AE32     		adds	r2, r2, #174
ARM GAS  C:\Users\DAELT-~1\AppData\Local\Temp\ccu4V9Sc.s 			page 9


 238 002a 53F82230 		ldr	r3, [r3, r2, lsl #2]
 239              		.loc 1 224 34
 240 002e DB6A     		ldr	r3, [r3, #44]
 241              		.loc 1 224 6
 242 0030 002B     		cmp	r3, #0
 243 0032 0FD0     		beq	.L11
 225:Middlewares/ST/STM32_USB_Device_Library/Core/Src/usbd_core.c ****   {
 226:Middlewares/ST/STM32_USB_Device_Library/Core/Src/usbd_core.c ****     pdev->pConfDesc = (void *)pdev->pClass[pdev->classId]->GetFSConfigDescriptor(&len);
 244              		.loc 1 226 48
 245 0034 7B68     		ldr	r3, [r7, #4]
 246 0036 D3F8D422 		ldr	r2, [r3, #724]
 247              		.loc 1 226 43
 248 003a 7B68     		ldr	r3, [r7, #4]
 249 003c AE32     		adds	r2, r2, #174
 250 003e 53F82230 		ldr	r3, [r3, r2, lsl #2]
 251              		.loc 1 226 58
 252 0042 DB6A     		ldr	r3, [r3, #44]
 253              		.loc 1 226 31
 254 0044 07F10E02 		add	r2, r7, #14
 255 0048 1046     		mov	r0, r2
 256 004a 9847     		blx	r3
 257              	.LVL1:
 258 004c 0246     		mov	r2, r0
 259              		.loc 1 226 21 discriminator 1
 260 004e 7B68     		ldr	r3, [r7, #4]
 261 0050 C3F8D022 		str	r2, [r3, #720]
 262              	.L11:
 227:Middlewares/ST/STM32_USB_Device_Library/Core/Src/usbd_core.c ****   }
 228:Middlewares/ST/STM32_USB_Device_Library/Core/Src/usbd_core.c **** #endif /* USE_USB_FS */
 229:Middlewares/ST/STM32_USB_Device_Library/Core/Src/usbd_core.c **** 
 230:Middlewares/ST/STM32_USB_Device_Library/Core/Src/usbd_core.c ****   /* Increment the NumClasses */
 231:Middlewares/ST/STM32_USB_Device_Library/Core/Src/usbd_core.c ****   pdev->NumClasses++;
 263              		.loc 1 231 7
 264 0054 7B68     		ldr	r3, [r7, #4]
 265 0056 D3F8D832 		ldr	r3, [r3, #728]
 266              		.loc 1 231 19
 267 005a 5A1C     		adds	r2, r3, #1
 268 005c 7B68     		ldr	r3, [r7, #4]
 269 005e C3F8D822 		str	r2, [r3, #728]
 232:Middlewares/ST/STM32_USB_Device_Library/Core/Src/usbd_core.c **** 
 233:Middlewares/ST/STM32_USB_Device_Library/Core/Src/usbd_core.c ****   return USBD_OK;
 270              		.loc 1 233 10
 271 0062 0023     		movs	r3, #0
 272              	.L12:
 234:Middlewares/ST/STM32_USB_Device_Library/Core/Src/usbd_core.c **** }
 273              		.loc 1 234 1
 274 0064 1846     		mov	r0, r3
 275 0066 1037     		adds	r7, r7, #16
 276              	.LCFI13:
 277              		.cfi_def_cfa_offset 8
 278 0068 BD46     		mov	sp, r7
 279              	.LCFI14:
 280              		.cfi_def_cfa_register 13
 281              		@ sp needed
 282 006a 80BD     		pop	{r7, pc}
 283              		.cfi_endproc
 284              	.LFE226:
ARM GAS  C:\Users\DAELT-~1\AppData\Local\Temp\ccu4V9Sc.s 			page 10


 286              		.section	.text.USBD_Start,"ax",%progbits
 287              		.align	1
 288              		.global	USBD_Start
 289              		.syntax unified
 290              		.thumb
 291              		.thumb_func
 293              	USBD_Start:
 294              	.LFB227:
 235:Middlewares/ST/STM32_USB_Device_Library/Core/Src/usbd_core.c **** 
 236:Middlewares/ST/STM32_USB_Device_Library/Core/Src/usbd_core.c **** #ifdef USE_USBD_COMPOSITE
 237:Middlewares/ST/STM32_USB_Device_Library/Core/Src/usbd_core.c **** /**
 238:Middlewares/ST/STM32_USB_Device_Library/Core/Src/usbd_core.c ****   * @brief  USBD_RegisterClassComposite
 239:Middlewares/ST/STM32_USB_Device_Library/Core/Src/usbd_core.c ****   *         Link class driver to Device Core.
 240:Middlewares/ST/STM32_USB_Device_Library/Core/Src/usbd_core.c ****   * @param  pdev : Device Handle
 241:Middlewares/ST/STM32_USB_Device_Library/Core/Src/usbd_core.c ****   * @param  pclass: Class handle
 242:Middlewares/ST/STM32_USB_Device_Library/Core/Src/usbd_core.c ****   * @param  classtype: Class type
 243:Middlewares/ST/STM32_USB_Device_Library/Core/Src/usbd_core.c ****   * @param  EpAddr: Endpoint Address handle
 244:Middlewares/ST/STM32_USB_Device_Library/Core/Src/usbd_core.c ****   * @retval USBD Status
 245:Middlewares/ST/STM32_USB_Device_Library/Core/Src/usbd_core.c ****   */
 246:Middlewares/ST/STM32_USB_Device_Library/Core/Src/usbd_core.c **** USBD_StatusTypeDef USBD_RegisterClassComposite(USBD_HandleTypeDef *pdev, USBD_ClassTypeDef *pclass,
 247:Middlewares/ST/STM32_USB_Device_Library/Core/Src/usbd_core.c ****                                                USBD_CompositeClassTypeDef classtype, uint8_t *EpAdd
 248:Middlewares/ST/STM32_USB_Device_Library/Core/Src/usbd_core.c **** {
 249:Middlewares/ST/STM32_USB_Device_Library/Core/Src/usbd_core.c ****   USBD_StatusTypeDef ret = USBD_OK;
 250:Middlewares/ST/STM32_USB_Device_Library/Core/Src/usbd_core.c ****   uint16_t len = 0U;
 251:Middlewares/ST/STM32_USB_Device_Library/Core/Src/usbd_core.c **** 
 252:Middlewares/ST/STM32_USB_Device_Library/Core/Src/usbd_core.c ****   if ((pdev->classId < USBD_MAX_SUPPORTED_CLASS) && (pdev->NumClasses < USBD_MAX_SUPPORTED_CLASS))
 253:Middlewares/ST/STM32_USB_Device_Library/Core/Src/usbd_core.c ****   {
 254:Middlewares/ST/STM32_USB_Device_Library/Core/Src/usbd_core.c ****     if ((uint32_t)pclass != 0U)
 255:Middlewares/ST/STM32_USB_Device_Library/Core/Src/usbd_core.c ****     {
 256:Middlewares/ST/STM32_USB_Device_Library/Core/Src/usbd_core.c ****       /* Link the class to the USB Device handle */
 257:Middlewares/ST/STM32_USB_Device_Library/Core/Src/usbd_core.c ****       pdev->pClass[pdev->classId] = pclass;
 258:Middlewares/ST/STM32_USB_Device_Library/Core/Src/usbd_core.c ****       ret = USBD_OK;
 259:Middlewares/ST/STM32_USB_Device_Library/Core/Src/usbd_core.c **** 
 260:Middlewares/ST/STM32_USB_Device_Library/Core/Src/usbd_core.c ****       pdev->tclasslist[pdev->classId].EpAdd = EpAddr;
 261:Middlewares/ST/STM32_USB_Device_Library/Core/Src/usbd_core.c **** 
 262:Middlewares/ST/STM32_USB_Device_Library/Core/Src/usbd_core.c ****       /* Call the composite class builder */
 263:Middlewares/ST/STM32_USB_Device_Library/Core/Src/usbd_core.c ****       (void)USBD_CMPSIT_AddClass(pdev, pclass, classtype, 0);
 264:Middlewares/ST/STM32_USB_Device_Library/Core/Src/usbd_core.c **** 
 265:Middlewares/ST/STM32_USB_Device_Library/Core/Src/usbd_core.c ****       /* Increment the ClassId for the next occurrence */
 266:Middlewares/ST/STM32_USB_Device_Library/Core/Src/usbd_core.c ****       pdev->classId ++;
 267:Middlewares/ST/STM32_USB_Device_Library/Core/Src/usbd_core.c ****       pdev->NumClasses ++;
 268:Middlewares/ST/STM32_USB_Device_Library/Core/Src/usbd_core.c ****     }
 269:Middlewares/ST/STM32_USB_Device_Library/Core/Src/usbd_core.c ****     else
 270:Middlewares/ST/STM32_USB_Device_Library/Core/Src/usbd_core.c ****     {
 271:Middlewares/ST/STM32_USB_Device_Library/Core/Src/usbd_core.c **** #if (USBD_DEBUG_LEVEL > 1U)
 272:Middlewares/ST/STM32_USB_Device_Library/Core/Src/usbd_core.c ****       USBD_ErrLog("Invalid Class handle");
 273:Middlewares/ST/STM32_USB_Device_Library/Core/Src/usbd_core.c **** #endif /* (USBD_DEBUG_LEVEL > 1U) */
 274:Middlewares/ST/STM32_USB_Device_Library/Core/Src/usbd_core.c ****       ret = USBD_FAIL;
 275:Middlewares/ST/STM32_USB_Device_Library/Core/Src/usbd_core.c ****     }
 276:Middlewares/ST/STM32_USB_Device_Library/Core/Src/usbd_core.c ****   }
 277:Middlewares/ST/STM32_USB_Device_Library/Core/Src/usbd_core.c **** 
 278:Middlewares/ST/STM32_USB_Device_Library/Core/Src/usbd_core.c ****   if (ret == USBD_OK)
 279:Middlewares/ST/STM32_USB_Device_Library/Core/Src/usbd_core.c ****   {
 280:Middlewares/ST/STM32_USB_Device_Library/Core/Src/usbd_core.c ****     /* Get Device Configuration Descriptor */
 281:Middlewares/ST/STM32_USB_Device_Library/Core/Src/usbd_core.c **** #ifdef USE_USB_HS
 282:Middlewares/ST/STM32_USB_Device_Library/Core/Src/usbd_core.c ****     pdev->pConfDesc = USBD_CMPSIT.GetHSConfigDescriptor(&len);
 283:Middlewares/ST/STM32_USB_Device_Library/Core/Src/usbd_core.c **** #else /* Default USE_USB_FS */
ARM GAS  C:\Users\DAELT-~1\AppData\Local\Temp\ccu4V9Sc.s 			page 11


 284:Middlewares/ST/STM32_USB_Device_Library/Core/Src/usbd_core.c ****     pdev->pConfDesc = USBD_CMPSIT.GetFSConfigDescriptor(&len);
 285:Middlewares/ST/STM32_USB_Device_Library/Core/Src/usbd_core.c **** #endif /* USE_USB_FS */
 286:Middlewares/ST/STM32_USB_Device_Library/Core/Src/usbd_core.c ****   }
 287:Middlewares/ST/STM32_USB_Device_Library/Core/Src/usbd_core.c **** 
 288:Middlewares/ST/STM32_USB_Device_Library/Core/Src/usbd_core.c ****   return ret;
 289:Middlewares/ST/STM32_USB_Device_Library/Core/Src/usbd_core.c **** }
 290:Middlewares/ST/STM32_USB_Device_Library/Core/Src/usbd_core.c **** 
 291:Middlewares/ST/STM32_USB_Device_Library/Core/Src/usbd_core.c **** /**
 292:Middlewares/ST/STM32_USB_Device_Library/Core/Src/usbd_core.c ****   * @brief  USBD_UnRegisterClassComposite
 293:Middlewares/ST/STM32_USB_Device_Library/Core/Src/usbd_core.c ****   *         UnLink all composite class drivers from Device Core.
 294:Middlewares/ST/STM32_USB_Device_Library/Core/Src/usbd_core.c ****   * @param  pdev: Device Handle
 295:Middlewares/ST/STM32_USB_Device_Library/Core/Src/usbd_core.c ****   * @retval USBD Status
 296:Middlewares/ST/STM32_USB_Device_Library/Core/Src/usbd_core.c ****   */
 297:Middlewares/ST/STM32_USB_Device_Library/Core/Src/usbd_core.c **** USBD_StatusTypeDef  USBD_UnRegisterClassComposite(USBD_HandleTypeDef *pdev)
 298:Middlewares/ST/STM32_USB_Device_Library/Core/Src/usbd_core.c **** {
 299:Middlewares/ST/STM32_USB_Device_Library/Core/Src/usbd_core.c ****   USBD_StatusTypeDef   ret = USBD_OK;
 300:Middlewares/ST/STM32_USB_Device_Library/Core/Src/usbd_core.c ****   uint8_t idx1;
 301:Middlewares/ST/STM32_USB_Device_Library/Core/Src/usbd_core.c ****   uint8_t idx2;
 302:Middlewares/ST/STM32_USB_Device_Library/Core/Src/usbd_core.c **** 
 303:Middlewares/ST/STM32_USB_Device_Library/Core/Src/usbd_core.c ****   /* Unroll all activated classes */
 304:Middlewares/ST/STM32_USB_Device_Library/Core/Src/usbd_core.c ****   for (idx1 = 0; idx1 < pdev->NumClasses; idx1++)
 305:Middlewares/ST/STM32_USB_Device_Library/Core/Src/usbd_core.c ****   {
 306:Middlewares/ST/STM32_USB_Device_Library/Core/Src/usbd_core.c ****     /* Check if the class correspond to the requested type and if it is active */
 307:Middlewares/ST/STM32_USB_Device_Library/Core/Src/usbd_core.c ****     if (pdev->tclasslist[idx1].Active == 1U)
 308:Middlewares/ST/STM32_USB_Device_Library/Core/Src/usbd_core.c ****     {
 309:Middlewares/ST/STM32_USB_Device_Library/Core/Src/usbd_core.c ****       /* Set the new class ID */
 310:Middlewares/ST/STM32_USB_Device_Library/Core/Src/usbd_core.c ****       pdev->classId = idx1;
 311:Middlewares/ST/STM32_USB_Device_Library/Core/Src/usbd_core.c **** 
 312:Middlewares/ST/STM32_USB_Device_Library/Core/Src/usbd_core.c ****       /* Free resources used by the selected class */
 313:Middlewares/ST/STM32_USB_Device_Library/Core/Src/usbd_core.c ****       if (pdev->pClass[pdev->classId] != NULL)
 314:Middlewares/ST/STM32_USB_Device_Library/Core/Src/usbd_core.c ****       {
 315:Middlewares/ST/STM32_USB_Device_Library/Core/Src/usbd_core.c ****         /* Free Class Resources */
 316:Middlewares/ST/STM32_USB_Device_Library/Core/Src/usbd_core.c ****         if (pdev->pClass[pdev->classId]->DeInit(pdev, (uint8_t)pdev->dev_config) != 0U)
 317:Middlewares/ST/STM32_USB_Device_Library/Core/Src/usbd_core.c ****         {
 318:Middlewares/ST/STM32_USB_Device_Library/Core/Src/usbd_core.c **** #if (USBD_DEBUG_LEVEL > 1U)
 319:Middlewares/ST/STM32_USB_Device_Library/Core/Src/usbd_core.c ****           USBD_ErrLog("Class DeInit didn't succeed!, can't unregister selected class");
 320:Middlewares/ST/STM32_USB_Device_Library/Core/Src/usbd_core.c **** #endif /* (USBD_DEBUG_LEVEL > 1U) */
 321:Middlewares/ST/STM32_USB_Device_Library/Core/Src/usbd_core.c **** 
 322:Middlewares/ST/STM32_USB_Device_Library/Core/Src/usbd_core.c ****           ret = USBD_FAIL;
 323:Middlewares/ST/STM32_USB_Device_Library/Core/Src/usbd_core.c ****         }
 324:Middlewares/ST/STM32_USB_Device_Library/Core/Src/usbd_core.c ****       }
 325:Middlewares/ST/STM32_USB_Device_Library/Core/Src/usbd_core.c **** 
 326:Middlewares/ST/STM32_USB_Device_Library/Core/Src/usbd_core.c ****       /* Free the class pointer */
 327:Middlewares/ST/STM32_USB_Device_Library/Core/Src/usbd_core.c ****       pdev->pClass[pdev->classId] = NULL;
 328:Middlewares/ST/STM32_USB_Device_Library/Core/Src/usbd_core.c **** 
 329:Middlewares/ST/STM32_USB_Device_Library/Core/Src/usbd_core.c ****       /* Free the class location in classes table and reset its parameters to zero */
 330:Middlewares/ST/STM32_USB_Device_Library/Core/Src/usbd_core.c ****       pdev->tclasslist[pdev->classId].ClassType = CLASS_TYPE_NONE;
 331:Middlewares/ST/STM32_USB_Device_Library/Core/Src/usbd_core.c ****       pdev->tclasslist[pdev->classId].ClassId = 0U;
 332:Middlewares/ST/STM32_USB_Device_Library/Core/Src/usbd_core.c ****       pdev->tclasslist[pdev->classId].Active = 0U;
 333:Middlewares/ST/STM32_USB_Device_Library/Core/Src/usbd_core.c ****       pdev->tclasslist[pdev->classId].NumEps = 0U;
 334:Middlewares/ST/STM32_USB_Device_Library/Core/Src/usbd_core.c ****       pdev->tclasslist[pdev->classId].NumIf = 0U;
 335:Middlewares/ST/STM32_USB_Device_Library/Core/Src/usbd_core.c ****       pdev->tclasslist[pdev->classId].CurrPcktSze = 0U;
 336:Middlewares/ST/STM32_USB_Device_Library/Core/Src/usbd_core.c **** 
 337:Middlewares/ST/STM32_USB_Device_Library/Core/Src/usbd_core.c ****       for (idx2 = 0U; idx2 < USBD_MAX_CLASS_ENDPOINTS; idx2++)
 338:Middlewares/ST/STM32_USB_Device_Library/Core/Src/usbd_core.c ****       {
 339:Middlewares/ST/STM32_USB_Device_Library/Core/Src/usbd_core.c ****         pdev->tclasslist[pdev->classId].Eps[idx2].add = 0U;
 340:Middlewares/ST/STM32_USB_Device_Library/Core/Src/usbd_core.c ****         pdev->tclasslist[pdev->classId].Eps[idx2].type = 0U;
ARM GAS  C:\Users\DAELT-~1\AppData\Local\Temp\ccu4V9Sc.s 			page 12


 341:Middlewares/ST/STM32_USB_Device_Library/Core/Src/usbd_core.c ****         pdev->tclasslist[pdev->classId].Eps[idx2].size = 0U;
 342:Middlewares/ST/STM32_USB_Device_Library/Core/Src/usbd_core.c ****         pdev->tclasslist[pdev->classId].Eps[idx2].is_used = 0U;
 343:Middlewares/ST/STM32_USB_Device_Library/Core/Src/usbd_core.c ****       }
 344:Middlewares/ST/STM32_USB_Device_Library/Core/Src/usbd_core.c **** 
 345:Middlewares/ST/STM32_USB_Device_Library/Core/Src/usbd_core.c ****       for (idx2 = 0U; idx2 < USBD_MAX_CLASS_INTERFACES; idx2++)
 346:Middlewares/ST/STM32_USB_Device_Library/Core/Src/usbd_core.c ****       {
 347:Middlewares/ST/STM32_USB_Device_Library/Core/Src/usbd_core.c ****         pdev->tclasslist[pdev->classId].Ifs[idx2] = 0U;
 348:Middlewares/ST/STM32_USB_Device_Library/Core/Src/usbd_core.c ****       }
 349:Middlewares/ST/STM32_USB_Device_Library/Core/Src/usbd_core.c ****     }
 350:Middlewares/ST/STM32_USB_Device_Library/Core/Src/usbd_core.c ****   }
 351:Middlewares/ST/STM32_USB_Device_Library/Core/Src/usbd_core.c **** 
 352:Middlewares/ST/STM32_USB_Device_Library/Core/Src/usbd_core.c ****   /* Reset the configuration descriptor */
 353:Middlewares/ST/STM32_USB_Device_Library/Core/Src/usbd_core.c ****   (void)USBD_CMPST_ClearConfDesc(pdev);
 354:Middlewares/ST/STM32_USB_Device_Library/Core/Src/usbd_core.c **** 
 355:Middlewares/ST/STM32_USB_Device_Library/Core/Src/usbd_core.c ****   /* Reset the class ID and number of classes */
 356:Middlewares/ST/STM32_USB_Device_Library/Core/Src/usbd_core.c ****   pdev->classId = 0U;
 357:Middlewares/ST/STM32_USB_Device_Library/Core/Src/usbd_core.c ****   pdev->NumClasses = 0U;
 358:Middlewares/ST/STM32_USB_Device_Library/Core/Src/usbd_core.c **** 
 359:Middlewares/ST/STM32_USB_Device_Library/Core/Src/usbd_core.c ****   return ret;
 360:Middlewares/ST/STM32_USB_Device_Library/Core/Src/usbd_core.c **** }
 361:Middlewares/ST/STM32_USB_Device_Library/Core/Src/usbd_core.c **** #endif /* USE_USBD_COMPOSITE */
 362:Middlewares/ST/STM32_USB_Device_Library/Core/Src/usbd_core.c **** 
 363:Middlewares/ST/STM32_USB_Device_Library/Core/Src/usbd_core.c **** #if (USBD_USER_REGISTER_CALLBACK == 1U)
 364:Middlewares/ST/STM32_USB_Device_Library/Core/Src/usbd_core.c **** /**
 365:Middlewares/ST/STM32_USB_Device_Library/Core/Src/usbd_core.c ****   * @brief  USBD_RegisterDevStateCallback
 366:Middlewares/ST/STM32_USB_Device_Library/Core/Src/usbd_core.c ****   * @param  pdev : Device Handle
 367:Middlewares/ST/STM32_USB_Device_Library/Core/Src/usbd_core.c ****   * @param  pUserCallback: User Callback
 368:Middlewares/ST/STM32_USB_Device_Library/Core/Src/usbd_core.c ****   * @retval USBD Status
 369:Middlewares/ST/STM32_USB_Device_Library/Core/Src/usbd_core.c ****   */
 370:Middlewares/ST/STM32_USB_Device_Library/Core/Src/usbd_core.c **** USBD_StatusTypeDef USBD_RegisterDevStateCallback(USBD_HandleTypeDef *pdev, USBD_DevStateCallbackTyp
 371:Middlewares/ST/STM32_USB_Device_Library/Core/Src/usbd_core.c **** {
 372:Middlewares/ST/STM32_USB_Device_Library/Core/Src/usbd_core.c ****   pdev->DevStateCallback = pUserCallback;
 373:Middlewares/ST/STM32_USB_Device_Library/Core/Src/usbd_core.c **** 
 374:Middlewares/ST/STM32_USB_Device_Library/Core/Src/usbd_core.c ****   return USBD_OK;
 375:Middlewares/ST/STM32_USB_Device_Library/Core/Src/usbd_core.c **** }
 376:Middlewares/ST/STM32_USB_Device_Library/Core/Src/usbd_core.c **** #endif /* USBD_USER_REGISTER_CALLBACK */
 377:Middlewares/ST/STM32_USB_Device_Library/Core/Src/usbd_core.c **** 
 378:Middlewares/ST/STM32_USB_Device_Library/Core/Src/usbd_core.c **** /**
 379:Middlewares/ST/STM32_USB_Device_Library/Core/Src/usbd_core.c ****   * @brief  USBD_Start
 380:Middlewares/ST/STM32_USB_Device_Library/Core/Src/usbd_core.c ****   *         Start the USB Device Core.
 381:Middlewares/ST/STM32_USB_Device_Library/Core/Src/usbd_core.c ****   * @param  pdev: Device Handle
 382:Middlewares/ST/STM32_USB_Device_Library/Core/Src/usbd_core.c ****   * @retval USBD Status
 383:Middlewares/ST/STM32_USB_Device_Library/Core/Src/usbd_core.c ****   */
 384:Middlewares/ST/STM32_USB_Device_Library/Core/Src/usbd_core.c **** USBD_StatusTypeDef USBD_Start(USBD_HandleTypeDef *pdev)
 385:Middlewares/ST/STM32_USB_Device_Library/Core/Src/usbd_core.c **** {
 295              		.loc 1 385 1
 296              		.cfi_startproc
 297              		@ args = 0, pretend = 0, frame = 8
 298              		@ frame_needed = 1, uses_anonymous_args = 0
 299 0000 80B5     		push	{r7, lr}
 300              	.LCFI15:
 301              		.cfi_def_cfa_offset 8
 302              		.cfi_offset 7, -8
 303              		.cfi_offset 14, -4
 304 0002 82B0     		sub	sp, sp, #8
 305              	.LCFI16:
 306              		.cfi_def_cfa_offset 16
ARM GAS  C:\Users\DAELT-~1\AppData\Local\Temp\ccu4V9Sc.s 			page 13


 307 0004 00AF     		add	r7, sp, #0
 308              	.LCFI17:
 309              		.cfi_def_cfa_register 7
 310 0006 7860     		str	r0, [r7, #4]
 386:Middlewares/ST/STM32_USB_Device_Library/Core/Src/usbd_core.c **** #ifdef USE_USBD_COMPOSITE
 387:Middlewares/ST/STM32_USB_Device_Library/Core/Src/usbd_core.c ****   pdev->classId = 0U;
 388:Middlewares/ST/STM32_USB_Device_Library/Core/Src/usbd_core.c **** #endif /* USE_USBD_COMPOSITE */
 389:Middlewares/ST/STM32_USB_Device_Library/Core/Src/usbd_core.c **** 
 390:Middlewares/ST/STM32_USB_Device_Library/Core/Src/usbd_core.c ****   /* Start the low level driver  */
 391:Middlewares/ST/STM32_USB_Device_Library/Core/Src/usbd_core.c ****   return USBD_LL_Start(pdev);
 311              		.loc 1 391 10
 312 0008 7868     		ldr	r0, [r7, #4]
 313 000a FFF7FEFF 		bl	USBD_LL_Start
 314 000e 0346     		mov	r3, r0
 392:Middlewares/ST/STM32_USB_Device_Library/Core/Src/usbd_core.c **** }
 315              		.loc 1 392 1
 316 0010 1846     		mov	r0, r3
 317 0012 0837     		adds	r7, r7, #8
 318              	.LCFI18:
 319              		.cfi_def_cfa_offset 8
 320 0014 BD46     		mov	sp, r7
 321              	.LCFI19:
 322              		.cfi_def_cfa_register 13
 323              		@ sp needed
 324 0016 80BD     		pop	{r7, pc}
 325              		.cfi_endproc
 326              	.LFE227:
 328              		.section	.text.USBD_Stop,"ax",%progbits
 329              		.align	1
 330              		.global	USBD_Stop
 331              		.syntax unified
 332              		.thumb
 333              		.thumb_func
 335              	USBD_Stop:
 336              	.LFB228:
 393:Middlewares/ST/STM32_USB_Device_Library/Core/Src/usbd_core.c **** 
 394:Middlewares/ST/STM32_USB_Device_Library/Core/Src/usbd_core.c **** /**
 395:Middlewares/ST/STM32_USB_Device_Library/Core/Src/usbd_core.c ****   * @brief  USBD_Stop
 396:Middlewares/ST/STM32_USB_Device_Library/Core/Src/usbd_core.c ****   *         Stop the USB Device Core.
 397:Middlewares/ST/STM32_USB_Device_Library/Core/Src/usbd_core.c ****   * @param  pdev: Device Handle
 398:Middlewares/ST/STM32_USB_Device_Library/Core/Src/usbd_core.c ****   * @retval USBD Status
 399:Middlewares/ST/STM32_USB_Device_Library/Core/Src/usbd_core.c ****   */
 400:Middlewares/ST/STM32_USB_Device_Library/Core/Src/usbd_core.c **** USBD_StatusTypeDef USBD_Stop(USBD_HandleTypeDef *pdev)
 401:Middlewares/ST/STM32_USB_Device_Library/Core/Src/usbd_core.c **** {
 337              		.loc 1 401 1
 338              		.cfi_startproc
 339              		@ args = 0, pretend = 0, frame = 8
 340              		@ frame_needed = 1, uses_anonymous_args = 0
 341 0000 80B5     		push	{r7, lr}
 342              	.LCFI20:
 343              		.cfi_def_cfa_offset 8
 344              		.cfi_offset 7, -8
 345              		.cfi_offset 14, -4
 346 0002 82B0     		sub	sp, sp, #8
 347              	.LCFI21:
 348              		.cfi_def_cfa_offset 16
 349 0004 00AF     		add	r7, sp, #0
ARM GAS  C:\Users\DAELT-~1\AppData\Local\Temp\ccu4V9Sc.s 			page 14


 350              	.LCFI22:
 351              		.cfi_def_cfa_register 7
 352 0006 7860     		str	r0, [r7, #4]
 402:Middlewares/ST/STM32_USB_Device_Library/Core/Src/usbd_core.c ****   /* Disconnect USB Device */
 403:Middlewares/ST/STM32_USB_Device_Library/Core/Src/usbd_core.c ****   (void)USBD_LL_Stop(pdev);
 353              		.loc 1 403 9
 354 0008 7868     		ldr	r0, [r7, #4]
 355 000a FFF7FEFF 		bl	USBD_LL_Stop
 404:Middlewares/ST/STM32_USB_Device_Library/Core/Src/usbd_core.c **** 
 405:Middlewares/ST/STM32_USB_Device_Library/Core/Src/usbd_core.c ****   /* Free Class Resources */
 406:Middlewares/ST/STM32_USB_Device_Library/Core/Src/usbd_core.c **** #ifdef USE_USBD_COMPOSITE
 407:Middlewares/ST/STM32_USB_Device_Library/Core/Src/usbd_core.c ****   /* Parse the table of classes in use */
 408:Middlewares/ST/STM32_USB_Device_Library/Core/Src/usbd_core.c ****   for (uint32_t i = 0U; i < USBD_MAX_SUPPORTED_CLASS; i++)
 409:Middlewares/ST/STM32_USB_Device_Library/Core/Src/usbd_core.c ****   {
 410:Middlewares/ST/STM32_USB_Device_Library/Core/Src/usbd_core.c ****     /* Check if current class is in use */
 411:Middlewares/ST/STM32_USB_Device_Library/Core/Src/usbd_core.c ****     if ((pdev->tclasslist[i].Active) == 1U)
 412:Middlewares/ST/STM32_USB_Device_Library/Core/Src/usbd_core.c ****     {
 413:Middlewares/ST/STM32_USB_Device_Library/Core/Src/usbd_core.c ****       if (pdev->pClass[i] != NULL)
 414:Middlewares/ST/STM32_USB_Device_Library/Core/Src/usbd_core.c ****       {
 415:Middlewares/ST/STM32_USB_Device_Library/Core/Src/usbd_core.c ****         pdev->classId = i;
 416:Middlewares/ST/STM32_USB_Device_Library/Core/Src/usbd_core.c ****         /* Free Class Resources */
 417:Middlewares/ST/STM32_USB_Device_Library/Core/Src/usbd_core.c ****         (void)pdev->pClass[i]->DeInit(pdev, (uint8_t)pdev->dev_config);
 418:Middlewares/ST/STM32_USB_Device_Library/Core/Src/usbd_core.c ****       }
 419:Middlewares/ST/STM32_USB_Device_Library/Core/Src/usbd_core.c ****     }
 420:Middlewares/ST/STM32_USB_Device_Library/Core/Src/usbd_core.c ****   }
 421:Middlewares/ST/STM32_USB_Device_Library/Core/Src/usbd_core.c **** 
 422:Middlewares/ST/STM32_USB_Device_Library/Core/Src/usbd_core.c ****   /* Reset the class ID */
 423:Middlewares/ST/STM32_USB_Device_Library/Core/Src/usbd_core.c ****   pdev->classId = 0U;
 424:Middlewares/ST/STM32_USB_Device_Library/Core/Src/usbd_core.c **** #else
 425:Middlewares/ST/STM32_USB_Device_Library/Core/Src/usbd_core.c ****   if (pdev->pClass[0] != NULL)
 356              		.loc 1 425 19
 357 000e 7B68     		ldr	r3, [r7, #4]
 358 0010 D3F8B832 		ldr	r3, [r3, #696]
 359              		.loc 1 425 6
 360 0014 002B     		cmp	r3, #0
 361 0016 09D0     		beq	.L16
 426:Middlewares/ST/STM32_USB_Device_Library/Core/Src/usbd_core.c ****   {
 427:Middlewares/ST/STM32_USB_Device_Library/Core/Src/usbd_core.c ****     (void)pdev->pClass[0]->DeInit(pdev, (uint8_t)pdev->dev_config);
 362              		.loc 1 427 23
 363 0018 7B68     		ldr	r3, [r7, #4]
 364 001a D3F8B832 		ldr	r3, [r3, #696]
 365              		.loc 1 427 26
 366 001e 5B68     		ldr	r3, [r3, #4]
 367              		.loc 1 427 54
 368 0020 7A68     		ldr	r2, [r7, #4]
 369 0022 5268     		ldr	r2, [r2, #4]
 370              		.loc 1 427 11
 371 0024 D2B2     		uxtb	r2, r2
 372 0026 1146     		mov	r1, r2
 373 0028 7868     		ldr	r0, [r7, #4]
 374 002a 9847     		blx	r3
 375              	.LVL2:
 376              	.L16:
 428:Middlewares/ST/STM32_USB_Device_Library/Core/Src/usbd_core.c ****   }
 429:Middlewares/ST/STM32_USB_Device_Library/Core/Src/usbd_core.c **** #endif /* USE_USBD_COMPOSITE */
 430:Middlewares/ST/STM32_USB_Device_Library/Core/Src/usbd_core.c **** 
 431:Middlewares/ST/STM32_USB_Device_Library/Core/Src/usbd_core.c ****   return USBD_OK;
ARM GAS  C:\Users\DAELT-~1\AppData\Local\Temp\ccu4V9Sc.s 			page 15


 377              		.loc 1 431 10
 378 002c 0023     		movs	r3, #0
 432:Middlewares/ST/STM32_USB_Device_Library/Core/Src/usbd_core.c **** }
 379              		.loc 1 432 1
 380 002e 1846     		mov	r0, r3
 381 0030 0837     		adds	r7, r7, #8
 382              	.LCFI23:
 383              		.cfi_def_cfa_offset 8
 384 0032 BD46     		mov	sp, r7
 385              	.LCFI24:
 386              		.cfi_def_cfa_register 13
 387              		@ sp needed
 388 0034 80BD     		pop	{r7, pc}
 389              		.cfi_endproc
 390              	.LFE228:
 392              		.section	.text.USBD_RunTestMode,"ax",%progbits
 393              		.align	1
 394              		.global	USBD_RunTestMode
 395              		.syntax unified
 396              		.thumb
 397              		.thumb_func
 399              	USBD_RunTestMode:
 400              	.LFB229:
 433:Middlewares/ST/STM32_USB_Device_Library/Core/Src/usbd_core.c **** 
 434:Middlewares/ST/STM32_USB_Device_Library/Core/Src/usbd_core.c **** /**
 435:Middlewares/ST/STM32_USB_Device_Library/Core/Src/usbd_core.c ****   * @brief  USBD_RunTestMode
 436:Middlewares/ST/STM32_USB_Device_Library/Core/Src/usbd_core.c ****   *         Launch test mode process
 437:Middlewares/ST/STM32_USB_Device_Library/Core/Src/usbd_core.c ****   * @param  pdev: device instance
 438:Middlewares/ST/STM32_USB_Device_Library/Core/Src/usbd_core.c ****   * @retval status
 439:Middlewares/ST/STM32_USB_Device_Library/Core/Src/usbd_core.c ****   */
 440:Middlewares/ST/STM32_USB_Device_Library/Core/Src/usbd_core.c **** USBD_StatusTypeDef USBD_RunTestMode(USBD_HandleTypeDef *pdev)
 441:Middlewares/ST/STM32_USB_Device_Library/Core/Src/usbd_core.c **** {
 401              		.loc 1 441 1
 402              		.cfi_startproc
 403              		@ args = 0, pretend = 0, frame = 8
 404              		@ frame_needed = 1, uses_anonymous_args = 0
 405              		@ link register save eliminated.
 406 0000 80B4     		push	{r7}
 407              	.LCFI25:
 408              		.cfi_def_cfa_offset 4
 409              		.cfi_offset 7, -4
 410 0002 83B0     		sub	sp, sp, #12
 411              	.LCFI26:
 412              		.cfi_def_cfa_offset 16
 413 0004 00AF     		add	r7, sp, #0
 414              	.LCFI27:
 415              		.cfi_def_cfa_register 7
 416 0006 7860     		str	r0, [r7, #4]
 442:Middlewares/ST/STM32_USB_Device_Library/Core/Src/usbd_core.c **** #ifdef USBD_HS_TESTMODE_ENABLE
 443:Middlewares/ST/STM32_USB_Device_Library/Core/Src/usbd_core.c ****   USBD_StatusTypeDef ret;
 444:Middlewares/ST/STM32_USB_Device_Library/Core/Src/usbd_core.c **** 
 445:Middlewares/ST/STM32_USB_Device_Library/Core/Src/usbd_core.c ****   /* Run USB HS test mode */
 446:Middlewares/ST/STM32_USB_Device_Library/Core/Src/usbd_core.c ****   ret = USBD_LL_SetTestMode(pdev, pdev->dev_test_mode);
 447:Middlewares/ST/STM32_USB_Device_Library/Core/Src/usbd_core.c **** 
 448:Middlewares/ST/STM32_USB_Device_Library/Core/Src/usbd_core.c ****   return ret;
 449:Middlewares/ST/STM32_USB_Device_Library/Core/Src/usbd_core.c **** #else
 450:Middlewares/ST/STM32_USB_Device_Library/Core/Src/usbd_core.c ****   /* Prevent unused argument compilation warning */
ARM GAS  C:\Users\DAELT-~1\AppData\Local\Temp\ccu4V9Sc.s 			page 16


 451:Middlewares/ST/STM32_USB_Device_Library/Core/Src/usbd_core.c ****   UNUSED(pdev);
 452:Middlewares/ST/STM32_USB_Device_Library/Core/Src/usbd_core.c **** 
 453:Middlewares/ST/STM32_USB_Device_Library/Core/Src/usbd_core.c ****   return USBD_OK;
 417              		.loc 1 453 10
 418 0008 0023     		movs	r3, #0
 454:Middlewares/ST/STM32_USB_Device_Library/Core/Src/usbd_core.c **** #endif /* USBD_HS_TESTMODE_ENABLE */
 455:Middlewares/ST/STM32_USB_Device_Library/Core/Src/usbd_core.c **** }
 419              		.loc 1 455 1
 420 000a 1846     		mov	r0, r3
 421 000c 0C37     		adds	r7, r7, #12
 422              	.LCFI28:
 423              		.cfi_def_cfa_offset 4
 424 000e BD46     		mov	sp, r7
 425              	.LCFI29:
 426              		.cfi_def_cfa_register 13
 427              		@ sp needed
 428 0010 5DF8047B 		ldr	r7, [sp], #4
 429              	.LCFI30:
 430              		.cfi_restore 7
 431              		.cfi_def_cfa_offset 0
 432 0014 7047     		bx	lr
 433              		.cfi_endproc
 434              	.LFE229:
 436              		.section	.text.USBD_SetClassConfig,"ax",%progbits
 437              		.align	1
 438              		.global	USBD_SetClassConfig
 439              		.syntax unified
 440              		.thumb
 441              		.thumb_func
 443              	USBD_SetClassConfig:
 444              	.LFB230:
 456:Middlewares/ST/STM32_USB_Device_Library/Core/Src/usbd_core.c **** 
 457:Middlewares/ST/STM32_USB_Device_Library/Core/Src/usbd_core.c **** /**
 458:Middlewares/ST/STM32_USB_Device_Library/Core/Src/usbd_core.c ****   * @brief  USBD_SetClassConfig
 459:Middlewares/ST/STM32_USB_Device_Library/Core/Src/usbd_core.c ****   *        Configure device and start the interface
 460:Middlewares/ST/STM32_USB_Device_Library/Core/Src/usbd_core.c ****   * @param  pdev: device instance
 461:Middlewares/ST/STM32_USB_Device_Library/Core/Src/usbd_core.c ****   * @param  cfgidx: configuration index
 462:Middlewares/ST/STM32_USB_Device_Library/Core/Src/usbd_core.c ****   * @retval status
 463:Middlewares/ST/STM32_USB_Device_Library/Core/Src/usbd_core.c ****   */
 464:Middlewares/ST/STM32_USB_Device_Library/Core/Src/usbd_core.c **** 
 465:Middlewares/ST/STM32_USB_Device_Library/Core/Src/usbd_core.c **** USBD_StatusTypeDef USBD_SetClassConfig(USBD_HandleTypeDef *pdev, uint8_t cfgidx)
 466:Middlewares/ST/STM32_USB_Device_Library/Core/Src/usbd_core.c **** {
 445              		.loc 1 466 1
 446              		.cfi_startproc
 447              		@ args = 0, pretend = 0, frame = 16
 448              		@ frame_needed = 1, uses_anonymous_args = 0
 449 0000 80B5     		push	{r7, lr}
 450              	.LCFI31:
 451              		.cfi_def_cfa_offset 8
 452              		.cfi_offset 7, -8
 453              		.cfi_offset 14, -4
 454 0002 84B0     		sub	sp, sp, #16
 455              	.LCFI32:
 456              		.cfi_def_cfa_offset 24
 457 0004 00AF     		add	r7, sp, #0
 458              	.LCFI33:
 459              		.cfi_def_cfa_register 7
ARM GAS  C:\Users\DAELT-~1\AppData\Local\Temp\ccu4V9Sc.s 			page 17


 460 0006 7860     		str	r0, [r7, #4]
 461 0008 0B46     		mov	r3, r1
 462 000a FB70     		strb	r3, [r7, #3]
 467:Middlewares/ST/STM32_USB_Device_Library/Core/Src/usbd_core.c ****   USBD_StatusTypeDef ret = USBD_OK;
 463              		.loc 1 467 22
 464 000c 0023     		movs	r3, #0
 465 000e FB73     		strb	r3, [r7, #15]
 468:Middlewares/ST/STM32_USB_Device_Library/Core/Src/usbd_core.c **** 
 469:Middlewares/ST/STM32_USB_Device_Library/Core/Src/usbd_core.c **** #ifdef USE_USBD_COMPOSITE
 470:Middlewares/ST/STM32_USB_Device_Library/Core/Src/usbd_core.c ****   /* Parse the table of classes in use */
 471:Middlewares/ST/STM32_USB_Device_Library/Core/Src/usbd_core.c ****   for (uint32_t i = 0U; i < USBD_MAX_SUPPORTED_CLASS; i++)
 472:Middlewares/ST/STM32_USB_Device_Library/Core/Src/usbd_core.c ****   {
 473:Middlewares/ST/STM32_USB_Device_Library/Core/Src/usbd_core.c ****     /* Check if current class is in use */
 474:Middlewares/ST/STM32_USB_Device_Library/Core/Src/usbd_core.c ****     if ((pdev->tclasslist[i].Active) == 1U)
 475:Middlewares/ST/STM32_USB_Device_Library/Core/Src/usbd_core.c ****     {
 476:Middlewares/ST/STM32_USB_Device_Library/Core/Src/usbd_core.c ****       if (pdev->pClass[i] != NULL)
 477:Middlewares/ST/STM32_USB_Device_Library/Core/Src/usbd_core.c ****       {
 478:Middlewares/ST/STM32_USB_Device_Library/Core/Src/usbd_core.c ****         pdev->classId = i;
 479:Middlewares/ST/STM32_USB_Device_Library/Core/Src/usbd_core.c ****         /* Set configuration  and Start the Class*/
 480:Middlewares/ST/STM32_USB_Device_Library/Core/Src/usbd_core.c ****         if (pdev->pClass[i]->Init(pdev, cfgidx) != 0U)
 481:Middlewares/ST/STM32_USB_Device_Library/Core/Src/usbd_core.c ****         {
 482:Middlewares/ST/STM32_USB_Device_Library/Core/Src/usbd_core.c ****           ret = USBD_FAIL;
 483:Middlewares/ST/STM32_USB_Device_Library/Core/Src/usbd_core.c ****         }
 484:Middlewares/ST/STM32_USB_Device_Library/Core/Src/usbd_core.c ****       }
 485:Middlewares/ST/STM32_USB_Device_Library/Core/Src/usbd_core.c ****     }
 486:Middlewares/ST/STM32_USB_Device_Library/Core/Src/usbd_core.c ****   }
 487:Middlewares/ST/STM32_USB_Device_Library/Core/Src/usbd_core.c **** #else
 488:Middlewares/ST/STM32_USB_Device_Library/Core/Src/usbd_core.c ****   if (pdev->pClass[0] != NULL)
 466              		.loc 1 488 19
 467 0010 7B68     		ldr	r3, [r7, #4]
 468 0012 D3F8B832 		ldr	r3, [r3, #696]
 469              		.loc 1 488 6
 470 0016 002B     		cmp	r3, #0
 471 0018 09D0     		beq	.L21
 489:Middlewares/ST/STM32_USB_Device_Library/Core/Src/usbd_core.c ****   {
 490:Middlewares/ST/STM32_USB_Device_Library/Core/Src/usbd_core.c ****     /* Set configuration and Start the Class */
 491:Middlewares/ST/STM32_USB_Device_Library/Core/Src/usbd_core.c ****     ret = (USBD_StatusTypeDef)pdev->pClass[0]->Init(pdev, cfgidx);
 472              		.loc 1 491 43
 473 001a 7B68     		ldr	r3, [r7, #4]
 474 001c D3F8B832 		ldr	r3, [r3, #696]
 475              		.loc 1 491 46
 476 0020 1B68     		ldr	r3, [r3]
 477              		.loc 1 491 31
 478 0022 FA78     		ldrb	r2, [r7, #3]	@ zero_extendqisi2
 479 0024 1146     		mov	r1, r2
 480 0026 7868     		ldr	r0, [r7, #4]
 481 0028 9847     		blx	r3
 482              	.LVL3:
 483 002a 0346     		mov	r3, r0
 484 002c FB73     		strb	r3, [r7, #15]
 485              	.L21:
 492:Middlewares/ST/STM32_USB_Device_Library/Core/Src/usbd_core.c ****   }
 493:Middlewares/ST/STM32_USB_Device_Library/Core/Src/usbd_core.c **** #endif /* USE_USBD_COMPOSITE */
 494:Middlewares/ST/STM32_USB_Device_Library/Core/Src/usbd_core.c **** 
 495:Middlewares/ST/STM32_USB_Device_Library/Core/Src/usbd_core.c ****   return ret;
 486              		.loc 1 495 10
 487 002e FB7B     		ldrb	r3, [r7, #15]	@ zero_extendqisi2
ARM GAS  C:\Users\DAELT-~1\AppData\Local\Temp\ccu4V9Sc.s 			page 18


 496:Middlewares/ST/STM32_USB_Device_Library/Core/Src/usbd_core.c **** }
 488              		.loc 1 496 1
 489 0030 1846     		mov	r0, r3
 490 0032 1037     		adds	r7, r7, #16
 491              	.LCFI34:
 492              		.cfi_def_cfa_offset 8
 493 0034 BD46     		mov	sp, r7
 494              	.LCFI35:
 495              		.cfi_def_cfa_register 13
 496              		@ sp needed
 497 0036 80BD     		pop	{r7, pc}
 498              		.cfi_endproc
 499              	.LFE230:
 501              		.section	.text.USBD_ClrClassConfig,"ax",%progbits
 502              		.align	1
 503              		.global	USBD_ClrClassConfig
 504              		.syntax unified
 505              		.thumb
 506              		.thumb_func
 508              	USBD_ClrClassConfig:
 509              	.LFB231:
 497:Middlewares/ST/STM32_USB_Device_Library/Core/Src/usbd_core.c **** 
 498:Middlewares/ST/STM32_USB_Device_Library/Core/Src/usbd_core.c **** /**
 499:Middlewares/ST/STM32_USB_Device_Library/Core/Src/usbd_core.c ****   * @brief  USBD_ClrClassConfig
 500:Middlewares/ST/STM32_USB_Device_Library/Core/Src/usbd_core.c ****   *         Clear current configuration
 501:Middlewares/ST/STM32_USB_Device_Library/Core/Src/usbd_core.c ****   * @param  pdev: device instance
 502:Middlewares/ST/STM32_USB_Device_Library/Core/Src/usbd_core.c ****   * @param  cfgidx: configuration index
 503:Middlewares/ST/STM32_USB_Device_Library/Core/Src/usbd_core.c ****   * @retval status
 504:Middlewares/ST/STM32_USB_Device_Library/Core/Src/usbd_core.c ****   */
 505:Middlewares/ST/STM32_USB_Device_Library/Core/Src/usbd_core.c **** USBD_StatusTypeDef USBD_ClrClassConfig(USBD_HandleTypeDef *pdev, uint8_t cfgidx)
 506:Middlewares/ST/STM32_USB_Device_Library/Core/Src/usbd_core.c **** {
 510              		.loc 1 506 1
 511              		.cfi_startproc
 512              		@ args = 0, pretend = 0, frame = 16
 513              		@ frame_needed = 1, uses_anonymous_args = 0
 514 0000 80B5     		push	{r7, lr}
 515              	.LCFI36:
 516              		.cfi_def_cfa_offset 8
 517              		.cfi_offset 7, -8
 518              		.cfi_offset 14, -4
 519 0002 84B0     		sub	sp, sp, #16
 520              	.LCFI37:
 521              		.cfi_def_cfa_offset 24
 522 0004 00AF     		add	r7, sp, #0
 523              	.LCFI38:
 524              		.cfi_def_cfa_register 7
 525 0006 7860     		str	r0, [r7, #4]
 526 0008 0B46     		mov	r3, r1
 527 000a FB70     		strb	r3, [r7, #3]
 507:Middlewares/ST/STM32_USB_Device_Library/Core/Src/usbd_core.c ****   USBD_StatusTypeDef ret = USBD_OK;
 528              		.loc 1 507 22
 529 000c 0023     		movs	r3, #0
 530 000e FB73     		strb	r3, [r7, #15]
 508:Middlewares/ST/STM32_USB_Device_Library/Core/Src/usbd_core.c **** 
 509:Middlewares/ST/STM32_USB_Device_Library/Core/Src/usbd_core.c **** #ifdef USE_USBD_COMPOSITE
 510:Middlewares/ST/STM32_USB_Device_Library/Core/Src/usbd_core.c ****   /* Parse the table of classes in use */
 511:Middlewares/ST/STM32_USB_Device_Library/Core/Src/usbd_core.c ****   for (uint32_t i = 0U; i < USBD_MAX_SUPPORTED_CLASS; i++)
ARM GAS  C:\Users\DAELT-~1\AppData\Local\Temp\ccu4V9Sc.s 			page 19


 512:Middlewares/ST/STM32_USB_Device_Library/Core/Src/usbd_core.c ****   {
 513:Middlewares/ST/STM32_USB_Device_Library/Core/Src/usbd_core.c ****     /* Check if current class is in use */
 514:Middlewares/ST/STM32_USB_Device_Library/Core/Src/usbd_core.c ****     if ((pdev->tclasslist[i].Active) == 1U)
 515:Middlewares/ST/STM32_USB_Device_Library/Core/Src/usbd_core.c ****     {
 516:Middlewares/ST/STM32_USB_Device_Library/Core/Src/usbd_core.c ****       if (pdev->pClass[i] != NULL)
 517:Middlewares/ST/STM32_USB_Device_Library/Core/Src/usbd_core.c ****       {
 518:Middlewares/ST/STM32_USB_Device_Library/Core/Src/usbd_core.c ****         pdev->classId = i;
 519:Middlewares/ST/STM32_USB_Device_Library/Core/Src/usbd_core.c ****         /* Clear configuration  and De-initialize the Class process */
 520:Middlewares/ST/STM32_USB_Device_Library/Core/Src/usbd_core.c ****         if (pdev->pClass[i]->DeInit(pdev, cfgidx) != 0U)
 521:Middlewares/ST/STM32_USB_Device_Library/Core/Src/usbd_core.c ****         {
 522:Middlewares/ST/STM32_USB_Device_Library/Core/Src/usbd_core.c ****           ret = USBD_FAIL;
 523:Middlewares/ST/STM32_USB_Device_Library/Core/Src/usbd_core.c ****         }
 524:Middlewares/ST/STM32_USB_Device_Library/Core/Src/usbd_core.c ****       }
 525:Middlewares/ST/STM32_USB_Device_Library/Core/Src/usbd_core.c ****     }
 526:Middlewares/ST/STM32_USB_Device_Library/Core/Src/usbd_core.c ****   }
 527:Middlewares/ST/STM32_USB_Device_Library/Core/Src/usbd_core.c **** #else
 528:Middlewares/ST/STM32_USB_Device_Library/Core/Src/usbd_core.c ****   /* Clear configuration  and De-initialize the Class process */
 529:Middlewares/ST/STM32_USB_Device_Library/Core/Src/usbd_core.c ****   if (pdev->pClass[0]->DeInit(pdev, cfgidx) != 0U)
 531              		.loc 1 529 19
 532 0010 7B68     		ldr	r3, [r7, #4]
 533 0012 D3F8B832 		ldr	r3, [r3, #696]
 534              		.loc 1 529 22
 535 0016 5B68     		ldr	r3, [r3, #4]
 536              		.loc 1 529 7
 537 0018 FA78     		ldrb	r2, [r7, #3]	@ zero_extendqisi2
 538 001a 1146     		mov	r1, r2
 539 001c 7868     		ldr	r0, [r7, #4]
 540 001e 9847     		blx	r3
 541              	.LVL4:
 542 0020 0346     		mov	r3, r0
 543              		.loc 1 529 6 discriminator 1
 544 0022 002B     		cmp	r3, #0
 545 0024 01D0     		beq	.L24
 530:Middlewares/ST/STM32_USB_Device_Library/Core/Src/usbd_core.c ****   {
 531:Middlewares/ST/STM32_USB_Device_Library/Core/Src/usbd_core.c ****     ret = USBD_FAIL;
 546              		.loc 1 531 9
 547 0026 0323     		movs	r3, #3
 548 0028 FB73     		strb	r3, [r7, #15]
 549              	.L24:
 532:Middlewares/ST/STM32_USB_Device_Library/Core/Src/usbd_core.c ****   }
 533:Middlewares/ST/STM32_USB_Device_Library/Core/Src/usbd_core.c **** #endif /* USE_USBD_COMPOSITE */
 534:Middlewares/ST/STM32_USB_Device_Library/Core/Src/usbd_core.c **** 
 535:Middlewares/ST/STM32_USB_Device_Library/Core/Src/usbd_core.c ****   return ret;
 550              		.loc 1 535 10
 551 002a FB7B     		ldrb	r3, [r7, #15]	@ zero_extendqisi2
 536:Middlewares/ST/STM32_USB_Device_Library/Core/Src/usbd_core.c **** }
 552              		.loc 1 536 1
 553 002c 1846     		mov	r0, r3
 554 002e 1037     		adds	r7, r7, #16
 555              	.LCFI39:
 556              		.cfi_def_cfa_offset 8
 557 0030 BD46     		mov	sp, r7
 558              	.LCFI40:
 559              		.cfi_def_cfa_register 13
 560              		@ sp needed
 561 0032 80BD     		pop	{r7, pc}
 562              		.cfi_endproc
ARM GAS  C:\Users\DAELT-~1\AppData\Local\Temp\ccu4V9Sc.s 			page 20


 563              	.LFE231:
 565              		.section	.text.USBD_LL_SetupStage,"ax",%progbits
 566              		.align	1
 567              		.global	USBD_LL_SetupStage
 568              		.syntax unified
 569              		.thumb
 570              		.thumb_func
 572              	USBD_LL_SetupStage:
 573              	.LFB232:
 537:Middlewares/ST/STM32_USB_Device_Library/Core/Src/usbd_core.c **** 
 538:Middlewares/ST/STM32_USB_Device_Library/Core/Src/usbd_core.c **** 
 539:Middlewares/ST/STM32_USB_Device_Library/Core/Src/usbd_core.c **** /**
 540:Middlewares/ST/STM32_USB_Device_Library/Core/Src/usbd_core.c ****   * @brief  USBD_LL_SetupStage
 541:Middlewares/ST/STM32_USB_Device_Library/Core/Src/usbd_core.c ****   *         Handle the setup stage
 542:Middlewares/ST/STM32_USB_Device_Library/Core/Src/usbd_core.c ****   * @param  pdev: device instance
 543:Middlewares/ST/STM32_USB_Device_Library/Core/Src/usbd_core.c ****   * @param  psetup: setup packet buffer pointer
 544:Middlewares/ST/STM32_USB_Device_Library/Core/Src/usbd_core.c ****   * @retval status
 545:Middlewares/ST/STM32_USB_Device_Library/Core/Src/usbd_core.c ****   */
 546:Middlewares/ST/STM32_USB_Device_Library/Core/Src/usbd_core.c **** USBD_StatusTypeDef USBD_LL_SetupStage(USBD_HandleTypeDef *pdev, uint8_t *psetup)
 547:Middlewares/ST/STM32_USB_Device_Library/Core/Src/usbd_core.c **** {
 574              		.loc 1 547 1
 575              		.cfi_startproc
 576              		@ args = 0, pretend = 0, frame = 16
 577              		@ frame_needed = 1, uses_anonymous_args = 0
 578 0000 80B5     		push	{r7, lr}
 579              	.LCFI41:
 580              		.cfi_def_cfa_offset 8
 581              		.cfi_offset 7, -8
 582              		.cfi_offset 14, -4
 583 0002 84B0     		sub	sp, sp, #16
 584              	.LCFI42:
 585              		.cfi_def_cfa_offset 24
 586 0004 00AF     		add	r7, sp, #0
 587              	.LCFI43:
 588              		.cfi_def_cfa_register 7
 589 0006 7860     		str	r0, [r7, #4]
 590 0008 3960     		str	r1, [r7]
 548:Middlewares/ST/STM32_USB_Device_Library/Core/Src/usbd_core.c ****   USBD_StatusTypeDef ret;
 549:Middlewares/ST/STM32_USB_Device_Library/Core/Src/usbd_core.c **** 
 550:Middlewares/ST/STM32_USB_Device_Library/Core/Src/usbd_core.c ****   USBD_ParseSetupRequest(&pdev->request, psetup);
 591              		.loc 1 550 3
 592 000a 7B68     		ldr	r3, [r7, #4]
 593 000c 03F2AA23 		addw	r3, r3, #682
 594 0010 3968     		ldr	r1, [r7]
 595 0012 1846     		mov	r0, r3
 596 0014 FFF7FEFF 		bl	USBD_ParseSetupRequest
 551:Middlewares/ST/STM32_USB_Device_Library/Core/Src/usbd_core.c **** 
 552:Middlewares/ST/STM32_USB_Device_Library/Core/Src/usbd_core.c ****   pdev->ep0_state = USBD_EP0_SETUP;
 597              		.loc 1 552 19
 598 0018 7B68     		ldr	r3, [r7, #4]
 599 001a 0122     		movs	r2, #1
 600 001c C3F89422 		str	r2, [r3, #660]
 553:Middlewares/ST/STM32_USB_Device_Library/Core/Src/usbd_core.c **** 
 554:Middlewares/ST/STM32_USB_Device_Library/Core/Src/usbd_core.c ****   pdev->ep0_data_len = pdev->request.wLength;
 601              		.loc 1 554 37
 602 0020 7B68     		ldr	r3, [r7, #4]
 603 0022 B3F8B032 		ldrh	r3, [r3, #688]
ARM GAS  C:\Users\DAELT-~1\AppData\Local\Temp\ccu4V9Sc.s 			page 21


 604 0026 1A46     		mov	r2, r3
 605              		.loc 1 554 22
 606 0028 7B68     		ldr	r3, [r7, #4]
 607 002a C3F89822 		str	r2, [r3, #664]
 555:Middlewares/ST/STM32_USB_Device_Library/Core/Src/usbd_core.c **** 
 556:Middlewares/ST/STM32_USB_Device_Library/Core/Src/usbd_core.c ****   switch (pdev->request.bmRequest & 0x1FU)
 608              		.loc 1 556 24
 609 002e 7B68     		ldr	r3, [r7, #4]
 610 0030 93F8AA32 		ldrb	r3, [r3, #682]	@ zero_extendqisi2
 611              		.loc 1 556 35
 612 0034 03F01F03 		and	r3, r3, #31
 613              		.loc 1 556 3
 614 0038 022B     		cmp	r3, #2
 615 003a 1AD0     		beq	.L27
 616 003c 022B     		cmp	r3, #2
 617 003e 22D8     		bhi	.L28
 618 0040 002B     		cmp	r3, #0
 619 0042 02D0     		beq	.L29
 620 0044 012B     		cmp	r3, #1
 621 0046 0AD0     		beq	.L30
 622 0048 1DE0     		b	.L28
 623              	.L29:
 557:Middlewares/ST/STM32_USB_Device_Library/Core/Src/usbd_core.c ****   {
 558:Middlewares/ST/STM32_USB_Device_Library/Core/Src/usbd_core.c ****     case USB_REQ_RECIPIENT_DEVICE:
 559:Middlewares/ST/STM32_USB_Device_Library/Core/Src/usbd_core.c ****       ret = USBD_StdDevReq(pdev, &pdev->request);
 624              		.loc 1 559 13
 625 004a 7B68     		ldr	r3, [r7, #4]
 626 004c 03F2AA23 		addw	r3, r3, #682
 627 0050 1946     		mov	r1, r3
 628 0052 7868     		ldr	r0, [r7, #4]
 629 0054 FFF7FEFF 		bl	USBD_StdDevReq
 630 0058 0346     		mov	r3, r0
 631 005a FB73     		strb	r3, [r7, #15]
 560:Middlewares/ST/STM32_USB_Device_Library/Core/Src/usbd_core.c ****       break;
 632              		.loc 1 560 7
 633 005c 20E0     		b	.L31
 634              	.L30:
 561:Middlewares/ST/STM32_USB_Device_Library/Core/Src/usbd_core.c **** 
 562:Middlewares/ST/STM32_USB_Device_Library/Core/Src/usbd_core.c ****     case USB_REQ_RECIPIENT_INTERFACE:
 563:Middlewares/ST/STM32_USB_Device_Library/Core/Src/usbd_core.c ****       ret = USBD_StdItfReq(pdev, &pdev->request);
 635              		.loc 1 563 13
 636 005e 7B68     		ldr	r3, [r7, #4]
 637 0060 03F2AA23 		addw	r3, r3, #682
 638 0064 1946     		mov	r1, r3
 639 0066 7868     		ldr	r0, [r7, #4]
 640 0068 FFF7FEFF 		bl	USBD_StdItfReq
 641 006c 0346     		mov	r3, r0
 642 006e FB73     		strb	r3, [r7, #15]
 564:Middlewares/ST/STM32_USB_Device_Library/Core/Src/usbd_core.c ****       break;
 643              		.loc 1 564 7
 644 0070 16E0     		b	.L31
 645              	.L27:
 565:Middlewares/ST/STM32_USB_Device_Library/Core/Src/usbd_core.c **** 
 566:Middlewares/ST/STM32_USB_Device_Library/Core/Src/usbd_core.c ****     case USB_REQ_RECIPIENT_ENDPOINT:
 567:Middlewares/ST/STM32_USB_Device_Library/Core/Src/usbd_core.c ****       ret = USBD_StdEPReq(pdev, &pdev->request);
 646              		.loc 1 567 13
 647 0072 7B68     		ldr	r3, [r7, #4]
ARM GAS  C:\Users\DAELT-~1\AppData\Local\Temp\ccu4V9Sc.s 			page 22


 648 0074 03F2AA23 		addw	r3, r3, #682
 649 0078 1946     		mov	r1, r3
 650 007a 7868     		ldr	r0, [r7, #4]
 651 007c FFF7FEFF 		bl	USBD_StdEPReq
 652 0080 0346     		mov	r3, r0
 653 0082 FB73     		strb	r3, [r7, #15]
 568:Middlewares/ST/STM32_USB_Device_Library/Core/Src/usbd_core.c ****       break;
 654              		.loc 1 568 7
 655 0084 0CE0     		b	.L31
 656              	.L28:
 569:Middlewares/ST/STM32_USB_Device_Library/Core/Src/usbd_core.c **** 
 570:Middlewares/ST/STM32_USB_Device_Library/Core/Src/usbd_core.c ****     default:
 571:Middlewares/ST/STM32_USB_Device_Library/Core/Src/usbd_core.c ****       ret = USBD_LL_StallEP(pdev, (pdev->request.bmRequest & 0x80U));
 657              		.loc 1 571 49
 658 0086 7B68     		ldr	r3, [r7, #4]
 659 0088 93F8AA32 		ldrb	r3, [r3, #682]	@ zero_extendqisi2
 660              		.loc 1 571 13
 661 008c 23F07F03 		bic	r3, r3, #127
 662 0090 DBB2     		uxtb	r3, r3
 663 0092 1946     		mov	r1, r3
 664 0094 7868     		ldr	r0, [r7, #4]
 665 0096 FFF7FEFF 		bl	USBD_LL_StallEP
 666 009a 0346     		mov	r3, r0
 667 009c FB73     		strb	r3, [r7, #15]
 572:Middlewares/ST/STM32_USB_Device_Library/Core/Src/usbd_core.c ****       break;
 668              		.loc 1 572 7
 669 009e 00BF     		nop
 670              	.L31:
 573:Middlewares/ST/STM32_USB_Device_Library/Core/Src/usbd_core.c ****   }
 574:Middlewares/ST/STM32_USB_Device_Library/Core/Src/usbd_core.c **** 
 575:Middlewares/ST/STM32_USB_Device_Library/Core/Src/usbd_core.c ****   return ret;
 671              		.loc 1 575 10
 672 00a0 FB7B     		ldrb	r3, [r7, #15]	@ zero_extendqisi2
 576:Middlewares/ST/STM32_USB_Device_Library/Core/Src/usbd_core.c **** }
 673              		.loc 1 576 1
 674 00a2 1846     		mov	r0, r3
 675 00a4 1037     		adds	r7, r7, #16
 676              	.LCFI44:
 677              		.cfi_def_cfa_offset 8
 678 00a6 BD46     		mov	sp, r7
 679              	.LCFI45:
 680              		.cfi_def_cfa_register 13
 681              		@ sp needed
 682 00a8 80BD     		pop	{r7, pc}
 683              		.cfi_endproc
 684              	.LFE232:
 686              		.section	.text.USBD_LL_DataOutStage,"ax",%progbits
 687              		.align	1
 688              		.global	USBD_LL_DataOutStage
 689              		.syntax unified
 690              		.thumb
 691              		.thumb_func
 693              	USBD_LL_DataOutStage:
 694              	.LFB233:
 577:Middlewares/ST/STM32_USB_Device_Library/Core/Src/usbd_core.c **** 
 578:Middlewares/ST/STM32_USB_Device_Library/Core/Src/usbd_core.c **** /**
 579:Middlewares/ST/STM32_USB_Device_Library/Core/Src/usbd_core.c ****   * @brief  USBD_LL_DataOutStage
ARM GAS  C:\Users\DAELT-~1\AppData\Local\Temp\ccu4V9Sc.s 			page 23


 580:Middlewares/ST/STM32_USB_Device_Library/Core/Src/usbd_core.c ****   *         Handle data OUT stage
 581:Middlewares/ST/STM32_USB_Device_Library/Core/Src/usbd_core.c ****   * @param  pdev: device instance
 582:Middlewares/ST/STM32_USB_Device_Library/Core/Src/usbd_core.c ****   * @param  epnum: endpoint index
 583:Middlewares/ST/STM32_USB_Device_Library/Core/Src/usbd_core.c ****   * @param  pdata: data pointer
 584:Middlewares/ST/STM32_USB_Device_Library/Core/Src/usbd_core.c ****   * @retval status
 585:Middlewares/ST/STM32_USB_Device_Library/Core/Src/usbd_core.c ****   */
 586:Middlewares/ST/STM32_USB_Device_Library/Core/Src/usbd_core.c **** USBD_StatusTypeDef USBD_LL_DataOutStage(USBD_HandleTypeDef *pdev,
 587:Middlewares/ST/STM32_USB_Device_Library/Core/Src/usbd_core.c ****                                         uint8_t epnum, uint8_t *pdata)
 588:Middlewares/ST/STM32_USB_Device_Library/Core/Src/usbd_core.c **** {
 695              		.loc 1 588 1
 696              		.cfi_startproc
 697              		@ args = 0, pretend = 0, frame = 24
 698              		@ frame_needed = 1, uses_anonymous_args = 0
 699 0000 80B5     		push	{r7, lr}
 700              	.LCFI46:
 701              		.cfi_def_cfa_offset 8
 702              		.cfi_offset 7, -8
 703              		.cfi_offset 14, -4
 704 0002 86B0     		sub	sp, sp, #24
 705              	.LCFI47:
 706              		.cfi_def_cfa_offset 32
 707 0004 00AF     		add	r7, sp, #0
 708              	.LCFI48:
 709              		.cfi_def_cfa_register 7
 710 0006 F860     		str	r0, [r7, #12]
 711 0008 0B46     		mov	r3, r1
 712 000a 7A60     		str	r2, [r7, #4]
 713 000c FB72     		strb	r3, [r7, #11]
 589:Middlewares/ST/STM32_USB_Device_Library/Core/Src/usbd_core.c ****   USBD_EndpointTypeDef *pep;
 590:Middlewares/ST/STM32_USB_Device_Library/Core/Src/usbd_core.c ****   USBD_StatusTypeDef ret = USBD_OK;
 714              		.loc 1 590 22
 715 000e 0023     		movs	r3, #0
 716 0010 FB75     		strb	r3, [r7, #23]
 591:Middlewares/ST/STM32_USB_Device_Library/Core/Src/usbd_core.c ****   uint8_t idx;
 592:Middlewares/ST/STM32_USB_Device_Library/Core/Src/usbd_core.c **** 
 593:Middlewares/ST/STM32_USB_Device_Library/Core/Src/usbd_core.c ****   UNUSED(pdata);
 594:Middlewares/ST/STM32_USB_Device_Library/Core/Src/usbd_core.c **** 
 595:Middlewares/ST/STM32_USB_Device_Library/Core/Src/usbd_core.c ****   if (epnum == 0U)
 717              		.loc 1 595 6
 718 0012 FB7A     		ldrb	r3, [r7, #11]	@ zero_extendqisi2
 719 0014 002B     		cmp	r3, #0
 720 0016 77D1     		bne	.L34
 596:Middlewares/ST/STM32_USB_Device_Library/Core/Src/usbd_core.c ****   {
 597:Middlewares/ST/STM32_USB_Device_Library/Core/Src/usbd_core.c ****     pep = &pdev->ep_out[0];
 721              		.loc 1 597 9
 722 0018 FB68     		ldr	r3, [r7, #12]
 723 001a 03F5AA73 		add	r3, r3, #340
 724 001e 3B61     		str	r3, [r7, #16]
 598:Middlewares/ST/STM32_USB_Device_Library/Core/Src/usbd_core.c **** 
 599:Middlewares/ST/STM32_USB_Device_Library/Core/Src/usbd_core.c ****     if (pdev->ep0_state == USBD_EP0_DATA_OUT)
 725              		.loc 1 599 13
 726 0020 FB68     		ldr	r3, [r7, #12]
 727 0022 D3F89432 		ldr	r3, [r3, #660]
 728              		.loc 1 599 8
 729 0026 032B     		cmp	r3, #3
 730 0028 40F0A180 		bne	.L35
 600:Middlewares/ST/STM32_USB_Device_Library/Core/Src/usbd_core.c ****     {
ARM GAS  C:\Users\DAELT-~1\AppData\Local\Temp\ccu4V9Sc.s 			page 24


 601:Middlewares/ST/STM32_USB_Device_Library/Core/Src/usbd_core.c ****       if (pep->rem_length > pep->maxpacket)
 731              		.loc 1 601 14
 732 002c 3B69     		ldr	r3, [r7, #16]
 733 002e 5B68     		ldr	r3, [r3, #4]
 734              		.loc 1 601 32
 735 0030 3A69     		ldr	r2, [r7, #16]
 736 0032 9289     		ldrh	r2, [r2, #12]
 737              		.loc 1 601 10
 738 0034 9342     		cmp	r3, r2
 739 0036 1CD9     		bls	.L36
 602:Middlewares/ST/STM32_USB_Device_Library/Core/Src/usbd_core.c ****       {
 603:Middlewares/ST/STM32_USB_Device_Library/Core/Src/usbd_core.c ****         pep->rem_length -= pep->maxpacket;
 740              		.loc 1 603 12
 741 0038 3B69     		ldr	r3, [r7, #16]
 742 003a 5B68     		ldr	r3, [r3, #4]
 743              		.loc 1 603 31
 744 003c 3A69     		ldr	r2, [r7, #16]
 745 003e 9289     		ldrh	r2, [r2, #12]
 746              		.loc 1 603 25
 747 0040 9A1A     		subs	r2, r3, r2
 748 0042 3B69     		ldr	r3, [r7, #16]
 749 0044 5A60     		str	r2, [r3, #4]
 604:Middlewares/ST/STM32_USB_Device_Library/Core/Src/usbd_core.c ****         pep->pbuffer += pep->maxpacket;
 750              		.loc 1 604 12
 751 0046 3B69     		ldr	r3, [r7, #16]
 752 0048 1B69     		ldr	r3, [r3, #16]
 753              		.loc 1 604 28
 754 004a 3A69     		ldr	r2, [r7, #16]
 755 004c 9289     		ldrh	r2, [r2, #12]
 756              		.loc 1 604 22
 757 004e 1A44     		add	r2, r2, r3
 758 0050 3B69     		ldr	r3, [r7, #16]
 759 0052 1A61     		str	r2, [r3, #16]
 605:Middlewares/ST/STM32_USB_Device_Library/Core/Src/usbd_core.c **** 
 606:Middlewares/ST/STM32_USB_Device_Library/Core/Src/usbd_core.c ****         (void)USBD_CtlContinueRx(pdev, pep->pbuffer, MAX(pep->rem_length, pep->maxpacket));
 760              		.loc 1 606 15
 761 0054 3B69     		ldr	r3, [r7, #16]
 762 0056 1969     		ldr	r1, [r3, #16]
 763              		.loc 1 606 54
 764 0058 3B69     		ldr	r3, [r7, #16]
 765 005a 9B89     		ldrh	r3, [r3, #12]
 766 005c 1A46     		mov	r2, r3
 767 005e 3B69     		ldr	r3, [r7, #16]
 768 0060 5B68     		ldr	r3, [r3, #4]
 769 0062 9342     		cmp	r3, r2
 770 0064 38BF     		it	cc
 771 0066 1346     		movcc	r3, r2
 772              		.loc 1 606 15
 773 0068 1A46     		mov	r2, r3
 774 006a F868     		ldr	r0, [r7, #12]
 775 006c FFF7FEFF 		bl	USBD_CtlContinueRx
 776 0070 7DE0     		b	.L35
 777              	.L36:
 607:Middlewares/ST/STM32_USB_Device_Library/Core/Src/usbd_core.c ****       }
 608:Middlewares/ST/STM32_USB_Device_Library/Core/Src/usbd_core.c ****       else
 609:Middlewares/ST/STM32_USB_Device_Library/Core/Src/usbd_core.c ****       {
 610:Middlewares/ST/STM32_USB_Device_Library/Core/Src/usbd_core.c ****         /* Find the class ID relative to the current request */
ARM GAS  C:\Users\DAELT-~1\AppData\Local\Temp\ccu4V9Sc.s 			page 25


 611:Middlewares/ST/STM32_USB_Device_Library/Core/Src/usbd_core.c ****         switch (pdev->request.bmRequest & 0x1FU)
 778              		.loc 1 611 30
 779 0072 FB68     		ldr	r3, [r7, #12]
 780 0074 93F8AA32 		ldrb	r3, [r3, #682]	@ zero_extendqisi2
 781              		.loc 1 611 41
 782 0078 03F01F03 		and	r3, r3, #31
 783              		.loc 1 611 9
 784 007c 022B     		cmp	r3, #2
 785 007e 14D0     		beq	.L37
 786 0080 022B     		cmp	r3, #2
 787 0082 1DD8     		bhi	.L38
 788 0084 002B     		cmp	r3, #0
 789 0086 02D0     		beq	.L39
 790 0088 012B     		cmp	r3, #1
 791 008a 03D0     		beq	.L40
 792 008c 18E0     		b	.L38
 793              	.L39:
 612:Middlewares/ST/STM32_USB_Device_Library/Core/Src/usbd_core.c ****         {
 613:Middlewares/ST/STM32_USB_Device_Library/Core/Src/usbd_core.c ****           case USB_REQ_RECIPIENT_DEVICE:
 614:Middlewares/ST/STM32_USB_Device_Library/Core/Src/usbd_core.c ****             /* Device requests must be managed by the first instantiated class
 615:Middlewares/ST/STM32_USB_Device_Library/Core/Src/usbd_core.c ****                (or duplicated by all classes for simplicity) */
 616:Middlewares/ST/STM32_USB_Device_Library/Core/Src/usbd_core.c ****             idx = 0U;
 794              		.loc 1 616 17
 795 008e 0023     		movs	r3, #0
 796 0090 BB75     		strb	r3, [r7, #22]
 617:Middlewares/ST/STM32_USB_Device_Library/Core/Src/usbd_core.c ****             break;
 797              		.loc 1 617 13
 798 0092 18E0     		b	.L41
 799              	.L40:
 618:Middlewares/ST/STM32_USB_Device_Library/Core/Src/usbd_core.c **** 
 619:Middlewares/ST/STM32_USB_Device_Library/Core/Src/usbd_core.c ****           case USB_REQ_RECIPIENT_INTERFACE:
 620:Middlewares/ST/STM32_USB_Device_Library/Core/Src/usbd_core.c ****             idx = USBD_CoreFindIF(pdev, LOBYTE(pdev->request.wIndex));
 800              		.loc 1 620 41
 801 0094 FB68     		ldr	r3, [r7, #12]
 802 0096 B3F8AE32 		ldrh	r3, [r3, #686]
 803              		.loc 1 620 19
 804 009a DBB2     		uxtb	r3, r3
 805 009c 1946     		mov	r1, r3
 806 009e F868     		ldr	r0, [r7, #12]
 807 00a0 FFF7FEFF 		bl	USBD_CoreFindIF
 808 00a4 0346     		mov	r3, r0
 809 00a6 BB75     		strb	r3, [r7, #22]
 621:Middlewares/ST/STM32_USB_Device_Library/Core/Src/usbd_core.c ****             break;
 810              		.loc 1 621 13
 811 00a8 0DE0     		b	.L41
 812              	.L37:
 622:Middlewares/ST/STM32_USB_Device_Library/Core/Src/usbd_core.c **** 
 623:Middlewares/ST/STM32_USB_Device_Library/Core/Src/usbd_core.c ****           case USB_REQ_RECIPIENT_ENDPOINT:
 624:Middlewares/ST/STM32_USB_Device_Library/Core/Src/usbd_core.c ****             idx = USBD_CoreFindEP(pdev, LOBYTE(pdev->request.wIndex));
 813              		.loc 1 624 41
 814 00aa FB68     		ldr	r3, [r7, #12]
 815 00ac B3F8AE32 		ldrh	r3, [r3, #686]
 816              		.loc 1 624 19
 817 00b0 DBB2     		uxtb	r3, r3
 818 00b2 1946     		mov	r1, r3
 819 00b4 F868     		ldr	r0, [r7, #12]
 820 00b6 FFF7FEFF 		bl	USBD_CoreFindEP
ARM GAS  C:\Users\DAELT-~1\AppData\Local\Temp\ccu4V9Sc.s 			page 26


 821 00ba 0346     		mov	r3, r0
 822 00bc BB75     		strb	r3, [r7, #22]
 625:Middlewares/ST/STM32_USB_Device_Library/Core/Src/usbd_core.c ****             break;
 823              		.loc 1 625 13
 824 00be 02E0     		b	.L41
 825              	.L38:
 626:Middlewares/ST/STM32_USB_Device_Library/Core/Src/usbd_core.c **** 
 627:Middlewares/ST/STM32_USB_Device_Library/Core/Src/usbd_core.c ****           default:
 628:Middlewares/ST/STM32_USB_Device_Library/Core/Src/usbd_core.c ****             /* Back to the first class in case of doubt */
 629:Middlewares/ST/STM32_USB_Device_Library/Core/Src/usbd_core.c ****             idx = 0U;
 826              		.loc 1 629 17
 827 00c0 0023     		movs	r3, #0
 828 00c2 BB75     		strb	r3, [r7, #22]
 630:Middlewares/ST/STM32_USB_Device_Library/Core/Src/usbd_core.c ****             break;
 829              		.loc 1 630 13
 830 00c4 00BF     		nop
 831              	.L41:
 631:Middlewares/ST/STM32_USB_Device_Library/Core/Src/usbd_core.c ****         }
 632:Middlewares/ST/STM32_USB_Device_Library/Core/Src/usbd_core.c **** 
 633:Middlewares/ST/STM32_USB_Device_Library/Core/Src/usbd_core.c ****         if (idx < USBD_MAX_SUPPORTED_CLASS)
 832              		.loc 1 633 12
 833 00c6 BB7D     		ldrb	r3, [r7, #22]	@ zero_extendqisi2
 834 00c8 002B     		cmp	r3, #0
 835 00ca 19D1     		bne	.L42
 634:Middlewares/ST/STM32_USB_Device_Library/Core/Src/usbd_core.c ****         {
 635:Middlewares/ST/STM32_USB_Device_Library/Core/Src/usbd_core.c ****           /* Setup the class ID and route the request to the relative class function */
 636:Middlewares/ST/STM32_USB_Device_Library/Core/Src/usbd_core.c ****           if (pdev->dev_state == USBD_STATE_CONFIGURED)
 836              		.loc 1 636 19
 837 00cc FB68     		ldr	r3, [r7, #12]
 838 00ce 93F89C32 		ldrb	r3, [r3, #668]
 839 00d2 DBB2     		uxtb	r3, r3
 840              		.loc 1 636 14
 841 00d4 032B     		cmp	r3, #3
 842 00d6 13D1     		bne	.L42
 637:Middlewares/ST/STM32_USB_Device_Library/Core/Src/usbd_core.c ****           {
 638:Middlewares/ST/STM32_USB_Device_Library/Core/Src/usbd_core.c ****             if (pdev->pClass[idx]->EP0_RxReady != NULL)
 843              		.loc 1 638 29
 844 00d8 BA7D     		ldrb	r2, [r7, #22]	@ zero_extendqisi2
 845 00da FB68     		ldr	r3, [r7, #12]
 846 00dc AE32     		adds	r2, r2, #174
 847 00de 53F82230 		ldr	r3, [r3, r2, lsl #2]
 848              		.loc 1 638 34
 849 00e2 1B69     		ldr	r3, [r3, #16]
 850              		.loc 1 638 16
 851 00e4 002B     		cmp	r3, #0
 852 00e6 0BD0     		beq	.L42
 639:Middlewares/ST/STM32_USB_Device_Library/Core/Src/usbd_core.c ****             {
 640:Middlewares/ST/STM32_USB_Device_Library/Core/Src/usbd_core.c ****               pdev->classId = idx;
 853              		.loc 1 640 29
 854 00e8 BA7D     		ldrb	r2, [r7, #22]	@ zero_extendqisi2
 855 00ea FB68     		ldr	r3, [r7, #12]
 856 00ec C3F8D422 		str	r2, [r3, #724]
 641:Middlewares/ST/STM32_USB_Device_Library/Core/Src/usbd_core.c ****               pdev->pClass[idx]->EP0_RxReady(pdev);
 857              		.loc 1 641 27
 858 00f0 BA7D     		ldrb	r2, [r7, #22]	@ zero_extendqisi2
 859 00f2 FB68     		ldr	r3, [r7, #12]
 860 00f4 AE32     		adds	r2, r2, #174
ARM GAS  C:\Users\DAELT-~1\AppData\Local\Temp\ccu4V9Sc.s 			page 27


 861 00f6 53F82230 		ldr	r3, [r3, r2, lsl #2]
 862              		.loc 1 641 32
 863 00fa 1B69     		ldr	r3, [r3, #16]
 864              		.loc 1 641 15
 865 00fc F868     		ldr	r0, [r7, #12]
 866 00fe 9847     		blx	r3
 867              	.LVL5:
 868              	.L42:
 642:Middlewares/ST/STM32_USB_Device_Library/Core/Src/usbd_core.c ****             }
 643:Middlewares/ST/STM32_USB_Device_Library/Core/Src/usbd_core.c ****           }
 644:Middlewares/ST/STM32_USB_Device_Library/Core/Src/usbd_core.c ****         }
 645:Middlewares/ST/STM32_USB_Device_Library/Core/Src/usbd_core.c **** 
 646:Middlewares/ST/STM32_USB_Device_Library/Core/Src/usbd_core.c ****         (void)USBD_CtlSendStatus(pdev);
 869              		.loc 1 646 15
 870 0100 F868     		ldr	r0, [r7, #12]
 871 0102 FFF7FEFF 		bl	USBD_CtlSendStatus
 872 0106 32E0     		b	.L35
 873              	.L34:
 647:Middlewares/ST/STM32_USB_Device_Library/Core/Src/usbd_core.c ****       }
 648:Middlewares/ST/STM32_USB_Device_Library/Core/Src/usbd_core.c ****     }
 649:Middlewares/ST/STM32_USB_Device_Library/Core/Src/usbd_core.c ****   }
 650:Middlewares/ST/STM32_USB_Device_Library/Core/Src/usbd_core.c ****   else
 651:Middlewares/ST/STM32_USB_Device_Library/Core/Src/usbd_core.c ****   {
 652:Middlewares/ST/STM32_USB_Device_Library/Core/Src/usbd_core.c ****     /* Get the class index relative to this interface */
 653:Middlewares/ST/STM32_USB_Device_Library/Core/Src/usbd_core.c ****     idx = USBD_CoreFindEP(pdev, (epnum & 0x7FU));
 874              		.loc 1 653 11
 875 0108 FB7A     		ldrb	r3, [r7, #11]
 876 010a 03F07F03 		and	r3, r3, #127
 877 010e DBB2     		uxtb	r3, r3
 878 0110 1946     		mov	r1, r3
 879 0112 F868     		ldr	r0, [r7, #12]
 880 0114 FFF7FEFF 		bl	USBD_CoreFindEP
 881 0118 0346     		mov	r3, r0
 882 011a BB75     		strb	r3, [r7, #22]
 654:Middlewares/ST/STM32_USB_Device_Library/Core/Src/usbd_core.c **** 
 655:Middlewares/ST/STM32_USB_Device_Library/Core/Src/usbd_core.c ****     if (((uint16_t)idx != 0xFFU) && (idx < USBD_MAX_SUPPORTED_CLASS))
 883              		.loc 1 655 8
 884 011c BB7D     		ldrb	r3, [r7, #22]	@ zero_extendqisi2
 885 011e FF2B     		cmp	r3, #255
 886 0120 25D0     		beq	.L35
 887              		.loc 1 655 34 discriminator 1
 888 0122 BB7D     		ldrb	r3, [r7, #22]	@ zero_extendqisi2
 889 0124 002B     		cmp	r3, #0
 890 0126 22D1     		bne	.L35
 656:Middlewares/ST/STM32_USB_Device_Library/Core/Src/usbd_core.c ****     {
 657:Middlewares/ST/STM32_USB_Device_Library/Core/Src/usbd_core.c ****       /* Call the class data out function to manage the request */
 658:Middlewares/ST/STM32_USB_Device_Library/Core/Src/usbd_core.c ****       if (pdev->dev_state == USBD_STATE_CONFIGURED)
 891              		.loc 1 658 15
 892 0128 FB68     		ldr	r3, [r7, #12]
 893 012a 93F89C32 		ldrb	r3, [r3, #668]
 894 012e DBB2     		uxtb	r3, r3
 895              		.loc 1 658 10
 896 0130 032B     		cmp	r3, #3
 897 0132 17D1     		bne	.L43
 659:Middlewares/ST/STM32_USB_Device_Library/Core/Src/usbd_core.c ****       {
 660:Middlewares/ST/STM32_USB_Device_Library/Core/Src/usbd_core.c ****         if (pdev->pClass[idx]->DataOut != NULL)
 898              		.loc 1 660 25
ARM GAS  C:\Users\DAELT-~1\AppData\Local\Temp\ccu4V9Sc.s 			page 28


 899 0134 BA7D     		ldrb	r2, [r7, #22]	@ zero_extendqisi2
 900 0136 FB68     		ldr	r3, [r7, #12]
 901 0138 AE32     		adds	r2, r2, #174
 902 013a 53F82230 		ldr	r3, [r3, r2, lsl #2]
 903              		.loc 1 660 30
 904 013e 9B69     		ldr	r3, [r3, #24]
 905              		.loc 1 660 12
 906 0140 002B     		cmp	r3, #0
 907 0142 0FD0     		beq	.L43
 661:Middlewares/ST/STM32_USB_Device_Library/Core/Src/usbd_core.c ****         {
 662:Middlewares/ST/STM32_USB_Device_Library/Core/Src/usbd_core.c ****           pdev->classId = idx;
 908              		.loc 1 662 25
 909 0144 BA7D     		ldrb	r2, [r7, #22]	@ zero_extendqisi2
 910 0146 FB68     		ldr	r3, [r7, #12]
 911 0148 C3F8D422 		str	r2, [r3, #724]
 663:Middlewares/ST/STM32_USB_Device_Library/Core/Src/usbd_core.c ****           ret = (USBD_StatusTypeDef)pdev->pClass[idx]->DataOut(pdev, epnum);
 912              		.loc 1 663 49
 913 014c BA7D     		ldrb	r2, [r7, #22]	@ zero_extendqisi2
 914 014e FB68     		ldr	r3, [r7, #12]
 915 0150 AE32     		adds	r2, r2, #174
 916 0152 53F82230 		ldr	r3, [r3, r2, lsl #2]
 917              		.loc 1 663 54
 918 0156 9B69     		ldr	r3, [r3, #24]
 919              		.loc 1 663 37
 920 0158 FA7A     		ldrb	r2, [r7, #11]	@ zero_extendqisi2
 921 015a 1146     		mov	r1, r2
 922 015c F868     		ldr	r0, [r7, #12]
 923 015e 9847     		blx	r3
 924              	.LVL6:
 925 0160 0346     		mov	r3, r0
 926 0162 FB75     		strb	r3, [r7, #23]
 927              	.L43:
 664:Middlewares/ST/STM32_USB_Device_Library/Core/Src/usbd_core.c ****         }
 665:Middlewares/ST/STM32_USB_Device_Library/Core/Src/usbd_core.c ****       }
 666:Middlewares/ST/STM32_USB_Device_Library/Core/Src/usbd_core.c ****       if (ret != USBD_OK)
 928              		.loc 1 666 10
 929 0164 FB7D     		ldrb	r3, [r7, #23]	@ zero_extendqisi2
 930 0166 002B     		cmp	r3, #0
 931 0168 01D0     		beq	.L35
 667:Middlewares/ST/STM32_USB_Device_Library/Core/Src/usbd_core.c ****       {
 668:Middlewares/ST/STM32_USB_Device_Library/Core/Src/usbd_core.c ****         return ret;
 932              		.loc 1 668 16
 933 016a FB7D     		ldrb	r3, [r7, #23]	@ zero_extendqisi2
 934 016c 00E0     		b	.L44
 935              	.L35:
 669:Middlewares/ST/STM32_USB_Device_Library/Core/Src/usbd_core.c ****       }
 670:Middlewares/ST/STM32_USB_Device_Library/Core/Src/usbd_core.c ****     }
 671:Middlewares/ST/STM32_USB_Device_Library/Core/Src/usbd_core.c ****   }
 672:Middlewares/ST/STM32_USB_Device_Library/Core/Src/usbd_core.c **** 
 673:Middlewares/ST/STM32_USB_Device_Library/Core/Src/usbd_core.c ****   return USBD_OK;
 936              		.loc 1 673 10
 937 016e 0023     		movs	r3, #0
 938              	.L44:
 674:Middlewares/ST/STM32_USB_Device_Library/Core/Src/usbd_core.c **** }
 939              		.loc 1 674 1
 940 0170 1846     		mov	r0, r3
 941 0172 1837     		adds	r7, r7, #24
ARM GAS  C:\Users\DAELT-~1\AppData\Local\Temp\ccu4V9Sc.s 			page 29


 942              	.LCFI49:
 943              		.cfi_def_cfa_offset 8
 944 0174 BD46     		mov	sp, r7
 945              	.LCFI50:
 946              		.cfi_def_cfa_register 13
 947              		@ sp needed
 948 0176 80BD     		pop	{r7, pc}
 949              		.cfi_endproc
 950              	.LFE233:
 952              		.section	.text.USBD_LL_DataInStage,"ax",%progbits
 953              		.align	1
 954              		.global	USBD_LL_DataInStage
 955              		.syntax unified
 956              		.thumb
 957              		.thumb_func
 959              	USBD_LL_DataInStage:
 960              	.LFB234:
 675:Middlewares/ST/STM32_USB_Device_Library/Core/Src/usbd_core.c **** 
 676:Middlewares/ST/STM32_USB_Device_Library/Core/Src/usbd_core.c **** /**
 677:Middlewares/ST/STM32_USB_Device_Library/Core/Src/usbd_core.c ****   * @brief  USBD_LL_DataInStage
 678:Middlewares/ST/STM32_USB_Device_Library/Core/Src/usbd_core.c ****   *         Handle data in stage
 679:Middlewares/ST/STM32_USB_Device_Library/Core/Src/usbd_core.c ****   * @param  pdev: device instance
 680:Middlewares/ST/STM32_USB_Device_Library/Core/Src/usbd_core.c ****   * @param  epnum: endpoint index
 681:Middlewares/ST/STM32_USB_Device_Library/Core/Src/usbd_core.c ****   * @param  pdata: data pointer
 682:Middlewares/ST/STM32_USB_Device_Library/Core/Src/usbd_core.c ****   * @retval status
 683:Middlewares/ST/STM32_USB_Device_Library/Core/Src/usbd_core.c ****   */
 684:Middlewares/ST/STM32_USB_Device_Library/Core/Src/usbd_core.c **** USBD_StatusTypeDef USBD_LL_DataInStage(USBD_HandleTypeDef *pdev,
 685:Middlewares/ST/STM32_USB_Device_Library/Core/Src/usbd_core.c ****                                        uint8_t epnum, uint8_t *pdata)
 686:Middlewares/ST/STM32_USB_Device_Library/Core/Src/usbd_core.c **** {
 961              		.loc 1 686 1
 962              		.cfi_startproc
 963              		@ args = 0, pretend = 0, frame = 24
 964              		@ frame_needed = 1, uses_anonymous_args = 0
 965 0000 80B5     		push	{r7, lr}
 966              	.LCFI51:
 967              		.cfi_def_cfa_offset 8
 968              		.cfi_offset 7, -8
 969              		.cfi_offset 14, -4
 970 0002 86B0     		sub	sp, sp, #24
 971              	.LCFI52:
 972              		.cfi_def_cfa_offset 32
 973 0004 00AF     		add	r7, sp, #0
 974              	.LCFI53:
 975              		.cfi_def_cfa_register 7
 976 0006 F860     		str	r0, [r7, #12]
 977 0008 0B46     		mov	r3, r1
 978 000a 7A60     		str	r2, [r7, #4]
 979 000c FB72     		strb	r3, [r7, #11]
 687:Middlewares/ST/STM32_USB_Device_Library/Core/Src/usbd_core.c ****   USBD_EndpointTypeDef *pep;
 688:Middlewares/ST/STM32_USB_Device_Library/Core/Src/usbd_core.c ****   USBD_StatusTypeDef ret;
 689:Middlewares/ST/STM32_USB_Device_Library/Core/Src/usbd_core.c ****   uint8_t idx;
 690:Middlewares/ST/STM32_USB_Device_Library/Core/Src/usbd_core.c **** 
 691:Middlewares/ST/STM32_USB_Device_Library/Core/Src/usbd_core.c ****   UNUSED(pdata);
 692:Middlewares/ST/STM32_USB_Device_Library/Core/Src/usbd_core.c **** 
 693:Middlewares/ST/STM32_USB_Device_Library/Core/Src/usbd_core.c ****   if (epnum == 0U)
 980              		.loc 1 693 6
 981 000e FB7A     		ldrb	r3, [r7, #11]	@ zero_extendqisi2
ARM GAS  C:\Users\DAELT-~1\AppData\Local\Temp\ccu4V9Sc.s 			page 30


 982 0010 002B     		cmp	r3, #0
 983 0012 78D1     		bne	.L46
 694:Middlewares/ST/STM32_USB_Device_Library/Core/Src/usbd_core.c ****   {
 695:Middlewares/ST/STM32_USB_Device_Library/Core/Src/usbd_core.c ****     pep = &pdev->ep_in[0];
 984              		.loc 1 695 9
 985 0014 FB68     		ldr	r3, [r7, #12]
 986 0016 1433     		adds	r3, r3, #20
 987 0018 3B61     		str	r3, [r7, #16]
 696:Middlewares/ST/STM32_USB_Device_Library/Core/Src/usbd_core.c **** 
 697:Middlewares/ST/STM32_USB_Device_Library/Core/Src/usbd_core.c ****     if (pdev->ep0_state == USBD_EP0_DATA_IN)
 988              		.loc 1 697 13
 989 001a FB68     		ldr	r3, [r7, #12]
 990 001c D3F89432 		ldr	r3, [r3, #660]
 991              		.loc 1 697 8
 992 0020 022B     		cmp	r3, #2
 993 0022 63D1     		bne	.L47
 698:Middlewares/ST/STM32_USB_Device_Library/Core/Src/usbd_core.c ****     {
 699:Middlewares/ST/STM32_USB_Device_Library/Core/Src/usbd_core.c ****       if (pep->rem_length > pep->maxpacket)
 994              		.loc 1 699 14
 995 0024 3B69     		ldr	r3, [r7, #16]
 996 0026 5B68     		ldr	r3, [r3, #4]
 997              		.loc 1 699 32
 998 0028 3A69     		ldr	r2, [r7, #16]
 999 002a 9289     		ldrh	r2, [r2, #12]
 1000              		.loc 1 699 10
 1001 002c 9342     		cmp	r3, r2
 1002 002e 1CD9     		bls	.L48
 700:Middlewares/ST/STM32_USB_Device_Library/Core/Src/usbd_core.c ****       {
 701:Middlewares/ST/STM32_USB_Device_Library/Core/Src/usbd_core.c ****         pep->rem_length -= pep->maxpacket;
 1003              		.loc 1 701 12
 1004 0030 3B69     		ldr	r3, [r7, #16]
 1005 0032 5B68     		ldr	r3, [r3, #4]
 1006              		.loc 1 701 31
 1007 0034 3A69     		ldr	r2, [r7, #16]
 1008 0036 9289     		ldrh	r2, [r2, #12]
 1009              		.loc 1 701 25
 1010 0038 9A1A     		subs	r2, r3, r2
 1011 003a 3B69     		ldr	r3, [r7, #16]
 1012 003c 5A60     		str	r2, [r3, #4]
 702:Middlewares/ST/STM32_USB_Device_Library/Core/Src/usbd_core.c ****         pep->pbuffer += pep->maxpacket;
 1013              		.loc 1 702 12
 1014 003e 3B69     		ldr	r3, [r7, #16]
 1015 0040 1B69     		ldr	r3, [r3, #16]
 1016              		.loc 1 702 28
 1017 0042 3A69     		ldr	r2, [r7, #16]
 1018 0044 9289     		ldrh	r2, [r2, #12]
 1019              		.loc 1 702 22
 1020 0046 1A44     		add	r2, r2, r3
 1021 0048 3B69     		ldr	r3, [r7, #16]
 1022 004a 1A61     		str	r2, [r3, #16]
 703:Middlewares/ST/STM32_USB_Device_Library/Core/Src/usbd_core.c **** 
 704:Middlewares/ST/STM32_USB_Device_Library/Core/Src/usbd_core.c ****         (void)USBD_CtlContinueSendData(pdev, pep->pbuffer, pep->rem_length);
 1023              		.loc 1 704 15
 1024 004c 3B69     		ldr	r3, [r7, #16]
 1025 004e 1969     		ldr	r1, [r3, #16]
 1026 0050 3B69     		ldr	r3, [r7, #16]
 1027 0052 5B68     		ldr	r3, [r3, #4]
ARM GAS  C:\Users\DAELT-~1\AppData\Local\Temp\ccu4V9Sc.s 			page 31


 1028 0054 1A46     		mov	r2, r3
 1029 0056 F868     		ldr	r0, [r7, #12]
 1030 0058 FFF7FEFF 		bl	USBD_CtlContinueSendData
 705:Middlewares/ST/STM32_USB_Device_Library/Core/Src/usbd_core.c **** 
 706:Middlewares/ST/STM32_USB_Device_Library/Core/Src/usbd_core.c ****         /* Prepare endpoint for premature end of transfer */
 707:Middlewares/ST/STM32_USB_Device_Library/Core/Src/usbd_core.c ****         (void)USBD_LL_PrepareReceive(pdev, 0U, NULL, 0U);
 1031              		.loc 1 707 15
 1032 005c 0023     		movs	r3, #0
 1033 005e 0022     		movs	r2, #0
 1034 0060 0021     		movs	r1, #0
 1035 0062 F868     		ldr	r0, [r7, #12]
 1036 0064 FFF7FEFF 		bl	USBD_LL_PrepareReceive
 1037 0068 40E0     		b	.L47
 1038              	.L48:
 708:Middlewares/ST/STM32_USB_Device_Library/Core/Src/usbd_core.c ****       }
 709:Middlewares/ST/STM32_USB_Device_Library/Core/Src/usbd_core.c ****       else
 710:Middlewares/ST/STM32_USB_Device_Library/Core/Src/usbd_core.c ****       {
 711:Middlewares/ST/STM32_USB_Device_Library/Core/Src/usbd_core.c ****         /* last packet is MPS multiple, so send ZLP packet */
 712:Middlewares/ST/STM32_USB_Device_Library/Core/Src/usbd_core.c ****         if ((pep->maxpacket == pep->rem_length) &&
 1039              		.loc 1 712 17
 1040 006a 3B69     		ldr	r3, [r7, #16]
 1041 006c 9B89     		ldrh	r3, [r3, #12]
 1042 006e 1A46     		mov	r2, r3
 1043              		.loc 1 712 35
 1044 0070 3B69     		ldr	r3, [r7, #16]
 1045 0072 5B68     		ldr	r3, [r3, #4]
 1046              		.loc 1 712 12
 1047 0074 9A42     		cmp	r2, r3
 1048 0076 1CD1     		bne	.L49
 713:Middlewares/ST/STM32_USB_Device_Library/Core/Src/usbd_core.c ****             (pep->total_length >= pep->maxpacket) &&
 1049              		.loc 1 713 17
 1050 0078 3B69     		ldr	r3, [r7, #16]
 1051 007a 1B68     		ldr	r3, [r3]
 1052              		.loc 1 713 38
 1053 007c 3A69     		ldr	r2, [r7, #16]
 1054 007e 9289     		ldrh	r2, [r2, #12]
 712:Middlewares/ST/STM32_USB_Device_Library/Core/Src/usbd_core.c ****             (pep->total_length >= pep->maxpacket) &&
 1055              		.loc 1 712 49 discriminator 1
 1056 0080 9342     		cmp	r3, r2
 1057 0082 16D3     		bcc	.L49
 714:Middlewares/ST/STM32_USB_Device_Library/Core/Src/usbd_core.c ****             (pep->total_length < pdev->ep0_data_len))
 1058              		.loc 1 714 17
 1059 0084 3B69     		ldr	r3, [r7, #16]
 1060 0086 1A68     		ldr	r2, [r3]
 1061              		.loc 1 714 38
 1062 0088 FB68     		ldr	r3, [r7, #12]
 1063 008a D3F89832 		ldr	r3, [r3, #664]
 713:Middlewares/ST/STM32_USB_Device_Library/Core/Src/usbd_core.c ****             (pep->total_length >= pep->maxpacket) &&
 1064              		.loc 1 713 51
 1065 008e 9A42     		cmp	r2, r3
 1066 0090 0FD2     		bcs	.L49
 715:Middlewares/ST/STM32_USB_Device_Library/Core/Src/usbd_core.c ****         {
 716:Middlewares/ST/STM32_USB_Device_Library/Core/Src/usbd_core.c ****           (void)USBD_CtlContinueSendData(pdev, NULL, 0U);
 1067              		.loc 1 716 17
 1068 0092 0022     		movs	r2, #0
 1069 0094 0021     		movs	r1, #0
 1070 0096 F868     		ldr	r0, [r7, #12]
ARM GAS  C:\Users\DAELT-~1\AppData\Local\Temp\ccu4V9Sc.s 			page 32


 1071 0098 FFF7FEFF 		bl	USBD_CtlContinueSendData
 717:Middlewares/ST/STM32_USB_Device_Library/Core/Src/usbd_core.c ****           pdev->ep0_data_len = 0U;
 1072              		.loc 1 717 30
 1073 009c FB68     		ldr	r3, [r7, #12]
 1074 009e 0022     		movs	r2, #0
 1075 00a0 C3F89822 		str	r2, [r3, #664]
 718:Middlewares/ST/STM32_USB_Device_Library/Core/Src/usbd_core.c **** 
 719:Middlewares/ST/STM32_USB_Device_Library/Core/Src/usbd_core.c ****           /* Prepare endpoint for premature end of transfer */
 720:Middlewares/ST/STM32_USB_Device_Library/Core/Src/usbd_core.c ****           (void)USBD_LL_PrepareReceive(pdev, 0U, NULL, 0U);
 1076              		.loc 1 720 17
 1077 00a4 0023     		movs	r3, #0
 1078 00a6 0022     		movs	r2, #0
 1079 00a8 0021     		movs	r1, #0
 1080 00aa F868     		ldr	r0, [r7, #12]
 1081 00ac FFF7FEFF 		bl	USBD_LL_PrepareReceive
 1082              		.loc 1 720 11
 1083 00b0 1CE0     		b	.L47
 1084              	.L49:
 721:Middlewares/ST/STM32_USB_Device_Library/Core/Src/usbd_core.c ****         }
 722:Middlewares/ST/STM32_USB_Device_Library/Core/Src/usbd_core.c ****         else
 723:Middlewares/ST/STM32_USB_Device_Library/Core/Src/usbd_core.c ****         {
 724:Middlewares/ST/STM32_USB_Device_Library/Core/Src/usbd_core.c ****           if (pdev->dev_state == USBD_STATE_CONFIGURED)
 1085              		.loc 1 724 19
 1086 00b2 FB68     		ldr	r3, [r7, #12]
 1087 00b4 93F89C32 		ldrb	r3, [r3, #668]
 1088 00b8 DBB2     		uxtb	r3, r3
 1089              		.loc 1 724 14
 1090 00ba 032B     		cmp	r3, #3
 1091 00bc 0FD1     		bne	.L50
 725:Middlewares/ST/STM32_USB_Device_Library/Core/Src/usbd_core.c ****           {
 726:Middlewares/ST/STM32_USB_Device_Library/Core/Src/usbd_core.c ****             if (pdev->pClass[0]->EP0_TxSent != NULL)
 1092              		.loc 1 726 29
 1093 00be FB68     		ldr	r3, [r7, #12]
 1094 00c0 D3F8B832 		ldr	r3, [r3, #696]
 1095              		.loc 1 726 32
 1096 00c4 DB68     		ldr	r3, [r3, #12]
 1097              		.loc 1 726 16
 1098 00c6 002B     		cmp	r3, #0
 1099 00c8 09D0     		beq	.L50
 727:Middlewares/ST/STM32_USB_Device_Library/Core/Src/usbd_core.c ****             {
 728:Middlewares/ST/STM32_USB_Device_Library/Core/Src/usbd_core.c ****               pdev->classId = 0U;
 1100              		.loc 1 728 29
 1101 00ca FB68     		ldr	r3, [r7, #12]
 1102 00cc 0022     		movs	r2, #0
 1103 00ce C3F8D422 		str	r2, [r3, #724]
 729:Middlewares/ST/STM32_USB_Device_Library/Core/Src/usbd_core.c ****               pdev->pClass[0]->EP0_TxSent(pdev);
 1104              		.loc 1 729 27
 1105 00d2 FB68     		ldr	r3, [r7, #12]
 1106 00d4 D3F8B832 		ldr	r3, [r3, #696]
 1107              		.loc 1 729 30
 1108 00d8 DB68     		ldr	r3, [r3, #12]
 1109              		.loc 1 729 15
 1110 00da F868     		ldr	r0, [r7, #12]
 1111 00dc 9847     		blx	r3
 1112              	.LVL7:
 1113              	.L50:
 730:Middlewares/ST/STM32_USB_Device_Library/Core/Src/usbd_core.c ****             }
ARM GAS  C:\Users\DAELT-~1\AppData\Local\Temp\ccu4V9Sc.s 			page 33


 731:Middlewares/ST/STM32_USB_Device_Library/Core/Src/usbd_core.c ****           }
 732:Middlewares/ST/STM32_USB_Device_Library/Core/Src/usbd_core.c ****           (void)USBD_LL_StallEP(pdev, 0x80U);
 1114              		.loc 1 732 17
 1115 00de 8021     		movs	r1, #128
 1116 00e0 F868     		ldr	r0, [r7, #12]
 1117 00e2 FFF7FEFF 		bl	USBD_LL_StallEP
 733:Middlewares/ST/STM32_USB_Device_Library/Core/Src/usbd_core.c ****           (void)USBD_CtlReceiveStatus(pdev);
 1118              		.loc 1 733 17
 1119 00e6 F868     		ldr	r0, [r7, #12]
 1120 00e8 FFF7FEFF 		bl	USBD_CtlReceiveStatus
 1121              	.L47:
 734:Middlewares/ST/STM32_USB_Device_Library/Core/Src/usbd_core.c ****         }
 735:Middlewares/ST/STM32_USB_Device_Library/Core/Src/usbd_core.c ****       }
 736:Middlewares/ST/STM32_USB_Device_Library/Core/Src/usbd_core.c ****     }
 737:Middlewares/ST/STM32_USB_Device_Library/Core/Src/usbd_core.c **** 
 738:Middlewares/ST/STM32_USB_Device_Library/Core/Src/usbd_core.c ****     if (pdev->dev_test_mode != 0U)
 1122              		.loc 1 738 13
 1123 00ec FB68     		ldr	r3, [r7, #12]
 1124 00ee 93F8A032 		ldrb	r3, [r3, #672]	@ zero_extendqisi2
 1125              		.loc 1 738 8
 1126 00f2 002B     		cmp	r3, #0
 1127 00f4 3AD0     		beq	.L51
 739:Middlewares/ST/STM32_USB_Device_Library/Core/Src/usbd_core.c ****     {
 740:Middlewares/ST/STM32_USB_Device_Library/Core/Src/usbd_core.c ****       (void)USBD_RunTestMode(pdev);
 1128              		.loc 1 740 13
 1129 00f6 F868     		ldr	r0, [r7, #12]
 1130 00f8 FFF7FEFF 		bl	USBD_RunTestMode
 741:Middlewares/ST/STM32_USB_Device_Library/Core/Src/usbd_core.c ****       pdev->dev_test_mode = 0U;
 1131              		.loc 1 741 27
 1132 00fc FB68     		ldr	r3, [r7, #12]
 1133 00fe 0022     		movs	r2, #0
 1134 0100 83F8A022 		strb	r2, [r3, #672]
 1135 0104 32E0     		b	.L51
 1136              	.L46:
 742:Middlewares/ST/STM32_USB_Device_Library/Core/Src/usbd_core.c ****     }
 743:Middlewares/ST/STM32_USB_Device_Library/Core/Src/usbd_core.c ****   }
 744:Middlewares/ST/STM32_USB_Device_Library/Core/Src/usbd_core.c ****   else
 745:Middlewares/ST/STM32_USB_Device_Library/Core/Src/usbd_core.c ****   {
 746:Middlewares/ST/STM32_USB_Device_Library/Core/Src/usbd_core.c ****     /* Get the class index relative to this interface */
 747:Middlewares/ST/STM32_USB_Device_Library/Core/Src/usbd_core.c ****     idx = USBD_CoreFindEP(pdev, ((uint8_t)epnum | 0x80U));
 1137              		.loc 1 747 11
 1138 0106 FB7A     		ldrb	r3, [r7, #11]
 1139 0108 63F07F03 		orn	r3, r3, #127
 1140 010c DBB2     		uxtb	r3, r3
 1141 010e 1946     		mov	r1, r3
 1142 0110 F868     		ldr	r0, [r7, #12]
 1143 0112 FFF7FEFF 		bl	USBD_CoreFindEP
 1144 0116 0346     		mov	r3, r0
 1145 0118 FB75     		strb	r3, [r7, #23]
 748:Middlewares/ST/STM32_USB_Device_Library/Core/Src/usbd_core.c **** 
 749:Middlewares/ST/STM32_USB_Device_Library/Core/Src/usbd_core.c ****     if (((uint16_t)idx != 0xFFU) && (idx < USBD_MAX_SUPPORTED_CLASS))
 1146              		.loc 1 749 8
 1147 011a FB7D     		ldrb	r3, [r7, #23]	@ zero_extendqisi2
 1148 011c FF2B     		cmp	r3, #255
 1149 011e 25D0     		beq	.L51
 1150              		.loc 1 749 34 discriminator 1
 1151 0120 FB7D     		ldrb	r3, [r7, #23]	@ zero_extendqisi2
ARM GAS  C:\Users\DAELT-~1\AppData\Local\Temp\ccu4V9Sc.s 			page 34


 1152 0122 002B     		cmp	r3, #0
 1153 0124 22D1     		bne	.L51
 750:Middlewares/ST/STM32_USB_Device_Library/Core/Src/usbd_core.c ****     {
 751:Middlewares/ST/STM32_USB_Device_Library/Core/Src/usbd_core.c ****       /* Call the class data out function to manage the request */
 752:Middlewares/ST/STM32_USB_Device_Library/Core/Src/usbd_core.c ****       if (pdev->dev_state == USBD_STATE_CONFIGURED)
 1154              		.loc 1 752 15
 1155 0126 FB68     		ldr	r3, [r7, #12]
 1156 0128 93F89C32 		ldrb	r3, [r3, #668]
 1157 012c DBB2     		uxtb	r3, r3
 1158              		.loc 1 752 10
 1159 012e 032B     		cmp	r3, #3
 1160 0130 1CD1     		bne	.L51
 753:Middlewares/ST/STM32_USB_Device_Library/Core/Src/usbd_core.c ****       {
 754:Middlewares/ST/STM32_USB_Device_Library/Core/Src/usbd_core.c ****         if (pdev->pClass[idx]->DataIn != NULL)
 1161              		.loc 1 754 25
 1162 0132 FA7D     		ldrb	r2, [r7, #23]	@ zero_extendqisi2
 1163 0134 FB68     		ldr	r3, [r7, #12]
 1164 0136 AE32     		adds	r2, r2, #174
 1165 0138 53F82230 		ldr	r3, [r3, r2, lsl #2]
 1166              		.loc 1 754 30
 1167 013c 5B69     		ldr	r3, [r3, #20]
 1168              		.loc 1 754 12
 1169 013e 002B     		cmp	r3, #0
 1170 0140 14D0     		beq	.L51
 755:Middlewares/ST/STM32_USB_Device_Library/Core/Src/usbd_core.c ****         {
 756:Middlewares/ST/STM32_USB_Device_Library/Core/Src/usbd_core.c ****           pdev->classId = idx;
 1171              		.loc 1 756 25
 1172 0142 FA7D     		ldrb	r2, [r7, #23]	@ zero_extendqisi2
 1173 0144 FB68     		ldr	r3, [r7, #12]
 1174 0146 C3F8D422 		str	r2, [r3, #724]
 757:Middlewares/ST/STM32_USB_Device_Library/Core/Src/usbd_core.c ****           ret = (USBD_StatusTypeDef)pdev->pClass[idx]->DataIn(pdev, epnum);
 1175              		.loc 1 757 49
 1176 014a FA7D     		ldrb	r2, [r7, #23]	@ zero_extendqisi2
 1177 014c FB68     		ldr	r3, [r7, #12]
 1178 014e AE32     		adds	r2, r2, #174
 1179 0150 53F82230 		ldr	r3, [r3, r2, lsl #2]
 1180              		.loc 1 757 54
 1181 0154 5B69     		ldr	r3, [r3, #20]
 1182              		.loc 1 757 37
 1183 0156 FA7A     		ldrb	r2, [r7, #11]	@ zero_extendqisi2
 1184 0158 1146     		mov	r1, r2
 1185 015a F868     		ldr	r0, [r7, #12]
 1186 015c 9847     		blx	r3
 1187              	.LVL8:
 1188 015e 0346     		mov	r3, r0
 1189 0160 BB75     		strb	r3, [r7, #22]
 758:Middlewares/ST/STM32_USB_Device_Library/Core/Src/usbd_core.c **** 
 759:Middlewares/ST/STM32_USB_Device_Library/Core/Src/usbd_core.c ****           if (ret != USBD_OK)
 1190              		.loc 1 759 14
 1191 0162 BB7D     		ldrb	r3, [r7, #22]	@ zero_extendqisi2
 1192 0164 002B     		cmp	r3, #0
 1193 0166 01D0     		beq	.L51
 760:Middlewares/ST/STM32_USB_Device_Library/Core/Src/usbd_core.c ****           {
 761:Middlewares/ST/STM32_USB_Device_Library/Core/Src/usbd_core.c ****             return ret;
 1194              		.loc 1 761 20
 1195 0168 BB7D     		ldrb	r3, [r7, #22]	@ zero_extendqisi2
 1196 016a 00E0     		b	.L52
ARM GAS  C:\Users\DAELT-~1\AppData\Local\Temp\ccu4V9Sc.s 			page 35


 1197              	.L51:
 762:Middlewares/ST/STM32_USB_Device_Library/Core/Src/usbd_core.c ****           }
 763:Middlewares/ST/STM32_USB_Device_Library/Core/Src/usbd_core.c ****         }
 764:Middlewares/ST/STM32_USB_Device_Library/Core/Src/usbd_core.c ****       }
 765:Middlewares/ST/STM32_USB_Device_Library/Core/Src/usbd_core.c ****     }
 766:Middlewares/ST/STM32_USB_Device_Library/Core/Src/usbd_core.c ****   }
 767:Middlewares/ST/STM32_USB_Device_Library/Core/Src/usbd_core.c **** 
 768:Middlewares/ST/STM32_USB_Device_Library/Core/Src/usbd_core.c ****   return USBD_OK;
 1198              		.loc 1 768 10
 1199 016c 0023     		movs	r3, #0
 1200              	.L52:
 769:Middlewares/ST/STM32_USB_Device_Library/Core/Src/usbd_core.c **** }
 1201              		.loc 1 769 1
 1202 016e 1846     		mov	r0, r3
 1203 0170 1837     		adds	r7, r7, #24
 1204              	.LCFI54:
 1205              		.cfi_def_cfa_offset 8
 1206 0172 BD46     		mov	sp, r7
 1207              	.LCFI55:
 1208              		.cfi_def_cfa_register 13
 1209              		@ sp needed
 1210 0174 80BD     		pop	{r7, pc}
 1211              		.cfi_endproc
 1212              	.LFE234:
 1214              		.section	.text.USBD_LL_Reset,"ax",%progbits
 1215              		.align	1
 1216              		.global	USBD_LL_Reset
 1217              		.syntax unified
 1218              		.thumb
 1219              		.thumb_func
 1221              	USBD_LL_Reset:
 1222              	.LFB235:
 770:Middlewares/ST/STM32_USB_Device_Library/Core/Src/usbd_core.c **** 
 771:Middlewares/ST/STM32_USB_Device_Library/Core/Src/usbd_core.c **** /**
 772:Middlewares/ST/STM32_USB_Device_Library/Core/Src/usbd_core.c ****   * @brief  USBD_LL_Reset
 773:Middlewares/ST/STM32_USB_Device_Library/Core/Src/usbd_core.c ****   *         Handle Reset event
 774:Middlewares/ST/STM32_USB_Device_Library/Core/Src/usbd_core.c ****   * @param  pdev: device instance
 775:Middlewares/ST/STM32_USB_Device_Library/Core/Src/usbd_core.c ****   * @retval status
 776:Middlewares/ST/STM32_USB_Device_Library/Core/Src/usbd_core.c ****   */
 777:Middlewares/ST/STM32_USB_Device_Library/Core/Src/usbd_core.c **** USBD_StatusTypeDef USBD_LL_Reset(USBD_HandleTypeDef *pdev)
 778:Middlewares/ST/STM32_USB_Device_Library/Core/Src/usbd_core.c **** {
 1223              		.loc 1 778 1
 1224              		.cfi_startproc
 1225              		@ args = 0, pretend = 0, frame = 16
 1226              		@ frame_needed = 1, uses_anonymous_args = 0
 1227 0000 80B5     		push	{r7, lr}
 1228              	.LCFI56:
 1229              		.cfi_def_cfa_offset 8
 1230              		.cfi_offset 7, -8
 1231              		.cfi_offset 14, -4
 1232 0002 84B0     		sub	sp, sp, #16
 1233              	.LCFI57:
 1234              		.cfi_def_cfa_offset 24
 1235 0004 00AF     		add	r7, sp, #0
 1236              	.LCFI58:
 1237              		.cfi_def_cfa_register 7
 1238 0006 7860     		str	r0, [r7, #4]
ARM GAS  C:\Users\DAELT-~1\AppData\Local\Temp\ccu4V9Sc.s 			page 36


 779:Middlewares/ST/STM32_USB_Device_Library/Core/Src/usbd_core.c ****   USBD_StatusTypeDef ret = USBD_OK;
 1239              		.loc 1 779 22
 1240 0008 0023     		movs	r3, #0
 1241 000a FB73     		strb	r3, [r7, #15]
 780:Middlewares/ST/STM32_USB_Device_Library/Core/Src/usbd_core.c **** 
 781:Middlewares/ST/STM32_USB_Device_Library/Core/Src/usbd_core.c ****   /* Upon Reset call user call back */
 782:Middlewares/ST/STM32_USB_Device_Library/Core/Src/usbd_core.c ****   pdev->dev_state = USBD_STATE_DEFAULT;
 1242              		.loc 1 782 19
 1243 000c 7B68     		ldr	r3, [r7, #4]
 1244 000e 0122     		movs	r2, #1
 1245 0010 83F89C22 		strb	r2, [r3, #668]
 783:Middlewares/ST/STM32_USB_Device_Library/Core/Src/usbd_core.c ****   pdev->ep0_state = USBD_EP0_IDLE;
 1246              		.loc 1 783 19
 1247 0014 7B68     		ldr	r3, [r7, #4]
 1248 0016 0022     		movs	r2, #0
 1249 0018 C3F89422 		str	r2, [r3, #660]
 784:Middlewares/ST/STM32_USB_Device_Library/Core/Src/usbd_core.c ****   pdev->dev_config = 0U;
 1250              		.loc 1 784 20
 1251 001c 7B68     		ldr	r3, [r7, #4]
 1252 001e 0022     		movs	r2, #0
 1253 0020 5A60     		str	r2, [r3, #4]
 785:Middlewares/ST/STM32_USB_Device_Library/Core/Src/usbd_core.c ****   pdev->dev_remote_wakeup = 0U;
 1254              		.loc 1 785 27
 1255 0022 7B68     		ldr	r3, [r7, #4]
 1256 0024 0022     		movs	r2, #0
 1257 0026 C3F8A422 		str	r2, [r3, #676]
 786:Middlewares/ST/STM32_USB_Device_Library/Core/Src/usbd_core.c ****   pdev->dev_test_mode = 0U;
 1258              		.loc 1 786 23
 1259 002a 7B68     		ldr	r3, [r7, #4]
 1260 002c 0022     		movs	r2, #0
 1261 002e 83F8A022 		strb	r2, [r3, #672]
 787:Middlewares/ST/STM32_USB_Device_Library/Core/Src/usbd_core.c **** 
 788:Middlewares/ST/STM32_USB_Device_Library/Core/Src/usbd_core.c **** #ifdef USE_USBD_COMPOSITE
 789:Middlewares/ST/STM32_USB_Device_Library/Core/Src/usbd_core.c ****   /* Parse the table of classes in use */
 790:Middlewares/ST/STM32_USB_Device_Library/Core/Src/usbd_core.c ****   for (uint32_t i = 0U; i < USBD_MAX_SUPPORTED_CLASS; i++)
 791:Middlewares/ST/STM32_USB_Device_Library/Core/Src/usbd_core.c ****   {
 792:Middlewares/ST/STM32_USB_Device_Library/Core/Src/usbd_core.c ****     /* Check if current class is in use */
 793:Middlewares/ST/STM32_USB_Device_Library/Core/Src/usbd_core.c ****     if ((pdev->tclasslist[i].Active) == 1U)
 794:Middlewares/ST/STM32_USB_Device_Library/Core/Src/usbd_core.c ****     {
 795:Middlewares/ST/STM32_USB_Device_Library/Core/Src/usbd_core.c ****       if (pdev->pClass[i] != NULL)
 796:Middlewares/ST/STM32_USB_Device_Library/Core/Src/usbd_core.c ****       {
 797:Middlewares/ST/STM32_USB_Device_Library/Core/Src/usbd_core.c ****         pdev->classId = i;
 798:Middlewares/ST/STM32_USB_Device_Library/Core/Src/usbd_core.c ****         /* Clear configuration  and De-initialize the Class process*/
 799:Middlewares/ST/STM32_USB_Device_Library/Core/Src/usbd_core.c **** 
 800:Middlewares/ST/STM32_USB_Device_Library/Core/Src/usbd_core.c ****         if (pdev->pClass[i]->DeInit != NULL)
 801:Middlewares/ST/STM32_USB_Device_Library/Core/Src/usbd_core.c ****         {
 802:Middlewares/ST/STM32_USB_Device_Library/Core/Src/usbd_core.c ****           if (pdev->pClass[i]->DeInit(pdev, (uint8_t)pdev->dev_config) != USBD_OK)
 803:Middlewares/ST/STM32_USB_Device_Library/Core/Src/usbd_core.c ****           {
 804:Middlewares/ST/STM32_USB_Device_Library/Core/Src/usbd_core.c ****             ret = USBD_FAIL;
 805:Middlewares/ST/STM32_USB_Device_Library/Core/Src/usbd_core.c ****           }
 806:Middlewares/ST/STM32_USB_Device_Library/Core/Src/usbd_core.c ****         }
 807:Middlewares/ST/STM32_USB_Device_Library/Core/Src/usbd_core.c ****       }
 808:Middlewares/ST/STM32_USB_Device_Library/Core/Src/usbd_core.c ****     }
 809:Middlewares/ST/STM32_USB_Device_Library/Core/Src/usbd_core.c ****   }
 810:Middlewares/ST/STM32_USB_Device_Library/Core/Src/usbd_core.c **** #else
 811:Middlewares/ST/STM32_USB_Device_Library/Core/Src/usbd_core.c **** 
 812:Middlewares/ST/STM32_USB_Device_Library/Core/Src/usbd_core.c ****   if (pdev->pClass[0] != NULL)
ARM GAS  C:\Users\DAELT-~1\AppData\Local\Temp\ccu4V9Sc.s 			page 37


 1262              		.loc 1 812 19
 1263 0032 7B68     		ldr	r3, [r7, #4]
 1264 0034 D3F8B832 		ldr	r3, [r3, #696]
 1265              		.loc 1 812 6
 1266 0038 002B     		cmp	r3, #0
 1267 003a 14D0     		beq	.L54
 813:Middlewares/ST/STM32_USB_Device_Library/Core/Src/usbd_core.c ****   {
 814:Middlewares/ST/STM32_USB_Device_Library/Core/Src/usbd_core.c ****     if (pdev->pClass[0]->DeInit != NULL)
 1268              		.loc 1 814 21
 1269 003c 7B68     		ldr	r3, [r7, #4]
 1270 003e D3F8B832 		ldr	r3, [r3, #696]
 1271              		.loc 1 814 24
 1272 0042 5B68     		ldr	r3, [r3, #4]
 1273              		.loc 1 814 8
 1274 0044 002B     		cmp	r3, #0
 1275 0046 0ED0     		beq	.L54
 815:Middlewares/ST/STM32_USB_Device_Library/Core/Src/usbd_core.c ****     {
 816:Middlewares/ST/STM32_USB_Device_Library/Core/Src/usbd_core.c ****       if (pdev->pClass[0]->DeInit(pdev, (uint8_t)pdev->dev_config) != USBD_OK)
 1276              		.loc 1 816 23
 1277 0048 7B68     		ldr	r3, [r7, #4]
 1278 004a D3F8B832 		ldr	r3, [r3, #696]
 1279              		.loc 1 816 26
 1280 004e 5B68     		ldr	r3, [r3, #4]
 1281              		.loc 1 816 54
 1282 0050 7A68     		ldr	r2, [r7, #4]
 1283 0052 5268     		ldr	r2, [r2, #4]
 1284              		.loc 1 816 11
 1285 0054 D2B2     		uxtb	r2, r2
 1286 0056 1146     		mov	r1, r2
 1287 0058 7868     		ldr	r0, [r7, #4]
 1288 005a 9847     		blx	r3
 1289              	.LVL9:
 1290 005c 0346     		mov	r3, r0
 1291              		.loc 1 816 10 discriminator 1
 1292 005e 002B     		cmp	r3, #0
 1293 0060 01D0     		beq	.L54
 817:Middlewares/ST/STM32_USB_Device_Library/Core/Src/usbd_core.c ****       {
 818:Middlewares/ST/STM32_USB_Device_Library/Core/Src/usbd_core.c ****         ret = USBD_FAIL;
 1294              		.loc 1 818 13
 1295 0062 0323     		movs	r3, #3
 1296 0064 FB73     		strb	r3, [r7, #15]
 1297              	.L54:
 819:Middlewares/ST/STM32_USB_Device_Library/Core/Src/usbd_core.c ****       }
 820:Middlewares/ST/STM32_USB_Device_Library/Core/Src/usbd_core.c ****     }
 821:Middlewares/ST/STM32_USB_Device_Library/Core/Src/usbd_core.c ****   }
 822:Middlewares/ST/STM32_USB_Device_Library/Core/Src/usbd_core.c **** #endif /* USE_USBD_COMPOSITE */
 823:Middlewares/ST/STM32_USB_Device_Library/Core/Src/usbd_core.c **** 
 824:Middlewares/ST/STM32_USB_Device_Library/Core/Src/usbd_core.c ****   /* Open EP0 OUT */
 825:Middlewares/ST/STM32_USB_Device_Library/Core/Src/usbd_core.c ****   (void)USBD_LL_OpenEP(pdev, 0x00U, USBD_EP_TYPE_CTRL, USB_MAX_EP0_SIZE);
 1298              		.loc 1 825 9
 1299 0066 4023     		movs	r3, #64
 1300 0068 0022     		movs	r2, #0
 1301 006a 0021     		movs	r1, #0
 1302 006c 7868     		ldr	r0, [r7, #4]
 1303 006e FFF7FEFF 		bl	USBD_LL_OpenEP
 826:Middlewares/ST/STM32_USB_Device_Library/Core/Src/usbd_core.c ****   pdev->ep_out[0x00U & 0xFU].is_used = 1U;
 1304              		.loc 1 826 38
ARM GAS  C:\Users\DAELT-~1\AppData\Local\Temp\ccu4V9Sc.s 			page 38


 1305 0072 7B68     		ldr	r3, [r7, #4]
 1306 0074 0122     		movs	r2, #1
 1307 0076 83F86321 		strb	r2, [r3, #355]
 827:Middlewares/ST/STM32_USB_Device_Library/Core/Src/usbd_core.c **** 
 828:Middlewares/ST/STM32_USB_Device_Library/Core/Src/usbd_core.c ****   pdev->ep_out[0].maxpacket = USB_MAX_EP0_SIZE;
 1308              		.loc 1 828 29
 1309 007a 7B68     		ldr	r3, [r7, #4]
 1310 007c 4022     		movs	r2, #64
 1311 007e A3F86021 		strh	r2, [r3, #352]	@ movhi
 829:Middlewares/ST/STM32_USB_Device_Library/Core/Src/usbd_core.c **** 
 830:Middlewares/ST/STM32_USB_Device_Library/Core/Src/usbd_core.c ****   /* Open EP0 IN */
 831:Middlewares/ST/STM32_USB_Device_Library/Core/Src/usbd_core.c ****   (void)USBD_LL_OpenEP(pdev, 0x80U, USBD_EP_TYPE_CTRL, USB_MAX_EP0_SIZE);
 1312              		.loc 1 831 9
 1313 0082 4023     		movs	r3, #64
 1314 0084 0022     		movs	r2, #0
 1315 0086 8021     		movs	r1, #128
 1316 0088 7868     		ldr	r0, [r7, #4]
 1317 008a FFF7FEFF 		bl	USBD_LL_OpenEP
 832:Middlewares/ST/STM32_USB_Device_Library/Core/Src/usbd_core.c ****   pdev->ep_in[0x80U & 0xFU].is_used = 1U;
 1318              		.loc 1 832 37
 1319 008e 7B68     		ldr	r3, [r7, #4]
 1320 0090 0122     		movs	r2, #1
 1321 0092 83F82320 		strb	r2, [r3, #35]
 833:Middlewares/ST/STM32_USB_Device_Library/Core/Src/usbd_core.c **** 
 834:Middlewares/ST/STM32_USB_Device_Library/Core/Src/usbd_core.c ****   pdev->ep_in[0].maxpacket = USB_MAX_EP0_SIZE;
 1322              		.loc 1 834 28
 1323 0096 7B68     		ldr	r3, [r7, #4]
 1324 0098 4022     		movs	r2, #64
 1325 009a 1A84     		strh	r2, [r3, #32]	@ movhi
 835:Middlewares/ST/STM32_USB_Device_Library/Core/Src/usbd_core.c **** 
 836:Middlewares/ST/STM32_USB_Device_Library/Core/Src/usbd_core.c ****   return ret;
 1326              		.loc 1 836 10
 1327 009c FB7B     		ldrb	r3, [r7, #15]	@ zero_extendqisi2
 837:Middlewares/ST/STM32_USB_Device_Library/Core/Src/usbd_core.c **** }
 1328              		.loc 1 837 1
 1329 009e 1846     		mov	r0, r3
 1330 00a0 1037     		adds	r7, r7, #16
 1331              	.LCFI59:
 1332              		.cfi_def_cfa_offset 8
 1333 00a2 BD46     		mov	sp, r7
 1334              	.LCFI60:
 1335              		.cfi_def_cfa_register 13
 1336              		@ sp needed
 1337 00a4 80BD     		pop	{r7, pc}
 1338              		.cfi_endproc
 1339              	.LFE235:
 1341              		.section	.text.USBD_LL_SetSpeed,"ax",%progbits
 1342              		.align	1
 1343              		.global	USBD_LL_SetSpeed
 1344              		.syntax unified
 1345              		.thumb
 1346              		.thumb_func
 1348              	USBD_LL_SetSpeed:
 1349              	.LFB236:
 838:Middlewares/ST/STM32_USB_Device_Library/Core/Src/usbd_core.c **** 
 839:Middlewares/ST/STM32_USB_Device_Library/Core/Src/usbd_core.c **** /**
 840:Middlewares/ST/STM32_USB_Device_Library/Core/Src/usbd_core.c ****   * @brief  USBD_LL_SetSpeed
ARM GAS  C:\Users\DAELT-~1\AppData\Local\Temp\ccu4V9Sc.s 			page 39


 841:Middlewares/ST/STM32_USB_Device_Library/Core/Src/usbd_core.c ****   *         Handle Reset event
 842:Middlewares/ST/STM32_USB_Device_Library/Core/Src/usbd_core.c ****   * @param  pdev: device instance
 843:Middlewares/ST/STM32_USB_Device_Library/Core/Src/usbd_core.c ****   * @retval status
 844:Middlewares/ST/STM32_USB_Device_Library/Core/Src/usbd_core.c ****   */
 845:Middlewares/ST/STM32_USB_Device_Library/Core/Src/usbd_core.c **** USBD_StatusTypeDef USBD_LL_SetSpeed(USBD_HandleTypeDef *pdev,
 846:Middlewares/ST/STM32_USB_Device_Library/Core/Src/usbd_core.c ****                                     USBD_SpeedTypeDef speed)
 847:Middlewares/ST/STM32_USB_Device_Library/Core/Src/usbd_core.c **** {
 1350              		.loc 1 847 1
 1351              		.cfi_startproc
 1352              		@ args = 0, pretend = 0, frame = 8
 1353              		@ frame_needed = 1, uses_anonymous_args = 0
 1354              		@ link register save eliminated.
 1355 0000 80B4     		push	{r7}
 1356              	.LCFI61:
 1357              		.cfi_def_cfa_offset 4
 1358              		.cfi_offset 7, -4
 1359 0002 83B0     		sub	sp, sp, #12
 1360              	.LCFI62:
 1361              		.cfi_def_cfa_offset 16
 1362 0004 00AF     		add	r7, sp, #0
 1363              	.LCFI63:
 1364              		.cfi_def_cfa_register 7
 1365 0006 7860     		str	r0, [r7, #4]
 1366 0008 0B46     		mov	r3, r1
 1367 000a FB70     		strb	r3, [r7, #3]
 848:Middlewares/ST/STM32_USB_Device_Library/Core/Src/usbd_core.c ****   pdev->dev_speed = speed;
 1368              		.loc 1 848 19
 1369 000c 7B68     		ldr	r3, [r7, #4]
 1370 000e FA78     		ldrb	r2, [r7, #3]
 1371 0010 1A74     		strb	r2, [r3, #16]
 849:Middlewares/ST/STM32_USB_Device_Library/Core/Src/usbd_core.c **** 
 850:Middlewares/ST/STM32_USB_Device_Library/Core/Src/usbd_core.c ****   return USBD_OK;
 1372              		.loc 1 850 10
 1373 0012 0023     		movs	r3, #0
 851:Middlewares/ST/STM32_USB_Device_Library/Core/Src/usbd_core.c **** }
 1374              		.loc 1 851 1
 1375 0014 1846     		mov	r0, r3
 1376 0016 0C37     		adds	r7, r7, #12
 1377              	.LCFI64:
 1378              		.cfi_def_cfa_offset 4
 1379 0018 BD46     		mov	sp, r7
 1380              	.LCFI65:
 1381              		.cfi_def_cfa_register 13
 1382              		@ sp needed
 1383 001a 5DF8047B 		ldr	r7, [sp], #4
 1384              	.LCFI66:
 1385              		.cfi_restore 7
 1386              		.cfi_def_cfa_offset 0
 1387 001e 7047     		bx	lr
 1388              		.cfi_endproc
 1389              	.LFE236:
 1391              		.section	.text.USBD_LL_Suspend,"ax",%progbits
 1392              		.align	1
 1393              		.global	USBD_LL_Suspend
 1394              		.syntax unified
 1395              		.thumb
 1396              		.thumb_func
ARM GAS  C:\Users\DAELT-~1\AppData\Local\Temp\ccu4V9Sc.s 			page 40


 1398              	USBD_LL_Suspend:
 1399              	.LFB237:
 852:Middlewares/ST/STM32_USB_Device_Library/Core/Src/usbd_core.c **** 
 853:Middlewares/ST/STM32_USB_Device_Library/Core/Src/usbd_core.c **** /**
 854:Middlewares/ST/STM32_USB_Device_Library/Core/Src/usbd_core.c ****   * @brief  USBD_LL_Suspend
 855:Middlewares/ST/STM32_USB_Device_Library/Core/Src/usbd_core.c ****   *         Handle Suspend event
 856:Middlewares/ST/STM32_USB_Device_Library/Core/Src/usbd_core.c ****   * @param  pdev: device instance
 857:Middlewares/ST/STM32_USB_Device_Library/Core/Src/usbd_core.c ****   * @retval status
 858:Middlewares/ST/STM32_USB_Device_Library/Core/Src/usbd_core.c ****   */
 859:Middlewares/ST/STM32_USB_Device_Library/Core/Src/usbd_core.c **** USBD_StatusTypeDef USBD_LL_Suspend(USBD_HandleTypeDef *pdev)
 860:Middlewares/ST/STM32_USB_Device_Library/Core/Src/usbd_core.c **** {
 1400              		.loc 1 860 1
 1401              		.cfi_startproc
 1402              		@ args = 0, pretend = 0, frame = 8
 1403              		@ frame_needed = 1, uses_anonymous_args = 0
 1404              		@ link register save eliminated.
 1405 0000 80B4     		push	{r7}
 1406              	.LCFI67:
 1407              		.cfi_def_cfa_offset 4
 1408              		.cfi_offset 7, -4
 1409 0002 83B0     		sub	sp, sp, #12
 1410              	.LCFI68:
 1411              		.cfi_def_cfa_offset 16
 1412 0004 00AF     		add	r7, sp, #0
 1413              	.LCFI69:
 1414              		.cfi_def_cfa_register 7
 1415 0006 7860     		str	r0, [r7, #4]
 861:Middlewares/ST/STM32_USB_Device_Library/Core/Src/usbd_core.c ****   if (pdev->dev_state != USBD_STATE_SUSPENDED)
 1416              		.loc 1 861 11
 1417 0008 7B68     		ldr	r3, [r7, #4]
 1418 000a 93F89C32 		ldrb	r3, [r3, #668]
 1419 000e DBB2     		uxtb	r3, r3
 1420              		.loc 1 861 6
 1421 0010 042B     		cmp	r3, #4
 1422 0012 06D0     		beq	.L59
 862:Middlewares/ST/STM32_USB_Device_Library/Core/Src/usbd_core.c ****   {
 863:Middlewares/ST/STM32_USB_Device_Library/Core/Src/usbd_core.c ****     pdev->dev_old_state = pdev->dev_state;
 1423              		.loc 1 863 31
 1424 0014 7B68     		ldr	r3, [r7, #4]
 1425 0016 93F89C32 		ldrb	r3, [r3, #668]
 1426 001a DAB2     		uxtb	r2, r3
 1427              		.loc 1 863 25
 1428 001c 7B68     		ldr	r3, [r7, #4]
 1429 001e 83F89D22 		strb	r2, [r3, #669]
 1430              	.L59:
 864:Middlewares/ST/STM32_USB_Device_Library/Core/Src/usbd_core.c ****   }
 865:Middlewares/ST/STM32_USB_Device_Library/Core/Src/usbd_core.c **** 
 866:Middlewares/ST/STM32_USB_Device_Library/Core/Src/usbd_core.c ****   pdev->dev_state = USBD_STATE_SUSPENDED;
 1431              		.loc 1 866 19
 1432 0022 7B68     		ldr	r3, [r7, #4]
 1433 0024 0422     		movs	r2, #4
 1434 0026 83F89C22 		strb	r2, [r3, #668]
 867:Middlewares/ST/STM32_USB_Device_Library/Core/Src/usbd_core.c **** 
 868:Middlewares/ST/STM32_USB_Device_Library/Core/Src/usbd_core.c ****   return USBD_OK;
 1435              		.loc 1 868 10
 1436 002a 0023     		movs	r3, #0
 869:Middlewares/ST/STM32_USB_Device_Library/Core/Src/usbd_core.c **** }
ARM GAS  C:\Users\DAELT-~1\AppData\Local\Temp\ccu4V9Sc.s 			page 41


 1437              		.loc 1 869 1
 1438 002c 1846     		mov	r0, r3
 1439 002e 0C37     		adds	r7, r7, #12
 1440              	.LCFI70:
 1441              		.cfi_def_cfa_offset 4
 1442 0030 BD46     		mov	sp, r7
 1443              	.LCFI71:
 1444              		.cfi_def_cfa_register 13
 1445              		@ sp needed
 1446 0032 5DF8047B 		ldr	r7, [sp], #4
 1447              	.LCFI72:
 1448              		.cfi_restore 7
 1449              		.cfi_def_cfa_offset 0
 1450 0036 7047     		bx	lr
 1451              		.cfi_endproc
 1452              	.LFE237:
 1454              		.section	.text.USBD_LL_Resume,"ax",%progbits
 1455              		.align	1
 1456              		.global	USBD_LL_Resume
 1457              		.syntax unified
 1458              		.thumb
 1459              		.thumb_func
 1461              	USBD_LL_Resume:
 1462              	.LFB238:
 870:Middlewares/ST/STM32_USB_Device_Library/Core/Src/usbd_core.c **** 
 871:Middlewares/ST/STM32_USB_Device_Library/Core/Src/usbd_core.c **** /**
 872:Middlewares/ST/STM32_USB_Device_Library/Core/Src/usbd_core.c ****   * @brief  USBD_LL_Resume
 873:Middlewares/ST/STM32_USB_Device_Library/Core/Src/usbd_core.c ****   *         Handle Resume event
 874:Middlewares/ST/STM32_USB_Device_Library/Core/Src/usbd_core.c ****   * @param  pdev: device instance
 875:Middlewares/ST/STM32_USB_Device_Library/Core/Src/usbd_core.c ****   * @retval status
 876:Middlewares/ST/STM32_USB_Device_Library/Core/Src/usbd_core.c ****   */
 877:Middlewares/ST/STM32_USB_Device_Library/Core/Src/usbd_core.c **** USBD_StatusTypeDef USBD_LL_Resume(USBD_HandleTypeDef *pdev)
 878:Middlewares/ST/STM32_USB_Device_Library/Core/Src/usbd_core.c **** {
 1463              		.loc 1 878 1
 1464              		.cfi_startproc
 1465              		@ args = 0, pretend = 0, frame = 8
 1466              		@ frame_needed = 1, uses_anonymous_args = 0
 1467              		@ link register save eliminated.
 1468 0000 80B4     		push	{r7}
 1469              	.LCFI73:
 1470              		.cfi_def_cfa_offset 4
 1471              		.cfi_offset 7, -4
 1472 0002 83B0     		sub	sp, sp, #12
 1473              	.LCFI74:
 1474              		.cfi_def_cfa_offset 16
 1475 0004 00AF     		add	r7, sp, #0
 1476              	.LCFI75:
 1477              		.cfi_def_cfa_register 7
 1478 0006 7860     		str	r0, [r7, #4]
 879:Middlewares/ST/STM32_USB_Device_Library/Core/Src/usbd_core.c ****   if (pdev->dev_state == USBD_STATE_SUSPENDED)
 1479              		.loc 1 879 11
 1480 0008 7B68     		ldr	r3, [r7, #4]
 1481 000a 93F89C32 		ldrb	r3, [r3, #668]
 1482 000e DBB2     		uxtb	r3, r3
 1483              		.loc 1 879 6
 1484 0010 042B     		cmp	r3, #4
 1485 0012 06D1     		bne	.L62
ARM GAS  C:\Users\DAELT-~1\AppData\Local\Temp\ccu4V9Sc.s 			page 42


 880:Middlewares/ST/STM32_USB_Device_Library/Core/Src/usbd_core.c ****   {
 881:Middlewares/ST/STM32_USB_Device_Library/Core/Src/usbd_core.c ****     pdev->dev_state = pdev->dev_old_state;
 1486              		.loc 1 881 27
 1487 0014 7B68     		ldr	r3, [r7, #4]
 1488 0016 93F89D32 		ldrb	r3, [r3, #669]
 1489 001a DAB2     		uxtb	r2, r3
 1490              		.loc 1 881 21
 1491 001c 7B68     		ldr	r3, [r7, #4]
 1492 001e 83F89C22 		strb	r2, [r3, #668]
 1493              	.L62:
 882:Middlewares/ST/STM32_USB_Device_Library/Core/Src/usbd_core.c ****   }
 883:Middlewares/ST/STM32_USB_Device_Library/Core/Src/usbd_core.c **** 
 884:Middlewares/ST/STM32_USB_Device_Library/Core/Src/usbd_core.c ****   return USBD_OK;
 1494              		.loc 1 884 10
 1495 0022 0023     		movs	r3, #0
 885:Middlewares/ST/STM32_USB_Device_Library/Core/Src/usbd_core.c **** }
 1496              		.loc 1 885 1
 1497 0024 1846     		mov	r0, r3
 1498 0026 0C37     		adds	r7, r7, #12
 1499              	.LCFI76:
 1500              		.cfi_def_cfa_offset 4
 1501 0028 BD46     		mov	sp, r7
 1502              	.LCFI77:
 1503              		.cfi_def_cfa_register 13
 1504              		@ sp needed
 1505 002a 5DF8047B 		ldr	r7, [sp], #4
 1506              	.LCFI78:
 1507              		.cfi_restore 7
 1508              		.cfi_def_cfa_offset 0
 1509 002e 7047     		bx	lr
 1510              		.cfi_endproc
 1511              	.LFE238:
 1513              		.section	.text.USBD_LL_SOF,"ax",%progbits
 1514              		.align	1
 1515              		.global	USBD_LL_SOF
 1516              		.syntax unified
 1517              		.thumb
 1518              		.thumb_func
 1520              	USBD_LL_SOF:
 1521              	.LFB239:
 886:Middlewares/ST/STM32_USB_Device_Library/Core/Src/usbd_core.c **** 
 887:Middlewares/ST/STM32_USB_Device_Library/Core/Src/usbd_core.c **** /**
 888:Middlewares/ST/STM32_USB_Device_Library/Core/Src/usbd_core.c ****   * @brief  USBD_LL_SOF
 889:Middlewares/ST/STM32_USB_Device_Library/Core/Src/usbd_core.c ****   *         Handle SOF event
 890:Middlewares/ST/STM32_USB_Device_Library/Core/Src/usbd_core.c ****   * @param  pdev: device instance
 891:Middlewares/ST/STM32_USB_Device_Library/Core/Src/usbd_core.c ****   * @retval status
 892:Middlewares/ST/STM32_USB_Device_Library/Core/Src/usbd_core.c ****   */
 893:Middlewares/ST/STM32_USB_Device_Library/Core/Src/usbd_core.c **** USBD_StatusTypeDef USBD_LL_SOF(USBD_HandleTypeDef *pdev)
 894:Middlewares/ST/STM32_USB_Device_Library/Core/Src/usbd_core.c **** {
 1522              		.loc 1 894 1
 1523              		.cfi_startproc
 1524              		@ args = 0, pretend = 0, frame = 8
 1525              		@ frame_needed = 1, uses_anonymous_args = 0
 1526 0000 80B5     		push	{r7, lr}
 1527              	.LCFI79:
 1528              		.cfi_def_cfa_offset 8
 1529              		.cfi_offset 7, -8
ARM GAS  C:\Users\DAELT-~1\AppData\Local\Temp\ccu4V9Sc.s 			page 43


 1530              		.cfi_offset 14, -4
 1531 0002 82B0     		sub	sp, sp, #8
 1532              	.LCFI80:
 1533              		.cfi_def_cfa_offset 16
 1534 0004 00AF     		add	r7, sp, #0
 1535              	.LCFI81:
 1536              		.cfi_def_cfa_register 7
 1537 0006 7860     		str	r0, [r7, #4]
 895:Middlewares/ST/STM32_USB_Device_Library/Core/Src/usbd_core.c ****   /* The SOF event can be distributed for all classes that support it */
 896:Middlewares/ST/STM32_USB_Device_Library/Core/Src/usbd_core.c ****   if (pdev->dev_state == USBD_STATE_CONFIGURED)
 1538              		.loc 1 896 11
 1539 0008 7B68     		ldr	r3, [r7, #4]
 1540 000a 93F89C32 		ldrb	r3, [r3, #668]
 1541 000e DBB2     		uxtb	r3, r3
 1542              		.loc 1 896 6
 1543 0010 032B     		cmp	r3, #3
 1544 0012 10D1     		bne	.L65
 897:Middlewares/ST/STM32_USB_Device_Library/Core/Src/usbd_core.c ****   {
 898:Middlewares/ST/STM32_USB_Device_Library/Core/Src/usbd_core.c **** #ifdef USE_USBD_COMPOSITE
 899:Middlewares/ST/STM32_USB_Device_Library/Core/Src/usbd_core.c ****     /* Parse the table of classes in use */
 900:Middlewares/ST/STM32_USB_Device_Library/Core/Src/usbd_core.c ****     for (uint32_t i = 0; i < USBD_MAX_SUPPORTED_CLASS; i++)
 901:Middlewares/ST/STM32_USB_Device_Library/Core/Src/usbd_core.c ****     {
 902:Middlewares/ST/STM32_USB_Device_Library/Core/Src/usbd_core.c ****       /* Check if current class is in use */
 903:Middlewares/ST/STM32_USB_Device_Library/Core/Src/usbd_core.c ****       if ((pdev->tclasslist[i].Active) == 1U)
 904:Middlewares/ST/STM32_USB_Device_Library/Core/Src/usbd_core.c ****       {
 905:Middlewares/ST/STM32_USB_Device_Library/Core/Src/usbd_core.c ****         if (pdev->pClass[i] != NULL)
 906:Middlewares/ST/STM32_USB_Device_Library/Core/Src/usbd_core.c ****         {
 907:Middlewares/ST/STM32_USB_Device_Library/Core/Src/usbd_core.c ****           if (pdev->pClass[i]->SOF != NULL)
 908:Middlewares/ST/STM32_USB_Device_Library/Core/Src/usbd_core.c ****           {
 909:Middlewares/ST/STM32_USB_Device_Library/Core/Src/usbd_core.c ****             pdev->classId = i;
 910:Middlewares/ST/STM32_USB_Device_Library/Core/Src/usbd_core.c ****             (void)pdev->pClass[i]->SOF(pdev);
 911:Middlewares/ST/STM32_USB_Device_Library/Core/Src/usbd_core.c ****           }
 912:Middlewares/ST/STM32_USB_Device_Library/Core/Src/usbd_core.c ****         }
 913:Middlewares/ST/STM32_USB_Device_Library/Core/Src/usbd_core.c ****       }
 914:Middlewares/ST/STM32_USB_Device_Library/Core/Src/usbd_core.c ****     }
 915:Middlewares/ST/STM32_USB_Device_Library/Core/Src/usbd_core.c **** #else
 916:Middlewares/ST/STM32_USB_Device_Library/Core/Src/usbd_core.c ****     if (pdev->pClass[0] != NULL)
 1545              		.loc 1 916 21
 1546 0014 7B68     		ldr	r3, [r7, #4]
 1547 0016 D3F8B832 		ldr	r3, [r3, #696]
 1548              		.loc 1 916 8
 1549 001a 002B     		cmp	r3, #0
 1550 001c 0BD0     		beq	.L65
 917:Middlewares/ST/STM32_USB_Device_Library/Core/Src/usbd_core.c ****     {
 918:Middlewares/ST/STM32_USB_Device_Library/Core/Src/usbd_core.c ****       if (pdev->pClass[0]->SOF != NULL)
 1551              		.loc 1 918 23
 1552 001e 7B68     		ldr	r3, [r7, #4]
 1553 0020 D3F8B832 		ldr	r3, [r3, #696]
 1554              		.loc 1 918 26
 1555 0024 DB69     		ldr	r3, [r3, #28]
 1556              		.loc 1 918 10
 1557 0026 002B     		cmp	r3, #0
 1558 0028 05D0     		beq	.L65
 919:Middlewares/ST/STM32_USB_Device_Library/Core/Src/usbd_core.c ****       {
 920:Middlewares/ST/STM32_USB_Device_Library/Core/Src/usbd_core.c ****         (void)pdev->pClass[0]->SOF(pdev);
 1559              		.loc 1 920 27
 1560 002a 7B68     		ldr	r3, [r7, #4]
ARM GAS  C:\Users\DAELT-~1\AppData\Local\Temp\ccu4V9Sc.s 			page 44


 1561 002c D3F8B832 		ldr	r3, [r3, #696]
 1562              		.loc 1 920 30
 1563 0030 DB69     		ldr	r3, [r3, #28]
 1564              		.loc 1 920 15
 1565 0032 7868     		ldr	r0, [r7, #4]
 1566 0034 9847     		blx	r3
 1567              	.LVL10:
 1568              	.L65:
 921:Middlewares/ST/STM32_USB_Device_Library/Core/Src/usbd_core.c ****       }
 922:Middlewares/ST/STM32_USB_Device_Library/Core/Src/usbd_core.c ****     }
 923:Middlewares/ST/STM32_USB_Device_Library/Core/Src/usbd_core.c **** #endif /* USE_USBD_COMPOSITE */
 924:Middlewares/ST/STM32_USB_Device_Library/Core/Src/usbd_core.c ****   }
 925:Middlewares/ST/STM32_USB_Device_Library/Core/Src/usbd_core.c **** 
 926:Middlewares/ST/STM32_USB_Device_Library/Core/Src/usbd_core.c ****   return USBD_OK;
 1569              		.loc 1 926 10
 1570 0036 0023     		movs	r3, #0
 927:Middlewares/ST/STM32_USB_Device_Library/Core/Src/usbd_core.c **** }
 1571              		.loc 1 927 1
 1572 0038 1846     		mov	r0, r3
 1573 003a 0837     		adds	r7, r7, #8
 1574              	.LCFI82:
 1575              		.cfi_def_cfa_offset 8
 1576 003c BD46     		mov	sp, r7
 1577              	.LCFI83:
 1578              		.cfi_def_cfa_register 13
 1579              		@ sp needed
 1580 003e 80BD     		pop	{r7, pc}
 1581              		.cfi_endproc
 1582              	.LFE239:
 1584              		.section	.text.USBD_LL_IsoINIncomplete,"ax",%progbits
 1585              		.align	1
 1586              		.global	USBD_LL_IsoINIncomplete
 1587              		.syntax unified
 1588              		.thumb
 1589              		.thumb_func
 1591              	USBD_LL_IsoINIncomplete:
 1592              	.LFB240:
 928:Middlewares/ST/STM32_USB_Device_Library/Core/Src/usbd_core.c **** 
 929:Middlewares/ST/STM32_USB_Device_Library/Core/Src/usbd_core.c **** /**
 930:Middlewares/ST/STM32_USB_Device_Library/Core/Src/usbd_core.c ****   * @brief  USBD_LL_IsoINIncomplete
 931:Middlewares/ST/STM32_USB_Device_Library/Core/Src/usbd_core.c ****   *         Handle iso in incomplete event
 932:Middlewares/ST/STM32_USB_Device_Library/Core/Src/usbd_core.c ****   * @param  pdev: device instance
 933:Middlewares/ST/STM32_USB_Device_Library/Core/Src/usbd_core.c ****   * @param  epnum: Endpoint number
 934:Middlewares/ST/STM32_USB_Device_Library/Core/Src/usbd_core.c ****   * @retval status
 935:Middlewares/ST/STM32_USB_Device_Library/Core/Src/usbd_core.c ****   */
 936:Middlewares/ST/STM32_USB_Device_Library/Core/Src/usbd_core.c **** USBD_StatusTypeDef USBD_LL_IsoINIncomplete(USBD_HandleTypeDef *pdev,
 937:Middlewares/ST/STM32_USB_Device_Library/Core/Src/usbd_core.c ****                                            uint8_t epnum)
 938:Middlewares/ST/STM32_USB_Device_Library/Core/Src/usbd_core.c **** {
 1593              		.loc 1 938 1
 1594              		.cfi_startproc
 1595              		@ args = 0, pretend = 0, frame = 8
 1596              		@ frame_needed = 1, uses_anonymous_args = 0
 1597 0000 80B5     		push	{r7, lr}
 1598              	.LCFI84:
 1599              		.cfi_def_cfa_offset 8
 1600              		.cfi_offset 7, -8
 1601              		.cfi_offset 14, -4
ARM GAS  C:\Users\DAELT-~1\AppData\Local\Temp\ccu4V9Sc.s 			page 45


 1602 0002 82B0     		sub	sp, sp, #8
 1603              	.LCFI85:
 1604              		.cfi_def_cfa_offset 16
 1605 0004 00AF     		add	r7, sp, #0
 1606              	.LCFI86:
 1607              		.cfi_def_cfa_register 7
 1608 0006 7860     		str	r0, [r7, #4]
 1609 0008 0B46     		mov	r3, r1
 1610 000a FB70     		strb	r3, [r7, #3]
 939:Middlewares/ST/STM32_USB_Device_Library/Core/Src/usbd_core.c ****   if (pdev->pClass[pdev->classId] == NULL)
 1611              		.loc 1 939 24
 1612 000c 7B68     		ldr	r3, [r7, #4]
 1613 000e D3F8D422 		ldr	r2, [r3, #724]
 1614              		.loc 1 939 19
 1615 0012 7B68     		ldr	r3, [r7, #4]
 1616 0014 AE32     		adds	r2, r2, #174
 1617 0016 53F82230 		ldr	r3, [r3, r2, lsl #2]
 1618              		.loc 1 939 6
 1619 001a 002B     		cmp	r3, #0
 1620 001c 01D1     		bne	.L68
 940:Middlewares/ST/STM32_USB_Device_Library/Core/Src/usbd_core.c ****   {
 941:Middlewares/ST/STM32_USB_Device_Library/Core/Src/usbd_core.c ****     return USBD_FAIL;
 1621              		.loc 1 941 12
 1622 001e 0323     		movs	r3, #3
 1623 0020 1CE0     		b	.L69
 1624              	.L68:
 942:Middlewares/ST/STM32_USB_Device_Library/Core/Src/usbd_core.c ****   }
 943:Middlewares/ST/STM32_USB_Device_Library/Core/Src/usbd_core.c **** 
 944:Middlewares/ST/STM32_USB_Device_Library/Core/Src/usbd_core.c ****   if (pdev->dev_state == USBD_STATE_CONFIGURED)
 1625              		.loc 1 944 11
 1626 0022 7B68     		ldr	r3, [r7, #4]
 1627 0024 93F89C32 		ldrb	r3, [r3, #668]
 1628 0028 DBB2     		uxtb	r3, r3
 1629              		.loc 1 944 6
 1630 002a 032B     		cmp	r3, #3
 1631 002c 15D1     		bne	.L70
 945:Middlewares/ST/STM32_USB_Device_Library/Core/Src/usbd_core.c ****   {
 946:Middlewares/ST/STM32_USB_Device_Library/Core/Src/usbd_core.c ****     if (pdev->pClass[pdev->classId]->IsoINIncomplete != NULL)
 1632              		.loc 1 946 26
 1633 002e 7B68     		ldr	r3, [r7, #4]
 1634 0030 D3F8D422 		ldr	r2, [r3, #724]
 1635              		.loc 1 946 21
 1636 0034 7B68     		ldr	r3, [r7, #4]
 1637 0036 AE32     		adds	r2, r2, #174
 1638 0038 53F82230 		ldr	r3, [r3, r2, lsl #2]
 1639              		.loc 1 946 36
 1640 003c 1B6A     		ldr	r3, [r3, #32]
 1641              		.loc 1 946 8
 1642 003e 002B     		cmp	r3, #0
 1643 0040 0BD0     		beq	.L70
 947:Middlewares/ST/STM32_USB_Device_Library/Core/Src/usbd_core.c ****     {
 948:Middlewares/ST/STM32_USB_Device_Library/Core/Src/usbd_core.c ****       (void)pdev->pClass[pdev->classId]->IsoINIncomplete(pdev, epnum);
 1644              		.loc 1 948 30
 1645 0042 7B68     		ldr	r3, [r7, #4]
 1646 0044 D3F8D422 		ldr	r2, [r3, #724]
 1647              		.loc 1 948 25
 1648 0048 7B68     		ldr	r3, [r7, #4]
ARM GAS  C:\Users\DAELT-~1\AppData\Local\Temp\ccu4V9Sc.s 			page 46


 1649 004a AE32     		adds	r2, r2, #174
 1650 004c 53F82230 		ldr	r3, [r3, r2, lsl #2]
 1651              		.loc 1 948 40
 1652 0050 1B6A     		ldr	r3, [r3, #32]
 1653              		.loc 1 948 13
 1654 0052 FA78     		ldrb	r2, [r7, #3]	@ zero_extendqisi2
 1655 0054 1146     		mov	r1, r2
 1656 0056 7868     		ldr	r0, [r7, #4]
 1657 0058 9847     		blx	r3
 1658              	.LVL11:
 1659              	.L70:
 949:Middlewares/ST/STM32_USB_Device_Library/Core/Src/usbd_core.c ****     }
 950:Middlewares/ST/STM32_USB_Device_Library/Core/Src/usbd_core.c ****   }
 951:Middlewares/ST/STM32_USB_Device_Library/Core/Src/usbd_core.c **** 
 952:Middlewares/ST/STM32_USB_Device_Library/Core/Src/usbd_core.c ****   return USBD_OK;
 1660              		.loc 1 952 10
 1661 005a 0023     		movs	r3, #0
 1662              	.L69:
 953:Middlewares/ST/STM32_USB_Device_Library/Core/Src/usbd_core.c **** }
 1663              		.loc 1 953 1
 1664 005c 1846     		mov	r0, r3
 1665 005e 0837     		adds	r7, r7, #8
 1666              	.LCFI87:
 1667              		.cfi_def_cfa_offset 8
 1668 0060 BD46     		mov	sp, r7
 1669              	.LCFI88:
 1670              		.cfi_def_cfa_register 13
 1671              		@ sp needed
 1672 0062 80BD     		pop	{r7, pc}
 1673              		.cfi_endproc
 1674              	.LFE240:
 1676              		.section	.text.USBD_LL_IsoOUTIncomplete,"ax",%progbits
 1677              		.align	1
 1678              		.global	USBD_LL_IsoOUTIncomplete
 1679              		.syntax unified
 1680              		.thumb
 1681              		.thumb_func
 1683              	USBD_LL_IsoOUTIncomplete:
 1684              	.LFB241:
 954:Middlewares/ST/STM32_USB_Device_Library/Core/Src/usbd_core.c **** 
 955:Middlewares/ST/STM32_USB_Device_Library/Core/Src/usbd_core.c **** /**
 956:Middlewares/ST/STM32_USB_Device_Library/Core/Src/usbd_core.c ****   * @brief  USBD_LL_IsoOUTIncomplete
 957:Middlewares/ST/STM32_USB_Device_Library/Core/Src/usbd_core.c ****   *         Handle iso out incomplete event
 958:Middlewares/ST/STM32_USB_Device_Library/Core/Src/usbd_core.c ****   * @param  pdev: device instance
 959:Middlewares/ST/STM32_USB_Device_Library/Core/Src/usbd_core.c ****   * @param  epnum: Endpoint number
 960:Middlewares/ST/STM32_USB_Device_Library/Core/Src/usbd_core.c ****   * @retval status
 961:Middlewares/ST/STM32_USB_Device_Library/Core/Src/usbd_core.c ****   */
 962:Middlewares/ST/STM32_USB_Device_Library/Core/Src/usbd_core.c **** USBD_StatusTypeDef USBD_LL_IsoOUTIncomplete(USBD_HandleTypeDef *pdev,
 963:Middlewares/ST/STM32_USB_Device_Library/Core/Src/usbd_core.c ****                                             uint8_t epnum)
 964:Middlewares/ST/STM32_USB_Device_Library/Core/Src/usbd_core.c **** {
 1685              		.loc 1 964 1
 1686              		.cfi_startproc
 1687              		@ args = 0, pretend = 0, frame = 8
 1688              		@ frame_needed = 1, uses_anonymous_args = 0
 1689 0000 80B5     		push	{r7, lr}
 1690              	.LCFI89:
 1691              		.cfi_def_cfa_offset 8
ARM GAS  C:\Users\DAELT-~1\AppData\Local\Temp\ccu4V9Sc.s 			page 47


 1692              		.cfi_offset 7, -8
 1693              		.cfi_offset 14, -4
 1694 0002 82B0     		sub	sp, sp, #8
 1695              	.LCFI90:
 1696              		.cfi_def_cfa_offset 16
 1697 0004 00AF     		add	r7, sp, #0
 1698              	.LCFI91:
 1699              		.cfi_def_cfa_register 7
 1700 0006 7860     		str	r0, [r7, #4]
 1701 0008 0B46     		mov	r3, r1
 1702 000a FB70     		strb	r3, [r7, #3]
 965:Middlewares/ST/STM32_USB_Device_Library/Core/Src/usbd_core.c ****   if (pdev->pClass[pdev->classId] == NULL)
 1703              		.loc 1 965 24
 1704 000c 7B68     		ldr	r3, [r7, #4]
 1705 000e D3F8D422 		ldr	r2, [r3, #724]
 1706              		.loc 1 965 19
 1707 0012 7B68     		ldr	r3, [r7, #4]
 1708 0014 AE32     		adds	r2, r2, #174
 1709 0016 53F82230 		ldr	r3, [r3, r2, lsl #2]
 1710              		.loc 1 965 6
 1711 001a 002B     		cmp	r3, #0
 1712 001c 01D1     		bne	.L72
 966:Middlewares/ST/STM32_USB_Device_Library/Core/Src/usbd_core.c ****   {
 967:Middlewares/ST/STM32_USB_Device_Library/Core/Src/usbd_core.c ****     return USBD_FAIL;
 1713              		.loc 1 967 12
 1714 001e 0323     		movs	r3, #3
 1715 0020 1CE0     		b	.L73
 1716              	.L72:
 968:Middlewares/ST/STM32_USB_Device_Library/Core/Src/usbd_core.c ****   }
 969:Middlewares/ST/STM32_USB_Device_Library/Core/Src/usbd_core.c **** 
 970:Middlewares/ST/STM32_USB_Device_Library/Core/Src/usbd_core.c ****   if (pdev->dev_state == USBD_STATE_CONFIGURED)
 1717              		.loc 1 970 11
 1718 0022 7B68     		ldr	r3, [r7, #4]
 1719 0024 93F89C32 		ldrb	r3, [r3, #668]
 1720 0028 DBB2     		uxtb	r3, r3
 1721              		.loc 1 970 6
 1722 002a 032B     		cmp	r3, #3
 1723 002c 15D1     		bne	.L74
 971:Middlewares/ST/STM32_USB_Device_Library/Core/Src/usbd_core.c ****   {
 972:Middlewares/ST/STM32_USB_Device_Library/Core/Src/usbd_core.c ****     if (pdev->pClass[pdev->classId]->IsoOUTIncomplete != NULL)
 1724              		.loc 1 972 26
 1725 002e 7B68     		ldr	r3, [r7, #4]
 1726 0030 D3F8D422 		ldr	r2, [r3, #724]
 1727              		.loc 1 972 21
 1728 0034 7B68     		ldr	r3, [r7, #4]
 1729 0036 AE32     		adds	r2, r2, #174
 1730 0038 53F82230 		ldr	r3, [r3, r2, lsl #2]
 1731              		.loc 1 972 36
 1732 003c 5B6A     		ldr	r3, [r3, #36]
 1733              		.loc 1 972 8
 1734 003e 002B     		cmp	r3, #0
 1735 0040 0BD0     		beq	.L74
 973:Middlewares/ST/STM32_USB_Device_Library/Core/Src/usbd_core.c ****     {
 974:Middlewares/ST/STM32_USB_Device_Library/Core/Src/usbd_core.c ****       (void)pdev->pClass[pdev->classId]->IsoOUTIncomplete(pdev, epnum);
 1736              		.loc 1 974 30
 1737 0042 7B68     		ldr	r3, [r7, #4]
 1738 0044 D3F8D422 		ldr	r2, [r3, #724]
ARM GAS  C:\Users\DAELT-~1\AppData\Local\Temp\ccu4V9Sc.s 			page 48


 1739              		.loc 1 974 25
 1740 0048 7B68     		ldr	r3, [r7, #4]
 1741 004a AE32     		adds	r2, r2, #174
 1742 004c 53F82230 		ldr	r3, [r3, r2, lsl #2]
 1743              		.loc 1 974 40
 1744 0050 5B6A     		ldr	r3, [r3, #36]
 1745              		.loc 1 974 13
 1746 0052 FA78     		ldrb	r2, [r7, #3]	@ zero_extendqisi2
 1747 0054 1146     		mov	r1, r2
 1748 0056 7868     		ldr	r0, [r7, #4]
 1749 0058 9847     		blx	r3
 1750              	.LVL12:
 1751              	.L74:
 975:Middlewares/ST/STM32_USB_Device_Library/Core/Src/usbd_core.c ****     }
 976:Middlewares/ST/STM32_USB_Device_Library/Core/Src/usbd_core.c ****   }
 977:Middlewares/ST/STM32_USB_Device_Library/Core/Src/usbd_core.c **** 
 978:Middlewares/ST/STM32_USB_Device_Library/Core/Src/usbd_core.c ****   return USBD_OK;
 1752              		.loc 1 978 10
 1753 005a 0023     		movs	r3, #0
 1754              	.L73:
 979:Middlewares/ST/STM32_USB_Device_Library/Core/Src/usbd_core.c **** }
 1755              		.loc 1 979 1
 1756 005c 1846     		mov	r0, r3
 1757 005e 0837     		adds	r7, r7, #8
 1758              	.LCFI92:
 1759              		.cfi_def_cfa_offset 8
 1760 0060 BD46     		mov	sp, r7
 1761              	.LCFI93:
 1762              		.cfi_def_cfa_register 13
 1763              		@ sp needed
 1764 0062 80BD     		pop	{r7, pc}
 1765              		.cfi_endproc
 1766              	.LFE241:
 1768              		.section	.text.USBD_LL_DevConnected,"ax",%progbits
 1769              		.align	1
 1770              		.global	USBD_LL_DevConnected
 1771              		.syntax unified
 1772              		.thumb
 1773              		.thumb_func
 1775              	USBD_LL_DevConnected:
 1776              	.LFB242:
 980:Middlewares/ST/STM32_USB_Device_Library/Core/Src/usbd_core.c **** 
 981:Middlewares/ST/STM32_USB_Device_Library/Core/Src/usbd_core.c **** /**
 982:Middlewares/ST/STM32_USB_Device_Library/Core/Src/usbd_core.c ****   * @brief  USBD_LL_DevConnected
 983:Middlewares/ST/STM32_USB_Device_Library/Core/Src/usbd_core.c ****   *         Handle device connection event
 984:Middlewares/ST/STM32_USB_Device_Library/Core/Src/usbd_core.c ****   * @param  pdev: device instance
 985:Middlewares/ST/STM32_USB_Device_Library/Core/Src/usbd_core.c ****   * @retval status
 986:Middlewares/ST/STM32_USB_Device_Library/Core/Src/usbd_core.c ****   */
 987:Middlewares/ST/STM32_USB_Device_Library/Core/Src/usbd_core.c **** USBD_StatusTypeDef USBD_LL_DevConnected(USBD_HandleTypeDef *pdev)
 988:Middlewares/ST/STM32_USB_Device_Library/Core/Src/usbd_core.c **** {
 1777              		.loc 1 988 1
 1778              		.cfi_startproc
 1779              		@ args = 0, pretend = 0, frame = 8
 1780              		@ frame_needed = 1, uses_anonymous_args = 0
 1781              		@ link register save eliminated.
 1782 0000 80B4     		push	{r7}
 1783              	.LCFI94:
ARM GAS  C:\Users\DAELT-~1\AppData\Local\Temp\ccu4V9Sc.s 			page 49


 1784              		.cfi_def_cfa_offset 4
 1785              		.cfi_offset 7, -4
 1786 0002 83B0     		sub	sp, sp, #12
 1787              	.LCFI95:
 1788              		.cfi_def_cfa_offset 16
 1789 0004 00AF     		add	r7, sp, #0
 1790              	.LCFI96:
 1791              		.cfi_def_cfa_register 7
 1792 0006 7860     		str	r0, [r7, #4]
 989:Middlewares/ST/STM32_USB_Device_Library/Core/Src/usbd_core.c ****   /* Prevent unused argument compilation warning */
 990:Middlewares/ST/STM32_USB_Device_Library/Core/Src/usbd_core.c ****   UNUSED(pdev);
 991:Middlewares/ST/STM32_USB_Device_Library/Core/Src/usbd_core.c **** 
 992:Middlewares/ST/STM32_USB_Device_Library/Core/Src/usbd_core.c ****   return USBD_OK;
 1793              		.loc 1 992 10
 1794 0008 0023     		movs	r3, #0
 993:Middlewares/ST/STM32_USB_Device_Library/Core/Src/usbd_core.c **** }
 1795              		.loc 1 993 1
 1796 000a 1846     		mov	r0, r3
 1797 000c 0C37     		adds	r7, r7, #12
 1798              	.LCFI97:
 1799              		.cfi_def_cfa_offset 4
 1800 000e BD46     		mov	sp, r7
 1801              	.LCFI98:
 1802              		.cfi_def_cfa_register 13
 1803              		@ sp needed
 1804 0010 5DF8047B 		ldr	r7, [sp], #4
 1805              	.LCFI99:
 1806              		.cfi_restore 7
 1807              		.cfi_def_cfa_offset 0
 1808 0014 7047     		bx	lr
 1809              		.cfi_endproc
 1810              	.LFE242:
 1812              		.section	.text.USBD_LL_DevDisconnected,"ax",%progbits
 1813              		.align	1
 1814              		.global	USBD_LL_DevDisconnected
 1815              		.syntax unified
 1816              		.thumb
 1817              		.thumb_func
 1819              	USBD_LL_DevDisconnected:
 1820              	.LFB243:
 994:Middlewares/ST/STM32_USB_Device_Library/Core/Src/usbd_core.c **** 
 995:Middlewares/ST/STM32_USB_Device_Library/Core/Src/usbd_core.c **** /**
 996:Middlewares/ST/STM32_USB_Device_Library/Core/Src/usbd_core.c ****   * @brief  USBD_LL_DevDisconnected
 997:Middlewares/ST/STM32_USB_Device_Library/Core/Src/usbd_core.c ****   *         Handle device disconnection event
 998:Middlewares/ST/STM32_USB_Device_Library/Core/Src/usbd_core.c ****   * @param  pdev: device instance
 999:Middlewares/ST/STM32_USB_Device_Library/Core/Src/usbd_core.c ****   * @retval status
1000:Middlewares/ST/STM32_USB_Device_Library/Core/Src/usbd_core.c ****   */
1001:Middlewares/ST/STM32_USB_Device_Library/Core/Src/usbd_core.c **** USBD_StatusTypeDef USBD_LL_DevDisconnected(USBD_HandleTypeDef *pdev)
1002:Middlewares/ST/STM32_USB_Device_Library/Core/Src/usbd_core.c **** {
 1821              		.loc 1 1002 1
 1822              		.cfi_startproc
 1823              		@ args = 0, pretend = 0, frame = 16
 1824              		@ frame_needed = 1, uses_anonymous_args = 0
 1825 0000 80B5     		push	{r7, lr}
 1826              	.LCFI100:
 1827              		.cfi_def_cfa_offset 8
 1828              		.cfi_offset 7, -8
ARM GAS  C:\Users\DAELT-~1\AppData\Local\Temp\ccu4V9Sc.s 			page 50


 1829              		.cfi_offset 14, -4
 1830 0002 84B0     		sub	sp, sp, #16
 1831              	.LCFI101:
 1832              		.cfi_def_cfa_offset 24
 1833 0004 00AF     		add	r7, sp, #0
 1834              	.LCFI102:
 1835              		.cfi_def_cfa_register 7
 1836 0006 7860     		str	r0, [r7, #4]
1003:Middlewares/ST/STM32_USB_Device_Library/Core/Src/usbd_core.c ****   USBD_StatusTypeDef   ret = USBD_OK;
 1837              		.loc 1 1003 24
 1838 0008 0023     		movs	r3, #0
 1839 000a FB73     		strb	r3, [r7, #15]
1004:Middlewares/ST/STM32_USB_Device_Library/Core/Src/usbd_core.c **** 
1005:Middlewares/ST/STM32_USB_Device_Library/Core/Src/usbd_core.c ****   /* Free Class Resources */
1006:Middlewares/ST/STM32_USB_Device_Library/Core/Src/usbd_core.c ****   pdev->dev_state = USBD_STATE_DEFAULT;
 1840              		.loc 1 1006 19
 1841 000c 7B68     		ldr	r3, [r7, #4]
 1842 000e 0122     		movs	r2, #1
 1843 0010 83F89C22 		strb	r2, [r3, #668]
1007:Middlewares/ST/STM32_USB_Device_Library/Core/Src/usbd_core.c **** 
1008:Middlewares/ST/STM32_USB_Device_Library/Core/Src/usbd_core.c **** #ifdef USE_USBD_COMPOSITE
1009:Middlewares/ST/STM32_USB_Device_Library/Core/Src/usbd_core.c ****   /* Parse the table of classes in use */
1010:Middlewares/ST/STM32_USB_Device_Library/Core/Src/usbd_core.c ****   for (uint32_t i = 0; i < USBD_MAX_SUPPORTED_CLASS; i++)
1011:Middlewares/ST/STM32_USB_Device_Library/Core/Src/usbd_core.c ****   {
1012:Middlewares/ST/STM32_USB_Device_Library/Core/Src/usbd_core.c ****     /* Check if current class is in use */
1013:Middlewares/ST/STM32_USB_Device_Library/Core/Src/usbd_core.c ****     if ((pdev->tclasslist[i].Active) == 1U)
1014:Middlewares/ST/STM32_USB_Device_Library/Core/Src/usbd_core.c ****     {
1015:Middlewares/ST/STM32_USB_Device_Library/Core/Src/usbd_core.c ****       if (pdev->pClass[i] != NULL)
1016:Middlewares/ST/STM32_USB_Device_Library/Core/Src/usbd_core.c ****       {
1017:Middlewares/ST/STM32_USB_Device_Library/Core/Src/usbd_core.c ****         pdev->classId = i;
1018:Middlewares/ST/STM32_USB_Device_Library/Core/Src/usbd_core.c ****         /* Clear configuration  and De-initialize the Class process*/
1019:Middlewares/ST/STM32_USB_Device_Library/Core/Src/usbd_core.c ****         if (pdev->pClass[i]->DeInit(pdev, (uint8_t)pdev->dev_config) != 0U)
1020:Middlewares/ST/STM32_USB_Device_Library/Core/Src/usbd_core.c ****         {
1021:Middlewares/ST/STM32_USB_Device_Library/Core/Src/usbd_core.c ****           ret = USBD_FAIL;
1022:Middlewares/ST/STM32_USB_Device_Library/Core/Src/usbd_core.c ****         }
1023:Middlewares/ST/STM32_USB_Device_Library/Core/Src/usbd_core.c ****       }
1024:Middlewares/ST/STM32_USB_Device_Library/Core/Src/usbd_core.c ****     }
1025:Middlewares/ST/STM32_USB_Device_Library/Core/Src/usbd_core.c ****   }
1026:Middlewares/ST/STM32_USB_Device_Library/Core/Src/usbd_core.c **** #else
1027:Middlewares/ST/STM32_USB_Device_Library/Core/Src/usbd_core.c ****   if (pdev->pClass[0] != NULL)
 1844              		.loc 1 1027 19
 1845 0014 7B68     		ldr	r3, [r7, #4]
 1846 0016 D3F8B832 		ldr	r3, [r3, #696]
 1847              		.loc 1 1027 6
 1848 001a 002B     		cmp	r3, #0
 1849 001c 0ED0     		beq	.L78
1028:Middlewares/ST/STM32_USB_Device_Library/Core/Src/usbd_core.c ****   {
1029:Middlewares/ST/STM32_USB_Device_Library/Core/Src/usbd_core.c ****     if (pdev->pClass[0]->DeInit(pdev, (uint8_t)pdev->dev_config) != 0U)
 1850              		.loc 1 1029 21
 1851 001e 7B68     		ldr	r3, [r7, #4]
 1852 0020 D3F8B832 		ldr	r3, [r3, #696]
 1853              		.loc 1 1029 24
 1854 0024 5B68     		ldr	r3, [r3, #4]
 1855              		.loc 1 1029 52
 1856 0026 7A68     		ldr	r2, [r7, #4]
 1857 0028 5268     		ldr	r2, [r2, #4]
 1858              		.loc 1 1029 9
ARM GAS  C:\Users\DAELT-~1\AppData\Local\Temp\ccu4V9Sc.s 			page 51


 1859 002a D2B2     		uxtb	r2, r2
 1860 002c 1146     		mov	r1, r2
 1861 002e 7868     		ldr	r0, [r7, #4]
 1862 0030 9847     		blx	r3
 1863              	.LVL13:
 1864 0032 0346     		mov	r3, r0
 1865              		.loc 1 1029 8 discriminator 1
 1866 0034 002B     		cmp	r3, #0
 1867 0036 01D0     		beq	.L78
1030:Middlewares/ST/STM32_USB_Device_Library/Core/Src/usbd_core.c ****     {
1031:Middlewares/ST/STM32_USB_Device_Library/Core/Src/usbd_core.c ****       ret = USBD_FAIL;
 1868              		.loc 1 1031 11
 1869 0038 0323     		movs	r3, #3
 1870 003a FB73     		strb	r3, [r7, #15]
 1871              	.L78:
1032:Middlewares/ST/STM32_USB_Device_Library/Core/Src/usbd_core.c ****     }
1033:Middlewares/ST/STM32_USB_Device_Library/Core/Src/usbd_core.c ****   }
1034:Middlewares/ST/STM32_USB_Device_Library/Core/Src/usbd_core.c **** #endif /* USE_USBD_COMPOSITE */
1035:Middlewares/ST/STM32_USB_Device_Library/Core/Src/usbd_core.c **** 
1036:Middlewares/ST/STM32_USB_Device_Library/Core/Src/usbd_core.c ****   return ret;
 1872              		.loc 1 1036 10
 1873 003c FB7B     		ldrb	r3, [r7, #15]	@ zero_extendqisi2
1037:Middlewares/ST/STM32_USB_Device_Library/Core/Src/usbd_core.c **** }
 1874              		.loc 1 1037 1
 1875 003e 1846     		mov	r0, r3
 1876 0040 1037     		adds	r7, r7, #16
 1877              	.LCFI103:
 1878              		.cfi_def_cfa_offset 8
 1879 0042 BD46     		mov	sp, r7
 1880              	.LCFI104:
 1881              		.cfi_def_cfa_register 13
 1882              		@ sp needed
 1883 0044 80BD     		pop	{r7, pc}
 1884              		.cfi_endproc
 1885              	.LFE243:
 1887              		.section	.text.USBD_CoreFindIF,"ax",%progbits
 1888              		.align	1
 1889              		.global	USBD_CoreFindIF
 1890              		.syntax unified
 1891              		.thumb
 1892              		.thumb_func
 1894              	USBD_CoreFindIF:
 1895              	.LFB244:
1038:Middlewares/ST/STM32_USB_Device_Library/Core/Src/usbd_core.c **** 
1039:Middlewares/ST/STM32_USB_Device_Library/Core/Src/usbd_core.c **** /**
1040:Middlewares/ST/STM32_USB_Device_Library/Core/Src/usbd_core.c ****   * @brief  USBD_CoreFindIF
1041:Middlewares/ST/STM32_USB_Device_Library/Core/Src/usbd_core.c ****   *         return the class index relative to the selected interface
1042:Middlewares/ST/STM32_USB_Device_Library/Core/Src/usbd_core.c ****   * @param  pdev: device instance
1043:Middlewares/ST/STM32_USB_Device_Library/Core/Src/usbd_core.c ****   * @param  index : selected interface number
1044:Middlewares/ST/STM32_USB_Device_Library/Core/Src/usbd_core.c ****   * @retval index of the class using the selected interface number. OxFF if no class found.
1045:Middlewares/ST/STM32_USB_Device_Library/Core/Src/usbd_core.c ****   */
1046:Middlewares/ST/STM32_USB_Device_Library/Core/Src/usbd_core.c **** uint8_t USBD_CoreFindIF(USBD_HandleTypeDef *pdev, uint8_t index)
1047:Middlewares/ST/STM32_USB_Device_Library/Core/Src/usbd_core.c **** {
 1896              		.loc 1 1047 1
 1897              		.cfi_startproc
 1898              		@ args = 0, pretend = 0, frame = 8
 1899              		@ frame_needed = 1, uses_anonymous_args = 0
ARM GAS  C:\Users\DAELT-~1\AppData\Local\Temp\ccu4V9Sc.s 			page 52


 1900              		@ link register save eliminated.
 1901 0000 80B4     		push	{r7}
 1902              	.LCFI105:
 1903              		.cfi_def_cfa_offset 4
 1904              		.cfi_offset 7, -4
 1905 0002 83B0     		sub	sp, sp, #12
 1906              	.LCFI106:
 1907              		.cfi_def_cfa_offset 16
 1908 0004 00AF     		add	r7, sp, #0
 1909              	.LCFI107:
 1910              		.cfi_def_cfa_register 7
 1911 0006 7860     		str	r0, [r7, #4]
 1912 0008 0B46     		mov	r3, r1
 1913 000a FB70     		strb	r3, [r7, #3]
1048:Middlewares/ST/STM32_USB_Device_Library/Core/Src/usbd_core.c **** #ifdef USE_USBD_COMPOSITE
1049:Middlewares/ST/STM32_USB_Device_Library/Core/Src/usbd_core.c ****   /* Parse the table of classes in use */
1050:Middlewares/ST/STM32_USB_Device_Library/Core/Src/usbd_core.c ****   for (uint32_t i = 0U; i < USBD_MAX_SUPPORTED_CLASS; i++)
1051:Middlewares/ST/STM32_USB_Device_Library/Core/Src/usbd_core.c ****   {
1052:Middlewares/ST/STM32_USB_Device_Library/Core/Src/usbd_core.c ****     /* Check if current class is in use */
1053:Middlewares/ST/STM32_USB_Device_Library/Core/Src/usbd_core.c ****     if ((pdev->tclasslist[i].Active) == 1U)
1054:Middlewares/ST/STM32_USB_Device_Library/Core/Src/usbd_core.c ****     {
1055:Middlewares/ST/STM32_USB_Device_Library/Core/Src/usbd_core.c ****       /* Parse all interfaces listed in the current class */
1056:Middlewares/ST/STM32_USB_Device_Library/Core/Src/usbd_core.c ****       for (uint32_t j = 0U; j < pdev->tclasslist[i].NumIf; j++)
1057:Middlewares/ST/STM32_USB_Device_Library/Core/Src/usbd_core.c ****       {
1058:Middlewares/ST/STM32_USB_Device_Library/Core/Src/usbd_core.c ****         /* Check if requested Interface matches the current class interface */
1059:Middlewares/ST/STM32_USB_Device_Library/Core/Src/usbd_core.c ****         if (pdev->tclasslist[i].Ifs[j] == index)
1060:Middlewares/ST/STM32_USB_Device_Library/Core/Src/usbd_core.c ****         {
1061:Middlewares/ST/STM32_USB_Device_Library/Core/Src/usbd_core.c ****           if (pdev->pClass[i]->Setup != NULL)
1062:Middlewares/ST/STM32_USB_Device_Library/Core/Src/usbd_core.c ****           {
1063:Middlewares/ST/STM32_USB_Device_Library/Core/Src/usbd_core.c ****             return (uint8_t)i;
1064:Middlewares/ST/STM32_USB_Device_Library/Core/Src/usbd_core.c ****           }
1065:Middlewares/ST/STM32_USB_Device_Library/Core/Src/usbd_core.c ****         }
1066:Middlewares/ST/STM32_USB_Device_Library/Core/Src/usbd_core.c ****       }
1067:Middlewares/ST/STM32_USB_Device_Library/Core/Src/usbd_core.c ****     }
1068:Middlewares/ST/STM32_USB_Device_Library/Core/Src/usbd_core.c ****   }
1069:Middlewares/ST/STM32_USB_Device_Library/Core/Src/usbd_core.c **** 
1070:Middlewares/ST/STM32_USB_Device_Library/Core/Src/usbd_core.c ****   return 0xFFU;
1071:Middlewares/ST/STM32_USB_Device_Library/Core/Src/usbd_core.c **** #else
1072:Middlewares/ST/STM32_USB_Device_Library/Core/Src/usbd_core.c ****   UNUSED(pdev);
1073:Middlewares/ST/STM32_USB_Device_Library/Core/Src/usbd_core.c ****   UNUSED(index);
1074:Middlewares/ST/STM32_USB_Device_Library/Core/Src/usbd_core.c **** 
1075:Middlewares/ST/STM32_USB_Device_Library/Core/Src/usbd_core.c ****   return 0x00U;
 1914              		.loc 1 1075 10
 1915 000c 0023     		movs	r3, #0
1076:Middlewares/ST/STM32_USB_Device_Library/Core/Src/usbd_core.c **** #endif /* USE_USBD_COMPOSITE */
1077:Middlewares/ST/STM32_USB_Device_Library/Core/Src/usbd_core.c **** }
 1916              		.loc 1 1077 1
 1917 000e 1846     		mov	r0, r3
 1918 0010 0C37     		adds	r7, r7, #12
 1919              	.LCFI108:
 1920              		.cfi_def_cfa_offset 4
 1921 0012 BD46     		mov	sp, r7
 1922              	.LCFI109:
 1923              		.cfi_def_cfa_register 13
 1924              		@ sp needed
 1925 0014 5DF8047B 		ldr	r7, [sp], #4
 1926              	.LCFI110:
ARM GAS  C:\Users\DAELT-~1\AppData\Local\Temp\ccu4V9Sc.s 			page 53


 1927              		.cfi_restore 7
 1928              		.cfi_def_cfa_offset 0
 1929 0018 7047     		bx	lr
 1930              		.cfi_endproc
 1931              	.LFE244:
 1933              		.section	.text.USBD_CoreFindEP,"ax",%progbits
 1934              		.align	1
 1935              		.global	USBD_CoreFindEP
 1936              		.syntax unified
 1937              		.thumb
 1938              		.thumb_func
 1940              	USBD_CoreFindEP:
 1941              	.LFB245:
1078:Middlewares/ST/STM32_USB_Device_Library/Core/Src/usbd_core.c **** 
1079:Middlewares/ST/STM32_USB_Device_Library/Core/Src/usbd_core.c **** /**
1080:Middlewares/ST/STM32_USB_Device_Library/Core/Src/usbd_core.c ****   * @brief  USBD_CoreFindEP
1081:Middlewares/ST/STM32_USB_Device_Library/Core/Src/usbd_core.c ****   *         return the class index relative to the selected endpoint
1082:Middlewares/ST/STM32_USB_Device_Library/Core/Src/usbd_core.c ****   * @param  pdev: device instance
1083:Middlewares/ST/STM32_USB_Device_Library/Core/Src/usbd_core.c ****   * @param  index : selected endpoint number
1084:Middlewares/ST/STM32_USB_Device_Library/Core/Src/usbd_core.c ****   * @retval index of the class using the selected endpoint number. 0xFF if no class found.
1085:Middlewares/ST/STM32_USB_Device_Library/Core/Src/usbd_core.c ****   */
1086:Middlewares/ST/STM32_USB_Device_Library/Core/Src/usbd_core.c **** uint8_t USBD_CoreFindEP(USBD_HandleTypeDef *pdev, uint8_t index)
1087:Middlewares/ST/STM32_USB_Device_Library/Core/Src/usbd_core.c **** {
 1942              		.loc 1 1087 1
 1943              		.cfi_startproc
 1944              		@ args = 0, pretend = 0, frame = 8
 1945              		@ frame_needed = 1, uses_anonymous_args = 0
 1946              		@ link register save eliminated.
 1947 0000 80B4     		push	{r7}
 1948              	.LCFI111:
 1949              		.cfi_def_cfa_offset 4
 1950              		.cfi_offset 7, -4
 1951 0002 83B0     		sub	sp, sp, #12
 1952              	.LCFI112:
 1953              		.cfi_def_cfa_offset 16
 1954 0004 00AF     		add	r7, sp, #0
 1955              	.LCFI113:
 1956              		.cfi_def_cfa_register 7
 1957 0006 7860     		str	r0, [r7, #4]
 1958 0008 0B46     		mov	r3, r1
 1959 000a FB70     		strb	r3, [r7, #3]
1088:Middlewares/ST/STM32_USB_Device_Library/Core/Src/usbd_core.c **** #ifdef USE_USBD_COMPOSITE
1089:Middlewares/ST/STM32_USB_Device_Library/Core/Src/usbd_core.c ****   /* Parse the table of classes in use */
1090:Middlewares/ST/STM32_USB_Device_Library/Core/Src/usbd_core.c ****   for (uint32_t i = 0U; i < USBD_MAX_SUPPORTED_CLASS; i++)
1091:Middlewares/ST/STM32_USB_Device_Library/Core/Src/usbd_core.c ****   {
1092:Middlewares/ST/STM32_USB_Device_Library/Core/Src/usbd_core.c ****     /* Check if current class is in use */
1093:Middlewares/ST/STM32_USB_Device_Library/Core/Src/usbd_core.c ****     if ((pdev->tclasslist[i].Active) == 1U)
1094:Middlewares/ST/STM32_USB_Device_Library/Core/Src/usbd_core.c ****     {
1095:Middlewares/ST/STM32_USB_Device_Library/Core/Src/usbd_core.c ****       /* Parse all endpoints listed in the current class */
1096:Middlewares/ST/STM32_USB_Device_Library/Core/Src/usbd_core.c ****       for (uint32_t j = 0U; j < pdev->tclasslist[i].NumEps; j++)
1097:Middlewares/ST/STM32_USB_Device_Library/Core/Src/usbd_core.c ****       {
1098:Middlewares/ST/STM32_USB_Device_Library/Core/Src/usbd_core.c ****         /* Check if requested endpoint matches the current class endpoint */
1099:Middlewares/ST/STM32_USB_Device_Library/Core/Src/usbd_core.c ****         if (pdev->tclasslist[i].Eps[j].add == index)
1100:Middlewares/ST/STM32_USB_Device_Library/Core/Src/usbd_core.c ****         {
1101:Middlewares/ST/STM32_USB_Device_Library/Core/Src/usbd_core.c ****           if (pdev->pClass[i]->Setup != NULL)
1102:Middlewares/ST/STM32_USB_Device_Library/Core/Src/usbd_core.c ****           {
1103:Middlewares/ST/STM32_USB_Device_Library/Core/Src/usbd_core.c ****             return (uint8_t)i;
ARM GAS  C:\Users\DAELT-~1\AppData\Local\Temp\ccu4V9Sc.s 			page 54


1104:Middlewares/ST/STM32_USB_Device_Library/Core/Src/usbd_core.c ****           }
1105:Middlewares/ST/STM32_USB_Device_Library/Core/Src/usbd_core.c ****         }
1106:Middlewares/ST/STM32_USB_Device_Library/Core/Src/usbd_core.c ****       }
1107:Middlewares/ST/STM32_USB_Device_Library/Core/Src/usbd_core.c ****     }
1108:Middlewares/ST/STM32_USB_Device_Library/Core/Src/usbd_core.c ****   }
1109:Middlewares/ST/STM32_USB_Device_Library/Core/Src/usbd_core.c **** 
1110:Middlewares/ST/STM32_USB_Device_Library/Core/Src/usbd_core.c ****   return 0xFFU;
1111:Middlewares/ST/STM32_USB_Device_Library/Core/Src/usbd_core.c **** #else
1112:Middlewares/ST/STM32_USB_Device_Library/Core/Src/usbd_core.c ****   UNUSED(pdev);
1113:Middlewares/ST/STM32_USB_Device_Library/Core/Src/usbd_core.c ****   UNUSED(index);
1114:Middlewares/ST/STM32_USB_Device_Library/Core/Src/usbd_core.c **** 
1115:Middlewares/ST/STM32_USB_Device_Library/Core/Src/usbd_core.c ****   return 0x00U;
 1960              		.loc 1 1115 10
 1961 000c 0023     		movs	r3, #0
1116:Middlewares/ST/STM32_USB_Device_Library/Core/Src/usbd_core.c **** #endif /* USE_USBD_COMPOSITE */
1117:Middlewares/ST/STM32_USB_Device_Library/Core/Src/usbd_core.c **** }
 1962              		.loc 1 1117 1
 1963 000e 1846     		mov	r0, r3
 1964 0010 0C37     		adds	r7, r7, #12
 1965              	.LCFI114:
 1966              		.cfi_def_cfa_offset 4
 1967 0012 BD46     		mov	sp, r7
 1968              	.LCFI115:
 1969              		.cfi_def_cfa_register 13
 1970              		@ sp needed
 1971 0014 5DF8047B 		ldr	r7, [sp], #4
 1972              	.LCFI116:
 1973              		.cfi_restore 7
 1974              		.cfi_def_cfa_offset 0
 1975 0018 7047     		bx	lr
 1976              		.cfi_endproc
 1977              	.LFE245:
 1979              		.section	.text.USBD_GetEpDesc,"ax",%progbits
 1980              		.align	1
 1981              		.global	USBD_GetEpDesc
 1982              		.syntax unified
 1983              		.thumb
 1984              		.thumb_func
 1986              	USBD_GetEpDesc:
 1987              	.LFB246:
1118:Middlewares/ST/STM32_USB_Device_Library/Core/Src/usbd_core.c **** 
1119:Middlewares/ST/STM32_USB_Device_Library/Core/Src/usbd_core.c **** #ifdef USE_USBD_COMPOSITE
1120:Middlewares/ST/STM32_USB_Device_Library/Core/Src/usbd_core.c **** /**
1121:Middlewares/ST/STM32_USB_Device_Library/Core/Src/usbd_core.c ****   * @brief  USBD_CoreGetEPAdd
1122:Middlewares/ST/STM32_USB_Device_Library/Core/Src/usbd_core.c ****   *         Get the endpoint address relative to a selected class
1123:Middlewares/ST/STM32_USB_Device_Library/Core/Src/usbd_core.c ****   * @param  pdev: device instance
1124:Middlewares/ST/STM32_USB_Device_Library/Core/Src/usbd_core.c ****   * @param  ep_dir: USBD_EP_IN or USBD_EP_OUT
1125:Middlewares/ST/STM32_USB_Device_Library/Core/Src/usbd_core.c ****   * @param  ep_type: USBD_EP_TYPE_CTRL, USBD_EP_TYPE_ISOC, USBD_EP_TYPE_BULK or USBD_EP_TYPE_INTR
1126:Middlewares/ST/STM32_USB_Device_Library/Core/Src/usbd_core.c ****   * @param  ClassId: The Class ID
1127:Middlewares/ST/STM32_USB_Device_Library/Core/Src/usbd_core.c ****   * @retval Address of the selected endpoint or 0xFFU if no endpoint found.
1128:Middlewares/ST/STM32_USB_Device_Library/Core/Src/usbd_core.c ****   */
1129:Middlewares/ST/STM32_USB_Device_Library/Core/Src/usbd_core.c **** uint8_t USBD_CoreGetEPAdd(USBD_HandleTypeDef *pdev, uint8_t ep_dir, uint8_t ep_type, uint8_t ClassI
1130:Middlewares/ST/STM32_USB_Device_Library/Core/Src/usbd_core.c **** {
1131:Middlewares/ST/STM32_USB_Device_Library/Core/Src/usbd_core.c ****   uint8_t idx;
1132:Middlewares/ST/STM32_USB_Device_Library/Core/Src/usbd_core.c **** 
1133:Middlewares/ST/STM32_USB_Device_Library/Core/Src/usbd_core.c ****   /* Find the EP address in the selected class table */
1134:Middlewares/ST/STM32_USB_Device_Library/Core/Src/usbd_core.c ****   for (idx = 0; idx < pdev->tclasslist[ClassId].NumEps; idx++)
ARM GAS  C:\Users\DAELT-~1\AppData\Local\Temp\ccu4V9Sc.s 			page 55


1135:Middlewares/ST/STM32_USB_Device_Library/Core/Src/usbd_core.c ****   {
1136:Middlewares/ST/STM32_USB_Device_Library/Core/Src/usbd_core.c ****     if (((pdev->tclasslist[ClassId].Eps[idx].add & USBD_EP_IN) == ep_dir) && \
1137:Middlewares/ST/STM32_USB_Device_Library/Core/Src/usbd_core.c ****         (pdev->tclasslist[ClassId].Eps[idx].type == ep_type) && \
1138:Middlewares/ST/STM32_USB_Device_Library/Core/Src/usbd_core.c ****         (pdev->tclasslist[ClassId].Eps[idx].is_used != 0U))
1139:Middlewares/ST/STM32_USB_Device_Library/Core/Src/usbd_core.c ****     {
1140:Middlewares/ST/STM32_USB_Device_Library/Core/Src/usbd_core.c ****       return (pdev->tclasslist[ClassId].Eps[idx].add);
1141:Middlewares/ST/STM32_USB_Device_Library/Core/Src/usbd_core.c ****     }
1142:Middlewares/ST/STM32_USB_Device_Library/Core/Src/usbd_core.c ****   }
1143:Middlewares/ST/STM32_USB_Device_Library/Core/Src/usbd_core.c **** 
1144:Middlewares/ST/STM32_USB_Device_Library/Core/Src/usbd_core.c ****   /* If reaching this point, then no endpoint was found */
1145:Middlewares/ST/STM32_USB_Device_Library/Core/Src/usbd_core.c ****   return 0xFFU;
1146:Middlewares/ST/STM32_USB_Device_Library/Core/Src/usbd_core.c **** }
1147:Middlewares/ST/STM32_USB_Device_Library/Core/Src/usbd_core.c **** #endif /* USE_USBD_COMPOSITE */
1148:Middlewares/ST/STM32_USB_Device_Library/Core/Src/usbd_core.c **** 
1149:Middlewares/ST/STM32_USB_Device_Library/Core/Src/usbd_core.c **** /**
1150:Middlewares/ST/STM32_USB_Device_Library/Core/Src/usbd_core.c ****   * @brief  USBD_GetEpDesc
1151:Middlewares/ST/STM32_USB_Device_Library/Core/Src/usbd_core.c ****   *         This function return the Endpoint descriptor
1152:Middlewares/ST/STM32_USB_Device_Library/Core/Src/usbd_core.c ****   * @param  pdev: device instance
1153:Middlewares/ST/STM32_USB_Device_Library/Core/Src/usbd_core.c ****   * @param  pConfDesc:  pointer to Bos descriptor
1154:Middlewares/ST/STM32_USB_Device_Library/Core/Src/usbd_core.c ****   * @param  EpAddr:  endpoint address
1155:Middlewares/ST/STM32_USB_Device_Library/Core/Src/usbd_core.c ****   * @retval pointer to video endpoint descriptor
1156:Middlewares/ST/STM32_USB_Device_Library/Core/Src/usbd_core.c ****   */
1157:Middlewares/ST/STM32_USB_Device_Library/Core/Src/usbd_core.c **** void *USBD_GetEpDesc(uint8_t *pConfDesc, uint8_t EpAddr)
1158:Middlewares/ST/STM32_USB_Device_Library/Core/Src/usbd_core.c **** {
 1988              		.loc 1 1158 1
 1989              		.cfi_startproc
 1990              		@ args = 0, pretend = 0, frame = 24
 1991              		@ frame_needed = 1, uses_anonymous_args = 0
 1992 0000 80B5     		push	{r7, lr}
 1993              	.LCFI117:
 1994              		.cfi_def_cfa_offset 8
 1995              		.cfi_offset 7, -8
 1996              		.cfi_offset 14, -4
 1997 0002 86B0     		sub	sp, sp, #24
 1998              	.LCFI118:
 1999              		.cfi_def_cfa_offset 32
 2000 0004 00AF     		add	r7, sp, #0
 2001              	.LCFI119:
 2002              		.cfi_def_cfa_register 7
 2003 0006 7860     		str	r0, [r7, #4]
 2004 0008 0B46     		mov	r3, r1
 2005 000a FB70     		strb	r3, [r7, #3]
1159:Middlewares/ST/STM32_USB_Device_Library/Core/Src/usbd_core.c ****   USBD_DescHeaderTypeDef *pdesc = (USBD_DescHeaderTypeDef *)(void *)pConfDesc;
 2006              		.loc 1 1159 27
 2007 000c 7B68     		ldr	r3, [r7, #4]
 2008 000e 7B61     		str	r3, [r7, #20]
1160:Middlewares/ST/STM32_USB_Device_Library/Core/Src/usbd_core.c ****   USBD_ConfigDescTypeDef *desc = (USBD_ConfigDescTypeDef *)(void *)pConfDesc;
 2009              		.loc 1 1160 27
 2010 0010 7B68     		ldr	r3, [r7, #4]
 2011 0012 FB60     		str	r3, [r7, #12]
1161:Middlewares/ST/STM32_USB_Device_Library/Core/Src/usbd_core.c ****   USBD_EpDescTypeDef *pEpDesc = NULL;
 2012              		.loc 1 1161 23
 2013 0014 0023     		movs	r3, #0
 2014 0016 3B61     		str	r3, [r7, #16]
1162:Middlewares/ST/STM32_USB_Device_Library/Core/Src/usbd_core.c ****   uint16_t ptr;
1163:Middlewares/ST/STM32_USB_Device_Library/Core/Src/usbd_core.c **** 
1164:Middlewares/ST/STM32_USB_Device_Library/Core/Src/usbd_core.c ****   if (desc->wTotalLength > desc->bLength)
ARM GAS  C:\Users\DAELT-~1\AppData\Local\Temp\ccu4V9Sc.s 			page 56


 2015              		.loc 1 1164 11
 2016 0018 FB68     		ldr	r3, [r7, #12]
 2017 001a 5B88     		ldrh	r3, [r3, #2]	@ unaligned
 2018 001c 9BB2     		uxth	r3, r3
 2019              		.loc 1 1164 32
 2020 001e FA68     		ldr	r2, [r7, #12]
 2021 0020 1278     		ldrb	r2, [r2]	@ zero_extendqisi2
 2022              		.loc 1 1164 6
 2023 0022 9342     		cmp	r3, r2
 2024 0024 1FD9     		bls	.L85
1165:Middlewares/ST/STM32_USB_Device_Library/Core/Src/usbd_core.c ****   {
1166:Middlewares/ST/STM32_USB_Device_Library/Core/Src/usbd_core.c ****     ptr = desc->bLength;
 2025              		.loc 1 1166 15
 2026 0026 FB68     		ldr	r3, [r7, #12]
 2027 0028 1B78     		ldrb	r3, [r3]	@ zero_extendqisi2
 2028              		.loc 1 1166 9
 2029 002a 7B81     		strh	r3, [r7, #10]	@ movhi
1167:Middlewares/ST/STM32_USB_Device_Library/Core/Src/usbd_core.c **** 
1168:Middlewares/ST/STM32_USB_Device_Library/Core/Src/usbd_core.c ****     while (ptr < desc->wTotalLength)
 2030              		.loc 1 1168 11
 2031 002c 13E0     		b	.L86
 2032              	.L89:
1169:Middlewares/ST/STM32_USB_Device_Library/Core/Src/usbd_core.c ****     {
1170:Middlewares/ST/STM32_USB_Device_Library/Core/Src/usbd_core.c ****       pdesc = USBD_GetNextDesc((uint8_t *)pdesc, &ptr);
 2033              		.loc 1 1170 15
 2034 002e 07F10A03 		add	r3, r7, #10
 2035 0032 1946     		mov	r1, r3
 2036 0034 7869     		ldr	r0, [r7, #20]
 2037 0036 FFF7FEFF 		bl	USBD_GetNextDesc
 2038 003a 7861     		str	r0, [r7, #20]
1171:Middlewares/ST/STM32_USB_Device_Library/Core/Src/usbd_core.c **** 
1172:Middlewares/ST/STM32_USB_Device_Library/Core/Src/usbd_core.c ****       if (pdesc->bDescriptorType == USB_DESC_TYPE_ENDPOINT)
 2039              		.loc 1 1172 16
 2040 003c 7B69     		ldr	r3, [r7, #20]
 2041 003e 5B78     		ldrb	r3, [r3, #1]	@ zero_extendqisi2
 2042              		.loc 1 1172 10
 2043 0040 052B     		cmp	r3, #5
 2044 0042 08D1     		bne	.L86
1173:Middlewares/ST/STM32_USB_Device_Library/Core/Src/usbd_core.c ****       {
1174:Middlewares/ST/STM32_USB_Device_Library/Core/Src/usbd_core.c ****         pEpDesc = (USBD_EpDescTypeDef *)(void *)pdesc;
 2045              		.loc 1 1174 17
 2046 0044 7B69     		ldr	r3, [r7, #20]
 2047 0046 3B61     		str	r3, [r7, #16]
1175:Middlewares/ST/STM32_USB_Device_Library/Core/Src/usbd_core.c **** 
1176:Middlewares/ST/STM32_USB_Device_Library/Core/Src/usbd_core.c ****         if (pEpDesc->bEndpointAddress == EpAddr)
 2048              		.loc 1 1176 20
 2049 0048 3B69     		ldr	r3, [r7, #16]
 2050 004a 9B78     		ldrb	r3, [r3, #2]	@ zero_extendqisi2
 2051              		.loc 1 1176 12
 2052 004c FA78     		ldrb	r2, [r7, #3]	@ zero_extendqisi2
 2053 004e 9A42     		cmp	r2, r3
 2054 0050 08D0     		beq	.L91
1177:Middlewares/ST/STM32_USB_Device_Library/Core/Src/usbd_core.c ****         {
1178:Middlewares/ST/STM32_USB_Device_Library/Core/Src/usbd_core.c ****           break;
1179:Middlewares/ST/STM32_USB_Device_Library/Core/Src/usbd_core.c ****         }
1180:Middlewares/ST/STM32_USB_Device_Library/Core/Src/usbd_core.c ****         else
1181:Middlewares/ST/STM32_USB_Device_Library/Core/Src/usbd_core.c ****         {
ARM GAS  C:\Users\DAELT-~1\AppData\Local\Temp\ccu4V9Sc.s 			page 57


1182:Middlewares/ST/STM32_USB_Device_Library/Core/Src/usbd_core.c ****           pEpDesc = NULL;
 2055              		.loc 1 1182 19
 2056 0052 0023     		movs	r3, #0
 2057 0054 3B61     		str	r3, [r7, #16]
 2058              	.L86:
1168:Middlewares/ST/STM32_USB_Device_Library/Core/Src/usbd_core.c ****     {
 2059              		.loc 1 1168 22
 2060 0056 FB68     		ldr	r3, [r7, #12]
 2061 0058 5B88     		ldrh	r3, [r3, #2]	@ unaligned
 2062 005a 9AB2     		uxth	r2, r3
1168:Middlewares/ST/STM32_USB_Device_Library/Core/Src/usbd_core.c ****     {
 2063              		.loc 1 1168 16
 2064 005c 7B89     		ldrh	r3, [r7, #10]
 2065 005e 9A42     		cmp	r2, r3
 2066 0060 E5D8     		bhi	.L89
 2067 0062 00E0     		b	.L85
 2068              	.L91:
1178:Middlewares/ST/STM32_USB_Device_Library/Core/Src/usbd_core.c ****         }
 2069              		.loc 1 1178 11
 2070 0064 00BF     		nop
 2071              	.L85:
1183:Middlewares/ST/STM32_USB_Device_Library/Core/Src/usbd_core.c ****         }
1184:Middlewares/ST/STM32_USB_Device_Library/Core/Src/usbd_core.c ****       }
1185:Middlewares/ST/STM32_USB_Device_Library/Core/Src/usbd_core.c ****     }
1186:Middlewares/ST/STM32_USB_Device_Library/Core/Src/usbd_core.c ****   }
1187:Middlewares/ST/STM32_USB_Device_Library/Core/Src/usbd_core.c **** 
1188:Middlewares/ST/STM32_USB_Device_Library/Core/Src/usbd_core.c ****   return (void *)pEpDesc;
 2072              		.loc 1 1188 10
 2073 0066 3B69     		ldr	r3, [r7, #16]
1189:Middlewares/ST/STM32_USB_Device_Library/Core/Src/usbd_core.c **** }
 2074              		.loc 1 1189 1
 2075 0068 1846     		mov	r0, r3
 2076 006a 1837     		adds	r7, r7, #24
 2077              	.LCFI120:
 2078              		.cfi_def_cfa_offset 8
 2079 006c BD46     		mov	sp, r7
 2080              	.LCFI121:
 2081              		.cfi_def_cfa_register 13
 2082              		@ sp needed
 2083 006e 80BD     		pop	{r7, pc}
 2084              		.cfi_endproc
 2085              	.LFE246:
 2087              		.section	.text.USBD_GetNextDesc,"ax",%progbits
 2088              		.align	1
 2089              		.global	USBD_GetNextDesc
 2090              		.syntax unified
 2091              		.thumb
 2092              		.thumb_func
 2094              	USBD_GetNextDesc:
 2095              	.LFB247:
1190:Middlewares/ST/STM32_USB_Device_Library/Core/Src/usbd_core.c **** 
1191:Middlewares/ST/STM32_USB_Device_Library/Core/Src/usbd_core.c **** /**
1192:Middlewares/ST/STM32_USB_Device_Library/Core/Src/usbd_core.c ****   * @brief  USBD_GetNextDesc
1193:Middlewares/ST/STM32_USB_Device_Library/Core/Src/usbd_core.c ****   *         This function return the next descriptor header
1194:Middlewares/ST/STM32_USB_Device_Library/Core/Src/usbd_core.c ****   * @param  buf: Buffer where the descriptor is available
1195:Middlewares/ST/STM32_USB_Device_Library/Core/Src/usbd_core.c ****   * @param  ptr: data pointer inside the descriptor
1196:Middlewares/ST/STM32_USB_Device_Library/Core/Src/usbd_core.c ****   * @retval next header
ARM GAS  C:\Users\DAELT-~1\AppData\Local\Temp\ccu4V9Sc.s 			page 58


1197:Middlewares/ST/STM32_USB_Device_Library/Core/Src/usbd_core.c ****   */
1198:Middlewares/ST/STM32_USB_Device_Library/Core/Src/usbd_core.c **** USBD_DescHeaderTypeDef *USBD_GetNextDesc(uint8_t *pbuf, uint16_t *ptr)
1199:Middlewares/ST/STM32_USB_Device_Library/Core/Src/usbd_core.c **** {
 2096              		.loc 1 1199 1
 2097              		.cfi_startproc
 2098              		@ args = 0, pretend = 0, frame = 16
 2099              		@ frame_needed = 1, uses_anonymous_args = 0
 2100              		@ link register save eliminated.
 2101 0000 80B4     		push	{r7}
 2102              	.LCFI122:
 2103              		.cfi_def_cfa_offset 4
 2104              		.cfi_offset 7, -4
 2105 0002 85B0     		sub	sp, sp, #20
 2106              	.LCFI123:
 2107              		.cfi_def_cfa_offset 24
 2108 0004 00AF     		add	r7, sp, #0
 2109              	.LCFI124:
 2110              		.cfi_def_cfa_register 7
 2111 0006 7860     		str	r0, [r7, #4]
 2112 0008 3960     		str	r1, [r7]
1200:Middlewares/ST/STM32_USB_Device_Library/Core/Src/usbd_core.c ****   USBD_DescHeaderTypeDef *pnext = (USBD_DescHeaderTypeDef *)(void *)pbuf;
 2113              		.loc 1 1200 27
 2114 000a 7B68     		ldr	r3, [r7, #4]
 2115 000c FB60     		str	r3, [r7, #12]
1201:Middlewares/ST/STM32_USB_Device_Library/Core/Src/usbd_core.c **** 
1202:Middlewares/ST/STM32_USB_Device_Library/Core/Src/usbd_core.c ****   *ptr += pnext->bLength;
 2116              		.loc 1 1202 3
 2117 000e 3B68     		ldr	r3, [r7]
 2118 0010 1B88     		ldrh	r3, [r3]
 2119              		.loc 1 1202 16
 2120 0012 FA68     		ldr	r2, [r7, #12]
 2121 0014 1278     		ldrb	r2, [r2]	@ zero_extendqisi2
 2122              		.loc 1 1202 8
 2123 0016 1344     		add	r3, r3, r2
 2124 0018 9AB2     		uxth	r2, r3
 2125 001a 3B68     		ldr	r3, [r7]
 2126 001c 1A80     		strh	r2, [r3]	@ movhi
1203:Middlewares/ST/STM32_USB_Device_Library/Core/Src/usbd_core.c ****   pnext = (USBD_DescHeaderTypeDef *)(void *)(pbuf + pnext->bLength);
 2127              		.loc 1 1203 58
 2128 001e FB68     		ldr	r3, [r7, #12]
 2129 0020 1B78     		ldrb	r3, [r3]	@ zero_extendqisi2
 2130 0022 1A46     		mov	r2, r3
 2131              		.loc 1 1203 9
 2132 0024 7B68     		ldr	r3, [r7, #4]
 2133 0026 1344     		add	r3, r3, r2
 2134 0028 FB60     		str	r3, [r7, #12]
1204:Middlewares/ST/STM32_USB_Device_Library/Core/Src/usbd_core.c **** 
1205:Middlewares/ST/STM32_USB_Device_Library/Core/Src/usbd_core.c ****   return (pnext);
 2135              		.loc 1 1205 10
 2136 002a FB68     		ldr	r3, [r7, #12]
1206:Middlewares/ST/STM32_USB_Device_Library/Core/Src/usbd_core.c **** }
 2137              		.loc 1 1206 1
 2138 002c 1846     		mov	r0, r3
 2139 002e 1437     		adds	r7, r7, #20
 2140              	.LCFI125:
 2141              		.cfi_def_cfa_offset 4
 2142 0030 BD46     		mov	sp, r7
ARM GAS  C:\Users\DAELT-~1\AppData\Local\Temp\ccu4V9Sc.s 			page 59


 2143              	.LCFI126:
 2144              		.cfi_def_cfa_register 13
 2145              		@ sp needed
 2146 0032 5DF8047B 		ldr	r7, [sp], #4
 2147              	.LCFI127:
 2148              		.cfi_restore 7
 2149              		.cfi_def_cfa_offset 0
 2150 0036 7047     		bx	lr
 2151              		.cfi_endproc
 2152              	.LFE247:
 2154              		.text
 2155              	.Letext0:
 2156              		.file 2 "C:/tools/arm-gnu-toolchain-13.2.rel1-mingw-w64-i686-arm-none-eabi/arm-none-eabi/include/m
 2157              		.file 3 "C:/tools/arm-gnu-toolchain-13.2.rel1-mingw-w64-i686-arm-none-eabi/arm-none-eabi/include/s
 2158              		.file 4 "Middlewares/ST/STM32_USB_Device_Library/Core/Inc/usbd_def.h"
 2159              		.file 5 "Middlewares/ST/STM32_USB_Device_Library/Core/Inc/usbd_core.h"
 2160              		.file 6 "Middlewares/ST/STM32_USB_Device_Library/Core/Inc/usbd_ioreq.h"
 2161              		.file 7 "Middlewares/ST/STM32_USB_Device_Library/Core/Inc/usbd_ctlreq.h"
ARM GAS  C:\Users\DAELT-~1\AppData\Local\Temp\ccu4V9Sc.s 			page 60


DEFINED SYMBOLS
                            *ABS*:00000000 usbd_core.c
C:\Users\DAELT-~1\AppData\Local\Temp\ccu4V9Sc.s:21     .text.USBD_Init:00000000 $t
C:\Users\DAELT-~1\AppData\Local\Temp\ccu4V9Sc.s:27     .text.USBD_Init:00000000 USBD_Init
C:\Users\DAELT-~1\AppData\Local\Temp\ccu4V9Sc.s:107    .text.USBD_DeInit:00000000 $t
C:\Users\DAELT-~1\AppData\Local\Temp\ccu4V9Sc.s:113    .text.USBD_DeInit:00000000 USBD_DeInit
C:\Users\DAELT-~1\AppData\Local\Temp\ccu4V9Sc.s:192    .text.USBD_RegisterClass:00000000 $t
C:\Users\DAELT-~1\AppData\Local\Temp\ccu4V9Sc.s:198    .text.USBD_RegisterClass:00000000 USBD_RegisterClass
C:\Users\DAELT-~1\AppData\Local\Temp\ccu4V9Sc.s:287    .text.USBD_Start:00000000 $t
C:\Users\DAELT-~1\AppData\Local\Temp\ccu4V9Sc.s:293    .text.USBD_Start:00000000 USBD_Start
C:\Users\DAELT-~1\AppData\Local\Temp\ccu4V9Sc.s:329    .text.USBD_Stop:00000000 $t
C:\Users\DAELT-~1\AppData\Local\Temp\ccu4V9Sc.s:335    .text.USBD_Stop:00000000 USBD_Stop
C:\Users\DAELT-~1\AppData\Local\Temp\ccu4V9Sc.s:393    .text.USBD_RunTestMode:00000000 $t
C:\Users\DAELT-~1\AppData\Local\Temp\ccu4V9Sc.s:399    .text.USBD_RunTestMode:00000000 USBD_RunTestMode
C:\Users\DAELT-~1\AppData\Local\Temp\ccu4V9Sc.s:437    .text.USBD_SetClassConfig:00000000 $t
C:\Users\DAELT-~1\AppData\Local\Temp\ccu4V9Sc.s:443    .text.USBD_SetClassConfig:00000000 USBD_SetClassConfig
C:\Users\DAELT-~1\AppData\Local\Temp\ccu4V9Sc.s:502    .text.USBD_ClrClassConfig:00000000 $t
C:\Users\DAELT-~1\AppData\Local\Temp\ccu4V9Sc.s:508    .text.USBD_ClrClassConfig:00000000 USBD_ClrClassConfig
C:\Users\DAELT-~1\AppData\Local\Temp\ccu4V9Sc.s:566    .text.USBD_LL_SetupStage:00000000 $t
C:\Users\DAELT-~1\AppData\Local\Temp\ccu4V9Sc.s:572    .text.USBD_LL_SetupStage:00000000 USBD_LL_SetupStage
C:\Users\DAELT-~1\AppData\Local\Temp\ccu4V9Sc.s:687    .text.USBD_LL_DataOutStage:00000000 $t
C:\Users\DAELT-~1\AppData\Local\Temp\ccu4V9Sc.s:693    .text.USBD_LL_DataOutStage:00000000 USBD_LL_DataOutStage
C:\Users\DAELT-~1\AppData\Local\Temp\ccu4V9Sc.s:1894   .text.USBD_CoreFindIF:00000000 USBD_CoreFindIF
C:\Users\DAELT-~1\AppData\Local\Temp\ccu4V9Sc.s:1940   .text.USBD_CoreFindEP:00000000 USBD_CoreFindEP
C:\Users\DAELT-~1\AppData\Local\Temp\ccu4V9Sc.s:953    .text.USBD_LL_DataInStage:00000000 $t
C:\Users\DAELT-~1\AppData\Local\Temp\ccu4V9Sc.s:959    .text.USBD_LL_DataInStage:00000000 USBD_LL_DataInStage
C:\Users\DAELT-~1\AppData\Local\Temp\ccu4V9Sc.s:1215   .text.USBD_LL_Reset:00000000 $t
C:\Users\DAELT-~1\AppData\Local\Temp\ccu4V9Sc.s:1221   .text.USBD_LL_Reset:00000000 USBD_LL_Reset
C:\Users\DAELT-~1\AppData\Local\Temp\ccu4V9Sc.s:1342   .text.USBD_LL_SetSpeed:00000000 $t
C:\Users\DAELT-~1\AppData\Local\Temp\ccu4V9Sc.s:1348   .text.USBD_LL_SetSpeed:00000000 USBD_LL_SetSpeed
C:\Users\DAELT-~1\AppData\Local\Temp\ccu4V9Sc.s:1392   .text.USBD_LL_Suspend:00000000 $t
C:\Users\DAELT-~1\AppData\Local\Temp\ccu4V9Sc.s:1398   .text.USBD_LL_Suspend:00000000 USBD_LL_Suspend
C:\Users\DAELT-~1\AppData\Local\Temp\ccu4V9Sc.s:1455   .text.USBD_LL_Resume:00000000 $t
C:\Users\DAELT-~1\AppData\Local\Temp\ccu4V9Sc.s:1461   .text.USBD_LL_Resume:00000000 USBD_LL_Resume
C:\Users\DAELT-~1\AppData\Local\Temp\ccu4V9Sc.s:1514   .text.USBD_LL_SOF:00000000 $t
C:\Users\DAELT-~1\AppData\Local\Temp\ccu4V9Sc.s:1520   .text.USBD_LL_SOF:00000000 USBD_LL_SOF
C:\Users\DAELT-~1\AppData\Local\Temp\ccu4V9Sc.s:1585   .text.USBD_LL_IsoINIncomplete:00000000 $t
C:\Users\DAELT-~1\AppData\Local\Temp\ccu4V9Sc.s:1591   .text.USBD_LL_IsoINIncomplete:00000000 USBD_LL_IsoINIncomplete
C:\Users\DAELT-~1\AppData\Local\Temp\ccu4V9Sc.s:1677   .text.USBD_LL_IsoOUTIncomplete:00000000 $t
C:\Users\DAELT-~1\AppData\Local\Temp\ccu4V9Sc.s:1683   .text.USBD_LL_IsoOUTIncomplete:00000000 USBD_LL_IsoOUTIncomplete
C:\Users\DAELT-~1\AppData\Local\Temp\ccu4V9Sc.s:1769   .text.USBD_LL_DevConnected:00000000 $t
C:\Users\DAELT-~1\AppData\Local\Temp\ccu4V9Sc.s:1775   .text.USBD_LL_DevConnected:00000000 USBD_LL_DevConnected
C:\Users\DAELT-~1\AppData\Local\Temp\ccu4V9Sc.s:1813   .text.USBD_LL_DevDisconnected:00000000 $t
C:\Users\DAELT-~1\AppData\Local\Temp\ccu4V9Sc.s:1819   .text.USBD_LL_DevDisconnected:00000000 USBD_LL_DevDisconnected
C:\Users\DAELT-~1\AppData\Local\Temp\ccu4V9Sc.s:1888   .text.USBD_CoreFindIF:00000000 $t
C:\Users\DAELT-~1\AppData\Local\Temp\ccu4V9Sc.s:1934   .text.USBD_CoreFindEP:00000000 $t
C:\Users\DAELT-~1\AppData\Local\Temp\ccu4V9Sc.s:1980   .text.USBD_GetEpDesc:00000000 $t
C:\Users\DAELT-~1\AppData\Local\Temp\ccu4V9Sc.s:1986   .text.USBD_GetEpDesc:00000000 USBD_GetEpDesc
C:\Users\DAELT-~1\AppData\Local\Temp\ccu4V9Sc.s:2094   .text.USBD_GetNextDesc:00000000 USBD_GetNextDesc
C:\Users\DAELT-~1\AppData\Local\Temp\ccu4V9Sc.s:2088   .text.USBD_GetNextDesc:00000000 $t

UNDEFINED SYMBOLS
USBD_LL_Init
USBD_LL_Stop
USBD_LL_DeInit
USBD_LL_Start
USBD_ParseSetupRequest
ARM GAS  C:\Users\DAELT-~1\AppData\Local\Temp\ccu4V9Sc.s 			page 61


USBD_StdDevReq
USBD_StdItfReq
USBD_StdEPReq
USBD_LL_StallEP
USBD_CtlContinueRx
USBD_CtlSendStatus
USBD_CtlContinueSendData
USBD_LL_PrepareReceive
USBD_CtlReceiveStatus
USBD_LL_OpenEP
